{"config_name": "emas_0days",
 "long": {"delay_between_fills_minutes_close": 430.2265404484267,
          "delay_between_fills_minutes_entry": 421.94270106109025,
          "delay_weight_close": 76.21512935399976,
          "delay_weight_entry": 66.55060216948239,
          "ema_dist_lower": -0.6305575406883086,
          "ema_dist_upper": -0.08379368011833012,
          "ema_span_0": 1389.5230033931477,
          "ema_span_1": 1540.5457928768833,
          "enabled": true,
          "markup_range": 0.021710752170933573,
          "min_markup": 0.016176612983545946,
          "n_close_orders": 5,
          "qty_pct_close": 0.055037051123561435,
          "qty_pct_entry": 0.004299741950234105,
          "wallet_exposure_limit": 0.25,
          "we_multiplier_close": 88.08346060760113,
          "we_multiplier_entry": 130.8174525953647},
 "short": {"delay_between_fills_minutes_close": 341.44709826452913,
           "delay_between_fills_minutes_entry": 1.0,
           "delay_weight_close": 115.01781101485591,
           "delay_weight_entry": 41.747609709811336,
           "ema_dist_lower": -0.9698773245876696,
           "ema_dist_upper": -0.8529995528563378,
           "ema_span_0": 531.5985146330588,
           "ema_span_1": 1941.2662956541426,
           "enabled": false,
           "markup_range": 0.029862917423922743,
           "min_markup": 0.019688354584686825,
           "n_close_orders": 3,
           "qty_pct_close": 0.017298092118935862,
           "qty_pct_entry": 0.01741381491198031,
           "wallet_exposure_limit": 0.1,
           "we_multiplier_close": 109.82958018166511,
           "we_multiplier_entry": 4.0484770567906025}}