{"config_name": "recursive_grid_0days",
 "logging_level": 0,
 "long": {"auto_unstuck_ema_dist": -0.004451107419945834,
          "auto_unstuck_wallet_exposure_threshold": 0.03851640408909967,
          "backwards_tp": true,
          "ddown_factor": 1.786183908632908,
          "ema_span_0": 1011.3535143644585,
          "ema_span_1": 1347.5839294433677,
          "enabled": true,
          "initial_eprice_ema_dist": 0.004,
          "initial_qty_pct": 0.01563339608454321,
          "markup_range": 0.009527567741092707,
          "min_markup": 0.0041285304815652886,
          "n_close_orders": 16,
          "rentry_pprice_dist": 0.02538191441152262,
          "rentry_pprice_dist_wallet_exposure_weighting": 1.0892248245667613,
          "wallet_exposure_limit": 0.4},
 "short": {"auto_unstuck_ema_dist": 0.002956436453060498,
           "auto_unstuck_wallet_exposure_threshold": 0.0315082163226288,
           "backwards_tp": true,
           "ddown_factor": 0.654279769325023,
           "ema_span_0": 415.2835963185893,
           "ema_span_1": 1440,
           "enabled": true,
           "initial_eprice_ema_dist": -0.03383166669884973,
           "initial_qty_pct": 0.015383730878107212,
           "markup_range": 0.0015013974306916258,
           "min_markup": 0.0030992412420507995,
           "n_close_orders": 14,
           "rentry_pprice_dist": 0.039376390086469926,
           "rentry_pprice_dist_wallet_exposure_weighting": 0.819392336852212,
           "wallet_exposure_limit": 0.12}}