{"config_name": "emas_0days",
 "long": {"delay_between_fills_minutes_close": 362.06833209426696,
          "delay_between_fills_minutes_entry": 388.6647974028605,
          "delay_weight_close": 70.81419787039064,
          "delay_weight_entry": 33.70530039087868,
          "ema_dist_lower": -0.7904999881007249,
          "ema_dist_upper": -0.030532428199923002,
          "ema_span_0": 846.5471164662148,
          "ema_span_1": 758.9967417069739,
          "enabled": true,
          "markup_range": 0.02253629678460903,
          "min_markup": 0.014425217655696314,
          "n_close_orders": 4,
          "qty_pct_close": 0.025873492632363493,
          "qty_pct_entry": 0.010380437956686531,
          "wallet_exposure_limit": 0.25,
          "we_multiplier_close": 15.190172675203314,
          "we_multiplier_entry": 104.51135558393753},
 "short": {"delay_between_fills_minutes_close": 1.0,
           "delay_between_fills_minutes_entry": 310.01470976169276,
           "delay_weight_close": 109.97091631830085,
           "delay_weight_entry": 127.27539010231294,
           "ema_dist_lower": -0.6675162139271387,
           "ema_dist_upper": -0.4742480696812422,
           "ema_span_0": 214.69758991805213,
           "ema_span_1": 1635.4046412767536,
           "enabled": false,
           "markup_range": 0.026881671978656745,
           "min_markup": 0.0011933036057864192,
           "n_close_orders": 2,
           "qty_pct_close": 0.07264574687393346,
           "qty_pct_entry": 0.0026452397935847107,
           "wallet_exposure_limit": 0.1,
           "we_multiplier_close": 21.195982908034352,
           "we_multiplier_entry": 95.92137130311272}}