{"config_name": "clock_0days",
 "long": {"delay_between_fills_minutes_close": 479.381473811063,
          "delay_between_fills_minutes_entry": 443.6059723872974,
          "delay_weight_close": 98.88619284298696,
          "delay_weight_entry": 36.89056139693059,
          "ema_dist_lower": -0.9622910615569668,
          "ema_dist_upper": -0.018279811919892808,
          "ema_span_0": 64.4232949319954,
          "ema_span_1": 518.8681864050633,
          "enabled": true,
          "markup_range": 0.026474008655404425,
          "min_markup": 0.014889020190216349,
          "n_close_orders": 8,
          "qty_pct_close": 0.016924597423297518,
          "qty_pct_entry": 0.011012029275084814,
          "wallet_exposure_limit": 0.3,
          "we_multiplier_close": 30.633637676871942,
          "we_multiplier_entry": 81.18825445233568},
 "short": {"delay_between_fills_minutes_close": 972.0194058023917,
           "delay_between_fills_minutes_entry": 391.3886181637349,
           "delay_weight_close": 11.8713834279419,
           "delay_weight_entry": 10.157812153413662,
           "ema_dist_lower": 0.01337653256806045,
           "ema_dist_upper": 0.017233051391001897,
           "ema_span_0": 1213.0403225818775,
           "ema_span_1": 1602.3050715444601,
           "enabled": false,
           "markup_range": 0.005829620385644863,
           "min_markup": 0.07868857234055958,
           "n_close_orders": 12,
           "qty_pct_close": 0.030040734197791786,
           "qty_pct_entry": 0.06412314745542455,
           "wallet_exposure_limit": 1.0,
           "we_multiplier_close": 8.44636326588975,
           "we_multiplier_entry": 43.20385120503904}}