{"config_name": "recursive_grid_0days",
 "logging_level": 0,
 "long": {"auto_unstuck_ema_dist": -0.00697944550405668,
          "auto_unstuck_wallet_exposure_threshold": 0.03103228516851532,
          "backwards_tp": true,
          "ddown_factor": 1.8256979677510106,
          "ema_span_0": 516.435076121778,
          "ema_span_1": 767.3683925938552,
          "enabled": true,
          "initial_eprice_ema_dist": 0.006513534853968883,
          "initial_qty_pct": 0.01,
          "markup_range": 0.01626642801871413,
          "min_markup": 0.01,
          "n_close_orders": 3,
          "rentry_pprice_dist": 0.02645058524252674,
          "rentry_pprice_dist_wallet_exposure_weighting": 3.1646522861180966,
          "wallet_exposure_limit": 1},
 "short": {"auto_unstuck_ema_dist": -0.06516713895268786,
           "auto_unstuck_wallet_exposure_threshold": 0.037642938220134856,
           "backwards_tp": true,
           "ddown_factor": 2.256919999012265,
           "ema_span_0": 698.701555172154,
           "ema_span_1": 1196.028671140813,
           "enabled": false,
           "initial_eprice_ema_dist": -0.09349343355708602,
           "initial_qty_pct": 0.0493424215781512,
           "markup_range": 0.015683408783323183,
           "min_markup": 0.0073767172342794705,
           "n_close_orders": 11,
           "rentry_pprice_dist": 0.027323877879533977,
           "rentry_pprice_dist_wallet_exposure_weighting": 19.074275145518243,
           "wallet_exposure_limit": 1.0}}