{"config_name": "recursive_grid_0days",
 "logging_level": 0,
 "long": {"auto_unstuck_ema_dist": 0,
          "auto_unstuck_wallet_exposure_threshold": 0.0,
          "backwards_tp": true,
          "ddown_factor": 2.1519359826052833,
          "ema_span_0": 1440,
          "ema_span_1": 1440,
          "enabled": true,
          "initial_eprice_ema_dist": 0.002121177478300381,
          "initial_qty_pct": 0.02848683027686215,
          "markup_range": 0.005220730000762137,
          "min_markup": 0.004967776213691045,
          "n_close_orders": 7,
          "rentry_pprice_dist": 0.031222486716858146,
          "rentry_pprice_dist_wallet_exposure_weighting": 8.41664554747038,
          "wallet_exposure_limit": 0.2},
 "short": {"auto_unstuck_ema_dist": -0.031004042746743704,
           "auto_unstuck_wallet_exposure_threshold": 0.07678643884218392,
           "backwards_tp": true,
           "ddown_factor": 2.814882020467329,
           "ema_span_0": 378.9634381795425,
           "ema_span_1": 1038.1598002397584,
           "enabled": false,
           "initial_eprice_ema_dist": -0.08703936555007738,
           "initial_qty_pct": 0.03249083633253287,
           "markup_range": 0.006808815502897554,
           "min_markup": 0.004975021483401726,
           "n_close_orders": 9,
           "rentry_pprice_dist": 0.030318895232934927,
           "rentry_pprice_dist_wallet_exposure_weighting": 10.435101951560576,
           "wallet_exposure_limit": 1.0}}