{"config_name": "recursive_grid_0days",
 "logging_level": 0,
 "long": {"auto_unstuck_ema_dist": 0,
          "auto_unstuck_wallet_exposure_threshold": 0,
          "backwards_tp": false,
          "ddown_factor": 2.675017341470124,
          "ema_span_0": 829.993445530339,
          "ema_span_1": 513.2908308895437,
          "enabled": true,
          "initial_eprice_ema_dist": -0.1,
          "initial_qty_pct": 0.004077805466735178,
          "markup_range": 0.037226900724624055,
          "min_markup": 0.008899492722020973,
          "n_close_orders": 5,
          "rentry_pprice_dist": 0.03589444509443655,
          "rentry_pprice_dist_wallet_exposure_weighting": 0,
          "wallet_exposure_limit": 0.2},
 "short": {"auto_unstuck_ema_dist": 0.07458791568303642,
           "auto_unstuck_wallet_exposure_threshold": 0.08594681748237508,
           "backwards_tp": false,
           "ddown_factor": 1.4183838828205455,
           "ema_span_0": 2322.0940441369835,
           "ema_span_1": 2921.1623225482217,
           "enabled": false,
           "initial_eprice_ema_dist": -0.0104688525533541,
           "initial_qty_pct": 0.015,
           "markup_range": 0.010428704785750535,
           "min_markup": 0.0016794721745751972,
           "n_close_orders": 12,
           "rentry_pprice_dist": 0.019552100771192793,
           "rentry_pprice_dist_wallet_exposure_weighting": 23.152970170360003,
           "wallet_exposure_limit": 0.1}}