{"config_name": "recursive_grid_0days",
 "logging_level": 0,
 "long": {"auto_unstuck_ema_dist": 0,
          "auto_unstuck_wallet_exposure_threshold": 0,
          "backwards_tp": false,
          "ddown_factor": 2.4529103581429945,
          "ema_span_0": 419.01196183866915,
          "ema_span_1": 400.4708111253975,
          "enabled": true,
          "initial_eprice_ema_dist": -0.1,
          "initial_qty_pct": 0.003808478589200491,
          "markup_range": 0.030706338094178245,
          "min_markup": 0.0074402369449625754,
          "n_close_orders": 5,
          "rentry_pprice_dist": 0.03353843513544909,
          "rentry_pprice_dist_wallet_exposure_weighting": 0.6169511573676882,
          "wallet_exposure_limit": 0.2},
 "short": {"auto_unstuck_ema_dist": 0.05325807210433741,
           "auto_unstuck_wallet_exposure_threshold": 0.03044436414644465,
           "backwards_tp": false,
           "ddown_factor": 2.374268708680347,
           "ema_span_0": 457.24630325524095,
           "ema_span_1": 8205.749817237822,
           "enabled": false,
           "initial_eprice_ema_dist": -0.0852922971230374,
           "initial_qty_pct": 0.015,
           "markup_range": 0.027580771139145303,
           "min_markup": 0.002373092333635197,
           "n_close_orders": 11,
           "rentry_pprice_dist": 0.02143888538996734,
           "rentry_pprice_dist_wallet_exposure_weighting": 61.496167381639204,
           "wallet_exposure_limit": 0.1}}