{"config_name": "recursive_grid_0days",
 "logging_level": 0,
 "long": {"auto_unstuck_ema_dist": 0.001,
          "auto_unstuck_wallet_exposure_threshold": 0.057309270846038,
          "backwards_tp": true,
          "ddown_factor": 0.2509787226395136,
          "ema_span_0": 178.8917614497657,
          "ema_span_1": 1338.3501642749868,
          "enabled": true,
          "initial_eprice_ema_dist": 0.006906968796471788,
          "initial_qty_pct": 0.011231195508839121,
          "markup_range": 0.0021773226187910186,
          "min_markup": 0.0018203157049351125,
          "n_close_orders": 5,
          "rentry_pprice_dist": 0.026996481704364417,
          "rentry_pprice_dist_wallet_exposure_weighting": 1.6057134997566687,
          "wallet_exposure_limit": 1},
 "short": {"auto_unstuck_ema_dist": -0.014655488161383609,
           "auto_unstuck_wallet_exposure_threshold": 0.07070402052869493,
           "backwards_tp": true,
           "ddown_factor": 0.11415025579778233,
           "ema_span_0": 224.25586604849153,
           "ema_span_1": 12.34841214809939,
           "enabled": false,
           "initial_eprice_ema_dist": -0.03705275435481209,
           "initial_qty_pct": 0.035813086345466115,
           "markup_range": 0.012829441220163997,
           "min_markup": 0.0014647344454863662,
           "n_close_orders": 8,
           "rentry_pprice_dist": 0.019114126818619157,
           "rentry_pprice_dist_wallet_exposure_weighting": 38.82234263750949,
           "wallet_exposure_limit": 1.0}}