{"config_name": "recursive_grid_0days",
 "logging_level": 0,
 "long": {"auto_unstuck_ema_dist": 0,
          "auto_unstuck_wallet_exposure_threshold": 0,
          "backwards_tp": false,
          "ddown_factor": 1.720450009415079,
          "ema_span_0": 642.0059092726061,
          "ema_span_1": 379.4595013790959,
          "enabled": true,
          "initial_eprice_ema_dist": -0.1,
          "initial_qty_pct": 0.004203854681544643,
          "markup_range": 0.03178659734970045,
          "min_markup": 0.009946870846131653,
          "n_close_orders": 5,
          "rentry_pprice_dist": 0.03155963963031317,
          "rentry_pprice_dist_wallet_exposure_weighting": 0,
          "wallet_exposure_limit": 0.2},
 "short": {"auto_unstuck_ema_dist": 0.08820181874835824,
           "auto_unstuck_wallet_exposure_threshold": 0.04074472333122287,
           "backwards_tp": true,
           "ddown_factor": 0.2859056688740379,
           "ema_span_0": 3946.3955279514844,
           "ema_span_1": 4759.9238921782335,
           "enabled": false,
           "initial_eprice_ema_dist": -0.026763390790240316,
           "initial_qty_pct": 0.015,
           "markup_range": 0.029580973587022153,
           "min_markup": 0.0017200964520296563,
           "n_close_orders": 7,
           "rentry_pprice_dist": 0.016462375837961365,
           "rentry_pprice_dist_wallet_exposure_weighting": 16.908905688413373,
           "wallet_exposure_limit": 0.1}}