{"config_name": "recursive_grid_0days",
 "logging_level": 0,
 "long": {"auto_unstuck_ema_dist": 0,
          "auto_unstuck_wallet_exposure_threshold": 0,
          "backwards_tp": false,
          "ddown_factor": 2.7523163893313902,
          "ema_span_0": 223.31846355789773,
          "ema_span_1": 573.4724635487951,
          "enabled": true,
          "initial_eprice_ema_dist": -0.09636097343356154,
          "initial_qty_pct": 0.004173050926316946,
          "markup_range": 0.039300917994324246,
          "min_markup": 0.009199279651977232,
          "n_close_orders": 5,
          "rentry_pprice_dist": 0.035823161918634154,
          "rentry_pprice_dist_wallet_exposure_weighting": 0,
          "wallet_exposure_limit": 0.2},
 "short": {"auto_unstuck_ema_dist": 0.02877014136022886,
           "auto_unstuck_wallet_exposure_threshold": 0.0471059851919678,
           "backwards_tp": true,
           "ddown_factor": 0.41130732653336805,
           "ema_span_0": 3204.1791442738927,
           "ema_span_1": 6057.696445435227,
           "enabled": false,
           "initial_eprice_ema_dist": -0.04762625558117016,
           "initial_qty_pct": 0.015,
           "markup_range": 0.013764141988102252,
           "min_markup": 0.0022841984853973693,
           "n_close_orders": 5,
           "rentry_pprice_dist": 0.02284480674166183,
           "rentry_pprice_dist_wallet_exposure_weighting": 78.8925397671812,
           "wallet_exposure_limit": 0.1}}