{"config_name": "recursive_grid_0days",
 "logging_level": 0,
 "long": {"auto_unstuck_ema_dist": 0,
          "auto_unstuck_wallet_exposure_threshold": 0,
          "backwards_tp": false,
          "ddown_factor": 2.015793466258346,
          "ema_span_0": 351.29662068041216,
          "ema_span_1": 353.5424695426586,
          "enabled": true,
          "initial_eprice_ema_dist": -0.1,
          "initial_qty_pct": 0.0025003120646086402,
          "markup_range": 0.03754698656915084,
          "min_markup": 0.0053396025009907816,
          "n_close_orders": 5,
          "rentry_pprice_dist": 0.03326041483698981,
          "rentry_pprice_dist_wallet_exposure_weighting": 0,
          "wallet_exposure_limit": 0.2},
 "short": {"auto_unstuck_ema_dist": 0.0936791328805286,
           "auto_unstuck_wallet_exposure_threshold": 0.03963845610674873,
           "backwards_tp": true,
           "ddown_factor": 1.0116429656650485,
           "ema_span_0": 4185.723303178065,
           "ema_span_1": 2205.604594609261,
           "enabled": false,
           "initial_eprice_ema_dist": -0.05973966782263897,
           "initial_qty_pct": 0.015,
           "markup_range": 0.010132548651408141,
           "min_markup": 0.0011542182372407549,
           "n_close_orders": 6,
           "rentry_pprice_dist": 0.008518521021392566,
           "rentry_pprice_dist_wallet_exposure_weighting": 44.48159625713407,
           "wallet_exposure_limit": 0.1}}