{"config_name": "clock_0days",
 "long": {"delay_between_fills_minutes_close": 500,
          "delay_between_fills_minutes_entry": 438.5595803989683,
          "delay_weight_close": 104.49504903923437,
          "delay_weight_entry": 17.30759614529459,
          "ema_dist_lower": -0.7306939004901536,
          "ema_dist_upper": -0.11024237785477309,
          "ema_span_0": 922.1878687464155,
          "ema_span_1": 146.7658186883321,
          "enabled": true,
          "markup_range": 0.02141513056033563,
          "min_markup": 0.01774519629053502,
          "n_close_orders": 8,
          "qty_pct_close": 0.015022186508704766,
          "qty_pct_entry": 0.013194259429176309,
          "wallet_exposure_limit": 0.3,
          "we_multiplier_close": 15.190675287682774,
          "we_multiplier_entry": 86.99847569779044},
 "short": {"delay_between_fills_minutes_close": 1289.509369189199,
           "delay_between_fills_minutes_entry": 570.2755645735513,
           "delay_weight_close": 7.115766449221503,
           "delay_weight_entry": 18.89006386217913,
           "ema_dist_lower": 0.006368564809928037,
           "ema_dist_upper": 0.007725831331324742,
           "ema_span_0": 129.35690197508364,
           "ema_span_1": 2407.148963464653,
           "enabled": false,
           "markup_range": 0.09492731791498622,
           "min_markup": 0.079090189427803,
           "n_close_orders": 10,
           "qty_pct_close": 0.04974610836086915,
           "qty_pct_entry": 0.06482849316186011,
           "wallet_exposure_limit": 1.0,
           "we_multiplier_close": 6.800951701344121,
           "we_multiplier_entry": 58.33730121210884}}