{"config_name": "clock_0days",
 "long": {"backwards_tp": true,
          "delay_between_fills_minutes_close": 551.4539203203336,
          "delay_between_fills_minutes_entry": 1353.0213310644249,
          "delay_weight_close": 0,
          "delay_weight_entry": 30.698845251877334,
          "ema_dist_close": -0.0006712225797564969,
          "ema_dist_entry": 0.003,
          "ema_span_0": 961.5732773658267,
          "ema_span_1": 920.2644667924638,
          "enabled": true,
          "markup_range": 0.0053771023531353134,
          "min_markup": 0.007219147343653185,
          "n_close_orders": 3,
          "qty_pct_close": 0.04190573130258542,
          "qty_pct_entry": 0.01,
          "wallet_exposure_limit": 0.4,
          "we_multiplier_close": 0,
          "we_multiplier_entry": 94.49277716758023},
 "short": {"backwards_tp": true,
           "delay_between_fills_minutes_close": 963.2854409885338,
           "delay_between_fills_minutes_entry": 664.9512917212627,
           "delay_weight_close": 0.0,
           "delay_weight_entry": 78.18909621559699,
           "ema_dist_close": -0.006586008390766543,
           "ema_dist_entry": -0.015599029374702922,
           "ema_span_0": 482.6918428734045,
           "ema_span_1": 1217.8783516690703,
           "enabled": false,
           "markup_range": 0.02223587607994959,
           "min_markup": 0.007771663115033141,
           "n_close_orders": 12,
           "qty_pct_close": 0.013017383651495304,
           "qty_pct_entry": 0.05587711500965843,
           "wallet_exposure_limit": 1.0,
           "we_multiplier_close": 0.0,
           "we_multiplier_entry": 86.94499591335972}}