{"config_name": "recursive_grid_SHIB1000USDT_1020days",
 "logging_level": 0,
 "long": {"auto_unstuck_delay_minutes": 0,
          "auto_unstuck_ema_dist": -0.00790972623177728,
          "auto_unstuck_qty_pct": 0,
          "auto_unstuck_wallet_exposure_threshold": 0.013112964811821242,
          "backwards_tp": true,
          "ddown_factor": 2.1767126575520366,
          "ema_span_0": 177.69083122143934,
          "ema_span_1": 108.62546325497854,
          "enabled": true,
          "initial_eprice_ema_dist": 0.01,
          "initial_qty_pct": 0.03850433527005557,
          "markup_range": 0.008994093331697586,
          "min_markup": 0.008761958329139159,
          "n_close_orders": 3,
          "rentry_pprice_dist": 0.03854866926706618,
          "rentry_pprice_dist_wallet_exposure_weighting": 0.03889761981286166,
          "wallet_exposure_limit": 1},
 "short": {"auto_unstuck_delay_minutes": 0.0,
           "auto_unstuck_ema_dist": -0.006134535349222717,
           "auto_unstuck_qty_pct": 0.0,
           "auto_unstuck_wallet_exposure_threshold": 0.0400327751570871,
           "backwards_tp": true,
           "ddown_factor": 1.8751502008907033,
           "ema_span_0": 994.7889411534346,
           "ema_span_1": 618.1660001090963,
           "enabled": false,
           "initial_eprice_ema_dist": 0.0006174856878432902,
           "initial_qty_pct": 0.011835741938035308,
           "markup_range": 0.0049179398151944255,
           "min_markup": 0.0065793531802465464,
           "n_close_orders": 6,
           "rentry_pprice_dist": 0.05443704291670047,
           "rentry_pprice_dist_wallet_exposure_weighting": 1.294982781136064,
           "wallet_exposure_limit": 1.0}}