{"config_name": "recursive_grid_0days",
 "logging_level": 0,
 "long": {"auto_unstuck_ema_dist": 0.03993155349827622,
          "auto_unstuck_wallet_exposure_threshold": 0.04312818185944348,
          "backwards_tp": true,
          "ddown_factor": 1.5059541924956001,
          "ema_span_0": 1545.7065006659145,
          "ema_span_1": 3887.879337382752,
          "enabled": true,
          "initial_eprice_ema_dist": -0.03372722365321001,
          "initial_qty_pct": 0.014132975813587363,
          "markup_range": 0.004623426654213311,
          "min_markup": 0.005,
          "n_close_orders": 18,
          "rentry_pprice_dist": 0.028396868496826624,
          "rentry_pprice_dist_wallet_exposure_weighting": 1.4204077262794987,
          "wallet_exposure_limit": 0.2},
 "short": {"auto_unstuck_ema_dist": 0.08743996909400563,
           "auto_unstuck_wallet_exposure_threshold": 0.2929264426080086,
           "backwards_tp": true,
           "ddown_factor": 0.46664051375573573,
           "ema_span_0": 120,
           "ema_span_1": 3425.946989046475,
           "enabled": false,
           "initial_eprice_ema_dist": -0.04779602985478973,
           "initial_qty_pct": 0.016551476964327093,
           "markup_range": 0.011344463887963775,
           "min_markup": 0.018888066289195912,
           "n_close_orders": 8,
           "rentry_pprice_dist": 0.0395783919293692,
           "rentry_pprice_dist_wallet_exposure_weighting": 24.744672851642378,
           "wallet_exposure_limit": 0.1}}