{"config_name": "clock_0days",
 "long": {"backwards_tp": true,
          "delay_between_fills_minutes_close": 1419.3090619936415,
          "delay_between_fills_minutes_entry": 761.1201705132537,
          "delay_weight_close": 38.19031796323219,
          "delay_weight_entry": 20.862439072479894,
          "ema_dist_close": 0.0008390351715455793,
          "ema_dist_entry": -0.0007657223172209466,
          "ema_span_0": 1356.0778002229147,
          "ema_span_1": 1116.3217274321357,
          "enabled": true,
          "markup_range": 0.04460208331814186,
          "min_markup": 0.009187113442844348,
          "n_close_orders": 7,
          "qty_pct_close": 0.01821321074755045,
          "qty_pct_entry": 0.014216810798055778,
          "wallet_exposure_limit": 0.4,
          "we_multiplier_close": 48.99383896296234,
          "we_multiplier_entry": 63.327002038135994},
 "short": {"backwards_tp": true,
           "delay_between_fills_minutes_close": 552.0251867508377,
           "delay_between_fills_minutes_entry": 1439.8617590104875,
           "delay_weight_close": 80.40123417385247,
           "delay_weight_entry": 44.982771968605576,
           "ema_dist_close": -0.019618159548461297,
           "ema_dist_entry": -0.017676395967121672,
           "ema_span_0": 884.4832004534633,
           "ema_span_1": 816.7797293222541,
           "enabled": false,
           "markup_range": 0.010221509494854272,
           "min_markup": 0.0018450241525079618,
           "n_close_orders": 15,
           "qty_pct_close": 0.07110944183722176,
           "qty_pct_entry": 0.07647563516745753,
           "wallet_exposure_limit": 1.0,
           "we_multiplier_close": 63.037505647613926,
           "we_multiplier_entry": 23.676496951154892}}