{"config_name": "recursive_grid_0days",
 "logging_level": 0,
 "long": {"auto_unstuck_ema_dist": 0,
          "auto_unstuck_wallet_exposure_threshold": 0,
          "backwards_tp": false,
          "ddown_factor": 0.6168902079883873,
          "ema_span_0": 438.9894310239223,
          "ema_span_1": 475.40642049467317,
          "enabled": true,
          "initial_eprice_ema_dist": -0.2962731252692648,
          "initial_qty_pct": 0.004671962007120422,
          "markup_range": 0.03957265667397114,
          "min_markup": 0.014397311076669047,
          "n_close_orders": 5,
          "rentry_pprice_dist": 0.033160668715190196,
          "rentry_pprice_dist_wallet_exposure_weighting": 0,
          "wallet_exposure_limit": 0.2},
 "short": {"auto_unstuck_ema_dist": 0.02883721678583788,
           "auto_unstuck_wallet_exposure_threshold": 0.05296146865703179,
           "backwards_tp": true,
           "ddown_factor": 0.3652466893144481,
           "ema_span_0": 2003.9752712958407,
           "ema_span_1": 6160.358727037741,
           "enabled": false,
           "initial_eprice_ema_dist": -0.002177047351785741,
           "initial_qty_pct": 0.015,
           "markup_range": 0.025968786230646336,
           "min_markup": 0.0022108921431875407,
           "n_close_orders": 12,
           "rentry_pprice_dist": 0.008685520019650736,
           "rentry_pprice_dist_wallet_exposure_weighting": 53.11641370465153,
           "wallet_exposure_limit": 0.1}}