{"config_name": "clock_0days",
 "long": {"backwards_tp": true,
          "delay_between_fills_minutes_close": 60.11319602654645,
          "delay_between_fills_minutes_entry": 1350.7608506119668,
          "delay_weight_close": 54.59745651481135,
          "delay_weight_entry": 14.688034215785335,
          "ema_dist_close": 0.008352293101573855,
          "ema_dist_entry": -4.285344418415574e-05,
          "ema_span_0": 300.20247391894526,
          "ema_span_1": 239.9912667253475,
          "enabled": true,
          "markup_range": 0.005383182715235491,
          "min_markup": 0.022194282861213277,
          "n_close_orders": 16,
          "qty_pct_close": 0.01,
          "qty_pct_entry": 0.01,
          "wallet_exposure_limit": 0.4,
          "we_multiplier_close": 0.3878762242055704,
          "we_multiplier_entry": 91.92304820133667},
 "short": {"backwards_tp": true,
           "delay_between_fills_minutes_close": 101.51208146771137,
           "delay_between_fills_minutes_entry": 159.1819786878245,
           "delay_weight_close": 72.5219963870984,
           "delay_weight_entry": 78.24176767013364,
           "ema_dist_close": -0.043363730088297796,
           "ema_dist_entry": -0.0342640280311613,
           "ema_span_0": 700.1230764114454,
           "ema_span_1": 932.0595008684005,
           "enabled": false,
           "markup_range": 0.05744775987792384,
           "min_markup": 0.006862693091705256,
           "n_close_orders": 12,
           "qty_pct_close": 0.013142330124028434,
           "qty_pct_entry": 0.09137351171123803,
           "wallet_exposure_limit": 1.0,
           "we_multiplier_close": 25.22088301341505,
           "we_multiplier_entry": 43.65187826794976}}