{"config_name": "recursive_grid_0days",
 "logging_level": 0,
 "long": {"auto_unstuck_ema_dist": -0.008836864140549473,
          "auto_unstuck_wallet_exposure_threshold": 0.0659316207296871,
          "backwards_tp": true,
          "ddown_factor": 1.065512704854333,
          "ema_span_0": 388.28138291516524,
          "ema_span_1": 1141.7749662248202,
          "enabled": true,
          "initial_eprice_ema_dist": 0.0013013468612422018,
          "initial_qty_pct": 0.014275509469011467,
          "markup_range": 0.010404219540067863,
          "min_markup": 0.006559044016079946,
          "n_close_orders": 12,
          "rentry_pprice_dist": 0.017523222696000054,
          "rentry_pprice_dist_wallet_exposure_weighting": 7.155841936807086,
          "wallet_exposure_limit": 1},
 "short": {"auto_unstuck_ema_dist": -0.01969527458960843,
           "auto_unstuck_wallet_exposure_threshold": 0.032151225144260234,
           "backwards_tp": true,
           "ddown_factor": 1.5873604778862005,
           "ema_span_0": 328.68371544024575,
           "ema_span_1": 447.90164956136766,
           "enabled": false,
           "initial_eprice_ema_dist": -0.014490601305530648,
           "initial_qty_pct": 0.059464796499833335,
           "markup_range": 0.007882947163286446,
           "min_markup": 0.0023581763560094485,
           "n_close_orders": 14,
           "rentry_pprice_dist": 0.04480500620963076,
           "rentry_pprice_dist_wallet_exposure_weighting": 24.831977052245513,
           "wallet_exposure_limit": 1.0}}