{"config_name": "recursive_grid_0days",
 "logging_level": 0,
 "long": {"auto_unstuck_ema_dist": -0.009601266192164538,
          "auto_unstuck_wallet_exposure_threshold": 0.03182499964606026,
          "backwards_tp": true,
          "ddown_factor": 1.1302235190690972,
          "ema_span_0": 491.10234670253107,
          "ema_span_1": 195.54604121697267,
          "enabled": true,
          "initial_eprice_ema_dist": -0.01797896069602997,
          "initial_qty_pct": 0.025820302655507922,
          "markup_range": 0.05247886217922741,
          "min_markup": 0.009118482670395965,
          "n_close_orders": 1,
          "rentry_pprice_dist": 0.01258035202759578,
          "rentry_pprice_dist_wallet_exposure_weighting": 13.58437340851343,
          "wallet_exposure_limit": 1},
 "short": {"auto_unstuck_ema_dist": -0.07098270984612737,
           "auto_unstuck_wallet_exposure_threshold": 0.04947548839031428,
           "backwards_tp": true,
           "ddown_factor": 1.8791826510339142,
           "ema_span_0": 383.89712778633265,
           "ema_span_1": 1040.1832595987992,
           "enabled": false,
           "initial_eprice_ema_dist": -0.07339876809192292,
           "initial_qty_pct": 0.028752010797011694,
           "markup_range": 0.0015539458915859593,
           "min_markup": 0.009217496498447279,
           "n_close_orders": 2,
           "rentry_pprice_dist": 0.0436698521494295,
           "rentry_pprice_dist_wallet_exposure_weighting": 16.960974551384048,
           "wallet_exposure_limit": 1.0}}