{"config_name": "recursive_grid_0days",
 "logging_level": 0,
 "long": {"auto_unstuck_ema_dist": 0.000587539848709507,
          "auto_unstuck_wallet_exposure_threshold": 0.0834931775036777,
          "backwards_tp": true,
          "ddown_factor": 0.5763297120903379,
          "ema_span_0": 151.1792869795869,
          "ema_span_1": 532.5779122197507,
          "enabled": true,
          "initial_eprice_ema_dist": -0.08880020107619645,
          "initial_qty_pct": 0.01,
          "markup_range": 0.009058153855624342,
          "min_markup": 0.0035059610318809624,
          "n_close_orders": 11,
          "rentry_pprice_dist": 0.032191552737833515,
          "rentry_pprice_dist_wallet_exposure_weighting": 0.888580334665596,
          "wallet_exposure_limit": 1},
 "short": {"auto_unstuck_ema_dist": -0.022900319400127586,
           "auto_unstuck_wallet_exposure_threshold": 0.033109031585746185,
           "backwards_tp": true,
           "ddown_factor": 1.2706315542682278,
           "ema_span_0": 206.17971247054297,
           "ema_span_1": 1175.129406325725,
           "enabled": false,
           "initial_eprice_ema_dist": -0.03809421086610109,
           "initial_qty_pct": 0.09043044519377773,
           "markup_range": 0.05364084036633884,
           "min_markup": 0.0072681370256669365,
           "n_close_orders": 10,
           "rentry_pprice_dist": 0.017915991314458174,
           "rentry_pprice_dist_wallet_exposure_weighting": 22.799029551837567,
           "wallet_exposure_limit": 1}}