{"config_name": "recursive_grid_0days",
 "logging_level": 0,
 "long": {"auto_unstuck_ema_dist": -0.0036641378168698383,
          "auto_unstuck_wallet_exposure_threshold": 0.04719882625530307,
          "backwards_tp": true,
          "ddown_factor": 2.5872698960233604,
          "ema_span_0": 710.1751392825236,
          "ema_span_1": 638.47010181929,
          "enabled": true,
          "initial_eprice_ema_dist": 0.005384090133462638,
          "initial_qty_pct": 0.012839035952982084,
          "markup_range": 0.005553700921962817,
          "min_markup": 0.001085865513297986,
          "n_close_orders": 2,
          "rentry_pprice_dist": 0.03096882493364388,
          "rentry_pprice_dist_wallet_exposure_weighting": 0.7618605526297748,
          "wallet_exposure_limit": 1},
 "short": {"auto_unstuck_ema_dist": -0.03498348596628256,
           "auto_unstuck_wallet_exposure_threshold": 0.04154649682255659,
           "backwards_tp": true,
           "ddown_factor": 1.2489078431663776,
           "ema_span_0": 57.056863001396046,
           "ema_span_1": 904.5160564422648,
           "enabled": false,
           "initial_eprice_ema_dist": -0.09591735548042826,
           "initial_qty_pct": 0.01916669906121482,
           "markup_range": 0.005637522195751878,
           "min_markup": 0.001639900537365142,
           "n_close_orders": 9,
           "rentry_pprice_dist": 0.039039179130776216,
           "rentry_pprice_dist_wallet_exposure_weighting": 35.42269601284711,
           "wallet_exposure_limit": 1}}