{"config_name": "recursive_grid_0days",
 "logging_level": 0,
 "long": {"auto_unstuck_ema_dist": -0.0016059471708536406,
          "auto_unstuck_wallet_exposure_threshold": 0.03226635252663643,
          "backwards_tp": true,
          "ddown_factor": 2.0678465741453786,
          "ema_span_0": 318.83421032845246,
          "ema_span_1": 134.2628128852847,
          "enabled": true,
          "initial_eprice_ema_dist": 0.01,
          "initial_qty_pct": 0.03425071541904667,
          "markup_range": 0.004354115334992501,
          "min_markup": 0.005241809365944618,
          "n_close_orders": 6,
          "rentry_pprice_dist": 0.03020619252448215,
          "rentry_pprice_dist_wallet_exposure_weighting": 0.0,
          "wallet_exposure_limit": 1},
 "short": {"auto_unstuck_ema_dist": -0.027982881032476453,
           "auto_unstuck_wallet_exposure_threshold": 0.09921518981748025,
           "backwards_tp": true,
           "ddown_factor": 2.3442497336476054,
           "ema_span_0": 602.7294996784273,
           "ema_span_1": 938.594631566307,
           "enabled": false,
           "initial_eprice_ema_dist": -0.0524315887509529,
           "initial_qty_pct": 0.0490189168807465,
           "markup_range": 0.05688777250316881,
           "min_markup": 0.008771863878763369,
           "n_close_orders": 9,
           "rentry_pprice_dist": 0.029839542817836046,
           "rentry_pprice_dist_wallet_exposure_weighting": 3.2004975297932647,
           "wallet_exposure_limit": 1.0}}