{"config_name": "recursive_grid_0days",
 "logging_level": 0,
 "long": {"auto_unstuck_ema_dist": 0.001,
          "auto_unstuck_wallet_exposure_threshold": 0.07369267927923814,
          "backwards_tp": true,
          "ddown_factor": 2.293171480554254,
          "ema_span_0": 515.5646114217639,
          "ema_span_1": 554.1181848198984,
          "enabled": true,
          "initial_eprice_ema_dist": 0.0008830580065947245,
          "initial_qty_pct": 0.036124583568522196,
          "markup_range": 0.00974759552701393,
          "min_markup": 0.0063374867162977215,
          "n_close_orders": 2,
          "rentry_pprice_dist": 0.04354381017937866,
          "rentry_pprice_dist_wallet_exposure_weighting": 0.1715243118877422,
          "wallet_exposure_limit": 1},
 "short": {"auto_unstuck_ema_dist": -0.010923266349730149,
           "auto_unstuck_wallet_exposure_threshold": 0.030675874608191645,
           "backwards_tp": true,
           "ddown_factor": 1.829151779448693,
           "ema_span_0": 49.70367907584644,
           "ema_span_1": 752.4655819969531,
           "enabled": false,
           "initial_eprice_ema_dist": -0.03193293617460731,
           "initial_qty_pct": 0.019367049672671263,
           "markup_range": 0.03859059922719668,
           "min_markup": 0.006307886457234744,
           "n_close_orders": 5,
           "rentry_pprice_dist": 0.008040960065980063,
           "rentry_pprice_dist_wallet_exposure_weighting": 3.9094646495636276,
           "wallet_exposure_limit": 1.0}}