{"config_name": "recursive_grid_0days",
 "logging_level": 0,
 "long": {"auto_unstuck_ema_dist": -0.00039267434269245967,
          "auto_unstuck_wallet_exposure_threshold": 0.0711403949917031,
          "backwards_tp": true,
          "ddown_factor": 2.6537561430860674,
          "ema_span_0": 540.1723902055494,
          "ema_span_1": 762.6516169054208,
          "enabled": true,
          "initial_eprice_ema_dist": 0.0017965729648248825,
          "initial_qty_pct": 0.01891385009411114,
          "markup_range": 0.05088992207527808,
          "min_markup": 0.002424773976815603,
          "n_close_orders": 1,
          "rentry_pprice_dist": 0.022071777040553485,
          "rentry_pprice_dist_wallet_exposure_weighting": 2.629309776102162,
          "wallet_exposure_limit": 1},
 "short": {"auto_unstuck_ema_dist": -0.06618265671297882,
           "auto_unstuck_wallet_exposure_threshold": 0.045209317025765694,
           "backwards_tp": true,
           "ddown_factor": 1.4287736345839928,
           "ema_span_0": 100.7502081942603,
           "ema_span_1": 247.04762710368175,
           "enabled": false,
           "initial_eprice_ema_dist": -0.04719993862394457,
           "initial_qty_pct": 0.08651919384508189,
           "markup_range": 0.02577717924475074,
           "min_markup": 0.0029042937610003886,
           "n_close_orders": 9,
           "rentry_pprice_dist": 0.007003514440199267,
           "rentry_pprice_dist_wallet_exposure_weighting": 34.549246686297494,
           "wallet_exposure_limit": 1.0}}