{"config_name": "recursive_grid_0days",
 "logging_level": 0,
 "long": {"auto_unstuck_ema_dist": -0.0054146932042539,
          "auto_unstuck_wallet_exposure_threshold": 0.04487278981167559,
          "backwards_tp": true,
          "ddown_factor": 1.850422079212884,
          "ema_span_0": 538.2722026615464,
          "ema_span_1": 597.0871398360483,
          "enabled": true,
          "initial_eprice_ema_dist": 0.01,
          "initial_qty_pct": 0.011867188105707159,
          "markup_range": 0.004393516250094033,
          "min_markup": 0.007861132966178899,
          "n_close_orders": 1,
          "rentry_pprice_dist": 0.028647420065182092,
          "rentry_pprice_dist_wallet_exposure_weighting": 0.0,
          "wallet_exposure_limit": 1},
 "short": {"auto_unstuck_ema_dist": -0.09093719224560587,
           "auto_unstuck_wallet_exposure_threshold": 0.05199473222769352,
           "backwards_tp": true,
           "ddown_factor": 0.24267406152355794,
           "ema_span_0": 83.49378388143556,
           "ema_span_1": 1094.2954895496357,
           "enabled": false,
           "initial_eprice_ema_dist": -0.09640668897634551,
           "initial_qty_pct": 0.09228218722608089,
           "markup_range": 0.027458326456179374,
           "min_markup": 0.009530351262510846,
           "n_close_orders": 12,
           "rentry_pprice_dist": 0.04077330114993583,
           "rentry_pprice_dist_wallet_exposure_weighting": 26.0653214874081,
           "wallet_exposure_limit": 1.0}}