{"config_name": "recursive_grid_0days",
 "logging_level": 0,
 "long": {"auto_unstuck_ema_dist": -0.01745971029221051,
          "auto_unstuck_wallet_exposure_threshold": 0.07959786569744354,
          "backwards_tp": true,
          "ddown_factor": 0.41172739301288996,
          "ema_span_0": 651.4797712944953,
          "ema_span_1": 1131.622561544972,
          "enabled": true,
          "initial_eprice_ema_dist": -0.08769030745950658,
          "initial_qty_pct": 0.01928205459934952,
          "markup_range": 0.004946269977627309,
          "min_markup": 0.00371889519598639,
          "n_close_orders": 2,
          "rentry_pprice_dist": 0.02300259640269136,
          "rentry_pprice_dist_wallet_exposure_weighting": 2.9508766558577078,
          "wallet_exposure_limit": 1.0},
 "short": {"auto_unstuck_ema_dist": -0.09212029486635306,
           "auto_unstuck_wallet_exposure_threshold": 0.043282622514223934,
           "backwards_tp": true,
           "ddown_factor": 1.6455894461587028,
           "ema_span_0": 673.4587648151287,
           "ema_span_1": 892.7537229848759,
           "enabled": false,
           "initial_eprice_ema_dist": -0.09158617100612118,
           "initial_qty_pct": 0.013915301826206487,
           "markup_range": 0.002611842994295861,
           "min_markup": 0.002554645945129,
           "n_close_orders": 3,
           "rentry_pprice_dist": 0.019235574957476423,
           "rentry_pprice_dist_wallet_exposure_weighting": 13.691452974223637,
           "wallet_exposure_limit": 1.0}}