{"config_name": "recursive_grid_0days",
 "logging_level": 0,
 "long": {"auto_unstuck_ema_dist": -0.01562986943552762,
          "auto_unstuck_wallet_exposure_threshold": 0.07343145727450118,
          "backwards_tp": true,
          "ddown_factor": 0.2372925048447459,
          "ema_span_0": 41.257718890991654,
          "ema_span_1": 224.77211885031602,
          "enabled": true,
          "initial_eprice_ema_dist": 0.0024441028174128797,
          "initial_qty_pct": 0.01,
          "markup_range": 0.002237407683919659,
          "min_markup": 0.0030025981120833318,
          "n_close_orders": 10,
          "rentry_pprice_dist": 0.014413052659028236,
          "rentry_pprice_dist_wallet_exposure_weighting": 2.5141213063542907,
          "wallet_exposure_limit": 1},
 "short": {"auto_unstuck_ema_dist": -0.05829828167913316,
           "auto_unstuck_wallet_exposure_threshold": 0.03749803157425388,
           "backwards_tp": true,
           "ddown_factor": 2.934989238351563,
           "ema_span_0": 595.3354852788683,
           "ema_span_1": 901.573370651631,
           "enabled": false,
           "initial_eprice_ema_dist": -0.0033311265308738763,
           "initial_qty_pct": 0.06315445522675842,
           "markup_range": 0.0031537640685275737,
           "min_markup": 0.002081983917219675,
           "n_close_orders": 16,
           "rentry_pprice_dist": 0.04232418533222797,
           "rentry_pprice_dist_wallet_exposure_weighting": 27.481680348003685,
           "wallet_exposure_limit": 1}}