{"config_name": "recursive_grid_0days",
 "logging_level": 0,
 "long": {"auto_unstuck_ema_dist": -0.050550162009493416,
          "auto_unstuck_wallet_exposure_threshold": 0.08017984249239923,
          "backwards_tp": true,
          "ddown_factor": 1.0611273155667824,
          "ema_span_0": 151.310602802084,
          "ema_span_1": 129.76623490274685,
          "enabled": true,
          "initial_eprice_ema_dist": 0.0056631118763553,
          "initial_qty_pct": 0.0340675933957454,
          "markup_range": 0.001459787388196023,
          "min_markup": 0.0030584140723082603,
          "n_close_orders": 6,
          "rentry_pprice_dist": 0.02844747842966874,
          "rentry_pprice_dist_wallet_exposure_weighting": 3.6431507030350154,
          "wallet_exposure_limit": 1},
 "short": {"auto_unstuck_ema_dist": -0.04400773331937743,
           "auto_unstuck_wallet_exposure_threshold": 0.034941453705920916,
           "backwards_tp": true,
           "ddown_factor": 1.833159278581731,
           "ema_span_0": 302.27310979860556,
           "ema_span_1": 661.489859130302,
           "enabled": false,
           "initial_eprice_ema_dist": 0.007473260946995741,
           "initial_qty_pct": 0.09510053654143474,
           "markup_range": 0.05518315747892158,
           "min_markup": 0.0038795229020973554,
           "n_close_orders": 7,
           "rentry_pprice_dist": 0.016619599643553338,
           "rentry_pprice_dist_wallet_exposure_weighting": 29.294068625506455,
           "wallet_exposure_limit": 1.0}}