{"config_name": "recursive_grid_0days",
 "logging_level": 0,
 "long": {"auto_unstuck_ema_dist": -0.001998245124089707,
          "auto_unstuck_wallet_exposure_threshold": 0.03712727378320421,
          "backwards_tp": false,
          "ddown_factor": 1.3044822086087358,
          "ema_span_0": 723.4911049145156,
          "ema_span_1": 1245.3626265684943,
          "enabled": true,
          "initial_eprice_ema_dist": 0.001729166145548468,
          "initial_qty_pct": 0.02601053922107026,
          "markup_range": 0.04453714913461998,
          "min_markup": 0.004931182099760062,
          "n_close_orders": 15,
          "rentry_pprice_dist": 0.02784438257697454,
          "rentry_pprice_dist_wallet_exposure_weighting": 1.9917455592122864,
          "wallet_exposure_limit": 0.2},
 "short": {"auto_unstuck_ema_dist": -0.012183694981281495,
           "auto_unstuck_wallet_exposure_threshold": 0.0932044014328996,
           "backwards_tp": true,
           "ddown_factor": 0.7542444814390147,
           "ema_span_0": 469.511913696157,
           "ema_span_1": 1331.5155420071655,
           "enabled": false,
           "initial_eprice_ema_dist": -0.04035973530660254,
           "initial_qty_pct": 0.08319763495700852,
           "markup_range": 0.05528107912870614,
           "min_markup": 0.0030256013998492476,
           "n_close_orders": 5,
           "rentry_pprice_dist": 0.006832362242759975,
           "rentry_pprice_dist_wallet_exposure_weighting": 12.922042518780186,
           "wallet_exposure_limit": 1.0}}