{"config_name": "emas_0days",
 "long": {"delay_between_fills_minutes_close": 433.2332795613514,
          "delay_between_fills_minutes_entry": 472.46798923917686,
          "delay_weight_close": -84.55913427002376,
          "delay_weight_entry": 56.22918146691927,
          "ema_dist_lower": 0.012392047744231173,
          "ema_dist_upper": 0.0013807177735791964,
          "ema_span_0": 923.1685421944591,
          "ema_span_1": 1044.8058516591343,
          "enabled": true,
          "markup_range": 0.023864810915944126,
          "min_markup": 0.01758365687274445,
          "n_close_orders": 5,
          "qty_pct_close": 0.0017559655067192848,
          "qty_pct_entry": 0.004539370256591996,
          "wallet_exposure_limit": 1,
          "we_multiplier_close": 63.71678257227433,
          "we_multiplier_entry": 14.761595069816067},
 "short": {"delay_between_fills_minutes_close": 3413.3367246417843,
           "delay_between_fills_minutes_entry": 1280.7036910103452,
           "delay_weight_close": 65.15231678513669,
           "delay_weight_entry": 50.96579460070262,
           "ema_dist_lower": 0.009084591510388443,
           "ema_dist_upper": 0.0017031329074729418,
           "ema_span_0": 524.6827534116877,
           "ema_span_1": 1440.8137347509626,
           "enabled": false,
           "markup_range": 0.04948969755648964,
           "min_markup": 0.02835962060124452,
           "n_close_orders": 13,
           "qty_pct_close": 0.0686439455612049,
           "qty_pct_entry": 0.04548284784840912,
           "wallet_exposure_limit": 1.0,
           "we_multiplier_close": 17.28437147086289,
           "we_multiplier_entry": 28.56521328259609}}