{"config_name": "clock_0days",
 "long": {"delay_between_fills_minutes_close": 1321.4016854704175,
          "delay_between_fills_minutes_entry": 1439.7322286169501,
          "delay_weight_close": 2.662128617685494,
          "delay_weight_entry": 10.374411699878024,
          "ema_dist_lower": 0.010334439194179375,
          "ema_dist_upper": 0.000381993045559988,
          "ema_span_0": 1302.0061363460788,
          "ema_span_1": 1303.2263697425158,
          "enabled": true,
          "markup_range": 0.05297824750741049,
          "min_markup": 0.09262976683019016,
          "n_close_orders": 5,
          "qty_pct_close": 0.06738531569843942,
          "qty_pct_entry": 0.02,
          "wallet_exposure_limit": 0.25,
          "we_multiplier_close": 1.0629920087466211,
          "we_multiplier_entry": 12.749026899248314},
 "short": {"delay_between_fills_minutes_close": 1214.8452309685117,
           "delay_between_fills_minutes_entry": 229.7831071456174,
           "delay_weight_close": 17.603714946534083,
           "delay_weight_entry": 0.36198828744648415,
           "ema_dist_lower": 0.016904761200784973,
           "ema_dist_upper": 0.0022917200699775053,
           "ema_span_0": 108.81733978207268,
           "ema_span_1": 1572.087426917872,
           "enabled": false,
           "markup_range": 0.004509869802535415,
           "min_markup": 0.076793528339275,
           "n_close_orders": 15,
           "qty_pct_close": 0.09149536617592419,
           "qty_pct_entry": 0.0554491598753942,
           "wallet_exposure_limit": 1.0,
           "we_multiplier_close": 0.6565142164589621,
           "we_multiplier_entry": 59.2429202129594}}