{"config_name": "recursive_grid_0days",
 "logging_level": 0,
 "long": {"auto_unstuck_ema_dist": 0.01614614880585821,
          "auto_unstuck_wallet_exposure_threshold": 0.06745851521713811,
          "backwards_tp": true,
          "ddown_factor": 0.6283196387457424,
          "ema_span_0": 2142.4333990819086,
          "ema_span_1": 5763.257191969691,
          "enabled": true,
          "initial_eprice_ema_dist": -0.01312388760053147,
          "initial_qty_pct": 0.015,
          "markup_range": 0.009650283982579453,
          "min_markup": 0.002506726849228193,
          "n_close_orders": 14,
          "rentry_pprice_dist": 0.02888339870240384,
          "rentry_pprice_dist_wallet_exposure_weighting": 3.9592874612989797,
          "wallet_exposure_limit": 0.1},
 "short": {"auto_unstuck_ema_dist": 0.013670793027087477,
           "auto_unstuck_wallet_exposure_threshold": 0.07267033121791433,
           "backwards_tp": true,
           "ddown_factor": 2.389866636337782,
           "ema_span_0": 527.4593002935638,
           "ema_span_1": 3504.1380837144015,
           "enabled": true,
           "initial_eprice_ema_dist": -0.015154820870829167,
           "initial_qty_pct": 0.015,
           "markup_range": 0.006695483328652563,
           "min_markup": 0.002679623069592073,
           "n_close_orders": 12,
           "rentry_pprice_dist": 0.042671251093313135,
           "rentry_pprice_dist_wallet_exposure_weighting": 5.206761574129988,
           "wallet_exposure_limit": 0.1}}