{"config_name": "neat_grid_0days",
 "logging_level": 0,
 "long": {"auto_unstuck_ema_dist": 0.005221495377378865,
          "auto_unstuck_wallet_exposure_threshold": 0.18467733796812194,
          "backwards_tp": true,
          "ema_span_0": 1925.6248533996868,
          "ema_span_1": 856.0068477098894,
          "enabled": true,
          "eprice_exp_base": 1.0441422629583772,
          "eqty_exp_base": 1.6538488106019793,
          "grid_span": 0.17903724630648185,
          "initial_eprice_ema_dist": -0.09974242578939879,
          "initial_qty_pct": 0.01,
          "markup_range": 0.002966758080330553,
          "max_n_entry_orders": 9,
          "min_markup": 0.002,
          "n_close_orders": 8,
          "wallet_exposure_limit": 0.2},
 "short": {"auto_unstuck_ema_dist": 0.0043654428712574965,
           "auto_unstuck_wallet_exposure_threshold": 0.14932182379678213,
           "backwards_tp": true,
           "ema_span_0": 3130.8169064050444,
           "ema_span_1": 4796.868392252502,
           "enabled": true,
           "eprice_exp_base": 1.2160205703148634,
           "eqty_exp_base": 1.1721370297167943,
           "grid_span": 0.31771159245267294,
           "initial_eprice_ema_dist": -0.041685819912449934,
           "initial_qty_pct": 0.01,
           "markup_range": 0.002898586605914404,
           "max_n_entry_orders": 13,
           "min_markup": 0.002,
           "n_close_orders": 10,
           "wallet_exposure_limit": 0.1}}