{"config_name": "emas_0days",
 "long": {"delay_between_fills_minutes_close": 1056.929422208328,
          "delay_between_fills_minutes_entry": 4086.9265399306328,
          "delay_weight_close": -10.516733715625321,
          "delay_weight_entry": 13.046868924211271,
          "ema_dist_lower": 0.00616163042635666,
          "ema_dist_upper": 0.008330390305698451,
          "ema_span_0": 1284.8721743095969,
          "ema_span_1": 1345.7149999129342,
          "enabled": true,
          "markup_range": 0.05238144501440111,
          "min_markup": 0.06749953832137892,
          "n_close_orders": 2,
          "qty_pct_close": 0.06844845480419184,
          "qty_pct_entry": 0.014156461990295435,
          "wallet_exposure_limit": 1,
          "we_multiplier_close": 0,
          "we_multiplier_entry": 69.96167749520154},
 "short": {"delay_between_fills_minutes_close": 3305.924815110366,
           "delay_between_fills_minutes_entry": 4136.179306614737,
           "delay_weight_close": -39.54582534234045,
           "delay_weight_entry": 68.52920093689679,
           "ema_dist_lower": 0.002510900895384707,
           "ema_dist_upper": 0.003781293592165196,
           "ema_span_0": 512.2327630393561,
           "ema_span_1": 2414.652953876937,
           "enabled": false,
           "markup_range": 0.053735923028711774,
           "min_markup": 0.012588052752454369,
           "n_close_orders": 4,
           "qty_pct_close": 0.010780224642915743,
           "qty_pct_entry": 0.05713757413515477,
           "wallet_exposure_limit": 1.0,
           "we_multiplier_close": 59.152321185897165,
           "we_multiplier_entry": 2.3496573619099337}}