{"config_name": "recursive_grid_0days",
 "logging_level": 0,
 "long": {"auto_unstuck_ema_dist": -0.00018967847699891062,
          "auto_unstuck_wallet_exposure_threshold": 0.08806751417776032,
          "backwards_tp": true,
          "ddown_factor": 0.2932557797857284,
          "ema_span_0": 1220.3910194459904,
          "ema_span_1": 62.44270264119814,
          "enabled": true,
          "initial_eprice_ema_dist": 0.001006746030877394,
          "initial_qty_pct": 0.02243032567217168,
          "markup_range": 0.0,
          "min_markup": 0.0016865439289264015,
          "n_close_orders": 16,
          "rentry_pprice_dist": 0.04653082720740561,
          "rentry_pprice_dist_wallet_exposure_weighting": 4.199650661051727,
          "wallet_exposure_limit": 0.2},
 "short": {"auto_unstuck_ema_dist": -0.02558666765438411,
           "auto_unstuck_wallet_exposure_threshold": 0.030336698359244175,
           "backwards_tp": true,
           "ddown_factor": 1.0948877326796524,
           "ema_span_0": 476.40623345279505,
           "ema_span_1": 891.9655349876236,
           "enabled": false,
           "initial_eprice_ema_dist": -0.020834112193577115,
           "initial_qty_pct": 0.09032913229494362,
           "markup_range": 0.054240053079962644,
           "min_markup": 0.009509246594990469,
           "n_close_orders": 11,
           "rentry_pprice_dist": 0.039657124446326214,
           "rentry_pprice_dist_wallet_exposure_weighting": 13.425248438534414,
           "wallet_exposure_limit": 1.0}}