{"config_name": "neat_grid_0days",
 "logging_level": 0,
 "long": {"auto_unstuck_ema_dist": 0,
          "auto_unstuck_wallet_exposure_threshold": 0.21027318725310556,
          "backwards_tp": true,
          "ema_span_0": 887.1508630457805,
          "ema_span_1": 10,
          "enabled": true,
          "eprice_exp_base": 1.259876499883449,
          "eqty_exp_base": 1.8282113582704191,
          "grid_span": 0.2523984737221864,
          "initial_eprice_ema_dist": -0.023929479525211895,
          "initial_qty_pct": 0.01,
          "markup_range": 0.002417774448292388,
          "max_n_entry_orders": 5,
          "min_markup": 0.002,
          "n_close_orders": 20,
          "wallet_exposure_limit": 0.2},
 "short": {"auto_unstuck_ema_dist": 0.08877578620274063,
           "auto_unstuck_wallet_exposure_threshold": 0.04228053530253361,
           "backwards_tp": true,
           "ema_span_0": 220.2288353514008,
           "ema_span_1": 535.9839693968017,
           "enabled": true,
           "eprice_exp_base": 1.289072010670026,
           "eqty_exp_base": 1.7447716886012934,
           "grid_span": 0.2577820128092519,
           "initial_eprice_ema_dist": -0.07875501255065293,
           "initial_qty_pct": 0.01,
           "markup_range": 0.0028783365334053928,
           "max_n_entry_orders": 8,
           "min_markup": 0.002,
           "n_close_orders": 19,
           "wallet_exposure_limit": 0.1}}