{"config_name": "clock_0days",
 "long": {"delay_between_fills_minutes_close": 922.3753085948541,
          "delay_between_fills_minutes_entry": 1029.135607861706,
          "delay_weight_close": 9.771757549414147,
          "delay_weight_entry": 11.743404361255822,
          "ema_dist_lower": 0.0098280648253504,
          "ema_dist_upper": 0.0028138870545530363,
          "ema_span_0": 840.3172355251164,
          "ema_span_1": 873.5909161821394,
          "enabled": true,
          "markup_range": 0.0998941475138126,
          "min_markup": 0.09975888429586965,
          "n_close_orders": 14,
          "qty_pct_close": 0.06148045256277003,
          "qty_pct_entry": 0.02924925744903783,
          "wallet_exposure_limit": 0.25,
          "we_multiplier_close": 0,
          "we_multiplier_entry": 2.990766513076456},
 "short": {"delay_between_fills_minutes_close": 831.9097422648532,
           "delay_between_fills_minutes_entry": 299.8438491814259,
           "delay_weight_close": 2.4284280893421517,
           "delay_weight_entry": 16.87590764970417,
           "ema_dist_lower": 0.009497909316738504,
           "ema_dist_upper": 0.005645012114944086,
           "ema_span_0": 405.64793666949635,
           "ema_span_1": 2502.779335060706,
           "enabled": false,
           "markup_range": 0.07447982891958647,
           "min_markup": 0.05287252562072574,
           "n_close_orders": 4,
           "qty_pct_close": 0.08063867941370405,
           "qty_pct_entry": 0.0798289678210135,
           "wallet_exposure_limit": 1.0,
           "we_multiplier_close": 7.9782736210084995,
           "we_multiplier_entry": 24.675678361771073}}