{"config_name": "clock_0days",
 "long": {"delay_between_fills_minutes_close": 147.88804725127477,
          "delay_between_fills_minutes_entry": 1238.8442373929377,
          "delay_weight_close": 0,
          "delay_weight_entry": 13.469704893114866,
          "ema_dist_lower": 0.0085444789859863,
          "ema_dist_upper": 0.0033769859885884696,
          "ema_span_0": 201.36618310712805,
          "ema_span_1": 820.4468773801435,
          "enabled": true,
          "markup_range": 0.020041109211778332,
          "min_markup": 0.08325338792068872,
          "n_close_orders": 15,
          "qty_pct_close": 0.05164944672580926,
          "qty_pct_entry": 0.026114602741460692,
          "wallet_exposure_limit": 0.25,
          "we_multiplier_close": 0.9539550770784175,
          "we_multiplier_entry": 24.537569994625066},
 "short": {"delay_between_fills_minutes_close": 948.9524432773434,
           "delay_between_fills_minutes_entry": 698.4983180753433,
           "delay_weight_close": 7.993393667487474,
           "delay_weight_entry": 9.258303380745046,
           "ema_dist_lower": 0.0013771070051660783,
           "ema_dist_upper": 0.012015910741995792,
           "ema_span_0": 1316.2610765720851,
           "ema_span_1": 879.0964621117472,
           "enabled": false,
           "markup_range": 0.06103797954488174,
           "min_markup": 0.08381323900747716,
           "n_close_orders": 5,
           "qty_pct_close": 0.04062095239849971,
           "qty_pct_entry": 0.07674505015705173,
           "wallet_exposure_limit": 1.0,
           "we_multiplier_close": 0.8270938222954294,
           "we_multiplier_entry": 50.51875412086129}}