{"config_name": "clock_0days",
 "long": {"backwards_tp": true,
          "delay_between_fills_minutes_close": 1370.8852310291893,
          "delay_between_fills_minutes_entry": 1308.3273044302362,
          "delay_weight_close": 0,
          "delay_weight_entry": 16.996742580103554,
          "ema_dist_close": 0.003,
          "ema_dist_entry": 0.003,
          "ema_span_0": 983.7473608836838,
          "ema_span_1": 598.6745134398136,
          "enabled": true,
          "markup_range": 0.0031088247293536856,
          "min_markup": 0.007590609940246362,
          "n_close_orders": 11,
          "qty_pct_close": 0.026980328364907782,
          "qty_pct_entry": 0.04815402684041493,
          "wallet_exposure_limit": 0.4,
          "we_multiplier_close": 0,
          "we_multiplier_entry": 2.1910199222492506},
 "short": {"backwards_tp": true,
           "delay_between_fills_minutes_close": 1118.5814904428917,
           "delay_between_fills_minutes_entry": 844.6019336707146,
           "delay_weight_close": 0,
           "delay_weight_entry": 42.178270321177436,
           "ema_dist_close": 0.0003633369831753854,
           "ema_dist_entry": -0.02346521913601951,
           "ema_span_0": 1063.0692880093243,
           "ema_span_1": 704.8682645839983,
           "enabled": false,
           "markup_range": 0.00017290055573580433,
           "min_markup": 0.009202862919067661,
           "n_close_orders": 12,
           "qty_pct_close": 0.015181475205887484,
           "qty_pct_entry": 0.0574450475394158,
           "wallet_exposure_limit": 1.0,
           "we_multiplier_close": 0.0,
           "we_multiplier_entry": 40.03521915424611}}