{"config_name": "clock_0days",
 "long": {"delay_between_fills_minutes_close": 329.2301069656867,
          "delay_between_fills_minutes_entry": 308.7222802916334,
          "delay_weight_close": 26.50088988297962,
          "delay_weight_entry": 28.379078889557885,
          "ema_dist_lower": -0.7837437454988488,
          "ema_dist_upper": -0.02998184633554663,
          "ema_span_0": 556.7845101100377,
          "ema_span_1": 959.2647663300086,
          "enabled": true,
          "markup_range": 0.023694251252783283,
          "min_markup": 0.02782565952766727,
          "n_close_orders": 8,
          "qty_pct_close": 0.01711946773597221,
          "qty_pct_entry": 0.01079051906859405,
          "wallet_exposure_limit": 0.3,
          "we_multiplier_close": 47.324452720853316,
          "we_multiplier_entry": 38.342446834599556},
 "short": {"delay_between_fills_minutes_close": 914.7553391589105,
           "delay_between_fills_minutes_entry": 318.62384654137463,
           "delay_weight_close": 13.693684219665972,
           "delay_weight_entry": 17.9654112804588,
           "ema_dist_lower": 0.012495125272475207,
           "ema_dist_upper": 0.0056396799247794465,
           "ema_span_0": 476.88581481151977,
           "ema_span_1": 1327.6527071927849,
           "enabled": false,
           "markup_range": 0.09575955714910939,
           "min_markup": 0.08446768169895967,
           "n_close_orders": 6,
           "qty_pct_close": 0.034562936740106166,
           "qty_pct_entry": 0.07940117442259005,
           "wallet_exposure_limit": 1.0,
           "we_multiplier_close": 6.609838973241873,
           "we_multiplier_entry": 23.786685935279273}}