{"config_name": "recursive_grid_0days",
 "logging_level": 0,
 "long": {"auto_unstuck_ema_dist": 0,
          "auto_unstuck_wallet_exposure_threshold": 0.0,
          "backwards_tp": true,
          "ddown_factor": 1.1501256442970385,
          "ema_span_0": 1000.7849182423489,
          "ema_span_1": 1124.7992714487307,
          "enabled": true,
          "initial_eprice_ema_dist": 0.0022239848539556024,
          "initial_qty_pct": 0.01888663248035698,
          "markup_range": 0.0029115184548860152,
          "min_markup": 0.007907622307187976,
          "n_close_orders": 3,
          "rentry_pprice_dist": 0.025,
          "rentry_pprice_dist_wallet_exposure_weighting": 5,
          "wallet_exposure_limit": 0.6},
 "short": {"auto_unstuck_ema_dist": 0.003,
           "auto_unstuck_wallet_exposure_threshold": 0.033883984770488866,
           "backwards_tp": true,
           "ddown_factor": 1.188544671700373,
           "ema_span_0": 662.9360712184142,
           "ema_span_1": 1440,
           "enabled": true,
           "initial_eprice_ema_dist": 0.004,
           "initial_qty_pct": 0.02039352462779363,
           "markup_range": 0.006235508869447129,
           "min_markup": 0.005288534333652813,
           "n_close_orders": 14,
           "rentry_pprice_dist": 0.026898587515449227,
           "rentry_pprice_dist_wallet_exposure_weighting": 7.611693196110088,
           "wallet_exposure_limit": 0.18}}