{"config_name": "recursive_grid_0days",
 "logging_level": 0,
 "long": {"auto_unstuck_ema_dist": 0,
          "auto_unstuck_wallet_exposure_threshold": 0.0,
          "backwards_tp": true,
          "ddown_factor": 1.1090149702790462,
          "ema_span_0": 1440,
          "ema_span_1": 339.3038399591371,
          "enabled": true,
          "initial_eprice_ema_dist": 0.004,
          "initial_qty_pct": 0.01725793052250407,
          "markup_range": 0.005417421118609269,
          "min_markup": 0.00829446075988948,
          "n_close_orders": 6,
          "rentry_pprice_dist": 0.03367515044769079,
          "rentry_pprice_dist_wallet_exposure_weighting": 5.3841504206018245,
          "wallet_exposure_limit": 0.6},
 "short": {"auto_unstuck_ema_dist": 0.0012809449358447272,
           "auto_unstuck_wallet_exposure_threshold": 0.09918801041575845,
           "backwards_tp": true,
           "ddown_factor": 1.179063431339935,
           "ema_span_0": 1335.9780396110316,
           "ema_span_1": 1363.966623843205,
           "enabled": true,
           "initial_eprice_ema_dist": -0.011936225082464563,
           "initial_qty_pct": 0.01925808047902163,
           "markup_range": 0.008382649551184979,
           "min_markup": 0.0041251636978155886,
           "n_close_orders": 3,
           "rentry_pprice_dist": 0.025,
           "rentry_pprice_dist_wallet_exposure_weighting": 11.437189321730596,
           "wallet_exposure_limit": 0.18}}