{"config_name": "recursive_grid_0days",
 "logging_level": 0,
 "long": {"auto_unstuck_ema_dist": 0,
          "auto_unstuck_wallet_exposure_threshold": 0.0,
          "backwards_tp": true,
          "ddown_factor": 1.1191243488006501,
          "ema_span_0": 690.1082098806995,
          "ema_span_1": 597.1799818449487,
          "enabled": true,
          "initial_eprice_ema_dist": -0.018147193385559757,
          "initial_qty_pct": 0.012055376755597369,
          "markup_range": 0.0017063671657615294,
          "min_markup": 0.0041885813915846235,
          "n_close_orders": 2,
          "rentry_pprice_dist": 0.025656509375128422,
          "rentry_pprice_dist_wallet_exposure_weighting": 5,
          "wallet_exposure_limit": 0.6},
 "short": {"auto_unstuck_ema_dist": -0.007464384232626119,
           "auto_unstuck_wallet_exposure_threshold": 0.03510571139718448,
           "backwards_tp": true,
           "ddown_factor": 1.0488770990201428,
           "ema_span_0": 329.50298907950037,
           "ema_span_1": 1420.8744999636638,
           "enabled": true,
           "initial_eprice_ema_dist": 0.004,
           "initial_qty_pct": 0.023545327542310243,
           "markup_range": 0.0,
           "min_markup": 0.001,
           "n_close_orders": 5,
           "rentry_pprice_dist": 0.03777547563824044,
           "rentry_pprice_dist_wallet_exposure_weighting": 15.801280038947473,
           "wallet_exposure_limit": 0.18}}