{"config_name": "recursive_grid_0days",
 "logging_level": 0,
 "long": {"auto_unstuck_ema_dist": 0,
          "auto_unstuck_wallet_exposure_threshold": 0.0,
          "backwards_tp": true,
          "ddown_factor": 1.2,
          "ema_span_0": 1301.4003227941328,
          "ema_span_1": 1412.1831549645035,
          "enabled": true,
          "initial_eprice_ema_dist": -0.008093647671718527,
          "initial_qty_pct": 0.01294719148691227,
          "markup_range": 0.005379742800420068,
          "min_markup": 0.005657626097276162,
          "n_close_orders": 4,
          "rentry_pprice_dist": 0.03305638049960498,
          "rentry_pprice_dist_wallet_exposure_weighting": 5.010581198017083,
          "wallet_exposure_limit": 0.6},
 "short": {"auto_unstuck_ema_dist": 0.003,
           "auto_unstuck_wallet_exposure_threshold": 0.040168129413318335,
           "backwards_tp": true,
           "ddown_factor": 1.1921556990098587,
           "ema_span_0": 317.09924963258254,
           "ema_span_1": 241.90269582958172,
           "enabled": true,
           "initial_eprice_ema_dist": 0.002905334613420435,
           "initial_qty_pct": 0.026284657321534538,
           "markup_range": 0.002381187181829028,
           "min_markup": 0.003815887295978129,
           "n_close_orders": 3,
           "rentry_pprice_dist": 0.026128327029192978,
           "rentry_pprice_dist_wallet_exposure_weighting": 5.041277686691928,
           "wallet_exposure_limit": 0.18}}