{"config_name": "recursive_grid_0days",
 "logging_level": 0,
 "long": {"auto_unstuck_ema_dist": 0,
          "auto_unstuck_wallet_exposure_threshold": 0.0,
          "backwards_tp": true,
          "ddown_factor": 1.0883051385704252,
          "ema_span_0": 1399.578517405577,
          "ema_span_1": 491.4960922114195,
          "enabled": true,
          "initial_eprice_ema_dist": 0.004,
          "initial_qty_pct": 0.01101754915188816,
          "markup_range": 0.00101784322084031,
          "min_markup": 0.0028313551144796716,
          "n_close_orders": 9,
          "rentry_pprice_dist": 0.027644526472004764,
          "rentry_pprice_dist_wallet_exposure_weighting": 9.934990916896036,
          "wallet_exposure_limit": 0.6},
 "short": {"auto_unstuck_ema_dist": -0.001128752588559369,
           "auto_unstuck_wallet_exposure_threshold": 0.03668328034269188,
           "backwards_tp": true,
           "ddown_factor": 1.0495015182721987,
           "ema_span_0": 1203.2174079750027,
           "ema_span_1": 498.4681372904341,
           "enabled": true,
           "initial_eprice_ema_dist": -0.0019548592333534618,
           "initial_qty_pct": 0.011285722006338034,
           "markup_range": 0.0,
           "min_markup": 0.0019209653069481873,
           "n_close_orders": 4,
           "rentry_pprice_dist": 0.026843567372139623,
           "rentry_pprice_dist_wallet_exposure_weighting": 13.113457407753689,
           "wallet_exposure_limit": 0.18}}