{"config_name": "recursive_grid_0days",
 "logging_level": 0,
 "long": {"auto_unstuck_ema_dist": 0,
          "auto_unstuck_wallet_exposure_threshold": 0.0,
          "backwards_tp": true,
          "ddown_factor": 1.0194522870268812,
          "ema_span_0": 763.6317698110059,
          "ema_span_1": 1132.308385762421,
          "enabled": true,
          "initial_eprice_ema_dist": 0.004,
          "initial_qty_pct": 0.011114483588141818,
          "markup_range": 0.004199717199539581,
          "min_markup": 0.004948694078481321,
          "n_close_orders": 13,
          "rentry_pprice_dist": 0.026724560362592156,
          "rentry_pprice_dist_wallet_exposure_weighting": 6.0563470029715445,
          "wallet_exposure_limit": 0.6},
 "short": {"auto_unstuck_ema_dist": 0.0020845562463794806,
           "auto_unstuck_wallet_exposure_threshold": 0.03,
           "backwards_tp": true,
           "ddown_factor": 1.14532172820276,
           "ema_span_0": 840.7317690987763,
           "ema_span_1": 730.9415571128698,
           "enabled": true,
           "initial_eprice_ema_dist": 0.0021326748910793667,
           "initial_qty_pct": 0.018679947617356703,
           "markup_range": 0.004223041330783649,
           "min_markup": 0.0037590986368676096,
           "n_close_orders": 10,
           "rentry_pprice_dist": 0.02965494628417976,
           "rentry_pprice_dist_wallet_exposure_weighting": 7.015941503127637,
           "wallet_exposure_limit": 0.18}}