{"config_name": "recursive_grid_0days",
 "logging_level": 0,
 "long": {"auto_unstuck_ema_dist": 0,
          "auto_unstuck_wallet_exposure_threshold": 0.0,
          "backwards_tp": true,
          "ddown_factor": 1.1191243488006501,
          "ema_span_0": 690.1082098806995,
          "ema_span_1": 597.1799818449487,
          "enabled": true,
          "initial_eprice_ema_dist": -0.018147193385559757,
          "initial_qty_pct": 0.012055376755597369,
          "markup_range": 0.0017063671657615294,
          "min_markup": 0.0041885813915846235,
          "n_close_orders": 2,
          "rentry_pprice_dist": 0.025656509375128422,
          "rentry_pprice_dist_wallet_exposure_weighting": 5,
          "wallet_exposure_limit": 0.6},
 "short": {"auto_unstuck_ema_dist": -0.0005703718459284946,
           "auto_unstuck_wallet_exposure_threshold": 0.037880050066429305,
           "backwards_tp": true,
           "ddown_factor": 1.1336893319241614,
           "ema_span_0": 99.82768876429915,
           "ema_span_1": 1393.8951177735075,
           "enabled": true,
           "initial_eprice_ema_dist": 0.003209407077709203,
           "initial_qty_pct": 0.02085931684621208,
           "markup_range": 0.000688697461882726,
           "min_markup": 0.0014457102555871788,
           "n_close_orders": 16,
           "rentry_pprice_dist": 0.0399522822554162,
           "rentry_pprice_dist_wallet_exposure_weighting": 17.559210668078148,
           "wallet_exposure_limit": 0.18}}