{"config_name": "recursive_grid_0days",
 "logging_level": 0,
 "long": {"auto_unstuck_ema_dist": 0,
          "auto_unstuck_wallet_exposure_threshold": 0.0,
          "backwards_tp": true,
          "ddown_factor": 1.198068696054386,
          "ema_span_0": 311.04308787975674,
          "ema_span_1": 375.4206906454088,
          "enabled": true,
          "initial_eprice_ema_dist": 0.004,
          "initial_qty_pct": 0.017937366969649017,
          "markup_range": 0.007094330986552734,
          "min_markup": 0.0031921229621302252,
          "n_close_orders": 2,
          "rentry_pprice_dist": 0.025024746648727163,
          "rentry_pprice_dist_wallet_exposure_weighting": 5.533298925246567,
          "wallet_exposure_limit": 0.6},
 "short": {"auto_unstuck_ema_dist": -0.001128752588559369,
           "auto_unstuck_wallet_exposure_threshold": 0.03668328034269188,
           "backwards_tp": true,
           "ddown_factor": 1.0495015182721987,
           "ema_span_0": 1203.2174079750027,
           "ema_span_1": 498.4681372904341,
           "enabled": true,
           "initial_eprice_ema_dist": -0.0019548592333534618,
           "initial_qty_pct": 0.011285722006338034,
           "markup_range": 0.0,
           "min_markup": 0.0019209653069481873,
           "n_close_orders": 4,
           "rentry_pprice_dist": 0.026843567372139623,
           "rentry_pprice_dist_wallet_exposure_weighting": 13.113457407753689,
           "wallet_exposure_limit": 0.18}}