{"config_name": "recursive_grid_0days",
 "logging_level": 0,
 "long": {"auto_unstuck_ema_dist": 0,
          "auto_unstuck_wallet_exposure_threshold": 0.0,
          "backwards_tp": true,
          "ddown_factor": 1.0805852297562581,
          "ema_span_0": 922.831193808156,
          "ema_span_1": 156.69032055770418,
          "enabled": true,
          "initial_eprice_ema_dist": 0.00022297170782981665,
          "initial_qty_pct": 0.020556673495290705,
          "markup_range": 0.0005950833905782676,
          "min_markup": 0.003040187929115233,
          "n_close_orders": 6,
          "rentry_pprice_dist": 0.030115356137812004,
          "rentry_pprice_dist_wallet_exposure_weighting": 8.68663114264195,
          "wallet_exposure_limit": 0.6},
 "short": {"auto_unstuck_ema_dist": 0.0020616403614431246,
           "auto_unstuck_wallet_exposure_threshold": 0.0821330658839927,
           "backwards_tp": true,
           "ddown_factor": 1.1385538246281977,
           "ema_span_0": 886.847192556535,
           "ema_span_1": 1432.1401239871557,
           "enabled": true,
           "initial_eprice_ema_dist": 0.0034523818899417956,
           "initial_qty_pct": 0.026900434984659962,
           "markup_range": 0.0025610941642760223,
           "min_markup": 0.0030254674674527896,
           "n_close_orders": 3,
           "rentry_pprice_dist": 0.03927000118897473,
           "rentry_pprice_dist_wallet_exposure_weighting": 8.851515328911916,
           "wallet_exposure_limit": 0.18}}