{"config_name": "recursive_grid_0days",
 "logging_level": 0,
 "long": {"auto_unstuck_ema_dist": 0,
          "auto_unstuck_wallet_exposure_threshold": 0.0,
          "backwards_tp": true,
          "ddown_factor": 1.1956653805067516,
          "ema_span_0": 1381.3598398739775,
          "ema_span_1": 1405.4590646871052,
          "enabled": true,
          "initial_eprice_ema_dist": -0.0016608885444828543,
          "initial_qty_pct": 0.012947163047295873,
          "markup_range": 0.006336850950615093,
          "min_markup": 0.002126390047396736,
          "n_close_orders": 14,
          "rentry_pprice_dist": 0.029450413815396072,
          "rentry_pprice_dist_wallet_exposure_weighting": 6.626977703774257,
          "wallet_exposure_limit": 0.6},
 "short": {"auto_unstuck_ema_dist": -0.04722852376986988,
           "auto_unstuck_wallet_exposure_threshold": 0.03561154060062383,
           "backwards_tp": true,
           "ddown_factor": 1.1480738757864408,
           "ema_span_0": 1362.7353971758944,
           "ema_span_1": 1266.5766736060145,
           "enabled": true,
           "initial_eprice_ema_dist": 0.004,
           "initial_qty_pct": 0.023302442848405363,
           "markup_range": 0.0,
           "min_markup": 0.001,
           "n_close_orders": 16,
           "rentry_pprice_dist": 0.04345220529732642,
           "rentry_pprice_dist_wallet_exposure_weighting": 16.368615161411753,
           "wallet_exposure_limit": 0.18}}