{"config_name": "recursive_grid_0days",
 "logging_level": 0,
 "long": {"auto_unstuck_ema_dist": 0,
          "auto_unstuck_wallet_exposure_threshold": 0.0,
          "backwards_tp": true,
          "ddown_factor": 1.0117758422761587,
          "ema_span_0": 680.9369501598262,
          "ema_span_1": 38.421221966417264,
          "enabled": true,
          "initial_eprice_ema_dist": 0.0015376691121090913,
          "initial_qty_pct": 0.014488810254190148,
          "markup_range": 0.00562679417154893,
          "min_markup": 0.0028599057578090428,
          "n_close_orders": 10,
          "rentry_pprice_dist": 0.026027308560428168,
          "rentry_pprice_dist_wallet_exposure_weighting": 5,
          "wallet_exposure_limit": 0.6},
 "short": {"auto_unstuck_ema_dist": -0.010969762676782362,
           "auto_unstuck_wallet_exposure_threshold": 0.03453329106993857,
           "backwards_tp": true,
           "ddown_factor": 1.0506075852770806,
           "ema_span_0": 1440,
           "ema_span_1": 891.3299959680575,
           "enabled": true,
           "initial_eprice_ema_dist": -0.0002146640412994879,
           "initial_qty_pct": 0.014835454167161163,
           "markup_range": 0.00035264867285876166,
           "min_markup": 0.001310968085099912,
           "n_close_orders": 4,
           "rentry_pprice_dist": 0.04344828035595988,
           "rentry_pprice_dist_wallet_exposure_weighting": 7.617483589652651,
           "wallet_exposure_limit": 0.18}}