{"config_name": "recursive_grid_0days",
 "logging_level": 0,
 "long": {"auto_unstuck_ema_dist": 0,
          "auto_unstuck_wallet_exposure_threshold": 0.0,
          "backwards_tp": true,
          "ddown_factor": 1.1972880486966937,
          "ema_span_0": 22.417844661036245,
          "ema_span_1": 1248.4302780065261,
          "enabled": true,
          "initial_eprice_ema_dist": 0.0010232233539302171,
          "initial_qty_pct": 0.010552230421479594,
          "markup_range": 0.006126210516773471,
          "min_markup": 0.003125092722184717,
          "n_close_orders": 13,
          "rentry_pprice_dist": 0.030481411003396918,
          "rentry_pprice_dist_wallet_exposure_weighting": 5,
          "wallet_exposure_limit": 0.6},
 "short": {"auto_unstuck_ema_dist": -0.009735467183005053,
           "auto_unstuck_wallet_exposure_threshold": 0.0415280413927334,
           "backwards_tp": true,
           "ddown_factor": 1.1275520975754483,
           "ema_span_0": 390.0259734766189,
           "ema_span_1": 1407.0337501430845,
           "enabled": true,
           "initial_eprice_ema_dist": 0.004,
           "initial_qty_pct": 0.023079152434245444,
           "markup_range": 0.0032326118579287743,
           "min_markup": 0.004884178597334484,
           "n_close_orders": 14,
           "rentry_pprice_dist": 0.03484637200476313,
           "rentry_pprice_dist_wallet_exposure_weighting": 11.312437371452605,
           "wallet_exposure_limit": 0.18}}