{"config_name": "recursive_grid_0days",
 "logging_level": 0,
 "long": {"auto_unstuck_ema_dist": 0,
          "auto_unstuck_wallet_exposure_threshold": 0.0,
          "backwards_tp": true,
          "ddown_factor": 1.139622563647444,
          "ema_span_0": 424.867953311186,
          "ema_span_1": 945.7601729381565,
          "enabled": true,
          "initial_eprice_ema_dist": 0.004,
          "initial_qty_pct": 0.014216600173089422,
          "markup_range": 0.005727808939866066,
          "min_markup": 0.005365342925098595,
          "n_close_orders": 2,
          "rentry_pprice_dist": 0.031377223971184004,
          "rentry_pprice_dist_wallet_exposure_weighting": 5,
          "wallet_exposure_limit": 0.6},
 "short": {"auto_unstuck_ema_dist": 0.003,
           "auto_unstuck_wallet_exposure_threshold": 0.036611015717351585,
           "backwards_tp": true,
           "ddown_factor": 1.0298693193714448,
           "ema_span_0": 929.544872138588,
           "ema_span_1": 1440,
           "enabled": true,
           "initial_eprice_ema_dist": 0.004,
           "initial_qty_pct": 0.010708997656982253,
           "markup_range": 0.0,
           "min_markup": 0.01,
           "n_close_orders": 3,
           "rentry_pprice_dist": 0.028951450783560876,
           "rentry_pprice_dist_wallet_exposure_weighting": 16.377833604537408,
           "wallet_exposure_limit": 0.18}}