{"config_name": "recursive_grid_0days",
 "logging_level": 0,
 "long": {"auto_unstuck_ema_dist": 0,
          "auto_unstuck_wallet_exposure_threshold": 0.0,
          "backwards_tp": true,
          "ddown_factor": 1.0388635881662005,
          "ema_span_0": 1431.5621042784223,
          "ema_span_1": 1295.0553408357962,
          "enabled": true,
          "initial_eprice_ema_dist": 0.004,
          "initial_qty_pct": 0.010895717740656256,
          "markup_range": 0.0069230475960357805,
          "min_markup": 0.0047528201992824825,
          "n_close_orders": 3,
          "rentry_pprice_dist": 0.02530686332788757,
          "rentry_pprice_dist_wallet_exposure_weighting": 5.081318364827272,
          "wallet_exposure_limit": 0.6},
 "short": {"auto_unstuck_ema_dist": 0.003,
           "auto_unstuck_wallet_exposure_threshold": 0.07725801084695674,
           "backwards_tp": true,
           "ddown_factor": 1.1164586902700124,
           "ema_span_0": 1065.9799271118977,
           "ema_span_1": 720.1882787219797,
           "enabled": true,
           "initial_eprice_ema_dist": 0.004,
           "initial_qty_pct": 0.041105456078062076,
           "markup_range": 0.0011052871331384967,
           "min_markup": 0.0025962607777332974,
           "n_close_orders": 5,
           "rentry_pprice_dist": 0.026277777769346797,
           "rentry_pprice_dist_wallet_exposure_weighting": 5.691083037957023,
           "wallet_exposure_limit": 0.18}}