{"config_name": "recursive_grid_0days",
 "logging_level": 0,
 "long": {"auto_unstuck_ema_dist": 0,
          "auto_unstuck_wallet_exposure_threshold": 0.0,
          "backwards_tp": true,
          "ddown_factor": 1.1138836765223032,
          "ema_span_0": 1234.4358851086984,
          "ema_span_1": 565.0402240014013,
          "enabled": true,
          "initial_eprice_ema_dist": -0.0016875443812485041,
          "initial_qty_pct": 0.017254415021653813,
          "markup_range": 0.0027308255233699894,
          "min_markup": 0.0037121768008660447,
          "n_close_orders": 3,
          "rentry_pprice_dist": 0.043441637633508036,
          "rentry_pprice_dist_wallet_exposure_weighting": 5.3444170245661455,
          "wallet_exposure_limit": 0.6},
 "short": {"auto_unstuck_ema_dist": 0.0009138499996542903,
           "auto_unstuck_wallet_exposure_threshold": 0.031708897738276405,
           "backwards_tp": true,
           "ddown_factor": 1.19688092945059,
           "ema_span_0": 1068.2315123647536,
           "ema_span_1": 519.3914284344563,
           "enabled": true,
           "initial_eprice_ema_dist": 0.0005178716609297576,
           "initial_qty_pct": 0.024834636030224698,
           "markup_range": 0.008652404952581131,
           "min_markup": 0.00523575542329556,
           "n_close_orders": 7,
           "rentry_pprice_dist": 0.028654612907403305,
           "rentry_pprice_dist_wallet_exposure_weighting": 6.144175882130363,
           "wallet_exposure_limit": 0.18}}