{"config_name": "recursive_grid_0days",
 "logging_level": 0,
 "long": {"auto_unstuck_ema_dist": 0.0,
          "auto_unstuck_wallet_exposure_threshold": 0.0,
          "backwards_tp": true,
          "ddown_factor": 1.1570029355215374,
          "ema_span_0": 368.51686272622555,
          "ema_span_1": 1399.6644366160335,
          "enabled": true,
          "initial_eprice_ema_dist": 0.004,
          "initial_qty_pct": 0.03861005969144968,
          "markup_range": 0.00011705534668860409,
          "min_markup": 0.002390955697694636,
          "n_close_orders": 10,
          "rentry_pprice_dist": 0.027377036360438985,
          "rentry_pprice_dist_wallet_exposure_weighting": 5.952123020628319,
          "wallet_exposure_limit": 0.6},
 "short": {"auto_unstuck_ema_dist": 0.0015258834202843195,
           "auto_unstuck_wallet_exposure_threshold": 0.0647081699002051,
           "backwards_tp": true,
           "ddown_factor": 1.1000642384077977,
           "ema_span_0": 1362.5248139642654,
           "ema_span_1": 143.34316764745193,
           "enabled": true,
           "initial_eprice_ema_dist": 7.749384220551476e-05,
           "initial_qty_pct": 0.016785990393175205,
           "markup_range": 0.0,
           "min_markup": 0.002555399126417246,
           "n_close_orders": 12,
           "rentry_pprice_dist": 0.04447203164381856,
           "rentry_pprice_dist_wallet_exposure_weighting": 6.640802920260054,
           "wallet_exposure_limit": 0.18}}