{"config_name": "recursive_grid_0days",
 "logging_level": 0,
 "long": {"auto_unstuck_ema_dist": 0,
          "auto_unstuck_wallet_exposure_threshold": 0.0,
          "backwards_tp": true,
          "ddown_factor": 1.1466731529596579,
          "ema_span_0": 1207.195238399161,
          "ema_span_1": 1440,
          "enabled": true,
          "initial_eprice_ema_dist": 0.004,
          "initial_qty_pct": 0.013657604298224043,
          "markup_range": 0.005859728711512521,
          "min_markup": 0.00937614354986256,
          "n_close_orders": 2,
          "rentry_pprice_dist": 0.026277228232512537,
          "rentry_pprice_dist_wallet_exposure_weighting": 5.407188193941019,
          "wallet_exposure_limit": 0.6},
 "short": {"auto_unstuck_ema_dist": 0.0011084351250123202,
           "auto_unstuck_wallet_exposure_threshold": 0.03335531793067988,
           "backwards_tp": true,
           "ddown_factor": 1.1212499809707626,
           "ema_span_0": 1357.3339750757284,
           "ema_span_1": 1307.675431150206,
           "enabled": true,
           "initial_eprice_ema_dist": 0.004,
           "initial_qty_pct": 0.03582056547632528,
           "markup_range": 0.0032787413368749936,
           "min_markup": 0.006334716210136988,
           "n_close_orders": 8,
           "rentry_pprice_dist": 0.029508916370050018,
           "rentry_pprice_dist_wallet_exposure_weighting": 12.804992070499857,
           "wallet_exposure_limit": 0.18}}