{"config_name": "recursive_grid_0days",
 "logging_level": 0,
 "long": {"auto_unstuck_ema_dist": 0,
          "auto_unstuck_wallet_exposure_threshold": 0.0,
          "backwards_tp": true,
          "ddown_factor": 1.11383071760753,
          "ema_span_0": 447.2758157089592,
          "ema_span_1": 1254.08232015798,
          "enabled": true,
          "initial_eprice_ema_dist": 0.004,
          "initial_qty_pct": 0.01,
          "markup_range": 0.0005563284997104245,
          "min_markup": 0.005300965648521051,
          "n_close_orders": 4,
          "rentry_pprice_dist": 0.03419116300291623,
          "rentry_pprice_dist_wallet_exposure_weighting": 5,
          "wallet_exposure_limit": 0.6},
 "short": {"auto_unstuck_ema_dist": 0.003,
           "auto_unstuck_wallet_exposure_threshold": 0.03,
           "backwards_tp": true,
           "ddown_factor": 1.1691217920036754,
           "ema_span_0": 1440,
           "ema_span_1": 1422.1738157596249,
           "enabled": true,
           "initial_eprice_ema_dist": 0.004,
           "initial_qty_pct": 0.021056176207891474,
           "markup_range": 0.003698388458023697,
           "min_markup": 0.0035175167263697496,
           "n_close_orders": 9,
           "rentry_pprice_dist": 0.047836075688495995,
           "rentry_pprice_dist_wallet_exposure_weighting": 5.051748698507615,
           "wallet_exposure_limit": 0.18}}