{"config_name": "recursive_grid_0days",
 "logging_level": 0,
 "long": {"auto_unstuck_ema_dist": 0,
          "auto_unstuck_wallet_exposure_threshold": 0.0,
          "backwards_tp": true,
          "ddown_factor": 1.0747356903868457,
          "ema_span_0": 987.0020398551828,
          "ema_span_1": 193.48130411587337,
          "enabled": true,
          "initial_eprice_ema_dist": 0.004,
          "initial_qty_pct": 0.020624976812949947,
          "markup_range": 0.004306021522501993,
          "min_markup": 0.003171843345218461,
          "n_close_orders": 2,
          "rentry_pprice_dist": 0.026689033435589555,
          "rentry_pprice_dist_wallet_exposure_weighting": 5,
          "wallet_exposure_limit": 0.6},
 "short": {"auto_unstuck_ema_dist": 0.0012721549523882218,
           "auto_unstuck_wallet_exposure_threshold": 0.09744437836626553,
           "backwards_tp": true,
           "ddown_factor": 1.1792504733192628,
           "ema_span_0": 1124.0683288743066,
           "ema_span_1": 119.79109998033206,
           "enabled": true,
           "initial_eprice_ema_dist": -0.0026316695207728616,
           "initial_qty_pct": 0.05483116988614682,
           "markup_range": 0.0024907161488408676,
           "min_markup": 0.005534076237053666,
           "n_close_orders": 3,
           "rentry_pprice_dist": 0.036451869822194345,
           "rentry_pprice_dist_wallet_exposure_weighting": 6.494507539781601,
           "wallet_exposure_limit": 0.18}}