{"config_name": "recursive_grid_0days",
 "logging_level": 0,
 "long": {"auto_unstuck_ema_dist": 0,
          "auto_unstuck_wallet_exposure_threshold": 0.0,
          "backwards_tp": true,
          "ddown_factor": 1.0810862852043672,
          "ema_span_0": 64.46604902298262,
          "ema_span_1": 1250.6176224015956,
          "enabled": true,
          "initial_eprice_ema_dist": 0.004,
          "initial_qty_pct": 0.024406706441117802,
          "markup_range": 0.002420064622671421,
          "min_markup": 0.003792036102985118,
          "n_close_orders": 2,
          "rentry_pprice_dist": 0.027873918561633387,
          "rentry_pprice_dist_wallet_exposure_weighting": 5,
          "wallet_exposure_limit": 0.6},
 "short": {"auto_unstuck_ema_dist": -0.014100023047807534,
           "auto_unstuck_wallet_exposure_threshold": 0.035793497494149805,
           "backwards_tp": true,
           "ddown_factor": 1.1797110175634404,
           "ema_span_0": 1406.5701402682612,
           "ema_span_1": 908.9457410356652,
           "enabled": true,
           "initial_eprice_ema_dist": 0.004,
           "initial_qty_pct": 0.02622910169122074,
           "markup_range": 0.02018565799758606,
           "min_markup": 0.0015981210471713862,
           "n_close_orders": 15,
           "rentry_pprice_dist": 0.0495822828086617,
           "rentry_pprice_dist_wallet_exposure_weighting": 10.465830363470651,
           "wallet_exposure_limit": 0.18}}