{"config_name": "recursive_grid_0days",
 "logging_level": 0,
 "long": {"auto_unstuck_ema_dist": 0,
          "auto_unstuck_wallet_exposure_threshold": 0.0,
          "backwards_tp": true,
          "ddown_factor": 1.0388635881662005,
          "ema_span_0": 1431.5621042784223,
          "ema_span_1": 1295.0553408357962,
          "enabled": true,
          "initial_eprice_ema_dist": 0.004,
          "initial_qty_pct": 0.010895717740656256,
          "markup_range": 0.0069230475960357805,
          "min_markup": 0.0047528201992824825,
          "n_close_orders": 3,
          "rentry_pprice_dist": 0.02530686332788757,
          "rentry_pprice_dist_wallet_exposure_weighting": 5.081318364827272,
          "wallet_exposure_limit": 0.6},
 "short": {"auto_unstuck_ema_dist": 0.00048533120659795736,
           "auto_unstuck_wallet_exposure_threshold": 0.07076228076579515,
           "backwards_tp": true,
           "ddown_factor": 1.1998022499002798,
           "ema_span_0": 495.72988705253596,
           "ema_span_1": 1341.523069236589,
           "enabled": true,
           "initial_eprice_ema_dist": 0.004,
           "initial_qty_pct": 0.019984855895211342,
           "markup_range": 0.004591265594880566,
           "min_markup": 0.00967447784733164,
           "n_close_orders": 9,
           "rentry_pprice_dist": 0.028474270159950712,
           "rentry_pprice_dist_wallet_exposure_weighting": 7.697974449749401,
           "wallet_exposure_limit": 0.18}}