{"config_name": "recursive_grid_0days",
 "logging_level": 0,
 "long": {"auto_unstuck_ema_dist": 0,
          "auto_unstuck_wallet_exposure_threshold": 0.0,
          "backwards_tp": true,
          "ddown_factor": 1.0482535431705062,
          "ema_span_0": 609.5423153835364,
          "ema_span_1": 673.7039239928569,
          "enabled": true,
          "initial_eprice_ema_dist": 0.004,
          "initial_qty_pct": 0.01013376447589462,
          "markup_range": 0.004741363554046329,
          "min_markup": 0.005393701897339675,
          "n_close_orders": 3,
          "rentry_pprice_dist": 0.035103696955310335,
          "rentry_pprice_dist_wallet_exposure_weighting": 5.464868260492055,
          "wallet_exposure_limit": 0.6},
 "short": {"auto_unstuck_ema_dist": 0.0008276037444064511,
           "auto_unstuck_wallet_exposure_threshold": 0.05820398945280986,
           "backwards_tp": true,
           "ddown_factor": 1.1878796016864694,
           "ema_span_0": 407.3454122630565,
           "ema_span_1": 1244.6480974775077,
           "enabled": true,
           "initial_eprice_ema_dist": -0.01724003833695277,
           "initial_qty_pct": 0.020189111312598217,
           "markup_range": 0.0036368966294399643,
           "min_markup": 0.0037815925867813378,
           "n_close_orders": 4,
           "rentry_pprice_dist": 0.030228076337729323,
           "rentry_pprice_dist_wallet_exposure_weighting": 8.454893255065745,
           "wallet_exposure_limit": 0.18}}