{"config_name": "recursive_grid_0days",
 "logging_level": 0,
 "long": {"auto_unstuck_ema_dist": 0,
          "auto_unstuck_wallet_exposure_threshold": 0.0,
          "backwards_tp": true,
          "ddown_factor": 1.0226835178701552,
          "ema_span_0": 1134.3170649019362,
          "ema_span_1": 199.07604547368268,
          "enabled": true,
          "initial_eprice_ema_dist": 0.002028025269910039,
          "initial_qty_pct": 0.013136818891361361,
          "markup_range": 0.0011914689986234923,
          "min_markup": 0.0020779487649047004,
          "n_close_orders": 16,
          "rentry_pprice_dist": 0.025145440728728,
          "rentry_pprice_dist_wallet_exposure_weighting": 5,
          "wallet_exposure_limit": 0.6},
 "short": {"auto_unstuck_ema_dist": -0.08746363081722562,
           "auto_unstuck_wallet_exposure_threshold": 0.1,
           "backwards_tp": true,
           "ddown_factor": 1.1275660577414632,
           "ema_span_0": 5,
           "ema_span_1": 5,
           "enabled": true,
           "initial_eprice_ema_dist": -0.1,
           "initial_qty_pct": 0.08397717663719374,
           "markup_range": 0.03360033311868733,
           "min_markup": 0.00866657552948764,
           "n_close_orders": 12,
           "rentry_pprice_dist": 0.025,
           "rentry_pprice_dist_wallet_exposure_weighting": 5,
           "wallet_exposure_limit": 0.18}}