{"config_name": "recursive_grid_0days",
 "logging_level": 0,
 "long": {"auto_unstuck_ema_dist": 0,
          "auto_unstuck_wallet_exposure_threshold": 0.0,
          "backwards_tp": true,
          "ddown_factor": 1.0592875012305258,
          "ema_span_0": 92.39941434013774,
          "ema_span_1": 547.9522201902499,
          "enabled": true,
          "initial_eprice_ema_dist": 0.003964653360202491,
          "initial_qty_pct": 0.011360595582538756,
          "markup_range": 0.00813687034990684,
          "min_markup": 0.006413580898131764,
          "n_close_orders": 6,
          "rentry_pprice_dist": 0.025663476054317763,
          "rentry_pprice_dist_wallet_exposure_weighting": 5,
          "wallet_exposure_limit": 0.6},
 "short": {"auto_unstuck_ema_dist": 0.0018187629898107761,
           "auto_unstuck_wallet_exposure_threshold": 0.06933754472109847,
           "backwards_tp": true,
           "ddown_factor": 1.101724790279543,
           "ema_span_0": 110.18938053517591,
           "ema_span_1": 833.6993931312456,
           "enabled": true,
           "initial_eprice_ema_dist": -0.0012546296005940464,
           "initial_qty_pct": 0.015474917381211265,
           "markup_range": 0.008004043316686969,
           "min_markup": 0.005165046578760869,
           "n_close_orders": 9,
           "rentry_pprice_dist": 0.038089484563665246,
           "rentry_pprice_dist_wallet_exposure_weighting": 6.5262994693763074,
           "wallet_exposure_limit": 0.18}}