{"config_name": "recursive_grid_0days",
 "logging_level": 0,
 "long": {"auto_unstuck_ema_dist": 0,
          "auto_unstuck_wallet_exposure_threshold": 0.0,
          "backwards_tp": true,
          "ddown_factor": 1.1536501424072592,
          "ema_span_0": 1118.683409462873,
          "ema_span_1": 865.7615114619999,
          "enabled": true,
          "initial_eprice_ema_dist": -0.09015630195987404,
          "initial_qty_pct": 0.01070316752047075,
          "markup_range": 0.001255995741283053,
          "min_markup": 0.004366501331750459,
          "n_close_orders": 11,
          "rentry_pprice_dist": 0.02651326231630894,
          "rentry_pprice_dist_wallet_exposure_weighting": 5,
          "wallet_exposure_limit": 0.6},
 "short": {"auto_unstuck_ema_dist": 0.00264618197326761,
           "auto_unstuck_wallet_exposure_threshold": 0.03467106135215002,
           "backwards_tp": true,
           "ddown_factor": 1.1941293373312052,
           "ema_span_0": 530.9450920372357,
           "ema_span_1": 1186.3987616317704,
           "enabled": true,
           "initial_eprice_ema_dist": 0.0029384495462628397,
           "initial_qty_pct": 0.02640471731864367,
           "markup_range": 0.010582317795756102,
           "min_markup": 0.00518430481540333,
           "n_close_orders": 8,
           "rentry_pprice_dist": 0.025,
           "rentry_pprice_dist_wallet_exposure_weighting": 5.437851440596266,
           "wallet_exposure_limit": 0.18}}