{"config_name": "recursive_grid_0days",
 "logging_level": 0,
 "long": {"auto_unstuck_ema_dist": 0,
          "auto_unstuck_wallet_exposure_threshold": 0.0,
          "backwards_tp": true,
          "ddown_factor": 1.0388635881662005,
          "ema_span_0": 1431.5621042784223,
          "ema_span_1": 1295.0553408357962,
          "enabled": true,
          "initial_eprice_ema_dist": 0.004,
          "initial_qty_pct": 0.010895717740656256,
          "markup_range": 0.0069230475960357805,
          "min_markup": 0.0047528201992824825,
          "n_close_orders": 3,
          "rentry_pprice_dist": 0.02530686332788757,
          "rentry_pprice_dist_wallet_exposure_weighting": 5.081318364827272,
          "wallet_exposure_limit": 0.6},
 "short": {"auto_unstuck_ema_dist": -0.00022565359445175489,
           "auto_unstuck_wallet_exposure_threshold": 0.04430801000081599,
           "backwards_tp": true,
           "ddown_factor": 1.0783723612768301,
           "ema_span_0": 1232.1078104501523,
           "ema_span_1": 1440,
           "enabled": true,
           "initial_eprice_ema_dist": 0.004,
           "initial_qty_pct": 0.010689139283891178,
           "markup_range": 0.0024408353172930388,
           "min_markup": 0.007993311929704094,
           "n_close_orders": 4,
           "rentry_pprice_dist": 0.03347569248651017,
           "rentry_pprice_dist_wallet_exposure_weighting": 5.70749330411671,
           "wallet_exposure_limit": 0.18}}