{"config_name": "recursive_grid_0days",
 "logging_level": 0,
 "long": {"auto_unstuck_ema_dist": 0,
          "auto_unstuck_wallet_exposure_threshold": 0.0,
          "backwards_tp": true,
          "ddown_factor": 1.0913845097359403,
          "ema_span_0": 224.36746101822368,
          "ema_span_1": 7.822088895140745,
          "enabled": true,
          "initial_eprice_ema_dist": 0.004,
          "initial_qty_pct": 0.01333877959207027,
          "markup_range": 0.0,
          "min_markup": 0.001028214134545937,
          "n_close_orders": 5,
          "rentry_pprice_dist": 0.05,
          "rentry_pprice_dist_wallet_exposure_weighting": 7.0030034417316,
          "wallet_exposure_limit": 0.6},
 "short": {"auto_unstuck_ema_dist": 0.003,
           "auto_unstuck_wallet_exposure_threshold": 0.03204602013779957,
           "backwards_tp": true,
           "ddown_factor": 1.167488239114088,
           "ema_span_0": 200.53135151886647,
           "ema_span_1": 1180.1900007806287,
           "enabled": true,
           "initial_eprice_ema_dist": -0.017437196214274444,
           "initial_qty_pct": 0.021283894391042803,
           "markup_range": 0.0013585872896634678,
           "min_markup": 0.0024687319857155288,
           "n_close_orders": 9,
           "rentry_pprice_dist": 0.04103154884508014,
           "rentry_pprice_dist_wallet_exposure_weighting": 7.65572840330284,
           "wallet_exposure_limit": 0.18}}