{"config_name": "recursive_grid_0days",
 "logging_level": 0,
 "long": {"auto_unstuck_ema_dist": 0,
          "auto_unstuck_wallet_exposure_threshold": 0.0,
          "backwards_tp": true,
          "ddown_factor": 1.0883051385704252,
          "ema_span_0": 1399.578517405577,
          "ema_span_1": 491.4960922114195,
          "enabled": true,
          "initial_eprice_ema_dist": 0.004,
          "initial_qty_pct": 0.01101754915188816,
          "markup_range": 0.00101784322084031,
          "min_markup": 0.0028313551144796716,
          "n_close_orders": 9,
          "rentry_pprice_dist": 0.027644526472004764,
          "rentry_pprice_dist_wallet_exposure_weighting": 9.934990916896036,
          "wallet_exposure_limit": 0.6},
 "short": {"auto_unstuck_ema_dist": -0.007464384232626119,
           "auto_unstuck_wallet_exposure_threshold": 0.03510571139718448,
           "backwards_tp": true,
           "ddown_factor": 1.0488770990201428,
           "ema_span_0": 329.50298907950037,
           "ema_span_1": 1420.8744999636638,
           "enabled": true,
           "initial_eprice_ema_dist": 0.004,
           "initial_qty_pct": 0.023545327542310243,
           "markup_range": 0.0,
           "min_markup": 0.001,
           "n_close_orders": 5,
           "rentry_pprice_dist": 0.03777547563824044,
           "rentry_pprice_dist_wallet_exposure_weighting": 15.801280038947473,
           "wallet_exposure_limit": 0.18}}