{"config_name": "recursive_grid_0days",
 "logging_level": 0,
 "long": {"auto_unstuck_ema_dist": 0,
          "auto_unstuck_wallet_exposure_threshold": 0.0,
          "backwards_tp": true,
          "ddown_factor": 1.1181784253003664,
          "ema_span_0": 818.5007084774361,
          "ema_span_1": 1114.2950288225513,
          "enabled": true,
          "initial_eprice_ema_dist": 0.004,
          "initial_qty_pct": 0.012945243738167897,
          "markup_range": 0.004303521252317429,
          "min_markup": 0.0052041948180470655,
          "n_close_orders": 2,
          "rentry_pprice_dist": 0.025,
          "rentry_pprice_dist_wallet_exposure_weighting": 5,
          "wallet_exposure_limit": 0.6},
 "short": {"auto_unstuck_ema_dist": -0.0028806235421362123,
           "auto_unstuck_wallet_exposure_threshold": 0.08801021430039851,
           "backwards_tp": true,
           "ddown_factor": 1.134986871945513,
           "ema_span_0": 1081.45884192091,
           "ema_span_1": 1288.0560952513815,
           "enabled": true,
           "initial_eprice_ema_dist": 0.0002619326296144094,
           "initial_qty_pct": 0.023696341203148157,
           "markup_range": 0.0024812015591830342,
           "min_markup": 0.008186795050936184,
           "n_close_orders": 15,
           "rentry_pprice_dist": 0.02791515402228513,
           "rentry_pprice_dist_wallet_exposure_weighting": 5,
           "wallet_exposure_limit": 0.18}}