{"config_name": "recursive_grid_0days",
 "logging_level": 0,
 "long": {"auto_unstuck_ema_dist": 0,
          "auto_unstuck_wallet_exposure_threshold": 0.0,
          "backwards_tp": true,
          "ddown_factor": 1.1772868613709266,
          "ema_span_0": 1189.6336999228786,
          "ema_span_1": 1073.0402844227056,
          "enabled": true,
          "initial_eprice_ema_dist": 0.003168179766518802,
          "initial_qty_pct": 0.012831116054536159,
          "markup_range": 0.002214087435891447,
          "min_markup": 0.002888591202859059,
          "n_close_orders": 2,
          "rentry_pprice_dist": 0.03941249168205595,
          "rentry_pprice_dist_wallet_exposure_weighting": 6.861586006955442,
          "wallet_exposure_limit": 0.6},
 "short": {"auto_unstuck_ema_dist": 0.003,
           "auto_unstuck_wallet_exposure_threshold": 0.036611015717351585,
           "backwards_tp": true,
           "ddown_factor": 1.0298693193714448,
           "ema_span_0": 929.544872138588,
           "ema_span_1": 1440,
           "enabled": true,
           "initial_eprice_ema_dist": 0.004,
           "initial_qty_pct": 0.010708997656982253,
           "markup_range": 0.0,
           "min_markup": 0.01,
           "n_close_orders": 3,
           "rentry_pprice_dist": 0.028951450783560876,
           "rentry_pprice_dist_wallet_exposure_weighting": 16.377833604537408,
           "wallet_exposure_limit": 0.18}}