{"config_name": "recursive_grid_0days",
 "logging_level": 0,
 "long": {"auto_unstuck_ema_dist": 0,
          "auto_unstuck_wallet_exposure_threshold": 0.0,
          "backwards_tp": true,
          "ddown_factor": 1.1416047292929343,
          "ema_span_0": 939.403155576604,
          "ema_span_1": 975.7551131102491,
          "enabled": true,
          "initial_eprice_ema_dist": 0.001299284239892707,
          "initial_qty_pct": 0.013810276035136073,
          "markup_range": 0.004588633959612562,
          "min_markup": 0.0057988856656434815,
          "n_close_orders": 12,
          "rentry_pprice_dist": 0.026589781862694097,
          "rentry_pprice_dist_wallet_exposure_weighting": 5.5312011166473205,
          "wallet_exposure_limit": 0.6},
 "short": {"auto_unstuck_ema_dist": -0.0028806235421362123,
           "auto_unstuck_wallet_exposure_threshold": 0.08801021430039851,
           "backwards_tp": true,
           "ddown_factor": 1.134986871945513,
           "ema_span_0": 1081.45884192091,
           "ema_span_1": 1288.0560952513815,
           "enabled": true,
           "initial_eprice_ema_dist": 0.0002619326296144094,
           "initial_qty_pct": 0.023696341203148157,
           "markup_range": 0.0024812015591830342,
           "min_markup": 0.008186795050936184,
           "n_close_orders": 15,
           "rentry_pprice_dist": 0.02791515402228513,
           "rentry_pprice_dist_wallet_exposure_weighting": 5,
           "wallet_exposure_limit": 0.18}}