{"config_name": "recursive_grid_0days",
 "logging_level": 0,
 "long": {"auto_unstuck_ema_dist": 0,
          "auto_unstuck_wallet_exposure_threshold": 0.0,
          "backwards_tp": true,
          "ddown_factor": 1.198068696054386,
          "ema_span_0": 311.04308787975674,
          "ema_span_1": 375.4206906454088,
          "enabled": true,
          "initial_eprice_ema_dist": 0.004,
          "initial_qty_pct": 0.017937366969649017,
          "markup_range": 0.007094330986552734,
          "min_markup": 0.0031921229621302252,
          "n_close_orders": 2,
          "rentry_pprice_dist": 0.025024746648727163,
          "rentry_pprice_dist_wallet_exposure_weighting": 5.533298925246567,
          "wallet_exposure_limit": 0.6},
 "short": {"auto_unstuck_ema_dist": 0.002535594267287452,
           "auto_unstuck_wallet_exposure_threshold": 0.03915600477556854,
           "backwards_tp": true,
           "ddown_factor": 1.1419048907146168,
           "ema_span_0": 483.6708897777453,
           "ema_span_1": 175.25892497292264,
           "enabled": true,
           "initial_eprice_ema_dist": 0.004,
           "initial_qty_pct": 0.01648867762803315,
           "markup_range": 0.002735355762473636,
           "min_markup": 0.0023592240457029063,
           "n_close_orders": 6,
           "rentry_pprice_dist": 0.028478241678802887,
           "rentry_pprice_dist_wallet_exposure_weighting": 7.255142068708346,
           "wallet_exposure_limit": 0.18}}