{"config_name": "recursive_grid_0days",
 "logging_level": 0,
 "long": {"auto_unstuck_ema_dist": 0,
          "auto_unstuck_wallet_exposure_threshold": 0.0,
          "backwards_tp": true,
          "ddown_factor": 1.1299362196450822,
          "ema_span_0": 1163.7908596231612,
          "ema_span_1": 419.9894880976794,
          "enabled": true,
          "initial_eprice_ema_dist": -0.015358895378306057,
          "initial_qty_pct": 0.01691769322096018,
          "markup_range": 0.002866639235728405,
          "min_markup": 0.00400775317297994,
          "n_close_orders": 3,
          "rentry_pprice_dist": 0.04438059161765844,
          "rentry_pprice_dist_wallet_exposure_weighting": 5.421976241244396,
          "wallet_exposure_limit": 0.6},
 "short": {"auto_unstuck_ema_dist": -0.0023465557237854623,
           "auto_unstuck_wallet_exposure_threshold": 0.043898758776009655,
           "backwards_tp": true,
           "ddown_factor": 1.1148928526297182,
           "ema_span_0": 1376.7438800167834,
           "ema_span_1": 1218.7377498132587,
           "enabled": true,
           "initial_eprice_ema_dist": 0.004,
           "initial_qty_pct": 0.01671859160687733,
           "markup_range": 0.0010929660167986826,
           "min_markup": 0.001365827684324605,
           "n_close_orders": 8,
           "rentry_pprice_dist": 0.044605157526998354,
           "rentry_pprice_dist_wallet_exposure_weighting": 9.432128948031522,
           "wallet_exposure_limit": 0.18}}