{"config_name": "recursive_grid_0days",
 "logging_level": 0,
 "long": {"auto_unstuck_ema_dist": 0,
          "auto_unstuck_wallet_exposure_threshold": 0.0,
          "backwards_tp": true,
          "ddown_factor": 1.0557225941614283,
          "ema_span_0": 541.8144807707591,
          "ema_span_1": 1359.541933057426,
          "enabled": true,
          "initial_eprice_ema_dist": -0.06600336907383987,
          "initial_qty_pct": 0.011364243596232058,
          "markup_range": 0.006800311403574138,
          "min_markup": 0.005578331828920309,
          "n_close_orders": 12,
          "rentry_pprice_dist": 0.03022423704459797,
          "rentry_pprice_dist_wallet_exposure_weighting": 5.221947644231094,
          "wallet_exposure_limit": 0.6},
 "short": {"auto_unstuck_ema_dist": -0.004599643659049946,
           "auto_unstuck_wallet_exposure_threshold": 0.04804631815752797,
           "backwards_tp": true,
           "ddown_factor": 1.071734600895661,
           "ema_span_0": 1381.2478678444222,
           "ema_span_1": 1440,
           "enabled": true,
           "initial_eprice_ema_dist": 0.004,
           "initial_qty_pct": 0.021450509287997754,
           "markup_range": 0.001348011553671555,
           "min_markup": 0.0022918728158944548,
           "n_close_orders": 2,
           "rentry_pprice_dist": 0.04157869588220012,
           "rentry_pprice_dist_wallet_exposure_weighting": 16.29791100281216,
           "wallet_exposure_limit": 0.18}}