{"config_name": "recursive_grid_0days",
 "logging_level": 0,
 "long": {"auto_unstuck_ema_dist": 0,
          "auto_unstuck_wallet_exposure_threshold": 0.0,
          "backwards_tp": true,
          "ddown_factor": 1.1383795069877447,
          "ema_span_0": 967.3970954163857,
          "ema_span_1": 414.8542401772926,
          "enabled": true,
          "initial_eprice_ema_dist": 0.004,
          "initial_qty_pct": 0.014814830995272673,
          "markup_range": 0.0042432003668714455,
          "min_markup": 0.0033804420309216563,
          "n_close_orders": 2,
          "rentry_pprice_dist": 0.04336731780115452,
          "rentry_pprice_dist_wallet_exposure_weighting": 5,
          "wallet_exposure_limit": 0.6},
 "short": {"auto_unstuck_ema_dist": -0.0013375671892205162,
           "auto_unstuck_wallet_exposure_threshold": 0.03760761295842101,
           "backwards_tp": true,
           "ddown_factor": 1.1881525057903053,
           "ema_span_0": 1368.8484230243696,
           "ema_span_1": 380.2608878816285,
           "enabled": true,
           "initial_eprice_ema_dist": 0.0006149350596852034,
           "initial_qty_pct": 0.02281850836972783,
           "markup_range": 0.004179169640467636,
           "min_markup": 0.004948241575684332,
           "n_close_orders": 15,
           "rentry_pprice_dist": 0.02569189202340057,
           "rentry_pprice_dist_wallet_exposure_weighting": 10.39654763213874,
           "wallet_exposure_limit": 0.18}}