{"config_name": "recursive_grid_0days",
 "logging_level": 0,
 "long": {"auto_unstuck_ema_dist": 0,
          "auto_unstuck_wallet_exposure_threshold": 0.0,
          "backwards_tp": true,
          "ddown_factor": 1.1501256442970385,
          "ema_span_0": 1000.7849182423489,
          "ema_span_1": 1124.7992714487307,
          "enabled": true,
          "initial_eprice_ema_dist": 0.0022239848539556024,
          "initial_qty_pct": 0.01888663248035698,
          "markup_range": 0.0029115184548860152,
          "min_markup": 0.007907622307187976,
          "n_close_orders": 3,
          "rentry_pprice_dist": 0.025,
          "rentry_pprice_dist_wallet_exposure_weighting": 5,
          "wallet_exposure_limit": 0.6},
 "short": {"auto_unstuck_ema_dist": 0.0012560607539243741,
           "auto_unstuck_wallet_exposure_threshold": 0.03393394460584072,
           "backwards_tp": true,
           "ddown_factor": 1.2,
           "ema_span_0": 1082.070664663597,
           "ema_span_1": 942.1329984201244,
           "enabled": true,
           "initial_eprice_ema_dist": 0.0037256582281598727,
           "initial_qty_pct": 0.024928314526791708,
           "markup_range": 0.0005431590767086217,
           "min_markup": 0.002110145363620974,
           "n_close_orders": 9,
           "rentry_pprice_dist": 0.04882836603337796,
           "rentry_pprice_dist_wallet_exposure_weighting": 5.34161206066836,
           "wallet_exposure_limit": 0.18}}