{"config_name": "recursive_grid_0days",
 "logging_level": 0,
 "long": {"auto_unstuck_ema_dist": 0,
          "auto_unstuck_wallet_exposure_threshold": 0.0,
          "backwards_tp": true,
          "ddown_factor": 1.111427992725091,
          "ema_span_0": 1048.451121875525,
          "ema_span_1": 1440,
          "enabled": true,
          "initial_eprice_ema_dist": 0.0018644340039756274,
          "initial_qty_pct": 0.013176196406220654,
          "markup_range": 0.0013621431049820126,
          "min_markup": 0.002568144304805079,
          "n_close_orders": 2,
          "rentry_pprice_dist": 0.025,
          "rentry_pprice_dist_wallet_exposure_weighting": 5.4655710340135135,
          "wallet_exposure_limit": 0.6},
 "short": {"auto_unstuck_ema_dist": 0.0020845562463794806,
           "auto_unstuck_wallet_exposure_threshold": 0.03,
           "backwards_tp": true,
           "ddown_factor": 1.14532172820276,
           "ema_span_0": 840.7317690987763,
           "ema_span_1": 730.9415571128698,
           "enabled": true,
           "initial_eprice_ema_dist": 0.0021326748910793667,
           "initial_qty_pct": 0.018679947617356703,
           "markup_range": 0.004223041330783649,
           "min_markup": 0.0037590986368676096,
           "n_close_orders": 10,
           "rentry_pprice_dist": 0.02965494628417976,
           "rentry_pprice_dist_wallet_exposure_weighting": 7.015941503127637,
           "wallet_exposure_limit": 0.18}}