{"config_name": "recursive_grid_0days",
 "logging_level": 0,
 "long": {"auto_unstuck_ema_dist": 0,
          "auto_unstuck_wallet_exposure_threshold": 0.0,
          "backwards_tp": true,
          "ddown_factor": 1.1601011519605404,
          "ema_span_0": 378.05879044559657,
          "ema_span_1": 552.9305940853675,
          "enabled": true,
          "initial_eprice_ema_dist": 0.004,
          "initial_qty_pct": 0.01,
          "markup_range": 0.004568881633070931,
          "min_markup": 0.004101371310617546,
          "n_close_orders": 8,
          "rentry_pprice_dist": 0.0255670314076478,
          "rentry_pprice_dist_wallet_exposure_weighting": 6.638591767065629,
          "wallet_exposure_limit": 0.6},
 "short": {"auto_unstuck_ema_dist": -0.005738021334415089,
           "auto_unstuck_wallet_exposure_threshold": 0.09131440229881177,
           "backwards_tp": true,
           "ddown_factor": 1.088155274514034,
           "ema_span_0": 294.2677996898784,
           "ema_span_1": 1439.2283626377932,
           "enabled": true,
           "initial_eprice_ema_dist": 0.004,
           "initial_qty_pct": 0.018798318071039266,
           "markup_range": 0.0,
           "min_markup": 0.0015439314875126094,
           "n_close_orders": 4,
           "rentry_pprice_dist": 0.03877841334395362,
           "rentry_pprice_dist_wallet_exposure_weighting": 16.803091370373373,
           "wallet_exposure_limit": 0.18}}