{"config_name": "recursive_grid_0days",
 "logging_level": 0,
 "long": {"auto_unstuck_ema_dist": 0,
          "auto_unstuck_wallet_exposure_threshold": 0.0,
          "backwards_tp": true,
          "ddown_factor": 1.078291286722358,
          "ema_span_0": 1091.8451979223216,
          "ema_span_1": 1393.3975352459865,
          "enabled": true,
          "initial_eprice_ema_dist": 0.004,
          "initial_qty_pct": 0.011202958732896496,
          "markup_range": 0.00611249780071805,
          "min_markup": 0.005006028986011442,
          "n_close_orders": 3,
          "rentry_pprice_dist": 0.03581950085529969,
          "rentry_pprice_dist_wallet_exposure_weighting": 6.365809487841472,
          "wallet_exposure_limit": 0.6},
 "short": {"auto_unstuck_ema_dist": 0.003,
           "auto_unstuck_wallet_exposure_threshold": 0.04082160902555807,
           "backwards_tp": true,
           "ddown_factor": 1.1040027924954026,
           "ema_span_0": 1278.6284364777152,
           "ema_span_1": 945.1375087851458,
           "enabled": true,
           "initial_eprice_ema_dist": 0.0030655133707444306,
           "initial_qty_pct": 0.024258241541184115,
           "markup_range": 0.003616657282592267,
           "min_markup": 0.003300866316707042,
           "n_close_orders": 4,
           "rentry_pprice_dist": 0.033168873556783156,
           "rentry_pprice_dist_wallet_exposure_weighting": 13.225606217298159,
           "wallet_exposure_limit": 0.18}}