{"config_name": "recursive_grid_0days",
 "logging_level": 0,
 "long": {"auto_unstuck_ema_dist": 0,
          "auto_unstuck_wallet_exposure_threshold": 0.0,
          "backwards_tp": true,
          "ddown_factor": 1.2,
          "ema_span_0": 1301.4003227941328,
          "ema_span_1": 1412.1831549645035,
          "enabled": true,
          "initial_eprice_ema_dist": -0.008093647671718527,
          "initial_qty_pct": 0.01294719148691227,
          "markup_range": 0.005379742800420068,
          "min_markup": 0.005657626097276162,
          "n_close_orders": 4,
          "rentry_pprice_dist": 0.03305638049960498,
          "rentry_pprice_dist_wallet_exposure_weighting": 5.010581198017083,
          "wallet_exposure_limit": 0.6},
 "short": {"auto_unstuck_ema_dist": 0.00264618197326761,
           "auto_unstuck_wallet_exposure_threshold": 0.03467106135215002,
           "backwards_tp": true,
           "ddown_factor": 1.1941293373312052,
           "ema_span_0": 530.9450920372357,
           "ema_span_1": 1186.3987616317704,
           "enabled": true,
           "initial_eprice_ema_dist": 0.0029384495462628397,
           "initial_qty_pct": 0.02640471731864367,
           "markup_range": 0.010582317795756102,
           "min_markup": 0.00518430481540333,
           "n_close_orders": 8,
           "rentry_pprice_dist": 0.025,
           "rentry_pprice_dist_wallet_exposure_weighting": 5.437851440596266,
           "wallet_exposure_limit": 0.18}}