{"config_name": "recursive_grid_0days",
 "logging_level": 0,
 "long": {"auto_unstuck_ema_dist": 0,
          "auto_unstuck_wallet_exposure_threshold": 0.0,
          "backwards_tp": true,
          "ddown_factor": 1.1699869061352688,
          "ema_span_0": 1343.6090399044517,
          "ema_span_1": 1305.8053676565585,
          "enabled": true,
          "initial_eprice_ema_dist": -0.008565584607410677,
          "initial_qty_pct": 0.010418673544086567,
          "markup_range": 0.0,
          "min_markup": 0.0011277856139598381,
          "n_close_orders": 10,
          "rentry_pprice_dist": 0.048164273265387435,
          "rentry_pprice_dist_wallet_exposure_weighting": 5.099882055837486,
          "wallet_exposure_limit": 0.6},
 "short": {"auto_unstuck_ema_dist": 0.003,
           "auto_unstuck_wallet_exposure_threshold": 0.042760451788169035,
           "backwards_tp": true,
           "ddown_factor": 1.0926352391201646,
           "ema_span_0": 613.4895866863433,
           "ema_span_1": 1436.382201645071,
           "enabled": true,
           "initial_eprice_ema_dist": 0.004,
           "initial_qty_pct": 0.020193785424936293,
           "markup_range": 0.007491966755743466,
           "min_markup": 0.0097756198515377,
           "n_close_orders": 2,
           "rentry_pprice_dist": 0.02511136546409764,
           "rentry_pprice_dist_wallet_exposure_weighting": 9.474211423479158,
           "wallet_exposure_limit": 0.18}}