{"config_name": "recursive_grid_0days",
 "logging_level": 0,
 "long": {"auto_unstuck_ema_dist": 0,
          "auto_unstuck_wallet_exposure_threshold": 0.0,
          "backwards_tp": true,
          "ddown_factor": 1.1356844338703145,
          "ema_span_0": 259.71295984144456,
          "ema_span_1": 453.4559031719973,
          "enabled": true,
          "initial_eprice_ema_dist": 0.0038176862978750855,
          "initial_qty_pct": 0.014877290969537106,
          "markup_range": 0.004580781329528864,
          "min_markup": 0.00941424826211579,
          "n_close_orders": 6,
          "rentry_pprice_dist": 0.028553261421823434,
          "rentry_pprice_dist_wallet_exposure_weighting": 5,
          "wallet_exposure_limit": 0.6},
 "short": {"auto_unstuck_ema_dist": -0.008391622978856482,
           "auto_unstuck_wallet_exposure_threshold": 0.03912852495837799,
           "backwards_tp": true,
           "ddown_factor": 1.0713272869067543,
           "ema_span_0": 919.2673980467467,
           "ema_span_1": 1334.8483517641307,
           "enabled": true,
           "initial_eprice_ema_dist": 0.004,
           "initial_qty_pct": 0.01621626776227582,
           "markup_range": 0.0,
           "min_markup": 0.0025383507751368236,
           "n_close_orders": 7,
           "rentry_pprice_dist": 0.05,
           "rentry_pprice_dist_wallet_exposure_weighting": 10.57416223479835,
           "wallet_exposure_limit": 0.18}}