{"config_name": "recursive_grid_0days",
 "logging_level": 0,
 "long": {"auto_unstuck_ema_dist": 0,
          "auto_unstuck_wallet_exposure_threshold": 0.0,
          "backwards_tp": true,
          "ddown_factor": 1.139622563647444,
          "ema_span_0": 424.867953311186,
          "ema_span_1": 945.7601729381565,
          "enabled": true,
          "initial_eprice_ema_dist": 0.004,
          "initial_qty_pct": 0.014216600173089422,
          "markup_range": 0.005727808939866066,
          "min_markup": 0.005365342925098595,
          "n_close_orders": 2,
          "rentry_pprice_dist": 0.031377223971184004,
          "rentry_pprice_dist_wallet_exposure_weighting": 5,
          "wallet_exposure_limit": 0.6},
 "short": {"auto_unstuck_ema_dist": 0.003,
           "auto_unstuck_wallet_exposure_threshold": 0.04321900595001746,
           "backwards_tp": true,
           "ddown_factor": 1.175101909770879,
           "ema_span_0": 1227.2446781153487,
           "ema_span_1": 1396.9294961924065,
           "enabled": true,
           "initial_eprice_ema_dist": -0.00836289427904692,
           "initial_qty_pct": 0.01677565896511315,
           "markup_range": 0.0017767434156299483,
           "min_markup": 0.0028485602729351363,
           "n_close_orders": 7,
           "rentry_pprice_dist": 0.03377409096555855,
           "rentry_pprice_dist_wallet_exposure_weighting": 6.703928921818401,
           "wallet_exposure_limit": 0.18}}