{"config_name": "recursive_grid_0days",
 "logging_level": 0,
 "long": {"auto_unstuck_ema_dist": 0,
          "auto_unstuck_wallet_exposure_threshold": 0.0,
          "backwards_tp": true,
          "ddown_factor": 1.0557225941614283,
          "ema_span_0": 541.8144807707591,
          "ema_span_1": 1114.2950288225513,
          "enabled": true,
          "initial_eprice_ema_dist": -0.08571939491223443,
          "initial_qty_pct": 0.017937366969649017,
          "markup_range": 0.006349266050183645,
          "min_markup": 0.0034305257194486164,
          "n_close_orders": 2,
          "rentry_pprice_dist": 0.03138428942573804,
          "rentry_pprice_dist_wallet_exposure_weighting": 5.306685486921449,
          "wallet_exposure_limit": 0.6},
 "short": {"auto_unstuck_ema_dist": -0.0017470994826264785,
           "auto_unstuck_wallet_exposure_threshold": 0.05377307393659988,
           "backwards_tp": true,
           "ddown_factor": 1.1689108054110247,
           "ema_span_0": 27.11700214419183,
           "ema_span_1": 1279.6247528881202,
           "enabled": true,
           "initial_eprice_ema_dist": 0.0027455950640824615,
           "initial_qty_pct": 0.028262855970391822,
           "markup_range": 7.931594737630357e-05,
           "min_markup": 0.0025581326382588024,
           "n_close_orders": 14,
           "rentry_pprice_dist": 0.03168109925645662,
           "rentry_pprice_dist_wallet_exposure_weighting": 12.227242099339946,
           "wallet_exposure_limit": 0.18}}