{"config_name": "recursive_grid_0days",
 "logging_level": 0,
 "long": {"auto_unstuck_ema_dist": 0,
          "auto_unstuck_wallet_exposure_threshold": 0.0,
          "backwards_tp": true,
          "ddown_factor": 1.1205176087192241,
          "ema_span_0": 1006.2143636420474,
          "ema_span_1": 375.96065538382186,
          "enabled": true,
          "initial_eprice_ema_dist": -0.03166810148886827,
          "initial_qty_pct": 0.01704385599850547,
          "markup_range": 0.004323207276279554,
          "min_markup": 0.0037540015098087016,
          "n_close_orders": 3,
          "rentry_pprice_dist": 0.025,
          "rentry_pprice_dist_wallet_exposure_weighting": 5,
          "wallet_exposure_limit": 0.6},
 "short": {"auto_unstuck_ema_dist": 0.0014733185305742026,
           "auto_unstuck_wallet_exposure_threshold": 0.06655669862244241,
           "backwards_tp": true,
           "ddown_factor": 1.03682332456745,
           "ema_span_0": 1440,
           "ema_span_1": 799.0061955018878,
           "enabled": true,
           "initial_eprice_ema_dist": 0.0021735904239605286,
           "initial_qty_pct": 0.022249988999241268,
           "markup_range": 0.005781441296061474,
           "min_markup": 0.004868840534682303,
           "n_close_orders": 11,
           "rentry_pprice_dist": 0.025,
           "rentry_pprice_dist_wallet_exposure_weighting": 5.6260299654833705,
           "wallet_exposure_limit": 0.18}}