{"config_name": "recursive_grid_0days",
 "logging_level": 0,
 "long": {"auto_unstuck_ema_dist": 0,
          "auto_unstuck_wallet_exposure_threshold": 0.0,
          "backwards_tp": true,
          "ddown_factor": 1.0475401688027604,
          "ema_span_0": 1012.9413021052324,
          "ema_span_1": 1269.0836005793344,
          "enabled": true,
          "initial_eprice_ema_dist": 0.003624404502190327,
          "initial_qty_pct": 0.012154444510176063,
          "markup_range": 0.002399912538044126,
          "min_markup": 0.0031326304983866782,
          "n_close_orders": 3,
          "rentry_pprice_dist": 0.02691132444346488,
          "rentry_pprice_dist_wallet_exposure_weighting": 5,
          "wallet_exposure_limit": 0.6},
 "short": {"auto_unstuck_ema_dist": 0.003,
           "auto_unstuck_wallet_exposure_threshold": 0.03,
           "backwards_tp": true,
           "ddown_factor": 1.0806517211795255,
           "ema_span_0": 690.4049147311357,
           "ema_span_1": 919.04039106154,
           "enabled": true,
           "initial_eprice_ema_dist": 0.004,
           "initial_qty_pct": 0.02159176446244874,
           "markup_range": 0.004524417269311558,
           "min_markup": 0.004503050976278436,
           "n_close_orders": 13,
           "rentry_pprice_dist": 0.027834590497281268,
           "rentry_pprice_dist_wallet_exposure_weighting": 5,
           "wallet_exposure_limit": 0.18}}