{"config_name": "recursive_grid_0days",
 "logging_level": 0,
 "long": {"auto_unstuck_ema_dist": 0,
          "auto_unstuck_wallet_exposure_threshold": 0.0,
          "backwards_tp": true,
          "ddown_factor": 1.1660292050351062,
          "ema_span_0": 1334.2593688679665,
          "ema_span_1": 779.8085403956651,
          "enabled": true,
          "initial_eprice_ema_dist": 0.003983723069156184,
          "initial_qty_pct": 0.0186106362986401,
          "markup_range": 0.0026225861284846826,
          "min_markup": 0.0034305257194486164,
          "n_close_orders": 5,
          "rentry_pprice_dist": 0.02952373818988982,
          "rentry_pprice_dist_wallet_exposure_weighting": 5.0515614190069345,
          "wallet_exposure_limit": 0.6},
 "short": {"auto_unstuck_ema_dist": 0.003,
           "auto_unstuck_wallet_exposure_threshold": 0.03223869647612967,
           "backwards_tp": true,
           "ddown_factor": 1.1115204235155656,
           "ema_span_0": 890.6151438685707,
           "ema_span_1": 1427.1105249144223,
           "enabled": true,
           "initial_eprice_ema_dist": -0.0634405952011903,
           "initial_qty_pct": 0.022663714515917196,
           "markup_range": 0.002507133598614451,
           "min_markup": 0.004893942641726965,
           "n_close_orders": 10,
           "rentry_pprice_dist": 0.032106527749948176,
           "rentry_pprice_dist_wallet_exposure_weighting": 5.285921845366663,
           "wallet_exposure_limit": 0.18}}