{"config_name": "recursive_grid_0days",
 "logging_level": 0,
 "long": {"auto_unstuck_ema_dist": 0,
          "auto_unstuck_wallet_exposure_threshold": 0.0,
          "backwards_tp": true,
          "ddown_factor": 1.1768355407055817,
          "ema_span_0": 398.68817250868574,
          "ema_span_1": 491.395504951609,
          "enabled": true,
          "initial_eprice_ema_dist": 0.0007637961775467876,
          "initial_qty_pct": 0.012633065222030608,
          "markup_range": 0.003924713546449445,
          "min_markup": 0.0024611482174500413,
          "n_close_orders": 6,
          "rentry_pprice_dist": 0.025253990573133978,
          "rentry_pprice_dist_wallet_exposure_weighting": 6.461060212586054,
          "wallet_exposure_limit": 0.6},
 "short": {"auto_unstuck_ema_dist": -0.0123092571226474,
           "auto_unstuck_wallet_exposure_threshold": 0.04227032270961565,
           "backwards_tp": true,
           "ddown_factor": 1.1852975334936358,
           "ema_span_0": 18.154851056598957,
           "ema_span_1": 850.6004295366254,
           "enabled": true,
           "initial_eprice_ema_dist": -0.0029418133788768636,
           "initial_qty_pct": 0.02124132321457805,
           "markup_range": 0.0,
           "min_markup": 0.002148515671682255,
           "n_close_orders": 16,
           "rentry_pprice_dist": 0.04427663835553015,
           "rentry_pprice_dist_wallet_exposure_weighting": 5,
           "wallet_exposure_limit": 0.18}}