{"config_name": "clock_0days",
 "long": {"backwards_tp": true,
          "delay_between_fills_minutes_close": 83.05113238597373,
          "delay_between_fills_minutes_entry": 891.620740241667,
          "delay_weight_close": 34.71820359012331,
          "delay_weight_entry": 9.899397783946867,
          "ema_dist_close": 0.016213206006490608,
          "ema_dist_entry": 0.005705803782122461,
          "ema_span_0": 364.28701480309815,
          "ema_span_1": 749.7618004874458,
          "enabled": true,
          "markup_range": 0.026066986424378862,
          "min_markup": 0.05977119706429037,
          "n_close_orders": 2,
          "qty_pct_close": 0.6081394110831245,
          "qty_pct_entry": 0.01,
          "wallet_exposure_limit": 0.4,
          "we_multiplier_close": 7.273903738925297,
          "we_multiplier_entry": 54.8050239149764},
 "short": {"backwards_tp": true,
           "delay_between_fills_minutes_close": 463.16694910576945,
           "delay_between_fills_minutes_entry": 717.2551235108342,
           "delay_weight_close": 64.23927882606833,
           "delay_weight_entry": 42.87040819636035,
           "ema_dist_close": -0.02998027775670866,
           "ema_dist_entry": -0.04391720409338412,
           "ema_span_0": 944.5869221990871,
           "ema_span_1": 652.5441413671464,
           "enabled": false,
           "markup_range": 0.03157903001482757,
           "min_markup": 0.003752257613798553,
           "n_close_orders": 3,
           "qty_pct_close": 0.08376589423115947,
           "qty_pct_entry": 0.04803304314552463,
           "wallet_exposure_limit": 1.0,
           "we_multiplier_close": 82.06715405871743,
           "we_multiplier_entry": 45.85507437945482}}