{"config_name": "clock_0days",
 "long": {"backwards_tp": true,
          "delay_between_fills_minutes_close": 1170.3876454104109,
          "delay_between_fills_minutes_entry": 1301.683190383649,
          "delay_weight_close": 0,
          "delay_weight_entry": 34.1572573898846,
          "ema_dist_close": 0.0014910061470828993,
          "ema_dist_entry": 0.0025019053639693725,
          "ema_span_0": 1273.609011616427,
          "ema_span_1": 527.0948592627885,
          "enabled": true,
          "markup_range": 0.0043775341611762475,
          "min_markup": 0.005445491106965408,
          "n_close_orders": 6,
          "qty_pct_close": 0.016293948272934972,
          "qty_pct_entry": 0.015992939789961233,
          "wallet_exposure_limit": 0.4,
          "we_multiplier_close": 0,
          "we_multiplier_entry": 47.71725914557134},
 "short": {"backwards_tp": true,
           "delay_between_fills_minutes_close": 1408.0048224027,
           "delay_between_fills_minutes_entry": 696.6923046692832,
           "delay_weight_close": 0.0,
           "delay_weight_entry": 0.057735523855928506,
           "ema_dist_close": -0.0015688820723977395,
           "ema_dist_entry": -0.01702618138661057,
           "ema_span_0": 411.0042463396969,
           "ema_span_1": 876.8983872901255,
           "enabled": false,
           "markup_range": 0.030544299456845378,
           "min_markup": 0.0013257038693442096,
           "n_close_orders": 6,
           "qty_pct_close": 0.045377920379896124,
           "qty_pct_entry": 0.02221331266709468,
           "wallet_exposure_limit": 1.0,
           "we_multiplier_close": 0.0,
           "we_multiplier_entry": 74.26277642588155}}