{"config_name": "recursive_grid_0days",
 "logging_level": 0,
 "long": {"auto_unstuck_ema_dist": 0.005,
          "auto_unstuck_wallet_exposure_threshold": 0.050692523834311526,
          "backwards_tp": true,
          "ddown_factor": 1.0699585107972547,
          "ema_span_0": 631.3002292037465,
          "ema_span_1": 934.0193989188602,
          "enabled": true,
          "initial_eprice_ema_dist": -0.09773049286984503,
          "initial_qty_pct": 0.01,
          "markup_range": 0.0,
          "min_markup": 0.007477756268053842,
          "n_close_orders": 1,
          "rentry_pprice_dist": 0.044317947883764204,
          "rentry_pprice_dist_wallet_exposure_weighting": 0.7687543788307715,
          "wallet_exposure_limit": 1},
 "short": {"auto_unstuck_ema_dist": -0.00010307509588845798,
           "auto_unstuck_wallet_exposure_threshold": 0.07166572494472374,
           "backwards_tp": true,
           "ddown_factor": 1.3455185510585321,
           "ema_span_0": 626.6411606917535,
           "ema_span_1": 1203.7419197594327,
           "enabled": false,
           "initial_eprice_ema_dist": -0.048202871631744776,
           "initial_qty_pct": 0.0420229729862344,
           "markup_range": 0.037869804152494184,
           "min_markup": 0.0040114266254037394,
           "n_close_orders": 2,
           "rentry_pprice_dist": 0.04484048327839954,
           "rentry_pprice_dist_wallet_exposure_weighting": 39.87604042522897,
           "wallet_exposure_limit": 1.0}}