{"config_name": "recursive_grid_0days",
 "logging_level": 0,
 "long": {"auto_unstuck_ema_dist": -0.008773677546791555,
          "auto_unstuck_wallet_exposure_threshold": 0.08777591905747929,
          "backwards_tp": true,
          "ddown_factor": 2.418921859130304,
          "ema_span_0": 584.5179228955881,
          "ema_span_1": 745.3558159710209,
          "enabled": true,
          "initial_eprice_ema_dist": 0.003015372142162764,
          "initial_qty_pct": 0.018092213722286678,
          "markup_range": 0.001463583903789404,
          "min_markup": 0.00326784084380375,
          "n_close_orders": 5,
          "rentry_pprice_dist": 0.016115349786552116,
          "rentry_pprice_dist_wallet_exposure_weighting": 0.21686608518117445,
          "wallet_exposure_limit": 1},
 "short": {"auto_unstuck_ema_dist": -0.08244558152316862,
           "auto_unstuck_wallet_exposure_threshold": 0.05561878283267696,
           "backwards_tp": true,
           "ddown_factor": 2.4254655875974604,
           "ema_span_0": 489.9295803961556,
           "ema_span_1": 915.245907813388,
           "enabled": false,
           "initial_eprice_ema_dist": -0.08191863610793819,
           "initial_qty_pct": 0.05242737728885038,
           "markup_range": 0.056173286428500134,
           "min_markup": 0.0039500428673937705,
           "n_close_orders": 5,
           "rentry_pprice_dist": 0.006440240569998878,
           "rentry_pprice_dist_wallet_exposure_weighting": 39.41650625074771,
           "wallet_exposure_limit": 1.0}}