{"config_name": "recursive_grid_0days",
 "logging_level": 0,
 "long": {"auto_unstuck_ema_dist": -0.000837501805837834,
          "auto_unstuck_wallet_exposure_threshold": 0.05029162958418103,
          "backwards_tp": true,
          "ddown_factor": 1.351945657540446,
          "ema_span_0": 551.9006619368714,
          "ema_span_1": 764.2312624899047,
          "enabled": true,
          "initial_eprice_ema_dist": 0.002720930894514049,
          "initial_qty_pct": 0.02602155573525438,
          "markup_range": 0.032504619485932695,
          "min_markup": 0.00581022938285295,
          "n_close_orders": 1,
          "rentry_pprice_dist": 0.041879641868026785,
          "rentry_pprice_dist_wallet_exposure_weighting": 0.2875496645237732,
          "wallet_exposure_limit": 1},
 "short": {"auto_unstuck_ema_dist": -0.08223782988278654,
           "auto_unstuck_wallet_exposure_threshold": 0.0815529312631427,
           "backwards_tp": true,
           "ddown_factor": 2.776098920705846,
           "ema_span_0": 534.6814130749128,
           "ema_span_1": 330.3450606290054,
           "enabled": false,
           "initial_eprice_ema_dist": -0.055397564672851715,
           "initial_qty_pct": 0.07717464360076987,
           "markup_range": 0.050303473334306806,
           "min_markup": 0.004236059667676676,
           "n_close_orders": 2,
           "rentry_pprice_dist": 0.03930005653635682,
           "rentry_pprice_dist_wallet_exposure_weighting": 39.29118664136191,
           "wallet_exposure_limit": 1.0}}