{"config_name": "recursive_grid_0days",
 "logging_level": 0,
 "long": {"auto_unstuck_ema_dist": -0.0021832693969188605,
          "auto_unstuck_wallet_exposure_threshold": 0.05361632772458633,
          "backwards_tp": true,
          "ddown_factor": 1.7371091295949133,
          "ema_span_0": 464.07860389052206,
          "ema_span_1": 1273.0209892914318,
          "enabled": true,
          "initial_eprice_ema_dist": 0.006485859789148604,
          "initial_qty_pct": 0.011573094547181074,
          "markup_range": 0.00239851334123525,
          "min_markup": 0.006614648285281292,
          "n_close_orders": 13,
          "rentry_pprice_dist": 0.014940386990076725,
          "rentry_pprice_dist_wallet_exposure_weighting": 0.0,
          "wallet_exposure_limit": 1.0},
 "short": {"auto_unstuck_ema_dist": -0.07710381124409502,
           "auto_unstuck_wallet_exposure_threshold": 0.05777994460221844,
           "backwards_tp": true,
           "ddown_factor": 2.7220463890229314,
           "ema_span_0": 312.7943346371639,
           "ema_span_1": 568.4316582424242,
           "enabled": false,
           "initial_eprice_ema_dist": -0.04795584291302223,
           "initial_qty_pct": 0.08032332454809755,
           "markup_range": 0.0028257357099197478,
           "min_markup": 0.007103003161304475,
           "n_close_orders": 15,
           "rentry_pprice_dist": 0.009302853518138199,
           "rentry_pprice_dist_wallet_exposure_weighting": 12.511166139669964,
           "wallet_exposure_limit": 1.0}}