{"config_name": "recursive_grid_0days",
 "logging_level": 0,
 "long": {"auto_unstuck_ema_dist": 0.000689758580772967,
          "auto_unstuck_wallet_exposure_threshold": 0.05509826267337762,
          "backwards_tp": true,
          "ddown_factor": 1.9267918306973517,
          "ema_span_0": 150.585294874603,
          "ema_span_1": 1008.7015987969143,
          "enabled": true,
          "initial_eprice_ema_dist": 0.007649249098035712,
          "initial_qty_pct": 0.014518652204292276,
          "markup_range": 0.00414088754116981,
          "min_markup": 0.0067141340094596285,
          "n_close_orders": 11,
          "rentry_pprice_dist": 0.018824683648766573,
          "rentry_pprice_dist_wallet_exposure_weighting": 1.575482026911549,
          "wallet_exposure_limit": 1},
 "short": {"auto_unstuck_ema_dist": -0.003295025103239896,
           "auto_unstuck_wallet_exposure_threshold": 0.08537445637854035,
           "backwards_tp": true,
           "ddown_factor": 2.158602580403344,
           "ema_span_0": 162.4485796593378,
           "ema_span_1": 242.5440692119147,
           "enabled": false,
           "initial_eprice_ema_dist": -0.017001096346831363,
           "initial_qty_pct": 0.03564983800165144,
           "markup_range": 0.0390753070596238,
           "min_markup": 0.006410938600397108,
           "n_close_orders": 2,
           "rentry_pprice_dist": 0.0340389894543336,
           "rentry_pprice_dist_wallet_exposure_weighting": 38.13701193956371,
           "wallet_exposure_limit": 1.0}}