{"config_name": "recursive_grid_0days",
 "logging_level": 0,
 "long": {"auto_unstuck_ema_dist": 0.00029804546066809464,
          "auto_unstuck_wallet_exposure_threshold": 0.05760629950432395,
          "backwards_tp": true,
          "ddown_factor": 2.669261947724875,
          "ema_span_0": 152.12932611200011,
          "ema_span_1": 439.8920740140154,
          "enabled": true,
          "initial_eprice_ema_dist": 0.01,
          "initial_qty_pct": 0.019426840547269803,
          "markup_range": 0.0014878214849626393,
          "min_markup": 0.0026877256251716265,
          "n_close_orders": 13,
          "rentry_pprice_dist": 0.011618894832207747,
          "rentry_pprice_dist_wallet_exposure_weighting": 6.845437279974068,
          "wallet_exposure_limit": 1},
 "short": {"auto_unstuck_ema_dist": -0.057287793304312606,
           "auto_unstuck_wallet_exposure_threshold": 0.08532772922130688,
           "backwards_tp": true,
           "ddown_factor": 1.3977863883985298,
           "ema_span_0": 300.0166788509716,
           "ema_span_1": 341.0722508925191,
           "enabled": false,
           "initial_eprice_ema_dist": -0.09051801035652714,
           "initial_qty_pct": 0.02047214026291589,
           "markup_range": 0.056303837066548054,
           "min_markup": 0.003916273661854234,
           "n_close_orders": 7,
           "rentry_pprice_dist": 0.02742513063271252,
           "rentry_pprice_dist_wallet_exposure_weighting": 6.152009552036808,
           "wallet_exposure_limit": 1.0}}