{"config_name": "recursive_grid_0days",
 "logging_level": 0,
 "long": {"auto_unstuck_ema_dist": 0.005,
          "auto_unstuck_wallet_exposure_threshold": 0.05159137076697915,
          "backwards_tp": true,
          "ddown_factor": 2.2898085143197004,
          "ema_span_0": 75.7945695707303,
          "ema_span_1": 1258.4997237375521,
          "enabled": true,
          "initial_eprice_ema_dist": -0.01959990050495753,
          "initial_qty_pct": 0.010715633037561968,
          "markup_range": 0.01242446739917676,
          "min_markup": 0.006303528568055988,
          "n_close_orders": 12,
          "rentry_pprice_dist": 0.04274828555477156,
          "rentry_pprice_dist_wallet_exposure_weighting": 1.1979048687807403,
          "wallet_exposure_limit": 1},
 "short": {"auto_unstuck_ema_dist": -0.07903094481812871,
           "auto_unstuck_wallet_exposure_threshold": 0.06721427809933085,
           "backwards_tp": true,
           "ddown_factor": 1.1946691768512305,
           "ema_span_0": 202.07621817271192,
           "ema_span_1": 78.36825541877313,
           "enabled": false,
           "initial_eprice_ema_dist": -0.06956645668009609,
           "initial_qty_pct": 0.0538027024984696,
           "markup_range": 0.018377873575872408,
           "min_markup": 0.0012831274526603072,
           "n_close_orders": 7,
           "rentry_pprice_dist": 0.03141870556653993,
           "rentry_pprice_dist_wallet_exposure_weighting": 26.301656757687105,
           "wallet_exposure_limit": 1.0}}