{"config_name": "recursive_grid_0days",
 "logging_level": 0,
 "long": {"auto_unstuck_ema_dist": 0.005,
          "auto_unstuck_wallet_exposure_threshold": 0.052857943843046325,
          "backwards_tp": true,
          "ddown_factor": 1.2604695273963105,
          "ema_span_0": 416.6898969734509,
          "ema_span_1": 1258.1113921845265,
          "enabled": true,
          "initial_eprice_ema_dist": 0.01,
          "initial_qty_pct": 0.016771098485429035,
          "markup_range": 0.007993321845755925,
          "min_markup": 0.01,
          "n_close_orders": 14,
          "rentry_pprice_dist": 0.039514577432632314,
          "rentry_pprice_dist_wallet_exposure_weighting": 0.8424169845189952,
          "wallet_exposure_limit": 1},
 "short": {"auto_unstuck_ema_dist": -0.028616057883794163,
           "auto_unstuck_wallet_exposure_threshold": 0.09891061816642471,
           "backwards_tp": true,
           "ddown_factor": 2.2433188352552724,
           "ema_span_0": 444.71675276590514,
           "ema_span_1": 585.3937697360582,
           "enabled": false,
           "initial_eprice_ema_dist": 0.0047167396868440375,
           "initial_qty_pct": 0.027365040710588727,
           "markup_range": 0.013517833703677077,
           "min_markup": 0.007993967587944378,
           "n_close_orders": 14,
           "rentry_pprice_dist": 0.018967737759003445,
           "rentry_pprice_dist_wallet_exposure_weighting": 18.349228777288115,
           "wallet_exposure_limit": 1.0}}