{"config_name": "recursive_grid_0days",
 "logging_level": 0,
 "long": {"auto_unstuck_ema_dist": 0.004678809801207141,
          "auto_unstuck_wallet_exposure_threshold": 0.06504789863991382,
          "backwards_tp": true,
          "ddown_factor": 1.497118911771692,
          "ema_span_0": 122.63579182224329,
          "ema_span_1": 349.7380574014924,
          "enabled": true,
          "initial_eprice_ema_dist": 0.01,
          "initial_qty_pct": 0.017398436810739118,
          "markup_range": 0.006490101843909638,
          "min_markup": 0.003174894879546743,
          "n_close_orders": 9,
          "rentry_pprice_dist": 0.03365974005108268,
          "rentry_pprice_dist_wallet_exposure_weighting": 1.7064044619428602,
          "wallet_exposure_limit": 1},
 "short": {"auto_unstuck_ema_dist": -0.037416290291228435,
           "auto_unstuck_wallet_exposure_threshold": 0.07481474486061102,
           "backwards_tp": true,
           "ddown_factor": 2.7776169539656888,
           "ema_span_0": 658.2948788157496,
           "ema_span_1": 1317.258039604789,
           "enabled": false,
           "initial_eprice_ema_dist": -0.06788771827795365,
           "initial_qty_pct": 0.022312757965357442,
           "markup_range": 0.037982229586415346,
           "min_markup": 0.007055350837172234,
           "n_close_orders": 2,
           "rentry_pprice_dist": 0.04530073148211743,
           "rentry_pprice_dist_wallet_exposure_weighting": 23.55361276075426,
           "wallet_exposure_limit": 1.0}}