{"config_name": "recursive_grid_0days",
 "logging_level": 0,
 "long": {"auto_unstuck_ema_dist": 0.005,
          "auto_unstuck_wallet_exposure_threshold": 0.0670415706264127,
          "backwards_tp": true,
          "ddown_factor": 2.777761129334157,
          "ema_span_0": 582.1984039857605,
          "ema_span_1": 1338.2104988603237,
          "enabled": true,
          "initial_eprice_ema_dist": 0.009904845157396416,
          "initial_qty_pct": 0.02418149509270533,
          "markup_range": 0.003142073115406404,
          "min_markup": 0.006550274401246593,
          "n_close_orders": 3,
          "rentry_pprice_dist": 0.04755784580654146,
          "rentry_pprice_dist_wallet_exposure_weighting": 0.0,
          "wallet_exposure_limit": 1},
 "short": {"auto_unstuck_ema_dist": 0.00034800342762157654,
           "auto_unstuck_wallet_exposure_threshold": 0.08313254461532169,
           "backwards_tp": true,
           "ddown_factor": 1.3701549705914058,
           "ema_span_0": 462.64808158780676,
           "ema_span_1": 540.5324006373628,
           "enabled": false,
           "initial_eprice_ema_dist": -0.04525993356873706,
           "initial_qty_pct": 0.07176468074567621,
           "markup_range": 0.02805952014486314,
           "min_markup": 0.009991252313744103,
           "n_close_orders": 8,
           "rentry_pprice_dist": 0.03725106160652899,
           "rentry_pprice_dist_wallet_exposure_weighting": 18.065855704373615,
           "wallet_exposure_limit": 1.0}}