{"config_name": "recursive_grid_0days",
 "logging_level": 0,
 "long": {"auto_unstuck_ema_dist": 0,
          "auto_unstuck_wallet_exposure_threshold": 0,
          "backwards_tp": false,
          "ddown_factor": 1.1892219101483383,
          "ema_span_0": 210.3256349211777,
          "ema_span_1": 10,
          "enabled": true,
          "initial_eprice_ema_dist": -0.1,
          "initial_qty_pct": 0.003770901911465309,
          "markup_range": 0.0358734323235133,
          "min_markup": 0.004393074956046019,
          "n_close_orders": 5,
          "rentry_pprice_dist": 0.024952772126774013,
          "rentry_pprice_dist_wallet_exposure_weighting": 0,
          "wallet_exposure_limit": 0.2},
 "short": {"auto_unstuck_ema_dist": 0.055343439271410645,
           "auto_unstuck_wallet_exposure_threshold": 0.027047808562056852,
           "backwards_tp": true,
           "ddown_factor": 0.8464306442180791,
           "ema_span_0": 4283.091062531774,
           "ema_span_1": 3301.343019894863,
           "enabled": false,
           "initial_eprice_ema_dist": -0.028412676336699375,
           "initial_qty_pct": 0.015,
           "markup_range": 0.02115637896196105,
           "min_markup": 0.0020033318250922763,
           "n_close_orders": 6,
           "rentry_pprice_dist": 0.012541869899055928,
           "rentry_pprice_dist_wallet_exposure_weighting": 85.7640820730381,
           "wallet_exposure_limit": 0.1}}
