{"config_name": "recursive_grid_0days",
 "logging_level": 0,
 "long": {"auto_unstuck_ema_dist": 0.003,
          "auto_unstuck_wallet_exposure_threshold": 0.09912290541520916,
          "backwards_tp": false,
          "ddown_factor": 0.28716911618752367,
          "ema_span_0": 1404.66971156904,
          "ema_span_1": 342.6710746060093,
          "enabled": true,
          "initial_eprice_ema_dist": 0.004,
          "initial_qty_pct": 0.0237166538317536,
          "markup_range": 0.04768160579393911,
          "min_markup": 0.00269250630176008,
          "n_close_orders": 5,
          "rentry_pprice_dist": 0.04249870912828662,
          "rentry_pprice_dist_wallet_exposure_weighting": 5.928511664000915,
          "wallet_exposure_limit": 0.2},
 "short": {"auto_unstuck_ema_dist": -0.06416398927903987,
           "auto_unstuck_wallet_exposure_threshold": 0.09837920746194703,
           "backwards_tp": true,
           "ddown_factor": 0.4382683002208815,
           "ema_span_0": 1119.8716474188132,
           "ema_span_1": 938.8541666878152,
           "enabled": false,
           "initial_eprice_ema_dist": -0.026700821263435648,
           "initial_qty_pct": 0.027890491546582484,
           "markup_range": 0.023413779139120672,
           "min_markup": 0.009194508601657572,
           "n_close_orders": 8,
           "rentry_pprice_dist": 0.038040147595969,
           "rentry_pprice_dist_wallet_exposure_weighting": 18.347574935171675,
           "wallet_exposure_limit": 1.0}}