{"config_name": "recursive_grid_0days",
 "logging_level": 0,
 "long": {"auto_unstuck_ema_dist": 0.08695612592301986,
          "auto_unstuck_wallet_exposure_threshold": 0.08612189230572696,
          "backwards_tp": true,
          "ddown_factor": 1.5010794243297074,
          "ema_span_0": 2308.39169730678,
          "ema_span_1": 300.1146948409821,
          "enabled": true,
          "initial_eprice_ema_dist": -0.003269373439597926,
          "initial_qty_pct": 0.015,
          "markup_range": 0.0022097718777052892,
          "min_markup": 0.0026115168775341746,
          "n_close_orders": 10,
          "rentry_pprice_dist": 0.02903805935965981,
          "rentry_pprice_dist_wallet_exposure_weighting": 3.5505338559806496,
          "wallet_exposure_limit": 0.2},
 "short": {"auto_unstuck_ema_dist": 0.06554527341332539,
           "auto_unstuck_wallet_exposure_threshold": 0.055144600092947006,
           "backwards_tp": true,
           "ddown_factor": 2.016256963858013,
           "ema_span_0": 2741.0226847418935,
           "ema_span_1": 8531.324934319524,
           "enabled": false,
           "initial_eprice_ema_dist": -0.07272203178984078,
           "initial_qty_pct": 0.015,
           "markup_range": 0.010236401880063776,
           "min_markup": 0.003297485933069436,
           "n_close_orders": 15,
           "rentry_pprice_dist": 0.029577439373031648,
           "rentry_pprice_dist_wallet_exposure_weighting": 54.76264117280376,
           "wallet_exposure_limit": 0.1}}