{"config_name": "clock_0days",
 "long": {"backwards_tp": true,
          "delay_between_fills_minutes_close": 1280.8871854439728,
          "delay_between_fills_minutes_entry": 1255.6396501595714,
          "delay_weight_close": 0,
          "delay_weight_entry": 13.752331531996617,
          "ema_dist_close": -0.002361681087161869,
          "ema_dist_entry": 0.002932051698154418,
          "ema_span_0": 1078.531593475783,
          "ema_span_1": 190.15256444031843,
          "enabled": true,
          "markup_range": 0.04,
          "min_markup": 0.009718452593864736,
          "n_close_orders": 8,
          "qty_pct_close": 0.04614805555767216,
          "qty_pct_entry": 0.01,
          "wallet_exposure_limit": 0.4,
          "we_multiplier_close": 0,
          "we_multiplier_entry": 34.37706618617915},
 "short": {"backwards_tp": true,
           "delay_between_fills_minutes_close": 697.6913086910472,
           "delay_between_fills_minutes_entry": 710.3697188518851,
           "delay_weight_close": 0.0,
           "delay_weight_entry": 0.6349162971963196,
           "ema_dist_close": 0.000681342821997194,
           "ema_dist_entry": -0.042257316791684936,
           "ema_span_0": 724.2666030375809,
           "ema_span_1": 253.92659076899506,
           "enabled": false,
           "markup_range": 0.02710164242249573,
           "min_markup": 0.006152040800573854,
           "n_close_orders": 15,
           "qty_pct_close": 0.03632154478323734,
           "qty_pct_entry": 0.07483148003873723,
           "wallet_exposure_limit": 1.0,
           "we_multiplier_close": 0.0,
           "we_multiplier_entry": 61.35091517050728}}