{"config_name": "recursive_grid_0days",
 "logging_level": 0,
 "long": {"auto_unstuck_ema_dist": -0.016749161476776887,
          "auto_unstuck_wallet_exposure_threshold": 0.05266280717469753,
          "backwards_tp": false,
          "ddown_factor": 2.322179041187207,
          "ema_span_0": 1307.711573846835,
          "ema_span_1": 449.5185659259049,
          "enabled": true,
          "initial_eprice_ema_dist": 0.0008678163652013648,
          "initial_qty_pct": 0.02803068196265552,
          "markup_range": 0.056553324894558776,
          "min_markup": 0.0038770852042859477,
          "n_close_orders": 3,
          "rentry_pprice_dist": 0.038784863951318894,
          "rentry_pprice_dist_wallet_exposure_weighting": 0.29485996627621985,
          "wallet_exposure_limit": 0.2},
 "short": {"auto_unstuck_ema_dist": -0.08619553526835863,
           "auto_unstuck_wallet_exposure_threshold": 0.05560584121262002,
           "backwards_tp": true,
           "ddown_factor": 1.3540114699810706,
           "ema_span_0": 251.8427954015456,
           "ema_span_1": 904.7321353940233,
           "enabled": false,
           "initial_eprice_ema_dist": -0.09416330423805296,
           "initial_qty_pct": 0.06253412544340883,
           "markup_range": 0.04224371926019243,
           "min_markup": 0.007758032496439208,
           "n_close_orders": 13,
           "rentry_pprice_dist": 0.030784416211781906,
           "rentry_pprice_dist_wallet_exposure_weighting": 9.58708303666787,
           "wallet_exposure_limit": 1.0}}