{"config_name": "clock_0days",
 "long": {"delay_between_fills_minutes_close": 1428.5822625566511,
          "delay_between_fills_minutes_entry": 1298.641910338488,
          "delay_weight_close": 15.168734816531105,
          "delay_weight_entry": 13.322613433453926,
          "ema_dist_lower": 0.010328193855088279,
          "ema_dist_upper": 0.004807406065241874,
          "ema_span_0": 1059.4555662607595,
          "ema_span_1": 281.8578411196537,
          "enabled": true,
          "markup_range": 0.007349727120554945,
          "min_markup": 0.09229697978485062,
          "n_close_orders": 15,
          "qty_pct_close": 0.08922577028092983,
          "qty_pct_entry": 0.027035465642549206,
          "wallet_exposure_limit": 0.25,
          "we_multiplier_close": 4.827383876010746,
          "we_multiplier_entry": 34.018141261740695},
 "short": {"delay_between_fills_minutes_close": 1386.5677464794148,
           "delay_between_fills_minutes_entry": 486.4624103981088,
           "delay_weight_close": 6.404159544135282,
           "delay_weight_entry": 10.04043621208697,
           "ema_dist_lower": 0.014139966689451037,
           "ema_dist_upper": 0.015918221195256238,
           "ema_span_0": 1431.8554198385027,
           "ema_span_1": 527.3952899455338,
           "enabled": false,
           "markup_range": 0.03539059280933744,
           "min_markup": 0.09357357241946984,
           "n_close_orders": 15,
           "qty_pct_close": 0.028839032071895067,
           "qty_pct_entry": 0.09582970121420041,
           "wallet_exposure_limit": 1.0,
           "we_multiplier_close": 2.478422102145361,
           "we_multiplier_entry": 23.274966864466037}}