{"config_name": "recursive_grid_0days",
 "logging_level": 0,
 "long": {"auto_unstuck_ema_dist": -0.0014649041686075625,
          "auto_unstuck_wallet_exposure_threshold": 0.0915410688664979,
          "backwards_tp": true,
          "ddown_factor": 1.6782171635365994,
          "ema_span_0": 360.21077946923043,
          "ema_span_1": 889.2231543364147,
          "enabled": true,
          "initial_eprice_ema_dist": 0.0029325439822159203,
          "initial_qty_pct": 0.016014387574624967,
          "markup_range": 0.0011184081262186796,
          "min_markup": 0.005648089168808567,
          "n_close_orders": 5,
          "rentry_pprice_dist": 0.019203286962125688,
          "rentry_pprice_dist_wallet_exposure_weighting": 0.10607943799411423,
          "wallet_exposure_limit": 1},
 "short": {"auto_unstuck_ema_dist": -0.045362981744110915,
           "auto_unstuck_wallet_exposure_threshold": 0.08118636833980267,
           "backwards_tp": true,
           "ddown_factor": 2.0646515803161622,
           "ema_span_0": 594.3212935020699,
           "ema_span_1": 1389.1710975776916,
           "enabled": false,
           "initial_eprice_ema_dist": -0.07170943628804749,
           "initial_qty_pct": 0.032114338835246094,
           "markup_range": 0.05936697561219457,
           "min_markup": 0.009216538345923689,
           "n_close_orders": 11,
           "rentry_pprice_dist": 0.037245439026126585,
           "rentry_pprice_dist_wallet_exposure_weighting": 16.12045675542413,
           "wallet_exposure_limit": 1.0}}