{"config_name": "recursive_grid_0days",
 "logging_level": 0,
 "long": {"auto_unstuck_ema_dist": 0.0023775386953014542,
          "auto_unstuck_wallet_exposure_threshold": 0.4478967044900496,
          "backwards_tp": true,
          "ddown_factor": 1.2741591894888893,
          "ema_span_0": 59.19110486257916,
          "ema_span_1": 118.25742324484463,
          "enabled": true,
          "initial_eprice_ema_dist": -0.08534255403008553,
          "initial_qty_pct": 0.010164519852185791,
          "markup_range": 0.004966951659637134,
          "min_markup": 0.0036017003755090793,
          "n_close_orders": 5,
          "rentry_pprice_dist": 0.021558982441777397,
          "rentry_pprice_dist_wallet_exposure_weighting": 0,
          "wallet_exposure_limit": 0.2},
 "short": {"auto_unstuck_ema_dist": 0.09658908264637842,
           "auto_unstuck_wallet_exposure_threshold": 0.08813186656438836,
           "backwards_tp": true,
           "ddown_factor": 0.5742014994700588,
           "ema_span_0": 1795.8691665991016,
           "ema_span_1": 1598.9892991793602,
           "enabled": false,
           "initial_eprice_ema_dist": -0.023692508417934133,
           "initial_qty_pct": 0.015,
           "markup_range": 0.028304015588325807,
           "min_markup": 0.0035364940968359584,
           "n_close_orders": 4,
           "rentry_pprice_dist": 0.011322547485544562,
           "rentry_pprice_dist_wallet_exposure_weighting": 89.49694985407066,
           "wallet_exposure_limit": 0.1}}