{"config_name": "recursive_grid_0days",
 "logging_level": 0,
 "long": {"auto_unstuck_ema_dist": 0.08327911566027081,
          "auto_unstuck_wallet_exposure_threshold": 0.06285098447700821,
          "backwards_tp": false,
          "ddown_factor": 1.728487917611125,
          "ema_span_0": 3055.993659511482,
          "ema_span_1": 3646.5657317912674,
          "enabled": true,
          "initial_eprice_ema_dist": 0.004683004163763906,
          "initial_qty_pct": 0.015,
          "markup_range": 0.029080577296533256,
          "min_markup": 0.0014321970743391191,
          "n_close_orders": 5,
          "rentry_pprice_dist": 0.022800426662169335,
          "rentry_pprice_dist_wallet_exposure_weighting": 5.5364399598682885,
          "wallet_exposure_limit": 0.1},
 "short": {"auto_unstuck_ema_dist": 0.04185709442413697,
           "auto_unstuck_wallet_exposure_threshold": 0.04689924622614931,
           "backwards_tp": false,
           "ddown_factor": 1.416637975246628,
           "ema_span_0": 3294.5640078924657,
           "ema_span_1": 623.3837810108719,
           "enabled": true,
           "initial_eprice_ema_dist": 0.005513246224908721,
           "initial_qty_pct": 0.015,
           "markup_range": 0.02711804958006656,
           "min_markup": 0.0021245756835167225,
           "n_close_orders": 5,
           "rentry_pprice_dist": 0.02112861051262114,
           "rentry_pprice_dist_wallet_exposure_weighting": 13.007370019799538,
           "wallet_exposure_limit": 0.1}}