{"config_name": "clock_0days",
 "long": {"backwards_tp": true,
          "delay_between_fills_minutes_close": 1368.4959141163258,
          "delay_between_fills_minutes_entry": 939.5642321685507,
          "delay_weight_close": 0,
          "delay_weight_entry": 17.56675700870062,
          "ema_dist_close": 0.0007540077927148066,
          "ema_dist_entry": -0.004719772515429393,
          "ema_span_0": 1248.973485000766,
          "ema_span_1": 753.5773921418966,
          "enabled": true,
          "markup_range": 0.006079819640015675,
          "min_markup": 0.004799347704933751,
          "n_close_orders": 4,
          "qty_pct_close": 0.011974095062776026,
          "qty_pct_entry": 0.01087532692857069,
          "wallet_exposure_limit": 0.4,
          "we_multiplier_close": 0,
          "we_multiplier_entry": 33.986727221134174},
 "short": {"backwards_tp": true,
           "delay_between_fills_minutes_close": 990.0408033803274,
           "delay_between_fills_minutes_entry": 1232.1070094089337,
           "delay_weight_close": 0.0,
           "delay_weight_entry": 69.88448175536884,
           "ema_dist_close": 0.00018571277346070975,
           "ema_dist_entry": -0.04688401366524236,
           "ema_span_0": 881.956199786817,
           "ema_span_1": 1282.591946849523,
           "enabled": false,
           "markup_range": 0.008655551214160857,
           "min_markup": 0.005315286540544184,
           "n_close_orders": 9,
           "qty_pct_close": 0.013695067201140257,
           "qty_pct_entry": 0.06533050377990635,
           "wallet_exposure_limit": 1.0,
           "we_multiplier_close": 0.0,
           "we_multiplier_entry": 12.270335682081212}}