{"config_name": "clock_0days",
 "long": {"delay_between_fills_minutes_close": 378.7291452464263,
          "delay_between_fills_minutes_entry": 500,
          "delay_weight_close": 101.92499430391612,
          "delay_weight_entry": 24.860049479912522,
          "ema_dist_lower": -0.7358572482763863,
          "ema_dist_upper": -0.4820623890367891,
          "ema_span_0": 383.7567529749933,
          "ema_span_1": 602.3450606170115,
          "enabled": true,
          "markup_range": 0.01792097836016412,
          "min_markup": 0.027282137826251624,
          "n_close_orders": 2,
          "qty_pct_close": 0.01280590389452262,
          "qty_pct_entry": 0.010890830603801686,
          "wallet_exposure_limit": 0.3,
          "we_multiplier_close": 0,
          "we_multiplier_entry": 4.718825644221543},
 "short": {"delay_between_fills_minutes_close": 1120.856085825016,
           "delay_between_fills_minutes_entry": 82.37408669960084,
           "delay_weight_close": 7.099886764607312,
           "delay_weight_entry": 19.4562148846361,
           "ema_dist_lower": 0.0008593148839350474,
           "ema_dist_upper": 0.010715565859490206,
           "ema_span_0": 1121.2667002259996,
           "ema_span_1": 1720.5943561717077,
           "enabled": false,
           "markup_range": 0.05516433360265974,
           "min_markup": 0.08494139602303945,
           "n_close_orders": 16,
           "qty_pct_close": 0.07129107572343225,
           "qty_pct_entry": 0.07550052299034014,
           "wallet_exposure_limit": 1.0,
           "we_multiplier_close": 5.902357665280942,
           "we_multiplier_entry": 33.95839991629198}}