{"config_name": "clock_0days",
 "long": {"backwards_tp": true,
          "delay_between_fills_minutes_close": 123.45510274998992,
          "delay_between_fills_minutes_entry": 357.9257565958063,
          "delay_weight_close": 82.45618100482719,
          "delay_weight_entry": 28.555426152609954,
          "ema_dist_close": -0.052296795541525595,
          "ema_dist_entry": 0.007491920308392008,
          "ema_span_0": 65.77339428441063,
          "ema_span_1": 522.7181490389719,
          "enabled": true,
          "markup_range": 0.0736833339078209,
          "min_markup": 0.09085830691640773,
          "n_close_orders": 12,
          "qty_pct_close": 0.2701440184465266,
          "qty_pct_entry": 0.01,
          "wallet_exposure_limit": 0.4,
          "we_multiplier_close": 9.658652586236537,
          "we_multiplier_entry": 98.69298265393608},
 "short": {"backwards_tp": true,
           "delay_between_fills_minutes_close": 323.76536183528543,
           "delay_between_fills_minutes_entry": 1088.370083709882,
           "delay_weight_close": 79.38214735498588,
           "delay_weight_entry": 27.6460602929833,
           "ema_dist_close": -0.005367883861899611,
           "ema_dist_entry": -0.03230841786012105,
           "ema_span_0": 700.8686449895931,
           "ema_span_1": 147.59037830918388,
           "enabled": false,
           "markup_range": 0.010505197443563707,
           "min_markup": 0.0074217005049142725,
           "n_close_orders": 9,
           "qty_pct_close": 0.06766734463143616,
           "qty_pct_entry": 0.052124825854253966,
           "wallet_exposure_limit": 1.0,
           "we_multiplier_close": 71.69230432101207,
           "we_multiplier_entry": 84.78400467483074}}