{"config_name": "recursive_grid_0days",
 "logging_level": 0,
 "long": {"auto_unstuck_ema_dist": 0,
          "auto_unstuck_wallet_exposure_threshold": 0.0,
          "backwards_tp": false,
          "ddown_factor": 1.6726940553235494,
          "ema_span_0": 474.18807651035166,
          "ema_span_1": 31.698909421437683,
          "enabled": true,
          "initial_eprice_ema_dist": -0.1,
          "initial_qty_pct": 0.0022476688281401038,
          "markup_range": 0.03460013209557917,
          "min_markup": 0.003926732675957454,
          "n_close_orders": 5,
          "rentry_pprice_dist": 0.021649440079307667,
          "rentry_pprice_dist_wallet_exposure_weighting": 0,
          "wallet_exposure_limit": 1},
 "short": {"auto_unstuck_ema_dist": 0.05512155043556436,
           "auto_unstuck_wallet_exposure_threshold": 0.033535467333020264,
           "backwards_tp": false,
           "ddown_factor": 2.2093533161723493,
           "ema_span_0": 2961.505255202938,
           "ema_span_1": 3928.678772686427,
           "enabled": false,
           "initial_eprice_ema_dist": -0.032117858031753016,
           "initial_qty_pct": 0.015,
           "markup_range": 0.020289393223085178,
           "min_markup": 0.0032171495479550315,
           "n_close_orders": 5,
           "rentry_pprice_dist": 0.021343176911015314,
           "rentry_pprice_dist_wallet_exposure_weighting": 55.96970648751017,
           "wallet_exposure_limit": 0.1}}