{"config_name": "clock_0days",
 "long": {"backwards_tp": true,
          "delay_between_fills_minutes_close": 1322.3574626401903,
          "delay_between_fills_minutes_entry": 1308.028167212877,
          "delay_weight_close": 38.2837702290695,
          "delay_weight_entry": 16.73777743772693,
          "ema_dist_close": -0.007253007199020733,
          "ema_dist_entry": -0.04994420569410423,
          "ema_span_0": 1440,
          "ema_span_1": 1095.1398467541444,
          "enabled": true,
          "markup_range": 0.057714096525473574,
          "min_markup": 0.009267800593203989,
          "n_close_orders": 5,
          "qty_pct_close": 0.05191070802853743,
          "qty_pct_entry": 0.01,
          "wallet_exposure_limit": 0.4,
          "we_multiplier_close": 4.819871046024097,
          "we_multiplier_entry": 57.85787270964227},
 "short": {"backwards_tp": true,
           "delay_between_fills_minutes_close": 951.346568837493,
           "delay_between_fills_minutes_entry": 159.43236967450423,
           "delay_weight_close": 16.225495132671742,
           "delay_weight_entry": 3.0329890495015,
           "ema_dist_close": -0.0222819836989498,
           "ema_dist_entry": -0.04507827423557725,
           "ema_span_0": 6.829755012012421,
           "ema_span_1": 1250.1953276519002,
           "enabled": false,
           "markup_range": 0.029885485283611415,
           "min_markup": 0.008643450408356849,
           "n_close_orders": 3,
           "qty_pct_close": 0.011117773518196488,
           "qty_pct_entry": 0.09812143364389464,
           "wallet_exposure_limit": 1.0,
           "we_multiplier_close": 52.446112029237355,
           "we_multiplier_entry": 61.74487732269359}}