{"config_name": "neat_grid_0days",
 "logging_level": 0,
 "long": {"auto_unstuck_ema_dist": 0.08439810126085988,
          "auto_unstuck_wallet_exposure_threshold": 0.340059452492914,
          "backwards_tp": true,
          "ema_span_0": 61.201802485143595,
          "ema_span_1": 268.4459226842789,
          "enabled": true,
          "eprice_exp_base": 1.2012067780724145,
          "eqty_exp_base": 2.661145150717704,
          "grid_span": 0.15266454281339478,
          "initial_eprice_ema_dist": -0.09397667698791237,
          "initial_qty_pct": 0.01,
          "markup_range": 0.002818354740769962,
          "max_n_entry_orders": 6,
          "min_markup": 0.002,
          "n_close_orders": 8,
          "wallet_exposure_limit": 0.2},
 "short": {"auto_unstuck_ema_dist": 0.005464795733533699,
           "auto_unstuck_wallet_exposure_threshold": 0.6,
           "backwards_tp": true,
           "ema_span_0": 2935.656615205224,
           "ema_span_1": 2607.0211709611676,
           "enabled": true,
           "eprice_exp_base": 1.4907204190544452,
           "eqty_exp_base": 1.10663429017538,
           "grid_span": 0.22372961579062983,
           "initial_eprice_ema_dist": -0.04113218905162406,
           "initial_qty_pct": 0.01,
           "markup_range": 0.002362673383681733,
           "max_n_entry_orders": 5,
           "min_markup": 0.002,
           "n_close_orders": 16,
           "wallet_exposure_limit": 0.1}}