{"config_name": "recursive_grid_0days",
 "logging_level": 0,
 "long": {"auto_unstuck_ema_dist": 0,
          "auto_unstuck_wallet_exposure_threshold": 0,
          "backwards_tp": false,
          "ddown_factor": 2.029630809698261,
          "ema_span_0": 859.2223947836163,
          "ema_span_1": 472.9320664022152,
          "enabled": true,
          "initial_eprice_ema_dist": -0.1,
          "initial_qty_pct": 0.006828194278593607,
          "markup_range": 0.019265278063877206,
          "min_markup": 0.00261203718777161,
          "n_close_orders": 3,
          "rentry_pprice_dist": 0.0350696418497318,
          "rentry_pprice_dist_wallet_exposure_weighting": 0,
          "wallet_exposure_limit": 0.2},
 "short": {"auto_unstuck_ema_dist": 0.03025869884154633,
           "auto_unstuck_wallet_exposure_threshold": 0.013676847298381239,
           "backwards_tp": true,
           "ddown_factor": 0.8225472358543203,
           "ema_span_0": 460.21670848434826,
           "ema_span_1": 9094.919764441303,
           "enabled": false,
           "initial_eprice_ema_dist": -0.02527159531608926,
           "initial_qty_pct": 0.015,
           "markup_range": 0.012979788721193852,
           "min_markup": 0.0010620712928787893,
           "n_close_orders": 16,
           "rentry_pprice_dist": 0.013127709851750075,
           "rentry_pprice_dist_wallet_exposure_weighting": 34.524818470271164,
           "wallet_exposure_limit": 0.1}}