{"config_name": "recursive_grid_0days",
 "logging_level": 0,
 "long": {"auto_unstuck_ema_dist": -0.005177164836686269,
          "auto_unstuck_wallet_exposure_threshold": 0.05251582495649222,
          "backwards_tp": true,
          "ddown_factor": 2.596358751438937,
          "ema_span_0": 174.93625743157668,
          "ema_span_1": 1034.6865652647198,
          "enabled": true,
          "initial_eprice_ema_dist": -0.06054779460958302,
          "initial_qty_pct": 0.015491131915476639,
          "markup_range": 0.01753633527322671,
          "min_markup": 0.004226121157897269,
          "n_close_orders": 1,
          "rentry_pprice_dist": 0.029811939170227068,
          "rentry_pprice_dist_wallet_exposure_weighting": 0.0,
          "wallet_exposure_limit": 1.0},
 "short": {"auto_unstuck_ema_dist": -0.04404243979534646,
           "auto_unstuck_wallet_exposure_threshold": 0.03,
           "backwards_tp": true,
           "ddown_factor": 0.7114906865916932,
           "ema_span_0": 720,
           "ema_span_1": 10,
           "enabled": false,
           "initial_eprice_ema_dist": -0.1,
           "initial_qty_pct": 0.1,
           "markup_range": 0.0,
           "min_markup": 0.006996577662095135,
           "n_close_orders": 13,
           "rentry_pprice_dist": 0.024265966975559414,
           "rentry_pprice_dist_wallet_exposure_weighting": 38.020875652323895,
           "wallet_exposure_limit": 1.0}}