{"config_name": "recursive_grid_0days",
 "logging_level": 0,
 "long": {"auto_unstuck_ema_dist": -0.037674680658399066,
          "auto_unstuck_wallet_exposure_threshold": 0.030381047624449417,
          "backwards_tp": true,
          "ddown_factor": 0.4154178869065442,
          "ema_span_0": 451.13207585666254,
          "ema_span_1": 887.5127501906686,
          "enabled": true,
          "initial_eprice_ema_dist": 0.007526944425587599,
          "initial_qty_pct": 0.05820988151136052,
          "markup_range": 0.00850321958791501,
          "min_markup": 0.003575337880845187,
          "n_close_orders": 3,
          "rentry_pprice_dist": 0.01740866213642147,
          "rentry_pprice_dist_wallet_exposure_weighting": 4.091427945616152,
          "wallet_exposure_limit": 1.0},
 "short": {"auto_unstuck_ema_dist": -0.1,
           "auto_unstuck_wallet_exposure_threshold": 0.054852388111349355,
           "backwards_tp": true,
           "ddown_factor": 0.22342730274296763,
           "ema_span_0": 391.40052640137657,
           "ema_span_1": 898.1695516866068,
           "enabled": false,
           "initial_eprice_ema_dist": -0.1,
           "initial_qty_pct": 0.06793163590387061,
           "markup_range": 0.06,
           "min_markup": 0.001,
           "n_close_orders": 8,
           "rentry_pprice_dist": 0.033822268354213064,
           "rentry_pprice_dist_wallet_exposure_weighting": 40,
           "wallet_exposure_limit": 1.0}}