{"config_name": "recursive_grid_0days",
 "logging_level": 0,
 "long": {"auto_unstuck_ema_dist": -0.013726756754237575,
          "auto_unstuck_wallet_exposure_threshold": 0.030017836337541657,
          "backwards_tp": true,
          "ddown_factor": 1.567718187758212,
          "ema_span_0": 69.37853905644049,
          "ema_span_1": 675.5208524149546,
          "enabled": true,
          "initial_eprice_ema_dist": 0.009999999997412702,
          "initial_qty_pct": 0.07451502385799164,
          "markup_range": 0.004930591539060356,
          "min_markup": 0.009680635670077922,
          "n_close_orders": 8,
          "rentry_pprice_dist": 0.02937063076677557,
          "rentry_pprice_dist_wallet_exposure_weighting": 1.1509790208945763,
          "wallet_exposure_limit": 1.0},
 "short": {"auto_unstuck_ema_dist": -0.021708505311972867,
           "auto_unstuck_wallet_exposure_threshold": 0.04990741962228987,
           "backwards_tp": true,
           "ddown_factor": 2.4777812032882145,
           "ema_span_0": 259.81848674914136,
           "ema_span_1": 1284.828274926361,
           "enabled": false,
           "initial_eprice_ema_dist": -0.0247150408489058,
           "initial_qty_pct": 0.027916074415929026,
           "markup_range": 0.01325907819183759,
           "min_markup": 0.0044353674033955955,
           "n_close_orders": 14,
           "rentry_pprice_dist": 0.008685719181018405,
           "rentry_pprice_dist_wallet_exposure_weighting": 4.875562512674767,
           "wallet_exposure_limit": 1.0}}