{"config_name": "recursive_grid_0days",
 "logging_level": 0,
 "long": {"auto_unstuck_ema_dist": -0.015961224538044744,
          "auto_unstuck_wallet_exposure_threshold": 0.04994104808669477,
          "backwards_tp": true,
          "ddown_factor": 1.3742684498255742,
          "ema_span_0": 299.57840979813176,
          "ema_span_1": 1171.422027335243,
          "enabled": true,
          "initial_eprice_ema_dist": 0.01,
          "initial_qty_pct": 0.03665436945134535,
          "markup_range": 0.008646517496906345,
          "min_markup": 0.009999940866147257,
          "n_close_orders": 2,
          "rentry_pprice_dist": 0.04476955581753013,
          "rentry_pprice_dist_wallet_exposure_weighting": 0.7355199046184214,
          "wallet_exposure_limit": 1.0},
 "short": {"auto_unstuck_ema_dist": -0.09200246085159193,
           "auto_unstuck_wallet_exposure_threshold": 0.03,
           "backwards_tp": true,
           "ddown_factor": 1.5452979859940839,
           "ema_span_0": 323.35773902511494,
           "ema_span_1": 10,
           "enabled": false,
           "initial_eprice_ema_dist": -0.04207646064951129,
           "initial_qty_pct": 0.07821998124124051,
           "markup_range": 0.01563570344839202,
           "min_markup": 0.008259177531244652,
           "n_close_orders": 11,
           "rentry_pprice_dist": 0.05,
           "rentry_pprice_dist_wallet_exposure_weighting": 8.833640794066191,
           "wallet_exposure_limit": 1.0}}