{"config_name": "recursive_grid_0days",
 "logging_level": 0,
 "long": {"auto_unstuck_ema_dist": -0.015502606203879853,
          "auto_unstuck_wallet_exposure_threshold": 0.04627346565082065,
          "backwards_tp": true,
          "ddown_factor": 2.059766832235084,
          "ema_span_0": 229.6316786871586,
          "ema_span_1": 545.484963100524,
          "enabled": true,
          "initial_eprice_ema_dist": 0.00384780820460439,
          "initial_qty_pct": 0.01469978633351586,
          "markup_range": 0.003816232816964547,
          "min_markup": 0.004504968581373488,
          "n_close_orders": 2,
          "rentry_pprice_dist": 0.015212940606554159,
          "rentry_pprice_dist_wallet_exposure_weighting": 4.771822122688379,
          "wallet_exposure_limit": 1.0},
 "short": {"auto_unstuck_ema_dist": -0.08906328896694629,
           "auto_unstuck_wallet_exposure_threshold": 0.07166821317725974,
           "backwards_tp": true,
           "ddown_factor": 0.8110820190984716,
           "ema_span_0": 351.85384802613424,
           "ema_span_1": 686.7054380627976,
           "enabled": false,
           "initial_eprice_ema_dist": 0.006367908991246868,
           "initial_qty_pct": 0.09149231747858362,
           "markup_range": 0.04157158599749747,
           "min_markup": 0.0045752291375934576,
           "n_close_orders": 7,
           "rentry_pprice_dist": 0.04867870247331485,
           "rentry_pprice_dist_wallet_exposure_weighting": 2.584572821438127,
           "wallet_exposure_limit": 1.0}}