{"config_name": "clock_0days",
 "long": {"delay_between_fills_minutes_close": 247.1478674403421,
          "delay_between_fills_minutes_entry": 317.59178333549676,
          "delay_weight_close": 58.800517251711646,
          "delay_weight_entry": 21.16457814109724,
          "ema_dist_lower": 0,
          "ema_dist_upper": -0.06962707548198924,
          "ema_span_0": 363.08171831611236,
          "ema_span_1": 894.6647826207336,
          "enabled": true,
          "markup_range": 0.013402413519247048,
          "min_markup": 0.023606616244202565,
          "n_close_orders": 3,
          "qty_pct_close": 0.01649070872319926,
          "qty_pct_entry": 0.01,
          "wallet_exposure_limit": 0.3,
          "we_multiplier_close": 3.042842125973677,
          "we_multiplier_entry": 40.28229231352168},
 "short": {"delay_between_fills_minutes_close": 1331.6749389487504,
           "delay_between_fills_minutes_entry": 1402.7580085243162,
           "delay_weight_close": 19.609160828804736,
           "delay_weight_entry": 2.093773299648427,
           "ema_dist_lower": 0.006770670017745191,
           "ema_dist_upper": 0.013699183403081119,
           "ema_span_0": 857.0526107322086,
           "ema_span_1": 2337.864005416414,
           "enabled": false,
           "markup_range": 0.01855869476285035,
           "min_markup": 0.06333852156609586,
           "n_close_orders": 7,
           "qty_pct_close": 0.05419395000245747,
           "qty_pct_entry": 0.06457724662007223,
           "wallet_exposure_limit": 1.0,
           "we_multiplier_close": 2.0920439266396826,
           "we_multiplier_entry": 11.83261950019726}}