{"config_name": "emas_0days",
 "long": {"delay_between_fills_minutes_close": 3196.048460318235,
          "delay_between_fills_minutes_entry": 4053.9981507953,
          "delay_weight_close": -13.185482207419229,
          "delay_weight_entry": 14.393563976752128,
          "ema_dist_lower": 0.007172404571279231,
          "ema_dist_upper": 0.02,
          "ema_span_0": 964.1850278519793,
          "ema_span_1": 1711.9802959077588,
          "enabled": true,
          "markup_range": 0.013652763971586504,
          "min_markup": 0.05837164168479737,
          "n_close_orders": 9,
          "qty_pct_close": 0.07485067898667404,
          "qty_pct_entry": 0.01960133446186852,
          "wallet_exposure_limit": 1,
          "we_multiplier_close": 56.305430135390544,
          "we_multiplier_entry": 68.25421779112813},
 "short": {"delay_between_fills_minutes_close": 182.03716124566077,
           "delay_between_fills_minutes_entry": 311.2181631101312,
           "delay_weight_close": 26.057451917902,
           "delay_weight_entry": 26.878223345257446,
           "ema_dist_lower": 0.019337997747929322,
           "ema_dist_upper": 0.006168074322974326,
           "ema_span_0": 494.2693212206184,
           "ema_span_1": 945.7781928006489,
           "enabled": false,
           "markup_range": 0.03176754298647828,
           "min_markup": 0.058410932291178566,
           "n_close_orders": 8,
           "qty_pct_close": 0.033118483492600374,
           "qty_pct_entry": 0.05328075845058592,
           "wallet_exposure_limit": 1.0,
           "we_multiplier_close": 34.49323667543885,
           "we_multiplier_entry": 23.98474508223567}}