{"config_name": "clock_0days",
 "long": {"delay_between_fills_minutes_close": 305.4123572950534,
          "delay_between_fills_minutes_entry": 475.5407197788329,
          "delay_weight_close": 97.79588766484584,
          "delay_weight_entry": 23.50573938271169,
          "ema_dist_lower": -0.46158610088002155,
          "ema_dist_upper": -0.0844802417604115,
          "ema_span_0": 989.0782594929531,
          "ema_span_1": 682.6031119211451,
          "enabled": true,
          "markup_range": 0.028112151187935256,
          "min_markup": 0.029888769198874798,
          "n_close_orders": 3,
          "qty_pct_close": 0.017168176241778788,
          "qty_pct_entry": 0.015568519187327328,
          "wallet_exposure_limit": 0.3,
          "we_multiplier_close": 1.6035069848977996,
          "we_multiplier_entry": 16.972716196667264},
 "short": {"delay_between_fills_minutes_close": 318.5861276719154,
           "delay_between_fills_minutes_entry": 43.81235751336468,
           "delay_weight_close": 3.458786777008509,
           "delay_weight_entry": 6.894616111023531,
           "ema_dist_lower": 0.008138279260760382,
           "ema_dist_upper": 0.0005504073370286955,
           "ema_span_0": 1249.8113183311204,
           "ema_span_1": 1120.5110054425143,
           "enabled": false,
           "markup_range": 0.04690475257408299,
           "min_markup": 0.032298333166176314,
           "n_close_orders": 3,
           "qty_pct_close": 0.08824939129050414,
           "qty_pct_entry": 0.04813570051309966,
           "wallet_exposure_limit": 1.0,
           "we_multiplier_close": 8.333675998290621,
           "we_multiplier_entry": 63.32021021059952}}