{"config_name": "recursive_grid_0days",
 "logging_level": 0,
 "long": {"auto_unstuck_ema_dist": 0.003,
          "auto_unstuck_wallet_exposure_threshold": 0.0810813563987268,
          "backwards_tp": true,
          "ddown_factor": 0.8141885265997522,
          "ema_span_0": 100.38772968327834,
          "ema_span_1": 578.5762660481006,
          "enabled": true,
          "initial_eprice_ema_dist": -0.003217736590474287,
          "initial_qty_pct": 0.021920487862153042,
          "markup_range": 0.0038383539075280138,
          "min_markup": 0.0055954590054180815,
          "n_close_orders": 5,
          "rentry_pprice_dist": 0.020376864114823298,
          "rentry_pprice_dist_wallet_exposure_weighting": 0.9056290560572551,
          "wallet_exposure_limit": 0.2},
 "short": {"auto_unstuck_ema_dist": -0.013508315530917858,
           "auto_unstuck_wallet_exposure_threshold": 0.07822791388572681,
           "backwards_tp": true,
           "ddown_factor": 2.8325144288855064,
           "ema_span_0": 357.3679354804274,
           "ema_span_1": 1285.8008551418625,
           "enabled": false,
           "initial_eprice_ema_dist": -0.03205472395175199,
           "initial_qty_pct": 0.022083369975759572,
           "markup_range": 0.022190250158742462,
           "min_markup": 0.0033328157693561862,
           "n_close_orders": 14,
           "rentry_pprice_dist": 0.026067196137759176,
           "rentry_pprice_dist_wallet_exposure_weighting": 12.595788271150415,
           "wallet_exposure_limit": 1.0}}