{"config_name": "recursive_grid_0days",
 "logging_level": 0,
 "long": {"auto_unstuck_ema_dist": 0.0,
          "auto_unstuck_wallet_exposure_threshold": 0.0,
          "backwards_tp": false,
          "ddown_factor": 2.9024133719932292,
          "ema_span_0": 353.85311437190876,
          "ema_span_1": 664.629159061454,
          "enabled": true,
          "initial_eprice_ema_dist": -0.1,
          "initial_qty_pct": 0.0020993101545889402,
          "markup_range": 0.03634734389635463,
          "min_markup": 0.008511259493240353,
          "n_close_orders": 3,
          "rentry_pprice_dist": 0.048544072824489186,
          "rentry_pprice_dist_wallet_exposure_weighting": 0.0,
          "wallet_exposure_limit": 0.2},
 "short": {"auto_unstuck_ema_dist": 0.015731324419241854,
           "auto_unstuck_wallet_exposure_threshold": 0.05668748071642029,
           "backwards_tp": true,
           "ddown_factor": 1.4395083973858063,
           "ema_span_0": 3870.3433788526186,
           "ema_span_1": 3673.92925137156,
           "enabled": false,
           "initial_eprice_ema_dist": -0.09418907874361622,
           "initial_qty_pct": 0.015,
           "markup_range": 0.024364756614966145,
           "min_markup": 0.0038680137518499118,
           "n_close_orders": 19,
           "rentry_pprice_dist": 0.013417644234663195,
           "rentry_pprice_dist_wallet_exposure_weighting": 80.50569104830139,
           "wallet_exposure_limit": 0.1}}
