{"config_name": "recursive_grid_0days",
 "logging_level": 0,
 "long": {"auto_unstuck_ema_dist": -0.03331355262887404,
          "auto_unstuck_wallet_exposure_threshold": 0.040404589029504875,
          "backwards_tp": true,
          "ddown_factor": 1.0813760389971625,
          "ema_span_0": 625.2257730171385,
          "ema_span_1": 1300.6168551895398,
          "enabled": true,
          "initial_eprice_ema_dist": 0.0024353164925606813,
          "initial_qty_pct": 0.015890961097608826,
          "markup_range": 0.0031270620508691157,
          "min_markup": 0.003137476571091931,
          "n_close_orders": 2,
          "rentry_pprice_dist": 0.01933625844315976,
          "rentry_pprice_dist_wallet_exposure_weighting": 1.3046231817550915,
          "wallet_exposure_limit": 1.0},
 "short": {"auto_unstuck_ema_dist": -0.044632801385654515,
           "auto_unstuck_wallet_exposure_threshold": 0.07311502784806002,
           "backwards_tp": true,
           "ddown_factor": 0.2131515384699637,
           "ema_span_0": 418.2198053845263,
           "ema_span_1": 1137.7464494335895,
           "enabled": false,
           "initial_eprice_ema_dist": -0.04500727764766821,
           "initial_qty_pct": 0.04744978584657686,
           "markup_range": 0.017068684231962047,
           "min_markup": 0.002748178385882318,
           "n_close_orders": 2,
           "rentry_pprice_dist": 0.026951878827423708,
           "rentry_pprice_dist_wallet_exposure_weighting": 21.553449661909838,
           "wallet_exposure_limit": 1.0}}