{"config_name": "recursive_grid_0days",
 "logging_level": 0,
 "long": {"auto_unstuck_ema_dist": -0.002145774571140468,
          "auto_unstuck_wallet_exposure_threshold": 0.03827946275813694,
          "backwards_tp": true,
          "ddown_factor": 2.831901367503651,
          "ema_span_0": 604.3406919677997,
          "ema_span_1": 686.0085523056234,
          "enabled": true,
          "initial_eprice_ema_dist": 0.004862724595875208,
          "initial_qty_pct": 0.01738657683332557,
          "markup_range": 0.04690507624745842,
          "min_markup": 0.005706418691482957,
          "n_close_orders": 1,
          "rentry_pprice_dist": 0.013900922071701904,
          "rentry_pprice_dist_wallet_exposure_weighting": 18.160151086230048,
          "wallet_exposure_limit": 1.0},
 "short": {"auto_unstuck_ema_dist": -0.049002293140190716,
           "auto_unstuck_wallet_exposure_threshold": 0.1,
           "backwards_tp": true,
           "ddown_factor": 1.4353903557055983,
           "ema_span_0": 528.0313133281146,
           "ema_span_1": 92.90799057983179,
           "enabled": false,
           "initial_eprice_ema_dist": -0.02184746244774686,
           "initial_qty_pct": 0.05753239981880696,
           "markup_range": 0.050976515169437776,
           "min_markup": 0.008102737694662337,
           "n_close_orders": 11,
           "rentry_pprice_dist": 0.007643952127072563,
           "rentry_pprice_dist_wallet_exposure_weighting": 40,
           "wallet_exposure_limit": 1.0}}