{"config_name": "recursive_grid_0days",
 "logging_level": 0,
 "long": {"auto_unstuck_ema_dist": -0.005012895170883515,
          "auto_unstuck_wallet_exposure_threshold": 0.03389486468127287,
          "backwards_tp": true,
          "ddown_factor": 1.3224867260132922,
          "ema_span_0": 652.6198847527149,
          "ema_span_1": 690.9335624301541,
          "enabled": true,
          "initial_eprice_ema_dist": 0.0073043556952484675,
          "initial_qty_pct": 0.030940470351133977,
          "markup_range": 0.0005674164740028975,
          "min_markup": 0.0059634501266401735,
          "n_close_orders": 8,
          "rentry_pprice_dist": 0.02840627419474377,
          "rentry_pprice_dist_wallet_exposure_weighting": 0.0,
          "wallet_exposure_limit": 1.0},
 "short": {"auto_unstuck_ema_dist": -0.011918217434729386,
           "auto_unstuck_wallet_exposure_threshold": 0.05241210043554374,
           "backwards_tp": true,
           "ddown_factor": 1.6399107428254138,
           "ema_span_0": 720,
           "ema_span_1": 1154.9159816271524,
           "enabled": false,
           "initial_eprice_ema_dist": -0.1,
           "initial_qty_pct": 0.058169671141449726,
           "markup_range": 0.015246237593480746,
           "min_markup": 0.001,
           "n_close_orders": 2,
           "rentry_pprice_dist": 0.02040797481546865,
           "rentry_pprice_dist_wallet_exposure_weighting": 6.966509633084499,
           "wallet_exposure_limit": 1.0}}