{"config_name": "recursive_grid_0days",
 "logging_level": 0,
 "long": {"auto_unstuck_ema_dist": -0.004674237732042067,
          "auto_unstuck_wallet_exposure_threshold": 0.062414499300430755,
          "backwards_tp": true,
          "ddown_factor": 0.20866864052654835,
          "ema_span_0": 156.98151203385277,
          "ema_span_1": 794.9264935333422,
          "enabled": true,
          "initial_eprice_ema_dist": 0.01,
          "initial_qty_pct": 0.08696807431309124,
          "markup_range": 1.2858773619649076e-05,
          "min_markup": 0.008497883743371853,
          "n_close_orders": 4,
          "rentry_pprice_dist": 0.04271892075969105,
          "rentry_pprice_dist_wallet_exposure_weighting": 0.6259485378688576,
          "wallet_exposure_limit": 1.0},
 "short": {"auto_unstuck_ema_dist": -0.06421700489931986,
           "auto_unstuck_wallet_exposure_threshold": 0.07478157590983214,
           "backwards_tp": true,
           "ddown_factor": 0.38843165487314824,
           "ema_span_0": 73.68925009188993,
           "ema_span_1": 1054.6296669931828,
           "enabled": false,
           "initial_eprice_ema_dist": -0.051082836190791264,
           "initial_qty_pct": 0.06683007609769026,
           "markup_range": 0.04695443295781196,
           "min_markup": 0.004000182139634769,
           "n_close_orders": 12,
           "rentry_pprice_dist": 0.020818579835921364,
           "rentry_pprice_dist_wallet_exposure_weighting": 16.874591306802134,
           "wallet_exposure_limit": 1.0}}