{"config_name": "recursive_grid_0days",
 "logging_level": 0,
 "long": {"auto_unstuck_ema_dist": -0.006260248918340938,
          "auto_unstuck_wallet_exposure_threshold": 0.04556355882167755,
          "backwards_tp": true,
          "ddown_factor": 1.3582780583925789,
          "ema_span_0": 173.3662244373156,
          "ema_span_1": 815.1428529671767,
          "enabled": true,
          "initial_eprice_ema_dist": -0.009561277961195009,
          "initial_qty_pct": 0.019057815596801017,
          "markup_range": 0.00448200488763473,
          "min_markup": 0.009999450663009597,
          "n_close_orders": 12,
          "rentry_pprice_dist": 0.043205356454695185,
          "rentry_pprice_dist_wallet_exposure_weighting": 1.3418848003779198,
          "wallet_exposure_limit": 1.0},
 "short": {"auto_unstuck_ema_dist": -0.06512348570267404,
           "auto_unstuck_wallet_exposure_threshold": 0.06210466815076244,
           "backwards_tp": true,
           "ddown_factor": 2.120328414557248,
           "ema_span_0": 517.7013445831636,
           "ema_span_1": 118.97537965192907,
           "enabled": false,
           "initial_eprice_ema_dist": -0.023012914790248903,
           "initial_qty_pct": 0.022367147085297988,
           "markup_range": 0.0,
           "min_markup": 0.005179196021498408,
           "n_close_orders": 1,
           "rentry_pprice_dist": 0.05,
           "rentry_pprice_dist_wallet_exposure_weighting": 33.54402776974245,
           "wallet_exposure_limit": 1.0}}