{"config_name": "recursive_grid_0days",
 "logging_level": 0,
 "long": {"auto_unstuck_ema_dist": 0.0009992144063302062,
          "auto_unstuck_wallet_exposure_threshold": 0.06821694585094748,
          "backwards_tp": true,
          "ddown_factor": 1.6532714996128797,
          "ema_span_0": 14.336680471650855,
          "ema_span_1": 297.8477735441991,
          "enabled": true,
          "initial_eprice_ema_dist": -0.01974768194972051,
          "initial_qty_pct": 0.01585023895378272,
          "markup_range": 0.0007007107729718754,
          "min_markup": 0.0073409123495778595,
          "n_close_orders": 5,
          "rentry_pprice_dist": 0.022033469846540105,
          "rentry_pprice_dist_wallet_exposure_weighting": 3.789012780391601,
          "wallet_exposure_limit": 1.0},
 "short": {"auto_unstuck_ema_dist": -0.05633327015330704,
           "auto_unstuck_wallet_exposure_threshold": 0.041772136088025325,
           "backwards_tp": true,
           "ddown_factor": 0.1,
           "ema_span_0": 535.2300558215975,
           "ema_span_1": 1440,
           "enabled": false,
           "initial_eprice_ema_dist": -0.05677254427542034,
           "initial_qty_pct": 0.01,
           "markup_range": 0.06,
           "min_markup": 0.008509813375105618,
           "n_close_orders": 4,
           "rentry_pprice_dist": 0.024445646322138928,
           "rentry_pprice_dist_wallet_exposure_weighting": 22.026040399512887,
           "wallet_exposure_limit": 1.0}}