{"config_name": "recursive_grid_0days",
 "logging_level": 0,
 "long": {"auto_unstuck_ema_dist": -0.09951655110288536,
          "auto_unstuck_wallet_exposure_threshold": 0.034408519910408865,
          "backwards_tp": true,
          "ddown_factor": 0.6405124257103468,
          "ema_span_0": 199.8430032158088,
          "ema_span_1": 988.1076177921652,
          "enabled": true,
          "initial_eprice_ema_dist": 0.002769006272176713,
          "initial_qty_pct": 0.09999998098232203,
          "markup_range": 0.004525367470964906,
          "min_markup": 0.0025922782265697802,
          "n_close_orders": 4,
          "rentry_pprice_dist": 0.04101656272156254,
          "rentry_pprice_dist_wallet_exposure_weighting": 0.0,
          "wallet_exposure_limit": 1.0},
 "short": {"auto_unstuck_ema_dist": -0.09247711500345367,
           "auto_unstuck_wallet_exposure_threshold": 0.04748339995064376,
           "backwards_tp": true,
           "ddown_factor": 0.544196572250089,
           "ema_span_0": 429.97492170767816,
           "ema_span_1": 10,
           "enabled": false,
           "initial_eprice_ema_dist": -0.02223027040228949,
           "initial_qty_pct": 0.017471678811194862,
           "markup_range": 0.009975086611341692,
           "min_markup": 0.01,
           "n_close_orders": 14,
           "rentry_pprice_dist": 0.008541089177766907,
           "rentry_pprice_dist_wallet_exposure_weighting": 9.581814022058964,
           "wallet_exposure_limit": 1.0}}