{"config_name": "recursive_grid_0days",
 "logging_level": 0,
 "long": {"auto_unstuck_ema_dist": -0.003274914761741156,
          "auto_unstuck_wallet_exposure_threshold": 0.036236303519595614,
          "backwards_tp": true,
          "ddown_factor": 2.661293400815135,
          "ema_span_0": 625.4080133091769,
          "ema_span_1": 235.52365578116155,
          "enabled": true,
          "initial_eprice_ema_dist": 0.0075031001863842045,
          "initial_qty_pct": 0.015805584518236136,
          "markup_range": 0.0030643631635055256,
          "min_markup": 0.0026113740573535937,
          "n_close_orders": 13,
          "rentry_pprice_dist": 0.022777081787139553,
          "rentry_pprice_dist_wallet_exposure_weighting": 1.1345493601693657,
          "wallet_exposure_limit": 1.0},
 "short": {"auto_unstuck_ema_dist": -0.07877950258738545,
           "auto_unstuck_wallet_exposure_threshold": 0.030108967067634735,
           "backwards_tp": true,
           "ddown_factor": 0.19349320338614,
           "ema_span_0": 340.59677272416627,
           "ema_span_1": 1271.8200821075534,
           "enabled": false,
           "initial_eprice_ema_dist": -0.08504966670817946,
           "initial_qty_pct": 0.053936285066992974,
           "markup_range": 0.03984193288798268,
           "min_markup": 0.003133829728561228,
           "n_close_orders": 2,
           "rentry_pprice_dist": 0.019161155406603573,
           "rentry_pprice_dist_wallet_exposure_weighting": 27.34040988442886,
           "wallet_exposure_limit": 1.0}}