{"config_name": "recursive_grid_0days",
 "logging_level": 0,
 "long": {"auto_unstuck_ema_dist": -0.010285878956450799,
          "auto_unstuck_wallet_exposure_threshold": 0.03751962703489217,
          "backwards_tp": true,
          "ddown_factor": 1.726922233590798,
          "ema_span_0": 512.3759755334339,
          "ema_span_1": 364.80466730134776,
          "enabled": true,
          "initial_eprice_ema_dist": 0.009998974334848688,
          "initial_qty_pct": 0.03461546127179162,
          "markup_range": 0.009409528736180863,
          "min_markup": 0.004668824629935625,
          "n_close_orders": 12,
          "rentry_pprice_dist": 0.02737737378675412,
          "rentry_pprice_dist_wallet_exposure_weighting": 1.6419495162461033,
          "wallet_exposure_limit": 1.0},
 "short": {"auto_unstuck_ema_dist": -0.030368364724421212,
           "auto_unstuck_wallet_exposure_threshold": 0.09107959952572914,
           "backwards_tp": true,
           "ddown_factor": 1.3992153131252543,
           "ema_span_0": 195.00752202222873,
           "ema_span_1": 111.77115992623264,
           "enabled": false,
           "initial_eprice_ema_dist": 0.009003063527071031,
           "initial_qty_pct": 0.06719266546464629,
           "markup_range": 0.018824989920563532,
           "min_markup": 0.0095096822529449,
           "n_close_orders": 11,
           "rentry_pprice_dist": 0.01884808174808633,
           "rentry_pprice_dist_wallet_exposure_weighting": 11.288675369649482,
           "wallet_exposure_limit": 1.0}}