{"config_name": "recursive_grid_0days",
 "logging_level": 0,
 "long": {"auto_unstuck_ema_dist": -0.006792949974052376,
          "auto_unstuck_wallet_exposure_threshold": 0.03352136631213786,
          "backwards_tp": true,
          "ddown_factor": 0.4030251914364466,
          "ema_span_0": 215.4510099558444,
          "ema_span_1": 500.2036559209534,
          "enabled": true,
          "initial_eprice_ema_dist": 0.005500816393163992,
          "initial_qty_pct": 0.03283270885467845,
          "markup_range": 0.00429133791717761,
          "min_markup": 0.0036998340496519765,
          "n_close_orders": 2,
          "rentry_pprice_dist": 0.017766073610378425,
          "rentry_pprice_dist_wallet_exposure_weighting": 4.684207172112626,
          "wallet_exposure_limit": 1.0},
 "short": {"auto_unstuck_ema_dist": -0.028898505682593945,
           "auto_unstuck_wallet_exposure_threshold": 0.06523108233174046,
           "backwards_tp": true,
           "ddown_factor": 1.7615794994238214,
           "ema_span_0": 33.594361226112554,
           "ema_span_1": 439.1509537946389,
           "enabled": false,
           "initial_eprice_ema_dist": -0.04101456817549398,
           "initial_qty_pct": 0.0510565277067621,
           "markup_range": 0.04961030955663145,
           "min_markup": 0.00693250517865001,
           "n_close_orders": 8,
           "rentry_pprice_dist": 0.015176317017200371,
           "rentry_pprice_dist_wallet_exposure_weighting": 38.93513450327768,
           "wallet_exposure_limit": 1.0}}