{"config_name": "recursive_grid_0days",
 "logging_level": 0,
 "long": {"auto_unstuck_ema_dist": -0.01659949284537267,
          "auto_unstuck_wallet_exposure_threshold": 0.032155652827333174,
          "backwards_tp": true,
          "ddown_factor": 0.25695651584558676,
          "ema_span_0": 186.06864591906083,
          "ema_span_1": 995.9525559245913,
          "enabled": true,
          "initial_eprice_ema_dist": 0.004209402213451195,
          "initial_qty_pct": 0.02684534746039807,
          "markup_range": 0.009887024485886497,
          "min_markup": 0.008583505815062719,
          "n_close_orders": 5,
          "rentry_pprice_dist": 0.022084844582489823,
          "rentry_pprice_dist_wallet_exposure_weighting": 1.8613534033861938,
          "wallet_exposure_limit": 1.0},
 "short": {"auto_unstuck_ema_dist": -0.06390493486368021,
           "auto_unstuck_wallet_exposure_threshold": 0.1,
           "backwards_tp": true,
           "ddown_factor": 0.528393051195927,
           "ema_span_0": 400.6387552204443,
           "ema_span_1": 667.6400080580303,
           "enabled": false,
           "initial_eprice_ema_dist": 0.01,
           "initial_qty_pct": 0.09730930481247106,
           "markup_range": 0.059187443963837225,
           "min_markup": 0.001,
           "n_close_orders": 8,
           "rentry_pprice_dist": 0.04329879190850601,
           "rentry_pprice_dist_wallet_exposure_weighting": 5.679679197280362,
           "wallet_exposure_limit": 1.0}}