{"config_name": "recursive_grid_0days",
 "logging_level": 0,
 "long": {"auto_unstuck_ema_dist": -0.013981089800204741,
          "auto_unstuck_wallet_exposure_threshold": 0.038879493546781774,
          "backwards_tp": true,
          "ddown_factor": 0.7814259431676482,
          "ema_span_0": 619.4118694281477,
          "ema_span_1": 847.077257961226,
          "enabled": true,
          "initial_eprice_ema_dist": 0.004153856088024998,
          "initial_qty_pct": 0.024133909031030052,
          "markup_range": 0.005322476439916885,
          "min_markup": 0.009873259155788374,
          "n_close_orders": 1,
          "rentry_pprice_dist": 0.0308507110626825,
          "rentry_pprice_dist_wallet_exposure_weighting": 1.897425298032196,
          "wallet_exposure_limit": 1.0},
 "short": {"auto_unstuck_ema_dist": -0.1,
           "auto_unstuck_wallet_exposure_threshold": 0.1,
           "backwards_tp": true,
           "ddown_factor": 0.1,
           "ema_span_0": 352.5690476593726,
           "ema_span_1": 711.5138893591983,
           "enabled": false,
           "initial_eprice_ema_dist": 0.001316330069186319,
           "initial_qty_pct": 0.1,
           "markup_range": 0.0,
           "min_markup": 0.004989290250483945,
           "n_close_orders": 1,
           "rentry_pprice_dist": 0.05,
           "rentry_pprice_dist_wallet_exposure_weighting": 40,
           "wallet_exposure_limit": 1.0}}