{"config_name": "clock_0days",
 "long": {"delay_between_fills_minutes_close": 57.897298421761796,
          "delay_between_fills_minutes_entry": 1104.8755363143139,
          "delay_weight_close": 15.169467608331537,
          "delay_weight_entry": 19.653173190133753,
          "ema_dist_lower": 0.003966124735208942,
          "ema_dist_upper": 0.0005301936305591605,
          "ema_span_0": 1032.6774185507247,
          "ema_span_1": 990.6045908086024,
          "enabled": true,
          "markup_range": 0.012612395115446061,
          "min_markup": 0.040935148249751606,
          "n_close_orders": 14,
          "qty_pct_close": 0.08121392721123273,
          "qty_pct_entry": 0.024195049601324976,
          "wallet_exposure_limit": 0.25,
          "we_multiplier_close": 0,
          "we_multiplier_entry": 24.397390814273354},
 "short": {"delay_between_fills_minutes_close": 271.86956496786337,
           "delay_between_fills_minutes_entry": 41.71852647694869,
           "delay_weight_close": 8.077592200314665,
           "delay_weight_entry": 7.018662302370067,
           "ema_dist_lower": 0.01691374549610169,
           "ema_dist_upper": 0.008171755531318546,
           "ema_span_0": 160.9834001411085,
           "ema_span_1": 2235.770393661917,
           "enabled": false,
           "markup_range": 0.07131774004819155,
           "min_markup": 0.08147687878883475,
           "n_close_orders": 15,
           "qty_pct_close": 0.06366230656930702,
           "qty_pct_entry": 0.03424553956950018,
           "wallet_exposure_limit": 1.0,
           "we_multiplier_close": 6.971848959741404,
           "we_multiplier_entry": 11.940550192065881}}