{"config_name": "emas_0days",
 "long": {"delay_between_fills_minutes_close": 959.455714984411,
          "delay_between_fills_minutes_entry": 2910.5387581288487,
          "delay_weight_close": 1.925297263060927,
          "delay_weight_entry": 12.731065195491675,
          "ema_dist_lower": 0.01179583843153422,
          "ema_dist_upper": 0.0032469922392762748,
          "ema_span_0": 977.0783016040004,
          "ema_span_1": 1253.6449681093932,
          "enabled": true,
          "markup_range": 0.0505183324989216,
          "min_markup": 0.07,
          "n_close_orders": 11,
          "qty_pct_close": 0.028022330300064985,
          "qty_pct_entry": 0.02084153639268854,
          "wallet_exposure_limit": 1,
          "we_multiplier_close": 10.575756301410546,
          "we_multiplier_entry": 48.639983356015215},
 "short": {"delay_between_fills_minutes_close": 3876.540882792491,
           "delay_between_fills_minutes_entry": 83.76781969283965,
           "delay_weight_close": 39.34664190031073,
           "delay_weight_entry": 23.109487018223216,
           "ema_dist_lower": 0.011747211242806874,
           "ema_dist_upper": 0.010329493695683036,
           "ema_span_0": 608.9601839041298,
           "ema_span_1": 154.4632616696719,
           "enabled": false,
           "markup_range": 0.0017881399354737694,
           "min_markup": 0.04970565916769816,
           "n_close_orders": 5,
           "qty_pct_close": 0.03477772407363192,
           "qty_pct_entry": 0.036850680832183375,
           "wallet_exposure_limit": 1.0,
           "we_multiplier_close": 46.827633820069934,
           "we_multiplier_entry": 5.971625613873939}}