{"config_name": "recursive_grid_0days",
 "logging_level": 0,
 "long": {"auto_unstuck_ema_dist": 0.053083046583158724,
          "auto_unstuck_wallet_exposure_threshold": 0.03304581575341729,
          "backwards_tp": false,
          "ddown_factor": 1.8240640373815606,
          "ema_span_0": 4231.733176172713,
          "ema_span_1": 3095.053102399081,
          "enabled": false,
          "initial_eprice_ema_dist": -0.017897070299070297,
          "initial_qty_pct": 0.015,
          "markup_range": 0.007546397059744295,
          "min_markup": 0.0025042292161001414,
          "n_close_orders": 10,
          "rentry_pprice_dist": 0.048683313364863666,
          "rentry_pprice_dist_wallet_exposure_weighting": 64.36984770592831,
          "wallet_exposure_limit": 0.1},
 "short": {"auto_unstuck_ema_dist": 0,
           "auto_unstuck_wallet_exposure_threshold": 0,
           "backwards_tp": false,
           "ddown_factor": 0.6295611665873038,
           "ema_span_0": 3677.189571514705,
           "ema_span_1": 2194.744964619203,
           "enabled": true,
           "initial_eprice_ema_dist": -0.05134748791136697,
           "initial_qty_pct": 0.0025818265117844613,
           "markup_range": 0.022297324287943853,
           "min_markup": 0.008975266137333314,
           "n_close_orders": 3,
           "rentry_pprice_dist": 0.03325196048845447,
           "rentry_pprice_dist_wallet_exposure_weighting": 0.0,
           "wallet_exposure_limit": 0.2}}