{"config_name": "recursive_grid_0days",
 "logging_level": 0,
 "long": {"auto_unstuck_ema_dist": 0.015513752433196075,
          "auto_unstuck_wallet_exposure_threshold": 0.07834625491470523,
          "backwards_tp": false,
          "ddown_factor": 1.8079263191046278,
          "ema_span_0": 2464.880748991554,
          "ema_span_1": 5977.935340360522,
          "enabled": true,
          "initial_eprice_ema_dist": -0.06754441006377332,
          "initial_qty_pct": 0.015,
          "markup_range": 0.028600562086058663,
          "min_markup": 0.0026028646609368624,
          "n_close_orders": 8,
          "rentry_pprice_dist": 0.03933811129527089,
          "rentry_pprice_dist_wallet_exposure_weighting": 3.510552318431757,
          "wallet_exposure_limit": 0.1},
 "short": {"auto_unstuck_ema_dist": 0.012053994698220927,
           "auto_unstuck_wallet_exposure_threshold": 0.027154009546961035,
           "backwards_tp": false,
           "ddown_factor": 2.9088795181744715,
           "ema_span_0": 3493.1864699401012,
           "ema_span_1": 7592.369814438198,
           "enabled": true,
           "initial_eprice_ema_dist": -0.028529697018942108,
           "initial_qty_pct": 0.015,
           "markup_range": 0.01917871736117189,
           "min_markup": 0.0019110783174021424,
           "n_close_orders": 13,
           "rentry_pprice_dist": 0.040580274737862666,
           "rentry_pprice_dist_wallet_exposure_weighting": 45.42224658517593,
           "wallet_exposure_limit": 0.1}}