{"config_name": "recursive_grid_0days",
 "logging_level": 0,
 "long": {"auto_unstuck_ema_dist": 0.003,
          "auto_unstuck_wallet_exposure_threshold": 0.034067036112149354,
          "backwards_tp": true,
          "ddown_factor": 0.4652417020304411,
          "ema_span_0": 1243.2973474551695,
          "ema_span_1": 461.05461215145795,
          "enabled": true,
          "initial_eprice_ema_dist": -0.0135223749627129,
          "initial_qty_pct": 0.013979418444357532,
          "markup_range": 0.006866064487247852,
          "min_markup": 0.007291044624525317,
          "n_close_orders": 15,
          "rentry_pprice_dist": 0.03393491166180576,
          "rentry_pprice_dist_wallet_exposure_weighting": 1.530452836150768,
          "wallet_exposure_limit": 1},
 "short": {"auto_unstuck_ema_dist": -0.05947269778648112,
           "auto_unstuck_wallet_exposure_threshold": 0.08300620008965437,
           "backwards_tp": true,
           "ddown_factor": 2.5681853555967997,
           "ema_span_0": 586.1527577479372,
           "ema_span_1": 677.5289462056581,
           "enabled": false,
           "initial_eprice_ema_dist": -0.029830709199434674,
           "initial_qty_pct": 0.056898485978418616,
           "markup_range": 0.03945351176072765,
           "min_markup": 0.007865039699294179,
           "n_close_orders": 15,
           "rentry_pprice_dist": 0.032199847775374484,
           "rentry_pprice_dist_wallet_exposure_weighting": 10.394700314114608,
           "wallet_exposure_limit": 1.0}}