{"config_name": "recursive_grid_0days",
 "logging_level": 0,
 "long": {"auto_unstuck_ema_dist": 0.0005183449990933865,
          "auto_unstuck_wallet_exposure_threshold": 0.035473504359288,
          "backwards_tp": true,
          "ddown_factor": 1.2838576278188898,
          "ema_span_0": 1208.474946223006,
          "ema_span_1": 1363.6753678242217,
          "enabled": true,
          "initial_eprice_ema_dist": 0.004,
          "initial_qty_pct": 0.012733198923988196,
          "markup_range": 0.004341367848034536,
          "min_markup": 0.003767748383235417,
          "n_close_orders": 4,
          "rentry_pprice_dist": 0.020830193804171303,
          "rentry_pprice_dist_wallet_exposure_weighting": 0.051675661096272446,
          "wallet_exposure_limit": 1},
 "short": {"auto_unstuck_ema_dist": -0.0331984069229769,
           "auto_unstuck_wallet_exposure_threshold": 0.07360147761984989,
           "backwards_tp": true,
           "ddown_factor": 1.7791848260543248,
           "ema_span_0": 718.7990982810593,
           "ema_span_1": 673.9365826645435,
           "enabled": false,
           "initial_eprice_ema_dist": -0.07360077044461964,
           "initial_qty_pct": 0.02581686881042889,
           "markup_range": 0.014179438299141391,
           "min_markup": 0.003088900732279578,
           "n_close_orders": 15,
           "rentry_pprice_dist": 0.011856928186322294,
           "rentry_pprice_dist_wallet_exposure_weighting": 1.7638432994531228,
           "wallet_exposure_limit": 1.0}}