{"config_name": "recursive_grid_0days",
 "logging_level": 0,
 "long": {"auto_unstuck_ema_dist": 0.0009537407055634626,
          "auto_unstuck_wallet_exposure_threshold": 0.07020925488401085,
          "backwards_tp": true,
          "ddown_factor": 1.2632857965421145,
          "ema_span_0": 518.6619469959414,
          "ema_span_1": 601.61475895516,
          "enabled": true,
          "initial_eprice_ema_dist": 0.0057538875246115374,
          "initial_qty_pct": 0.01947279297176903,
          "markup_range": 0.012140549567630289,
          "min_markup": 0.008374239182857764,
          "n_close_orders": 5,
          "rentry_pprice_dist": 0.042246031498476125,
          "rentry_pprice_dist_wallet_exposure_weighting": 1.4482429488760553,
          "wallet_exposure_limit": 1.0},
 "short": {"auto_unstuck_ema_dist": -0.05533493717857431,
           "auto_unstuck_wallet_exposure_threshold": 0.08314331367900632,
           "backwards_tp": true,
           "ddown_factor": 1.8439806388719076,
           "ema_span_0": 688.3325959501288,
           "ema_span_1": 720.6766377340792,
           "enabled": false,
           "initial_eprice_ema_dist": -0.02980259349467554,
           "initial_qty_pct": 0.09375353921423028,
           "markup_range": 0.025542974139596237,
           "min_markup": 0.009736377502790806,
           "n_close_orders": 5,
           "rentry_pprice_dist": 0.020989954517655635,
           "rentry_pprice_dist_wallet_exposure_weighting": 36.17336697527533,
           "wallet_exposure_limit": 1.0}}