{"config_name": "recursive_grid_0days",
 "logging_level": 0,
 "long": {"auto_unstuck_ema_dist": -0.019642267126449175,
          "auto_unstuck_wallet_exposure_threshold": 0.05535096572550268,
          "backwards_tp": true,
          "ddown_factor": 2.6808248102671914,
          "ema_span_0": 708.2791480099831,
          "ema_span_1": 649.6522744867046,
          "enabled": true,
          "initial_eprice_ema_dist": 0.009847856607821302,
          "initial_qty_pct": 0.012526116972111817,
          "markup_range": 0.006618163760435828,
          "min_markup": 0.0021735265709196426,
          "n_close_orders": 4,
          "rentry_pprice_dist": 0.025504396723915503,
          "rentry_pprice_dist_wallet_exposure_weighting": 2.96521315567273,
          "wallet_exposure_limit": 1.0},
 "short": {"auto_unstuck_ema_dist": -0.09960032941813325,
           "auto_unstuck_wallet_exposure_threshold": 0.05389962666035529,
           "backwards_tp": true,
           "ddown_factor": 2.4455104653139306,
           "ema_span_0": 437.68203563388136,
           "ema_span_1": 452.46558309067046,
           "enabled": false,
           "initial_eprice_ema_dist": -0.06345200227152295,
           "initial_qty_pct": 0.0992408095205504,
           "markup_range": 0.014248384687026815,
           "min_markup": 0.0030751987624561866,
           "n_close_orders": 4,
           "rentry_pprice_dist": 0.04791743935379127,
           "rentry_pprice_dist_wallet_exposure_weighting": 23.536648311421654,
           "wallet_exposure_limit": 1.0}}