{"config_name": "recursive_grid_0days",
 "logging_level": 0,
 "long": {"auto_unstuck_ema_dist": -0.009538356349874879,
          "auto_unstuck_wallet_exposure_threshold": 0.042254293157837144,
          "backwards_tp": true,
          "ddown_factor": 1.909997104382741,
          "ema_span_0": 327.61589242846424,
          "ema_span_1": 1249.7401408233134,
          "enabled": true,
          "initial_eprice_ema_dist": -0.03251038281028809,
          "initial_qty_pct": 0.013391214937793666,
          "markup_range": 0.047115702803777054,
          "min_markup": 0.0032492166446850537,
          "n_close_orders": 1,
          "rentry_pprice_dist": 0.023750261388649434,
          "rentry_pprice_dist_wallet_exposure_weighting": 0.0019088622766643072,
          "wallet_exposure_limit": 1.0},
 "short": {"auto_unstuck_ema_dist": -0.06051512605535454,
           "auto_unstuck_wallet_exposure_threshold": 0.1,
           "backwards_tp": true,
           "ddown_factor": 2.6475160998325946,
           "ema_span_0": 590.0006433927605,
           "ema_span_1": 751.7575300634792,
           "enabled": false,
           "initial_eprice_ema_dist": -0.056817909719713997,
           "initial_qty_pct": 0.01,
           "markup_range": 0.0,
           "min_markup": 0.01,
           "n_close_orders": 11,
           "rentry_pprice_dist": 0.05,
           "rentry_pprice_dist_wallet_exposure_weighting": 7.689619603828392,
           "wallet_exposure_limit": 1.0}}