{"config_name": "recursive_grid_0days",
 "logging_level": 0,
 "long": {"auto_unstuck_ema_dist": -0.003960662664881549,
          "auto_unstuck_wallet_exposure_threshold": 0.04249079089533082,
          "backwards_tp": true,
          "ddown_factor": 1.1576403631041827,
          "ema_span_0": 451.66367632485037,
          "ema_span_1": 201.9070959474943,
          "enabled": true,
          "initial_eprice_ema_dist": 0.005578051252109932,
          "initial_qty_pct": 0.02237008684802738,
          "markup_range": 0.05763337818096454,
          "min_markup": 0.0051324107601657225,
          "n_close_orders": 1,
          "rentry_pprice_dist": 0.00955411653104167,
          "rentry_pprice_dist_wallet_exposure_weighting": 2.345998852543719,
          "wallet_exposure_limit": 1.0},
 "short": {"auto_unstuck_ema_dist": -0.04125542244884518,
           "auto_unstuck_wallet_exposure_threshold": 0.07819751575599104,
           "backwards_tp": true,
           "ddown_factor": 0.1,
           "ema_span_0": 279.4707497499348,
           "ema_span_1": 1440,
           "enabled": false,
           "initial_eprice_ema_dist": 0.01,
           "initial_qty_pct": 0.04968227249079426,
           "markup_range": 0.03147073121340033,
           "min_markup": 0.004869506447320537,
           "n_close_orders": 4,
           "rentry_pprice_dist": 0.042243460430077845,
           "rentry_pprice_dist_wallet_exposure_weighting": 40,
           "wallet_exposure_limit": 1.0}}