{"config_name": "recursive_grid_0days",
 "logging_level": 0,
 "long": {"auto_unstuck_ema_dist": -0.010085001807631907,
          "auto_unstuck_wallet_exposure_threshold": 0.06348459172876987,
          "backwards_tp": true,
          "ddown_factor": 1.3404756067661492,
          "ema_span_0": 632.3972021196702,
          "ema_span_1": 1108.6559886854816,
          "enabled": true,
          "initial_eprice_ema_dist": 0.005023199153796495,
          "initial_qty_pct": 0.015704993051245574,
          "markup_range": 0.013760158603101896,
          "min_markup": 0.009999999920765563,
          "n_close_orders": 1,
          "rentry_pprice_dist": 0.02368345580397736,
          "rentry_pprice_dist_wallet_exposure_weighting": 1.2534889058883842,
          "wallet_exposure_limit": 1.0},
 "short": {"auto_unstuck_ema_dist": -0.028622878667753635,
           "auto_unstuck_wallet_exposure_threshold": 0.06137582234296998,
           "backwards_tp": true,
           "ddown_factor": 2.0884657800766986,
           "ema_span_0": 294.63767318825046,
           "ema_span_1": 1205.7486319259297,
           "enabled": false,
           "initial_eprice_ema_dist": -0.05101441777281802,
           "initial_qty_pct": 0.05861092352809467,
           "markup_range": 0.05011285033008399,
           "min_markup": 0.004303068899212112,
           "n_close_orders": 11,
           "rentry_pprice_dist": 0.04175985014771655,
           "rentry_pprice_dist_wallet_exposure_weighting": 30.428916977169614,
           "wallet_exposure_limit": 1.0}}