{"config_name": "recursive_grid_0days",
 "logging_level": 0,
 "long": {"auto_unstuck_ema_dist": -0.010046054078326636,
          "auto_unstuck_wallet_exposure_threshold": 0.09574891041998693,
          "backwards_tp": true,
          "ddown_factor": 2.65509290671616,
          "ema_span_0": 552.7619350074534,
          "ema_span_1": 1434.3525478003532,
          "enabled": true,
          "initial_eprice_ema_dist": 0.001264729613393697,
          "initial_qty_pct": 0.021252978543524707,
          "markup_range": 0.029016762419493986,
          "min_markup": 0.004530281352219746,
          "n_close_orders": 1,
          "rentry_pprice_dist": 0.02216800036347191,
          "rentry_pprice_dist_wallet_exposure_weighting": 1.6149154328867594,
          "wallet_exposure_limit": 1.0},
 "short": {"auto_unstuck_ema_dist": -0.038271265253650065,
           "auto_unstuck_wallet_exposure_threshold": 0.0942613137996133,
           "backwards_tp": true,
           "ddown_factor": 0.9967592137722076,
           "ema_span_0": 572.2410957903851,
           "ema_span_1": 474.80308676836387,
           "enabled": false,
           "initial_eprice_ema_dist": -0.09647241135880012,
           "initial_qty_pct": 0.1,
           "markup_range": 0.0,
           "min_markup": 0.01,
           "n_close_orders": 16,
           "rentry_pprice_dist": 0.019896281813562407,
           "rentry_pprice_dist_wallet_exposure_weighting": 0.5872488435484655,
           "wallet_exposure_limit": 1.0}}