{"config_name": "recursive_grid_0days",
 "logging_level": 0,
 "long": {"auto_unstuck_ema_dist": -0.0298702610921627,
          "auto_unstuck_wallet_exposure_threshold": 0.09198999485595823,
          "backwards_tp": true,
          "ddown_factor": 0.9623596788406303,
          "ema_span_0": 139.89410959403665,
          "ema_span_1": 464.209514883355,
          "enabled": true,
          "initial_eprice_ema_dist": 0.009999726621540602,
          "initial_qty_pct": 0.020841788814383172,
          "markup_range": 0.001633993787679343,
          "min_markup": 0.003776012217191976,
          "n_close_orders": 5,
          "rentry_pprice_dist": 0.015745638336821487,
          "rentry_pprice_dist_wallet_exposure_weighting": 4.935998765683807,
          "wallet_exposure_limit": 1.0},
 "short": {"auto_unstuck_ema_dist": -0.08598553933876771,
           "auto_unstuck_wallet_exposure_threshold": 0.09263548189704494,
           "backwards_tp": true,
           "ddown_factor": 2.9481267866316982,
           "ema_span_0": 676.5908139164573,
           "ema_span_1": 477.12592475754707,
           "enabled": false,
           "initial_eprice_ema_dist": -0.09711810378437304,
           "initial_qty_pct": 0.024473732869431986,
           "markup_range": 0.010852691562438625,
           "min_markup": 0.00725681284476477,
           "n_close_orders": 1,
           "rentry_pprice_dist": 0.007446082459895399,
           "rentry_pprice_dist_wallet_exposure_weighting": 5.212158874904571,
           "wallet_exposure_limit": 1.0}}