{"config_name": "recursive_grid_0days",
 "logging_level": 0,
 "long": {"auto_unstuck_ema_dist": -0.013927161189841279,
          "auto_unstuck_wallet_exposure_threshold": 0.032119214149652076,
          "backwards_tp": true,
          "ddown_factor": 1.103138160771713,
          "ema_span_0": 93.55957622455463,
          "ema_span_1": 1348.9805363579674,
          "enabled": true,
          "initial_eprice_ema_dist": -0.05535221503585887,
          "initial_qty_pct": 0.01477771299417747,
          "markup_range": 0.005672350073837406,
          "min_markup": 0.003789822985672851,
          "n_close_orders": 3,
          "rentry_pprice_dist": 0.02534294498669523,
          "rentry_pprice_dist_wallet_exposure_weighting": 7.220676051683956e-05,
          "wallet_exposure_limit": 1.0},
 "short": {"auto_unstuck_ema_dist": -0.007140054516543343,
           "auto_unstuck_wallet_exposure_threshold": 0.03455328002743139,
           "backwards_tp": true,
           "ddown_factor": 0.361957023327104,
           "ema_span_0": 423.360551157268,
           "ema_span_1": 260.942153731331,
           "enabled": false,
           "initial_eprice_ema_dist": -0.025427388327478415,
           "initial_qty_pct": 0.01672348740548739,
           "markup_range": 0.008743205114981075,
           "min_markup": 0.002499810716537565,
           "n_close_orders": 11,
           "rentry_pprice_dist": 0.04479904578836086,
           "rentry_pprice_dist_wallet_exposure_weighting": 27.907849724804237,
           "wallet_exposure_limit": 1.0}}