{"config_name": "clock_0days",
 "long": {"delay_between_fills_minutes_close": 341.7076611476434,
          "delay_between_fills_minutes_entry": 298.58297994888693,
          "delay_weight_close": 30.066066290570753,
          "delay_weight_entry": 30.052753109636516,
          "ema_dist_lower": 0,
          "ema_dist_upper": -0.035744981957778775,
          "ema_span_0": 846.9030183936327,
          "ema_span_1": 364.52617514009944,
          "enabled": true,
          "markup_range": 0.023367410834173895,
          "min_markup": 0.026820825297091615,
          "n_close_orders": 2,
          "qty_pct_close": 0.019678896621832344,
          "qty_pct_entry": 0.014841756713899448,
          "wallet_exposure_limit": 0.3,
          "we_multiplier_close": 109.78889000751096,
          "we_multiplier_entry": 73.09466094577057},
 "short": {"delay_between_fills_minutes_close": 349.82682524027626,
           "delay_between_fills_minutes_entry": 155.2541813988888,
           "delay_weight_close": 6.073618350504506,
           "delay_weight_entry": 16.259906339863676,
           "ema_dist_lower": 0.01767346623335259,
           "ema_dist_upper": 0.004811441210734646,
           "ema_span_0": 178.68619095625561,
           "ema_span_1": 291.04167180191234,
           "enabled": false,
           "markup_range": 0.061151609186185854,
           "min_markup": 0.04007238887318993,
           "n_close_orders": 8,
           "qty_pct_close": 0.07606911680345795,
           "qty_pct_entry": 0.06139317642556469,
           "wallet_exposure_limit": 1.0,
           "we_multiplier_close": 8.49944691186734,
           "we_multiplier_entry": 65.60468112128808}}