{"config_name": "recursive_grid_0days",
 "logging_level": 0,
 "long": {"auto_unstuck_ema_dist": 0,
          "auto_unstuck_wallet_exposure_threshold": 0.0,
          "backwards_tp": true,
          "ddown_factor": 2.6837089532601963,
          "ema_span_0": 1109.769708109082,
          "ema_span_1": 1149.5007075247509,
          "enabled": true,
          "initial_eprice_ema_dist": 0.004,
          "initial_qty_pct": 0.027363896538257937,
          "markup_range": 0.0,
          "min_markup": 0.003047317485760915,
          "n_close_orders": 6,
          "rentry_pprice_dist": 0.04684804971444326,
          "rentry_pprice_dist_wallet_exposure_weighting": 1.7115837915994123,
          "wallet_exposure_limit": 0.2},
 "short": {"auto_unstuck_ema_dist": -0.08923909121427624,
           "auto_unstuck_wallet_exposure_threshold": 0.06934597409578006,
           "backwards_tp": true,
           "ddown_factor": 1.9923389473104438,
           "ema_span_0": 864.6654683613448,
           "ema_span_1": 1057.1620692020103,
           "enabled": false,
           "initial_eprice_ema_dist": -0.08162927146929475,
           "initial_qty_pct": 0.08111824490645533,
           "markup_range": 0.03134198273711499,
           "min_markup": 0.00336011484221657,
           "n_close_orders": 6,
           "rentry_pprice_dist": 0.00835724160181395,
           "rentry_pprice_dist_wallet_exposure_weighting": 19.97014237785811,
           "wallet_exposure_limit": 1.0}}