{"config_name": "clock_0days",
 "long": {"backwards_tp": true,
          "delay_between_fills_minutes_close": 933.9920614237525,
          "delay_between_fills_minutes_entry": 1243.1427519878318,
          "delay_weight_close": 85.9825439046249,
          "delay_weight_entry": 16.501668426096145,
          "ema_dist_close": -0.004386707080208922,
          "ema_dist_entry": 0.004,
          "ema_span_0": 1326.670282971026,
          "ema_span_1": 5,
          "enabled": true,
          "markup_range": 0.018531077282420746,
          "min_markup": 0.008328925484530448,
          "n_close_orders": 4,
          "qty_pct_close": 0.09754343334018939,
          "qty_pct_entry": 0.018051565637768073,
          "wallet_exposure_limit": 0.4,
          "we_multiplier_close": 98.82216591456627,
          "we_multiplier_entry": 52.06264252848911},
 "short": {"backwards_tp": true,
           "delay_between_fills_minutes_close": 608.450863442055,
           "delay_between_fills_minutes_entry": 1438.5843622698258,
           "delay_weight_close": 29.086274650311328,
           "delay_weight_entry": 42.7288290461591,
           "ema_dist_close": -0.024041535445349618,
           "ema_dist_entry": 0.003160604373070121,
           "ema_span_0": 283.4364916951212,
           "ema_span_1": 601.0220190379209,
           "enabled": false,
           "markup_range": 0.041083421406872496,
           "min_markup": 0.003070657753534181,
           "n_close_orders": 14,
           "qty_pct_close": 0.010007100505740815,
           "qty_pct_entry": 0.027338030947917986,
           "wallet_exposure_limit": 1.0,
           "we_multiplier_close": 32.1141048244996,
           "we_multiplier_entry": 93.49785968543873}}