{"config_name": "recursive_grid_0days",
 "logging_level": 0,
 "long": {"auto_unstuck_ema_dist": -0.012228788142673903,
          "auto_unstuck_wallet_exposure_threshold": 0.039800789043587616,
          "backwards_tp": true,
          "ddown_factor": 1.701006562008652,
          "ema_span_0": 50.82189708934105,
          "ema_span_1": 1400.7820039098078,
          "enabled": true,
          "initial_eprice_ema_dist": -0.00047239003016469284,
          "initial_qty_pct": 0.023019557370444244,
          "markup_range": 0.0023422152104316165,
          "min_markup": 0.0034933235221046885,
          "n_close_orders": 10,
          "rentry_pprice_dist": 0.027330654870626685,
          "rentry_pprice_dist_wallet_exposure_weighting": 1.9436350764671584,
          "wallet_exposure_limit": 0.2},
 "short": {"auto_unstuck_ema_dist": -0.07463746463033154,
           "auto_unstuck_wallet_exposure_threshold": 0.053289016054083774,
           "backwards_tp": true,
           "ddown_factor": 0.5279306000522626,
           "ema_span_0": 1352.560094959825,
           "ema_span_1": 305.3905163798794,
           "enabled": false,
           "initial_eprice_ema_dist": -0.07616639296463522,
           "initial_qty_pct": 0.035093347352775923,
           "markup_range": 0.0024717152332066816,
           "min_markup": 0.009643846847498506,
           "n_close_orders": 10,
           "rentry_pprice_dist": 0.04118543897552374,
           "rentry_pprice_dist_wallet_exposure_weighting": 15.673269149901941,
           "wallet_exposure_limit": 1.0}}