{"config_name": "recursive_grid_0days",
 "logging_level": 0,
 "long": {"auto_unstuck_ema_dist": 0.07812971983906598,
          "auto_unstuck_wallet_exposure_threshold": 0.08052169823616787,
          "backwards_tp": false,
          "ddown_factor": 1.9943431158958727,
          "ema_span_0": 2471.021979044811,
          "ema_span_1": 3110.990488643454,
          "enabled": false,
          "initial_eprice_ema_dist": -0.030744380508339303,
          "initial_qty_pct": 0.015,
          "markup_range": 0.025734443365214736,
          "min_markup": 0.003123570993881038,
          "n_close_orders": 18,
          "rentry_pprice_dist": 0.028913589701922447,
          "rentry_pprice_dist_wallet_exposure_weighting": 31.54785243138994,
          "wallet_exposure_limit": 0.1},
 "short": {"auto_unstuck_ema_dist": 0,
           "auto_unstuck_wallet_exposure_threshold": 0,
           "backwards_tp": false,
           "ddown_factor": 1.7908832599732583,
           "ema_span_0": 873.7353847311256,
           "ema_span_1": 2237.5037512276367,
           "enabled": true,
           "initial_eprice_ema_dist": -0.007731355789963365,
           "initial_qty_pct": 0.001924166281876741,
           "markup_range": 0.028229558864219885,
           "min_markup": 0.007946702709043183,
           "n_close_orders": 3,
           "rentry_pprice_dist": 0.031161129119126278,
           "rentry_pprice_dist_wallet_exposure_weighting": 0,
           "wallet_exposure_limit": 0.2}}