{"config_name": "recursive_grid_0days",
 "logging_level": 0,
 "long": {"auto_unstuck_ema_dist": -0.00015734071836925705,
          "auto_unstuck_wallet_exposure_threshold": 0.04025297784200094,
          "backwards_tp": false,
          "ddown_factor": 1.48944692235068,
          "ema_span_0": 509.4304949837681,
          "ema_span_1": 701.9246202223915,
          "enabled": true,
          "initial_eprice_ema_dist": -0.1,
          "initial_qty_pct": 0.002279638388402368,
          "markup_range": 0.021677352176726308,
          "min_markup": 0.004578727541979716,
          "n_close_orders": 6,
          "rentry_pprice_dist": 0.014082497652444665,
          "rentry_pprice_dist_wallet_exposure_weighting": 1.8383263216987986,
          "wallet_exposure_limit": 0.3},
 "short": {"auto_unstuck_ema_dist": -0.022861791748868543,
           "auto_unstuck_wallet_exposure_threshold": 0.0666394230798503,
           "backwards_tp": true,
           "ddown_factor": 0.14790536793377676,
           "ema_span_0": 1366.9212749972455,
           "ema_span_1": 888.3378715415271,
           "enabled": false,
           "initial_eprice_ema_dist": -0.006119334220474379,
           "initial_qty_pct": 0.019415220004179383,
           "markup_range": 0.012286436016231085,
           "min_markup": 0.006456035096352555,
           "n_close_orders": 12,
           "rentry_pprice_dist": 0.04396677912667488,
           "rentry_pprice_dist_wallet_exposure_weighting": 9.548957768956203,
           "wallet_exposure_limit": 1.0}}