{"config_name": "recursive_grid_0days",
 "logging_level": 0,
 "long": {"auto_unstuck_ema_dist": -0.003345883536255763,
          "auto_unstuck_wallet_exposure_threshold": 0.0379657699590929,
          "backwards_tp": false,
          "ddown_factor": 1.919994994932825,
          "ema_span_0": 363.5445939719897,
          "ema_span_1": 983.1196153457159,
          "enabled": true,
          "initial_eprice_ema_dist": -0.1,
          "initial_qty_pct": 0.0012894661596980093,
          "markup_range": 0.02779839018009086,
          "min_markup": 0.0036160235408566393,
          "n_close_orders": 8,
          "rentry_pprice_dist": 0.019871648053388247,
          "rentry_pprice_dist_wallet_exposure_weighting": 0.0,
          "wallet_exposure_limit": 0.3},
 "short": {"auto_unstuck_ema_dist": -0.09185670418437253,
           "auto_unstuck_wallet_exposure_threshold": 0.07417779053538248,
           "backwards_tp": true,
           "ddown_factor": 0.8965338561455679,
           "ema_span_0": 999.2203361051581,
           "ema_span_1": 469.0248541607084,
           "enabled": false,
           "initial_eprice_ema_dist": -0.004196010634261282,
           "initial_qty_pct": 0.014495425448349952,
           "markup_range": 0.02095657712092434,
           "min_markup": 0.00938465054235909,
           "n_close_orders": 6,
           "rentry_pprice_dist": 0.012462431094983632,
           "rentry_pprice_dist_wallet_exposure_weighting": 10.749066939479427,
           "wallet_exposure_limit": 1.0}}