{"config_name": "recursive_grid_0days",
 "logging_level": 0,
 "long": {"auto_unstuck_ema_dist": 0.003,
          "auto_unstuck_wallet_exposure_threshold": 0.09686125332512979,
          "backwards_tp": false,
          "ddown_factor": 1.7566218256903323,
          "ema_span_0": 845.1600847910812,
          "ema_span_1": 998.8183752721222,
          "enabled": true,
          "initial_eprice_ema_dist": -0.1,
          "initial_qty_pct": 0.002149778882283591,
          "markup_range": 0.03347097576473402,
          "min_markup": 0.008789679859669962,
          "n_close_orders": 7,
          "rentry_pprice_dist": 0.023760928876196998,
          "rentry_pprice_dist_wallet_exposure_weighting": 7.5783040221155185,
          "wallet_exposure_limit": 0.3},
 "short": {"auto_unstuck_ema_dist": -0.06727676207891263,
           "auto_unstuck_wallet_exposure_threshold": 0.06927203075159967,
           "backwards_tp": true,
           "ddown_factor": 2.421152044132493,
           "ema_span_0": 97.09316340216996,
           "ema_span_1": 23.815052287965507,
           "enabled": false,
           "initial_eprice_ema_dist": -0.00214480085545328,
           "initial_qty_pct": 0.01939804105858365,
           "markup_range": 0.03980226550200439,
           "min_markup": 0.0020021798437607394,
           "n_close_orders": 8,
           "rentry_pprice_dist": 0.044626270692584805,
           "rentry_pprice_dist_wallet_exposure_weighting": 8.96995435596623,
           "wallet_exposure_limit": 1.0}}