{"config_name": "recursive_grid_0days",
 "logging_level": 0,
 "long": {"auto_unstuck_ema_dist": 0.0024854050561182034,
          "auto_unstuck_wallet_exposure_threshold": 0.034485632173987056,
          "backwards_tp": false,
          "ddown_factor": 2.415902665205358,
          "ema_span_0": 833.3279830512466,
          "ema_span_1": 447.456732807869,
          "enabled": true,
          "initial_eprice_ema_dist": -0.1,
          "initial_qty_pct": 0.0023003728032227255,
          "markup_range": 0.03824949703177528,
          "min_markup": 0.003078808501881076,
          "n_close_orders": 6,
          "rentry_pprice_dist": 0.026097769135235212,
          "rentry_pprice_dist_wallet_exposure_weighting": 3.1409682708793185,
          "wallet_exposure_limit": 0.3},
 "short": {"auto_unstuck_ema_dist": -0.06596727717630452,
           "auto_unstuck_wallet_exposure_threshold": 0.0917095926111577,
           "backwards_tp": true,
           "ddown_factor": 0.8992039122197734,
           "ema_span_0": 998.0539594497426,
           "ema_span_1": 200.17636327640136,
           "enabled": false,
           "initial_eprice_ema_dist": -0.044629017597169765,
           "initial_qty_pct": 0.015474259674411385,
           "markup_range": 0.034366333512345984,
           "min_markup": 0.0046070770133578125,
           "n_close_orders": 13,
           "rentry_pprice_dist": 0.02644240789915398,
           "rentry_pprice_dist_wallet_exposure_weighting": 13.113906836817455,
           "wallet_exposure_limit": 1.0}}