{"config_name": "clock_0days",
 "long": {"delay_between_fills_minutes_close": 135.89075457733816,
          "delay_between_fills_minutes_entry": 1390.7522986104543,
          "delay_weight_close": 4.6915529381407435,
          "delay_weight_entry": 13.693324671306625,
          "ema_dist_lower": 0.006050831036385997,
          "ema_dist_upper": 0.0026731163033669614,
          "ema_span_0": 1026.308099881747,
          "ema_span_1": 1009.9465779192788,
          "enabled": true,
          "markup_range": 0.05172601882488958,
          "min_markup": 0.04991643356985058,
          "n_close_orders": 2,
          "qty_pct_close": 0.07103216097871978,
          "qty_pct_entry": 0.03473390110923421,
          "wallet_exposure_limit": 0.25,
          "we_multiplier_close": 6.357660118271481,
          "we_multiplier_entry": 49.106200623650935},
 "short": {"delay_between_fills_minutes_close": 639.3989638532428,
           "delay_between_fills_minutes_entry": 1140.3016320466836,
           "delay_weight_close": 6.048414586174284,
           "delay_weight_entry": 3.807072588036322,
           "ema_dist_lower": 0.014988681933700962,
           "ema_dist_upper": 0.01613236755720771,
           "ema_span_0": 410.89778118384874,
           "ema_span_1": 2336.6568620273706,
           "enabled": false,
           "markup_range": 0.05054111017890507,
           "min_markup": 0.004331515773696622,
           "n_close_orders": 7,
           "qty_pct_close": 0.03716504336328859,
           "qty_pct_entry": 0.029669970802807075,
           "wallet_exposure_limit": 1.0,
           "we_multiplier_close": 4.857028658129863,
           "we_multiplier_entry": 0.25628065812524303}}