{"config_name": "recursive_grid_0days",
 "logging_level": 0,
 "long": {"auto_unstuck_ema_dist": 0.012994019343906062,
          "auto_unstuck_wallet_exposure_threshold": 0.1,
          "backwards_tp": true,
          "ddown_factor": 3,
          "ema_span_0": 1814.03303479476,
          "ema_span_1": 2123.4372487995015,
          "enabled": true,
          "initial_eprice_ema_dist": 0.009829546175651373,
          "initial_qty_pct": 0.015,
          "markup_range": 0.009392691405501915,
          "min_markup": 0.004,
          "n_close_orders": 9,
          "rentry_pprice_dist": 0.04113724175006837,
          "rentry_pprice_dist_wallet_exposure_weighting": 0,
          "wallet_exposure_limit": 0.2},
 "short": {"auto_unstuck_ema_dist": 0.018570679892626354,
           "auto_unstuck_wallet_exposure_threshold": 0.08676295621972165,
           "backwards_tp": true,
           "ddown_factor": 2.9619279398560656,
           "ema_span_0": 1640.44478391866,
           "ema_span_1": 692.7948751985293,
           "enabled": false,
           "initial_eprice_ema_dist": -0.09384813225151731,
           "initial_qty_pct": 0.015,
           "markup_range": 0.019013811457003923,
           "min_markup": 0.001650774231231189,
           "n_close_orders": 10,
           "rentry_pprice_dist": 0.041837372065588546,
           "rentry_pprice_dist_wallet_exposure_weighting": 25.25916414496653,
           "wallet_exposure_limit": 0.1}}