{"config_name": "recursive_grid_0days",
 "logging_level": 0,
 "long": {"auto_unstuck_ema_dist": 0.027027211341935538,
          "auto_unstuck_wallet_exposure_threshold": 0.04279663645698074,
          "backwards_tp": true,
          "ddown_factor": 1.3564182114074221,
          "ema_span_0": 258.5975557714849,
          "ema_span_1": 10,
          "enabled": true,
          "initial_eprice_ema_dist": -0.09536964199594748,
          "initial_qty_pct": 0.014717052610450105,
          "markup_range": 0.0036017295162981727,
          "min_markup": 0.0044464289625927005,
          "n_close_orders": 10,
          "rentry_pprice_dist": 0.048570159656670955,
          "rentry_pprice_dist_wallet_exposure_weighting": 0.4630642330126572,
          "wallet_exposure_limit": 0.2},
 "short": {"auto_unstuck_ema_dist": 0.05745270601026647,
           "auto_unstuck_wallet_exposure_threshold": 0.09358571266846323,
           "backwards_tp": true,
           "ddown_factor": 1.4242992016602984,
           "ema_span_0": 3848.6865441152495,
           "ema_span_1": 332.5557481237741,
           "enabled": false,
           "initial_eprice_ema_dist": -0.0994559965193882,
           "initial_qty_pct": 0.017086394320495666,
           "markup_range": 0.008626260382744779,
           "min_markup": 0.008111322572497397,
           "n_close_orders": 19,
           "rentry_pprice_dist": 0.03343689806581487,
           "rentry_pprice_dist_wallet_exposure_weighting": 39.27264278977096,
           "wallet_exposure_limit": 0.1}}