{"config_name": "emas_0days",
 "long": {"delay_between_fills_minutes_close": 3756.842116121794,
          "delay_between_fills_minutes_entry": 2471.4668682832134,
          "delay_weight_close": 43.23107629309848,
          "delay_weight_entry": 9.319030079337,
          "ema_dist_lower": 0.0074661230446493,
          "ema_dist_upper": 0.009383777740437589,
          "ema_span_0": 115.04842686958118,
          "ema_span_1": 1213.7206740306654,
          "enabled": true,
          "markup_range": 0.06616894257230121,
          "min_markup": 0.07,
          "n_close_orders": 5,
          "qty_pct_close": 0.021611058662902964,
          "qty_pct_entry": 0.021049741749849648,
          "wallet_exposure_limit": 1,
          "we_multiplier_close": 0,
          "we_multiplier_entry": 26.53324604574643},
 "short": {"delay_between_fills_minutes_close": 3376.033695703417,
           "delay_between_fills_minutes_entry": 1889.3348971909181,
           "delay_weight_close": 20.98615740298602,
           "delay_weight_entry": 37.94824332090881,
           "ema_dist_lower": 0.015052905204483814,
           "ema_dist_upper": 0.005366182394537595,
           "ema_span_0": 651.3952671799126,
           "ema_span_1": 1443.4268077518884,
           "enabled": false,
           "markup_range": 0.061300897751051665,
           "min_markup": 0.05608791538430049,
           "n_close_orders": 10,
           "qty_pct_close": 0.038997669957835795,
           "qty_pct_entry": 0.047688180899378305,
           "wallet_exposure_limit": 1.0,
           "we_multiplier_close": 23.21231677888281,
           "we_multiplier_entry": 7.446873410192766}}