{"config_name": "neat_grid_0days",
 "logging_level": 0,
 "long": {"auto_unstuck_ema_dist": 0.0866341503014711,
          "auto_unstuck_wallet_exposure_threshold": 0.31128069747909454,
          "backwards_tp": true,
          "ema_span_0": 1139.3996263763281,
          "ema_span_1": 1186.1694302833735,
          "enabled": true,
          "eprice_exp_base": 1.1416684733046825,
          "eqty_exp_base": 1.2717144540054763,
          "grid_span": 0.22161729842751798,
          "initial_eprice_ema_dist": -0.06163828276903182,
          "initial_qty_pct": 0.01,
          "markup_range": 0.003,
          "max_n_entry_orders": 6,
          "min_markup": 0.002,
          "n_close_orders": 5,
          "wallet_exposure_limit": 0.2},
 "short": {"auto_unstuck_ema_dist": 0.09522715712392704,
           "auto_unstuck_wallet_exposure_threshold": 0.40826670820201894,
           "backwards_tp": true,
           "ema_span_0": 3877.4327518214245,
           "ema_span_1": 3914.2484454079554,
           "enabled": true,
           "eprice_exp_base": 1.2650518092329606,
           "eqty_exp_base": 2.6291084911784735,
           "grid_span": 0.23133072397189428,
           "initial_eprice_ema_dist": -0.06396280498044335,
           "initial_qty_pct": 0.01,
           "markup_range": 0.003,
           "max_n_entry_orders": 11,
           "min_markup": 0.002,
           "n_close_orders": 17,
           "wallet_exposure_limit": 0.1}}