{"config_name": "recursive_grid_0days",
 "logging_level": 0,
 "long": {"auto_unstuck_ema_dist": 0.0,
          "auto_unstuck_wallet_exposure_threshold": 0.0,
          "backwards_tp": false,
          "ddown_factor": 1.805823194339943,
          "ema_span_0": 229.86232164848343,
          "ema_span_1": 288.67367757865975,
          "enabled": true,
          "initial_eprice_ema_dist": -0.1,
          "initial_qty_pct": 0.004151969228828355,
          "markup_range": 0.04,
          "min_markup": 0.008356450265488613,
          "n_close_orders": 5,
          "rentry_pprice_dist": 0.031952813500761554,
          "rentry_pprice_dist_wallet_exposure_weighting": 0.0,
          "wallet_exposure_limit": 0.2},
 "short": {"auto_unstuck_ema_dist": 0.012001376927381919,
           "auto_unstuck_wallet_exposure_threshold": 0.06784637155097607,
           "backwards_tp": true,
           "ddown_factor": 0.7959311946883464,
           "ema_span_0": 1912.480318380426,
           "ema_span_1": 996.889277620925,
           "enabled": false,
           "initial_eprice_ema_dist": -0.07230543928924299,
           "initial_qty_pct": 0.015,
           "markup_range": 0.020619844876184394,
           "min_markup": 0.001174150368347922,
           "n_close_orders": 5,
           "rentry_pprice_dist": 0.048310522117952684,
           "rentry_pprice_dist_wallet_exposure_weighting": 32.33817199113143,
           "wallet_exposure_limit": 0.1}}