{
  "config_name": "emas_289days",
  "long": {
    "delay_between_fills_minutes_close": 1976.6766078159271,
    "delay_between_fills_minutes_entry": 1904.9105847642154,
    "delay_weight_close": 10.121529032649379,
    "delay_weight_entry": 38.26982766269922,
    "ema_dist_lower": 0.008821113902375772,
    "ema_dist_upper": 0.01724221216819063,
    "ema_span_0": 577.5700055564681,
    "ema_span_1": 2227.0447877927795,
    "enabled": true,
    "markup_range": 0.016880024558765642,
    "min_markup": 0.004660080185036221,
    "n_close_orders": 14,
    "qty_pct_close": 0.06506638055585377,
    "qty_pct_entry": 0.016816376068854756,
    "wallet_exposure_limit": 1.0,
    "we_multiplier_close": 42.20244724836199,
    "we_multiplier_entry": 8.994102444396923
  },
  "short": {
    "delay_between_fills_minutes_close": 1968.716059335353,
    "delay_between_fills_minutes_entry": 437.3077088514491,
    "delay_weight_close": 16.951389795366737,
    "delay_weight_entry": 15.407196287891217,
    "ema_dist_lower": 0.0031217592929670126,
    "ema_dist_upper": 0.0018544798507429917,
    "ema_span_0": 1135.3047935017084,
    "ema_span_1": 586.3979918394409,
    "enabled": false,
    "markup_range": 0.04559101898125358,
    "min_markup": 0.009949610592846736,
    "n_close_orders": 15,
    "qty_pct_close": 0.03569754412204821,
    "qty_pct_entry": 0.07045146936280058,
    "wallet_exposure_limit": 1.0,
    "we_multiplier_close": 25.539997072487424,
    "we_multiplier_entry": 47.91411304069834
  }
}
