{"config_name": "recursive_grid_0days",
 "logging_level": 0,
 "long": {"auto_unstuck_ema_dist": 0.011363028177621384,
          "auto_unstuck_wallet_exposure_threshold": 0.08905378708163826,
          "backwards_tp": false,
          "ddown_factor": 1.6973717882092152,
          "ema_span_0": 2700.0094676680096,
          "ema_span_1": 548.6411392169475,
          "enabled": true,
          "initial_eprice_ema_dist": 0.009385385469395746,
          "initial_qty_pct": 0.015,
          "markup_range": 0.03145875791449192,
          "min_markup": 0.0031709853453594323,
          "n_close_orders": 12,
          "rentry_pprice_dist": 0.03817671371243548,
          "rentry_pprice_dist_wallet_exposure_weighting": 0.5226553078865125,
          "wallet_exposure_limit": 0.1},
 "short": {"auto_unstuck_ema_dist": 0.003658416934590097,
           "auto_unstuck_wallet_exposure_threshold": 0.074766614066815,
           "backwards_tp": false,
           "ddown_factor": 1.0144470250591355,
           "ema_span_0": 653.5164508229537,
           "ema_span_1": 7113.995341774878,
           "enabled": true,
           "initial_eprice_ema_dist": 0.009961368891634334,
           "initial_qty_pct": 0.015,
           "markup_range": 0.038326610593178476,
           "min_markup": 0.0038917445598376076,
           "n_close_orders": 12,
           "rentry_pprice_dist": 0.03845566165674026,
           "rentry_pprice_dist_wallet_exposure_weighting": 0,
           "wallet_exposure_limit": 0.1}}