{"config_name": "recursive_grid_0days",
 "logging_level": 0,
 "long": {"auto_unstuck_ema_dist": 0.004108663745814561,
          "auto_unstuck_wallet_exposure_threshold": 0.15997393288284867,
          "backwards_tp": true,
          "ddown_factor": 1.99977052136321,
          "ema_span_0": 462.755616810992,
          "ema_span_1": 457.7477988857764,
          "enabled": true,
          "initial_eprice_ema_dist": -0.010128330154284836,
          "initial_qty_pct": 0.01025924232858633,
          "markup_range": 0.004908525832187823,
          "min_markup": 0.004,
          "n_close_orders": 6,
          "rentry_pprice_dist": 0.028093382165677225,
          "rentry_pprice_dist_wallet_exposure_weighting": 0,
          "wallet_exposure_limit": 0.2},
 "short": {"auto_unstuck_ema_dist": 0.0808346719846324,
           "auto_unstuck_wallet_exposure_threshold": 0.025334067101411367,
           "backwards_tp": true,
           "ddown_factor": 1.784896038222299,
           "ema_span_0": 2117.914973281776,
           "ema_span_1": 5677.4508452561195,
           "enabled": false,
           "initial_eprice_ema_dist": 0.0035909827837295877,
           "initial_qty_pct": 0.015,
           "markup_range": 0.024032549068017876,
           "min_markup": 0.0032057372936562982,
           "n_close_orders": 17,
           "rentry_pprice_dist": 0.0328278321988554,
           "rentry_pprice_dist_wallet_exposure_weighting": 47.374434804294054,
           "wallet_exposure_limit": 0.1}}