{"config_name": "neat_grid_0days",
 "logging_level": 0,
 "long": {"auto_unstuck_ema_dist": 0.09470363262868425,
          "auto_unstuck_wallet_exposure_threshold": 0.09728888388109863,
          "backwards_tp": true,
          "ema_span_0": 159.50905077375052,
          "ema_span_1": 161.06416659541986,
          "enabled": true,
          "eprice_exp_base": 1,
          "eqty_exp_base": 1.5082406913832145,
          "grid_span": 0.15725207295772295,
          "initial_eprice_ema_dist": -0.1,
          "initial_qty_pct": 0.01,
          "markup_range": 0.0029222937095554737,
          "max_n_entry_orders": 5,
          "min_markup": 0.002,
          "n_close_orders": 5,
          "wallet_exposure_limit": 0.2},
 "short": {"auto_unstuck_ema_dist": 0.07554390277945479,
           "auto_unstuck_wallet_exposure_threshold": 0.03468102239360734,
           "backwards_tp": true,
           "ema_span_0": 3555.162151148251,
           "ema_span_1": 6301.174984922998,
           "enabled": true,
           "eprice_exp_base": 1.3312751987884432,
           "eqty_exp_base": 1.2985535249249844,
           "grid_span": 0.3864741369542092,
           "initial_eprice_ema_dist": -0.06767779381226371,
           "initial_qty_pct": 0.01,
           "markup_range": 0.002584855163660348,
           "max_n_entry_orders": 11,
           "min_markup": 0.002,
           "n_close_orders": 5,
           "wallet_exposure_limit": 0.1}}