{"config_name": "clock_0days",
 "long": {"backwards_tp": true,
          "delay_between_fills_minutes_close": 1242.3528650142941,
          "delay_between_fills_minutes_entry": 503.6433685445106,
          "delay_weight_close": 0,
          "delay_weight_entry": 20.442754336754426,
          "ema_dist_close": 0.0026052449663500734,
          "ema_dist_entry": 0.0008663759372432394,
          "ema_span_0": 237.70572748900713,
          "ema_span_1": 657.6272458475964,
          "enabled": true,
          "markup_range": 0.0012783968483696252,
          "min_markup": 0.008840819785098014,
          "n_close_orders": 10,
          "qty_pct_close": 0.010861684014221705,
          "qty_pct_entry": 0.012197469553734078,
          "wallet_exposure_limit": 0.6,
          "we_multiplier_close": 0,
          "we_multiplier_entry": 72.34652423896287},
 "short": {"backwards_tp": true,
           "delay_between_fills_minutes_close": 1262.620753116952,
           "delay_between_fills_minutes_entry": 828.6788853692005,
           "delay_weight_close": 0,
           "delay_weight_entry": 6.910414593945086,
           "ema_dist_close": 0.003,
           "ema_dist_entry": -0.003222876200834608,
           "ema_span_0": 138.50118377412076,
           "ema_span_1": 1241.3678604323147,
           "enabled": true,
           "markup_range": 0.007223516066114201,
           "min_markup": 0.00513604960425647,
           "n_close_orders": 15,
           "qty_pct_close": 0.01882482241712669,
           "qty_pct_entry": 0.013233422736513456,
           "wallet_exposure_limit": 0.18,
           "we_multiplier_close": 0,
           "we_multiplier_entry": 139.15450882967505}}