{"config_name": "clock_0days",
 "long": {"backwards_tp": true,
          "delay_between_fills_minutes_close": 278.3534180777592,
          "delay_between_fills_minutes_entry": 1392.0791302852645,
          "delay_weight_close": 0,
          "delay_weight_entry": 18.094024459161645,
          "ema_dist_close": 0.002571681571086793,
          "ema_dist_entry": -0.001775693104634513,
          "ema_span_0": 1188.8297253285216,
          "ema_span_1": 1237.2668283623054,
          "enabled": true,
          "markup_range": 0.023944925312296174,
          "min_markup": 0.006128914781957159,
          "n_close_orders": 14,
          "qty_pct_close": 0.010262849657197034,
          "qty_pct_entry": 0.010888526664944838,
          "wallet_exposure_limit": 0.6,
          "we_multiplier_close": 0,
          "we_multiplier_entry": 31.645453278201046},
 "short": {"backwards_tp": true,
           "delay_between_fills_minutes_close": 1263.212756595542,
           "delay_between_fills_minutes_entry": 867.7621312250624,
           "delay_weight_close": 0,
           "delay_weight_entry": 22.319554329489492,
           "ema_dist_close": 0.0025610139353583936,
           "ema_dist_entry": -0.0015019697235851314,
           "ema_span_0": 1248.6036187040133,
           "ema_span_1": 939.7663068127226,
           "enabled": true,
           "markup_range": 0.00405613416555979,
           "min_markup": 0.005039951058898713,
           "n_close_orders": 5,
           "qty_pct_close": 0.020407354365118938,
           "qty_pct_entry": 0.026640828498762797,
           "wallet_exposure_limit": 0.18,
           "we_multiplier_close": 0,
           "we_multiplier_entry": 48.92816069765058}}