{"config_name": "clock_0days",
 "long": {"backwards_tp": true,
          "delay_between_fills_minutes_close": 748.5540751334468,
          "delay_between_fills_minutes_entry": 730.6328518817751,
          "delay_weight_close": 0,
          "delay_weight_entry": 8.79214898231822,
          "ema_dist_close": -0.0023498867904198904,
          "ema_dist_entry": -0.0017619835322831045,
          "ema_span_0": 1226.170800331949,
          "ema_span_1": 46.841149967631644,
          "enabled": true,
          "markup_range": 0.005790063918003134,
          "min_markup": 0.008367473438076546,
          "n_close_orders": 7,
          "qty_pct_close": 0.011341080241857026,
          "qty_pct_entry": 0.016189624116979575,
          "wallet_exposure_limit": 0.6,
          "we_multiplier_close": 0,
          "we_multiplier_entry": 26.385990183413238},
 "short": {"backwards_tp": true,
           "delay_between_fills_minutes_close": 1286.1565080048497,
           "delay_between_fills_minutes_entry": 1036.8479252004445,
           "delay_weight_close": 0,
           "delay_weight_entry": 7.071878936106684,
           "ema_dist_close": 0.0014790839138985206,
           "ema_dist_entry": 0.002685282125813024,
           "ema_span_0": 1440,
           "ema_span_1": 185.37843259537559,
           "enabled": true,
           "markup_range": 0.004886916992202987,
           "min_markup": 0.003969495139060888,
           "n_close_orders": 10,
           "qty_pct_close": 0.01563110068993105,
           "qty_pct_entry": 0.018733057961183467,
           "wallet_exposure_limit": 0.18,
           "we_multiplier_close": 0,
           "we_multiplier_entry": 110.79024343833181}}