{"config_name": "clock_0days",
 "long": {"backwards_tp": true,
          "delay_between_fills_minutes_close": 1155.858922818279,
          "delay_between_fills_minutes_entry": 1207.7716447019084,
          "delay_weight_close": 0,
          "delay_weight_entry": 13.533923536052377,
          "ema_dist_close": 8.16623334614127e-05,
          "ema_dist_entry": 0.001292447897216875,
          "ema_span_0": 1340.1616691043596,
          "ema_span_1": 1405.1344840848963,
          "enabled": true,
          "markup_range": 0.01080447251985155,
          "min_markup": 0.01,
          "n_close_orders": 3,
          "qty_pct_close": 0.01538306364989317,
          "qty_pct_entry": 0.012997285952840136,
          "wallet_exposure_limit": 0.6,
          "we_multiplier_close": 0,
          "we_multiplier_entry": 2.090306252071181},
 "short": {"backwards_tp": true,
           "delay_between_fills_minutes_close": 837.6581072221991,
           "delay_between_fills_minutes_entry": 980.7276196679118,
           "delay_weight_close": 0,
           "delay_weight_entry": 7.252682125837448,
           "ema_dist_close": -0.0054877664407888965,
           "ema_dist_entry": -2.2935670071130604e-05,
           "ema_span_0": 1401.8754838845484,
           "ema_span_1": 1214.8366861992386,
           "enabled": true,
           "markup_range": 0.010254109306038955,
           "min_markup": 0.009093191881456866,
           "n_close_orders": 9,
           "qty_pct_close": 0.01232000434830817,
           "qty_pct_entry": 0.023827532198453197,
           "wallet_exposure_limit": 0.18,
           "we_multiplier_close": 0,
           "we_multiplier_entry": 34.84411444590546}}