{"config_name": "clock_0days",
 "long": {"backwards_tp": true,
          "delay_between_fills_minutes_close": 1368.3163237811827,
          "delay_between_fills_minutes_entry": 1070.6751158494005,
          "delay_weight_close": 0,
          "delay_weight_entry": 12.40730933081538,
          "ema_dist_close": 0.003,
          "ema_dist_entry": -0.0017025322838624627,
          "ema_span_0": 1352.4147702131781,
          "ema_span_1": 1345.1322402497901,
          "enabled": true,
          "markup_range": 0.004977077220555322,
          "min_markup": 0.009550533340510791,
          "n_close_orders": 5,
          "qty_pct_close": 0.010664743623837862,
          "qty_pct_entry": 0.012567211361341868,
          "wallet_exposure_limit": 0.6,
          "we_multiplier_close": 0,
          "we_multiplier_entry": 34.30989825372442},
 "short": {"backwards_tp": true,
           "delay_between_fills_minutes_close": 1436.1968096120331,
           "delay_between_fills_minutes_entry": 965.9473173969043,
           "delay_weight_close": 0,
           "delay_weight_entry": 4.666657672016,
           "ema_dist_close": 0.003,
           "ema_dist_entry": 0.002732104250918202,
           "ema_span_0": 1440,
           "ema_span_1": 683.1421093949673,
           "enabled": true,
           "markup_range": 0.009360254510681853,
           "min_markup": 0.004217071789429639,
           "n_close_orders": 3,
           "qty_pct_close": 0.028262668312326246,
           "qty_pct_entry": 0.016791565378778787,
           "wallet_exposure_limit": 0.18,
           "we_multiplier_close": 0,
           "we_multiplier_entry": 68.2025087247568}}