{"config_name": "clock_0days",
 "long": {"backwards_tp": true,
          "delay_between_fills_minutes_close": 1008.2546274042959,
          "delay_between_fills_minutes_entry": 1321.860677463672,
          "delay_weight_close": 0,
          "delay_weight_entry": 14.24638519625784,
          "ema_dist_close": -0.0017560516243259933,
          "ema_dist_entry": -0.00036539463452744025,
          "ema_span_0": 1440,
          "ema_span_1": 1429.6801111671173,
          "enabled": true,
          "markup_range": 0.0037001874166695805,
          "min_markup": 0.004134348458088793,
          "n_close_orders": 4,
          "qty_pct_close": 0.01253689041685205,
          "qty_pct_entry": 0.01596277865165424,
          "wallet_exposure_limit": 0.6,
          "we_multiplier_close": 0,
          "we_multiplier_entry": 73.84338594021648},
 "short": {"backwards_tp": true,
           "delay_between_fills_minutes_close": 967.2440873441712,
           "delay_between_fills_minutes_entry": 1398.9821143465515,
           "delay_weight_close": 0,
           "delay_weight_entry": 3.122635751975935,
           "ema_dist_close": -0.02669628610252541,
           "ema_dist_entry": -0.01827525767342673,
           "ema_span_0": 899.6613748201336,
           "ema_span_1": 854.6379263693691,
           "enabled": true,
           "markup_range": 0.026021710629419666,
           "min_markup": 0.004281690726698873,
           "n_close_orders": 3,
           "qty_pct_close": 0.01639832078169699,
           "qty_pct_entry": 0.04542978535016089,
           "wallet_exposure_limit": 0.18,
           "we_multiplier_close": 0.0,
           "we_multiplier_entry": 165.22839646406936}}