{"config_name": "clock_0days",
 "long": {"backwards_tp": true,
          "delay_between_fills_minutes_close": 1231.8910279715258,
          "delay_between_fills_minutes_entry": 1213.5243667675265,
          "delay_weight_close": 0,
          "delay_weight_entry": 10.083914901568367,
          "ema_dist_close": 5.3814767271633825e-05,
          "ema_dist_entry": 0.001545203072978891,
          "ema_span_0": 284.68747495801597,
          "ema_span_1": 554.6201199204177,
          "enabled": true,
          "markup_range": 0.007138635407690353,
          "min_markup": 0.008717258381683813,
          "n_close_orders": 5,
          "qty_pct_close": 0.01,
          "qty_pct_entry": 0.019278385556916015,
          "wallet_exposure_limit": 0.6,
          "we_multiplier_close": 0,
          "we_multiplier_entry": 74.03039864761136},
 "short": {"backwards_tp": true,
           "delay_between_fills_minutes_close": 1104.770763232889,
           "delay_between_fills_minutes_entry": 1381.2617306981997,
           "delay_weight_close": 0,
           "delay_weight_entry": 27.127021323513603,
           "ema_dist_close": -0.004913964824267639,
           "ema_dist_entry": -0.00047057471280516024,
           "ema_span_0": 1130.3814853850256,
           "ema_span_1": 344.01018835101127,
           "enabled": true,
           "markup_range": 0.015300215110852684,
           "min_markup": 0.009185584299293387,
           "n_close_orders": 15,
           "qty_pct_close": 0.04494821660186834,
           "qty_pct_entry": 0.01,
           "wallet_exposure_limit": 0.18,
           "we_multiplier_close": 0,
           "we_multiplier_entry": 23.262486826951026}}