{"config_name": "clock_0days",
 "long": {"backwards_tp": true,
          "delay_between_fills_minutes_close": 1394.0415796422458,
          "delay_between_fills_minutes_entry": 1095.7253916421823,
          "delay_weight_close": 0,
          "delay_weight_entry": 23.557007364695558,
          "ema_dist_close": 0.0025942875540012483,
          "ema_dist_entry": 0.0016640206002449046,
          "ema_span_0": 523.7844681721824,
          "ema_span_1": 778.0940419538622,
          "enabled": true,
          "markup_range": 0.007555308263962677,
          "min_markup": 0.007108269036585736,
          "n_close_orders": 15,
          "qty_pct_close": 0.01476028634371279,
          "qty_pct_entry": 0.01,
          "wallet_exposure_limit": 0.6,
          "we_multiplier_close": 0,
          "we_multiplier_entry": 74.6003866900247},
 "short": {"backwards_tp": true,
           "delay_between_fills_minutes_close": 1353.526205688067,
           "delay_between_fills_minutes_entry": 469.9866705349008,
           "delay_weight_close": 0,
           "delay_weight_entry": 11.730872242950529,
           "ema_dist_close": 0.003,
           "ema_dist_entry": 0.0025268003190067334,
           "ema_span_0": 1264.3692326387768,
           "ema_span_1": 1300.1726991906132,
           "enabled": true,
           "markup_range": 0.0068331117828492076,
           "min_markup": 0.008802509204453687,
           "n_close_orders": 4,
           "qty_pct_close": 0.014108669120606376,
           "qty_pct_entry": 0.018495678762911374,
           "wallet_exposure_limit": 0.18,
           "we_multiplier_close": 0,
           "we_multiplier_entry": 2.9044586232128244}}