{"config_name": "clock_0days",
 "long": {"backwards_tp": true,
          "delay_between_fills_minutes_close": 821.759506143489,
          "delay_between_fills_minutes_entry": 1263.5289382875246,
          "delay_weight_close": 0,
          "delay_weight_entry": 23.40867049494779,
          "ema_dist_close": 0.0020728442398684982,
          "ema_dist_entry": 0.0014515962145257785,
          "ema_span_0": 1353.5153519542102,
          "ema_span_1": 1407.2607657095373,
          "enabled": true,
          "markup_range": 0.005712798792223741,
          "min_markup": 0.00801095885372817,
          "n_close_orders": 10,
          "qty_pct_close": 0.019804770722105063,
          "qty_pct_entry": 0.01,
          "wallet_exposure_limit": 0.6,
          "we_multiplier_close": 0,
          "we_multiplier_entry": 47.87617275974714},
 "short": {"backwards_tp": true,
           "delay_between_fills_minutes_close": 1026.383477092954,
           "delay_between_fills_minutes_entry": 1222.1722681660922,
           "delay_weight_close": 0,
           "delay_weight_entry": 18.58340320475844,
           "ema_dist_close": -0.00020595694185819,
           "ema_dist_entry": -0.000685423590477056,
           "ema_span_0": 1383.0779044158435,
           "ema_span_1": 1306.8482036370428,
           "enabled": true,
           "markup_range": 0.003909111808737362,
           "min_markup": 0.006439341797496229,
           "n_close_orders": 9,
           "qty_pct_close": 0.011276260730094936,
           "qty_pct_entry": 0.010374871541441235,
           "wallet_exposure_limit": 0.18,
           "we_multiplier_close": 0,
           "we_multiplier_entry": 169.7451890338973}}