{"config_name": "clock_0days",
 "long": {"backwards_tp": true,
          "delay_between_fills_minutes_close": 1425.704317863453,
          "delay_between_fills_minutes_entry": 614.2379305809942,
          "delay_weight_close": 0,
          "delay_weight_entry": 25.518947062912087,
          "ema_dist_close": 0.00016166144162095555,
          "ema_dist_entry": 0.0023157905534175534,
          "ema_span_0": 1177.9683750426868,
          "ema_span_1": 448.88538345177227,
          "enabled": true,
          "markup_range": 0.010367546394327265,
          "min_markup": 0.00789032031727609,
          "n_close_orders": 9,
          "qty_pct_close": 0.02181454304903116,
          "qty_pct_entry": 0.011592340427764539,
          "wallet_exposure_limit": 0.6,
          "we_multiplier_close": 0,
          "we_multiplier_entry": 17.358911596158833},
 "short": {"backwards_tp": true,
           "delay_between_fills_minutes_close": 1020.7560778250499,
           "delay_between_fills_minutes_entry": 607.4222346937912,
           "delay_weight_close": 0,
           "delay_weight_entry": 12.533823405452388,
           "ema_dist_close": 0.0007241586438773463,
           "ema_dist_entry": 0.0026169130206652,
           "ema_span_0": 1432.275210800676,
           "ema_span_1": 268.49368838604846,
           "enabled": true,
           "markup_range": 0.00950825308217889,
           "min_markup": 0.005238397038944547,
           "n_close_orders": 2,
           "qty_pct_close": 0.01592871350229469,
           "qty_pct_entry": 0.02363595888926269,
           "wallet_exposure_limit": 0.18,
           "we_multiplier_close": 0,
           "we_multiplier_entry": 24.85079369246127}}