{"config_name": "clock_0days",
 "long": {"backwards_tp": true,
          "delay_between_fills_minutes_close": 274.04390660292495,
          "delay_between_fills_minutes_entry": 1188.6541616283175,
          "delay_weight_close": 0,
          "delay_weight_entry": 16.57499190518851,
          "ema_dist_close": 0.0014768573886497155,
          "ema_dist_entry": 0.0013151247237233525,
          "ema_span_0": 575.0561670986906,
          "ema_span_1": 1127.998153913959,
          "enabled": true,
          "markup_range": 0.015474749220026434,
          "min_markup": 0.00781287666352481,
          "n_close_orders": 5,
          "qty_pct_close": 0.013794136911978287,
          "qty_pct_entry": 0.01,
          "wallet_exposure_limit": 0.6,
          "we_multiplier_close": 0,
          "we_multiplier_entry": 37.87756867793707},
 "short": {"backwards_tp": true,
           "delay_between_fills_minutes_close": 1352.1135881371017,
           "delay_between_fills_minutes_entry": 1358.0017329074522,
           "delay_weight_close": 0,
           "delay_weight_entry": 8.450551447968365,
           "ema_dist_close": 0.003,
           "ema_dist_entry": -0.002190569699542206,
           "ema_span_0": 1117.2271652213237,
           "ema_span_1": 1265.8600366098804,
           "enabled": true,
           "markup_range": 0.006576105047149505,
           "min_markup": 0.00757658392289414,
           "n_close_orders": 2,
           "qty_pct_close": 0.015701489535919395,
           "qty_pct_entry": 0.013580231020180545,
           "wallet_exposure_limit": 0.18,
           "we_multiplier_close": 0,
           "we_multiplier_entry": 77.4661290649608}}