{"config_name": "clock_0days",
 "long": {"backwards_tp": true,
          "delay_between_fills_minutes_close": 732.5820579659527,
          "delay_between_fills_minutes_entry": 1406.132371229696,
          "delay_weight_close": 0,
          "delay_weight_entry": 16.013610733121713,
          "ema_dist_close": 0.0010792271826753706,
          "ema_dist_entry": 0.003,
          "ema_span_0": 413.2301356308896,
          "ema_span_1": 912.376972268507,
          "enabled": true,
          "markup_range": 0.00615797726297187,
          "min_markup": 0.0011072164189866757,
          "n_close_orders": 14,
          "qty_pct_close": 0.012983564800941642,
          "qty_pct_entry": 0.02205446322183293,
          "wallet_exposure_limit": 0.6,
          "we_multiplier_close": 0,
          "we_multiplier_entry": 66.48528503479434},
 "short": {"backwards_tp": true,
           "delay_between_fills_minutes_close": 1299.5514795229842,
           "delay_between_fills_minutes_entry": 1271.9459125386782,
           "delay_weight_close": 0,
           "delay_weight_entry": 14.495955869029439,
           "ema_dist_close": -0.004757070964617638,
           "ema_dist_entry": 0.003,
           "ema_span_0": 1250.180226481726,
           "ema_span_1": 162.31090665809492,
           "enabled": true,
           "markup_range": 0.00787730211018783,
           "min_markup": 0.005497210645983858,
           "n_close_orders": 6,
           "qty_pct_close": 0.027574765988192883,
           "qty_pct_entry": 0.022475653999137098,
           "wallet_exposure_limit": 0.18,
           "we_multiplier_close": 0,
           "we_multiplier_entry": 78.8865021491602}}