{"config_name": "clock_0days",
 "long": {"backwards_tp": true,
          "delay_between_fills_minutes_close": 1134.931518605608,
          "delay_between_fills_minutes_entry": 1276.9972471844471,
          "delay_weight_close": 0,
          "delay_weight_entry": 17.560112339132615,
          "ema_dist_close": 0.0023771727455558105,
          "ema_dist_entry": -0.04828875698188771,
          "ema_span_0": 757.8844488579741,
          "ema_span_1": 996.8744612293269,
          "enabled": true,
          "markup_range": 0.005350966996424525,
          "min_markup": 0.005400699741920872,
          "n_close_orders": 4,
          "qty_pct_close": 0.012584293042121683,
          "qty_pct_entry": 0.011057825718991221,
          "wallet_exposure_limit": 0.6,
          "we_multiplier_close": 0,
          "we_multiplier_entry": 94.00181012450935},
 "short": {"backwards_tp": true,
           "delay_between_fills_minutes_close": 1184.519172376051,
           "delay_between_fills_minutes_entry": 310.4514178205745,
           "delay_weight_close": 0,
           "delay_weight_entry": 8.260135038195669,
           "ema_dist_close": -0.001003833113291131,
           "ema_dist_entry": 0.003,
           "ema_span_0": 123.59444757644712,
           "ema_span_1": 1318.4102103875427,
           "enabled": true,
           "markup_range": 0.00016178614064786307,
           "min_markup": 0.005632691839799332,
           "n_close_orders": 12,
           "qty_pct_close": 0.01219449909908421,
           "qty_pct_entry": 0.023151164462562004,
           "wallet_exposure_limit": 0.18,
           "we_multiplier_close": 0,
           "we_multiplier_entry": 43.44877030175822}}