{"config_name": "clock_0days",
 "long": {"backwards_tp": true,
          "delay_between_fills_minutes_close": 1301.8698980284169,
          "delay_between_fills_minutes_entry": 1424.532904042276,
          "delay_weight_close": 0,
          "delay_weight_entry": 31.057277225896947,
          "ema_dist_close": 0.0022609471418813475,
          "ema_dist_entry": 0.0029562993348032462,
          "ema_span_0": 1223.1287738723197,
          "ema_span_1": 1298.0170580285303,
          "enabled": true,
          "markup_range": 0.0029236115620512857,
          "min_markup": 0.0083563405917485,
          "n_close_orders": 10,
          "qty_pct_close": 0.047355144120524585,
          "qty_pct_entry": 0.018294915249393202,
          "wallet_exposure_limit": 0.6,
          "we_multiplier_close": 0,
          "we_multiplier_entry": 12.256887501616028},
 "short": {"backwards_tp": true,
           "delay_between_fills_minutes_close": 1279.9716707731468,
           "delay_between_fills_minutes_entry": 1399.083004704052,
           "delay_weight_close": 0,
           "delay_weight_entry": 7.669461916623316,
           "ema_dist_close": 0.0019154012220206744,
           "ema_dist_entry": 0.003,
           "ema_span_0": 399.0789440670419,
           "ema_span_1": 1440,
           "enabled": true,
           "markup_range": 0.007159878529020763,
           "min_markup": 0.002761618790257853,
           "n_close_orders": 7,
           "qty_pct_close": 0.02623317807556986,
           "qty_pct_entry": 0.03616761936808055,
           "wallet_exposure_limit": 0.18,
           "we_multiplier_close": 0,
           "we_multiplier_entry": 85.09577245840394}}