{"config_name": "clock_0days",
 "long": {"backwards_tp": true,
          "delay_between_fills_minutes_close": 1038.3155364741854,
          "delay_between_fills_minutes_entry": 1141.8584004101642,
          "delay_weight_close": 0,
          "delay_weight_entry": 18.28756746527067,
          "ema_dist_close": -0.00468991364467533,
          "ema_dist_entry": 0.0028491342813124856,
          "ema_span_0": 1376.2937520503199,
          "ema_span_1": 554.2404919792232,
          "enabled": true,
          "markup_range": 0.006620523226019217,
          "min_markup": 0.007432324169286416,
          "n_close_orders": 7,
          "qty_pct_close": 0.02079922655147275,
          "qty_pct_entry": 0.02224687100962834,
          "wallet_exposure_limit": 0.6,
          "we_multiplier_close": 0,
          "we_multiplier_entry": 37.78116129763362},
 "short": {"backwards_tp": true,
           "delay_between_fills_minutes_close": 1260.7499343110128,
           "delay_between_fills_minutes_entry": 1271.8331063363555,
           "delay_weight_close": 0,
           "delay_weight_entry": 3.4423720904180044,
           "ema_dist_close": -0.04360205666806006,
           "ema_dist_entry": -0.001360993933353986,
           "ema_span_0": 1340.7061842478658,
           "ema_span_1": 82.08845242942381,
           "enabled": true,
           "markup_range": 0.007102413518634542,
           "min_markup": 0.006437872390898702,
           "n_close_orders": 15,
           "qty_pct_close": 0.01453973478420022,
           "qty_pct_entry": 0.025382428898064618,
           "wallet_exposure_limit": 0.18,
           "we_multiplier_close": 0,
           "we_multiplier_entry": 186.72394867073888}}