{"config_name": "clock_0days",
 "long": {"backwards_tp": true,
          "delay_between_fills_minutes_close": 1210.2633547091375,
          "delay_between_fills_minutes_entry": 1374.5049704362518,
          "delay_weight_close": 0,
          "delay_weight_entry": 17.816725080455065,
          "ema_dist_close": 0.003,
          "ema_dist_entry": 0.0015354183721196237,
          "ema_span_0": 1182.8833459284074,
          "ema_span_1": 995.8054994662905,
          "enabled": true,
          "markup_range": 0.004775997226912655,
          "min_markup": 0.002125088998839426,
          "n_close_orders": 9,
          "qty_pct_close": 0.01,
          "qty_pct_entry": 0.015386657489065033,
          "wallet_exposure_limit": 0.6,
          "we_multiplier_close": 0,
          "we_multiplier_entry": 164.42634200682667},
 "short": {"backwards_tp": true,
           "delay_between_fills_minutes_close": 1286.1565080048497,
           "delay_between_fills_minutes_entry": 1036.8479252004445,
           "delay_weight_close": 0,
           "delay_weight_entry": 7.071878936106684,
           "ema_dist_close": 0.0014790839138985206,
           "ema_dist_entry": 0.002685282125813024,
           "ema_span_0": 1440,
           "ema_span_1": 185.37843259537559,
           "enabled": true,
           "markup_range": 0.004886916992202987,
           "min_markup": 0.003969495139060888,
           "n_close_orders": 10,
           "qty_pct_close": 0.01563110068993105,
           "qty_pct_entry": 0.018733057961183467,
           "wallet_exposure_limit": 0.18,
           "we_multiplier_close": 0,
           "we_multiplier_entry": 110.79024343833181}}