{"config_name": "clock_0days",
 "long": {"backwards_tp": true,
          "delay_between_fills_minutes_close": 1155.858922818279,
          "delay_between_fills_minutes_entry": 1207.7716447019084,
          "delay_weight_close": 0,
          "delay_weight_entry": 13.533923536052377,
          "ema_dist_close": 8.16623334614127e-05,
          "ema_dist_entry": 0.001292447897216875,
          "ema_span_0": 1340.1616691043596,
          "ema_span_1": 1405.1344840848963,
          "enabled": true,
          "markup_range": 0.01080447251985155,
          "min_markup": 0.01,
          "n_close_orders": 3,
          "qty_pct_close": 0.01538306364989317,
          "qty_pct_entry": 0.012997285952840136,
          "wallet_exposure_limit": 0.6,
          "we_multiplier_close": 0,
          "we_multiplier_entry": 2.090306252071181},
 "short": {"backwards_tp": true,
           "delay_between_fills_minutes_close": 1411.9481849041792,
           "delay_between_fills_minutes_entry": 1412.3072989979755,
           "delay_weight_close": 0,
           "delay_weight_entry": 9.627246681340786,
           "ema_dist_close": 0.003,
           "ema_dist_entry": -0.009368761699347377,
           "ema_span_0": 1440,
           "ema_span_1": 1440,
           "enabled": true,
           "markup_range": 0.022769948747385395,
           "min_markup": 0.00496333366498286,
           "n_close_orders": 8,
           "qty_pct_close": 0.015212235882220187,
           "qty_pct_entry": 0.01606581365851197,
           "wallet_exposure_limit": 0.18,
           "we_multiplier_close": 0,
           "we_multiplier_entry": 6.781040650997455}}