{"config_name": "clock_0days",
 "long": {"backwards_tp": true,
          "delay_between_fills_minutes_close": 1365.0155999517065,
          "delay_between_fills_minutes_entry": 908.1692131001662,
          "delay_weight_close": 0,
          "delay_weight_entry": 15.964997736686406,
          "ema_dist_close": -6.117337804212785e-05,
          "ema_dist_entry": -0.0004301388585312068,
          "ema_span_0": 1218.7395077954336,
          "ema_span_1": 1053.2888461556101,
          "enabled": true,
          "markup_range": 0.004887694110268415,
          "min_markup": 0.005075746339248645,
          "n_close_orders": 16,
          "qty_pct_close": 0.013007510368166164,
          "qty_pct_entry": 0.012537051708752488,
          "wallet_exposure_limit": 0.6,
          "we_multiplier_close": 0,
          "we_multiplier_entry": 102.54324818667538},
 "short": {"backwards_tp": true,
           "delay_between_fills_minutes_close": 1004.2290401064403,
           "delay_between_fills_minutes_entry": 1438.635770650923,
           "delay_weight_close": 0,
           "delay_weight_entry": 16.65483005647458,
           "ema_dist_close": -0.0010939100299043065,
           "ema_dist_entry": 0.003,
           "ema_span_0": 791.3666209030666,
           "ema_span_1": 1363.646078822228,
           "enabled": true,
           "markup_range": 0.013103753593639116,
           "min_markup": 0.004278294456297361,
           "n_close_orders": 3,
           "qty_pct_close": 0.027172189330724426,
           "qty_pct_entry": 0.020469701469676405,
           "wallet_exposure_limit": 0.18,
           "we_multiplier_close": 0,
           "we_multiplier_entry": 111.05578180179798}}