{"config_name": "clock_0days",
 "long": {"backwards_tp": true,
          "delay_between_fills_minutes_close": 1292.6885498956083,
          "delay_between_fills_minutes_entry": 1386.8834363227265,
          "delay_weight_close": 0,
          "delay_weight_entry": 11.381450803250756,
          "ema_dist_close": 0.0006760909661215619,
          "ema_dist_entry": 0.00028066461459532073,
          "ema_span_0": 1350.6815325548732,
          "ema_span_1": 1229.371952584613,
          "enabled": true,
          "markup_range": 0.013536533803870359,
          "min_markup": 0.009155149359565072,
          "n_close_orders": 6,
          "qty_pct_close": 0.01308591175994573,
          "qty_pct_entry": 0.011823898816715242,
          "wallet_exposure_limit": 0.6,
          "we_multiplier_close": 0,
          "we_multiplier_entry": 80.17710091708571},
 "short": {"backwards_tp": true,
           "delay_between_fills_minutes_close": 1440,
           "delay_between_fills_minutes_entry": 550.9333559304542,
           "delay_weight_close": 0,
           "delay_weight_entry": 10.009967621469437,
           "ema_dist_close": 0.003,
           "ema_dist_entry": 0.0009589895396725015,
           "ema_span_0": 1428.4644234491138,
           "ema_span_1": 1183.0495646047957,
           "enabled": true,
           "markup_range": 0.006360823829032197,
           "min_markup": 0.004707930748677902,
           "n_close_orders": 5,
           "qty_pct_close": 0.017680257286917144,
           "qty_pct_entry": 0.011693113265823602,
           "wallet_exposure_limit": 0.18,
           "we_multiplier_close": 0,
           "we_multiplier_entry": 74.66468546970879}}