{"config_name": "clock_0days",
 "long": {"backwards_tp": true,
          "delay_between_fills_minutes_close": 1064.5717322676628,
          "delay_between_fills_minutes_entry": 334.3966691619638,
          "delay_weight_close": 0,
          "delay_weight_entry": 21.013360482591903,
          "ema_dist_close": 0.0007565926639559947,
          "ema_dist_entry": 0.003,
          "ema_span_0": 847.0343755999608,
          "ema_span_1": 1259.0840854365906,
          "enabled": true,
          "markup_range": 0.0029124970559314908,
          "min_markup": 0.001753333994947025,
          "n_close_orders": 10,
          "qty_pct_close": 0.03737894060716299,
          "qty_pct_entry": 0.01,
          "wallet_exposure_limit": 0.6,
          "we_multiplier_close": 0,
          "we_multiplier_entry": 170.64847109614607},
 "short": {"backwards_tp": true,
           "delay_between_fills_minutes_close": 1206.7913713387197,
           "delay_between_fills_minutes_entry": 1368.709300941795,
           "delay_weight_close": 0,
           "delay_weight_entry": 27.428644526443115,
           "ema_dist_close": -0.005785159604235541,
           "ema_dist_entry": 0.0006692393144518883,
           "ema_span_0": 1418.2697558930304,
           "ema_span_1": 1234.4718715855038,
           "enabled": true,
           "markup_range": 0.017829222684566826,
           "min_markup": 0.005192705169891312,
           "n_close_orders": 5,
           "qty_pct_close": 0.0397026617302187,
           "qty_pct_entry": 0.010243477262983528,
           "wallet_exposure_limit": 0.18,
           "we_multiplier_close": 0,
           "we_multiplier_entry": 20.983902457909807}}