{"config_name": "clock_0days",
 "long": {"backwards_tp": true,
          "delay_between_fills_minutes_close": 1383.7021352435493,
          "delay_between_fills_minutes_entry": 1317.7565697859575,
          "delay_weight_close": 0,
          "delay_weight_entry": 15.085216536518352,
          "ema_dist_close": -0.007516181619746268,
          "ema_dist_entry": 0.003,
          "ema_span_0": 1100.1663584667765,
          "ema_span_1": 1018.156456100967,
          "enabled": true,
          "markup_range": 0.014586031891635057,
          "min_markup": 0.004069011746667342,
          "n_close_orders": 5,
          "qty_pct_close": 0.027151107728428436,
          "qty_pct_entry": 0.010216270854319877,
          "wallet_exposure_limit": 0.6,
          "we_multiplier_close": 0.0,
          "we_multiplier_entry": 26.830130053862213},
 "short": {"backwards_tp": true,
           "delay_between_fills_minutes_close": 1436.1968096120331,
           "delay_between_fills_minutes_entry": 965.9473173969043,
           "delay_weight_close": 0,
           "delay_weight_entry": 4.666657672016,
           "ema_dist_close": 0.003,
           "ema_dist_entry": 0.002732104250918202,
           "ema_span_0": 1440,
           "ema_span_1": 683.1421093949673,
           "enabled": true,
           "markup_range": 0.009360254510681853,
           "min_markup": 0.004217071789429639,
           "n_close_orders": 3,
           "qty_pct_close": 0.028262668312326246,
           "qty_pct_entry": 0.016791565378778787,
           "wallet_exposure_limit": 0.18,
           "we_multiplier_close": 0,
           "we_multiplier_entry": 68.2025087247568}}