{"config_name": "clock_0days",
 "long": {"backwards_tp": true,
          "delay_between_fills_minutes_close": 902.1781619634203,
          "delay_between_fills_minutes_entry": 1251.172033128928,
          "delay_weight_close": 0,
          "delay_weight_entry": 9.862230752376515,
          "ema_dist_close": -0.005253834165762,
          "ema_dist_entry": 0.0014612129622021844,
          "ema_span_0": 1241.0832983872456,
          "ema_span_1": 350.0694380234293,
          "enabled": true,
          "markup_range": 0.03962015101586971,
          "min_markup": 0.00996279013518198,
          "n_close_orders": 6,
          "qty_pct_close": 0.010181426681501692,
          "qty_pct_entry": 0.010982036376044549,
          "wallet_exposure_limit": 0.6,
          "we_multiplier_close": 0,
          "we_multiplier_entry": 19.40004643801722},
 "short": {"backwards_tp": true,
           "delay_between_fills_minutes_close": 1279.0309094693687,
           "delay_between_fills_minutes_entry": 1091.6465959463778,
           "delay_weight_close": 0,
           "delay_weight_entry": 8.132195952940691,
           "ema_dist_close": -0.00630235516321358,
           "ema_dist_entry": -0.0016663736088039572,
           "ema_span_0": 914.7197204506543,
           "ema_span_1": 1200.6995154501662,
           "enabled": true,
           "markup_range": 0.0027550439095333007,
           "min_markup": 0.004269404018384172,
           "n_close_orders": 11,
           "qty_pct_close": 0.015834905811567546,
           "qty_pct_entry": 0.02474660580830726,
           "wallet_exposure_limit": 0.18,
           "we_multiplier_close": 0,
           "we_multiplier_entry": 195.87552817334696}}