{"config_name": "clock_0days",
 "long": {"backwards_tp": true,
          "delay_between_fills_minutes_close": 1250.12081657544,
          "delay_between_fills_minutes_entry": 992.8328511329363,
          "delay_weight_close": 0,
          "delay_weight_entry": 28.902060107775426,
          "ema_dist_close": 0.003,
          "ema_dist_entry": -0.0012850074050383214,
          "ema_span_0": 174.388655970177,
          "ema_span_1": 1375.0674145422267,
          "enabled": true,
          "markup_range": 0.0091469008405287,
          "min_markup": 0.003779601486996553,
          "n_close_orders": 3,
          "qty_pct_close": 0.011443772892735595,
          "qty_pct_entry": 0.01,
          "wallet_exposure_limit": 0.6,
          "we_multiplier_close": 0.0,
          "we_multiplier_entry": 108.12642260678757},
 "short": {"backwards_tp": true,
           "delay_between_fills_minutes_close": 1386.24397455709,
           "delay_between_fills_minutes_entry": 796.5839725994097,
           "delay_weight_close": 0,
           "delay_weight_entry": 7.535626275266765,
           "ema_dist_close": 0.003,
           "ema_dist_entry": 0.0008603615072268772,
           "ema_span_0": 18.1791372477827,
           "ema_span_1": 693.3368794733449,
           "enabled": true,
           "markup_range": 0.011712750135895327,
           "min_markup": 0.004693797696519048,
           "n_close_orders": 8,
           "qty_pct_close": 0.014835163914281116,
           "qty_pct_entry": 0.0169962826848973,
           "wallet_exposure_limit": 0.18,
           "we_multiplier_close": 0,
           "we_multiplier_entry": 63.1300231361334}}