{"config_name": "clock_0days",
 "long": {"backwards_tp": true,
          "delay_between_fills_minutes_close": 1392.325627113688,
          "delay_between_fills_minutes_entry": 1165.208759779427,
          "delay_weight_close": 0,
          "delay_weight_entry": 17.243751351086765,
          "ema_dist_close": -0.007757370967026643,
          "ema_dist_entry": 0.0006178094720105266,
          "ema_span_0": 1234.0454369046988,
          "ema_span_1": 921.2155154052065,
          "enabled": true,
          "markup_range": 0.002697363170744327,
          "min_markup": 0.0028183851255620556,
          "n_close_orders": 11,
          "qty_pct_close": 0.013958682201392729,
          "qty_pct_entry": 0.020877285822069817,
          "wallet_exposure_limit": 0.6,
          "we_multiplier_close": 0,
          "we_multiplier_entry": 59.314271250676406},
 "short": {"backwards_tp": true,
           "delay_between_fills_minutes_close": 1352.1135881371017,
           "delay_between_fills_minutes_entry": 1358.0017329074522,
           "delay_weight_close": 0,
           "delay_weight_entry": 8.450551447968365,
           "ema_dist_close": 0.003,
           "ema_dist_entry": -0.002190569699542206,
           "ema_span_0": 1117.2271652213237,
           "ema_span_1": 1265.8600366098804,
           "enabled": true,
           "markup_range": 0.006576105047149505,
           "min_markup": 0.00757658392289414,
           "n_close_orders": 2,
           "qty_pct_close": 0.015701489535919395,
           "qty_pct_entry": 0.013580231020180545,
           "wallet_exposure_limit": 0.18,
           "we_multiplier_close": 0,
           "we_multiplier_entry": 77.4661290649608}}