{"config_name": "clock_0days",
 "long": {"backwards_tp": true,
          "delay_between_fills_minutes_close": 868.9361135345848,
          "delay_between_fills_minutes_entry": 1217.404830054765,
          "delay_weight_close": 0.0,
          "delay_weight_entry": 7.14367295054399,
          "ema_dist_close": 0.001982761803724821,
          "ema_dist_entry": -0.0013349334712210604,
          "ema_span_0": 1270.154743328495,
          "ema_span_1": 132.41945414701277,
          "enabled": true,
          "markup_range": 0.03440755490952435,
          "min_markup": 0.009841229616340158,
          "n_close_orders": 16,
          "qty_pct_close": 0.043011139501740174,
          "qty_pct_entry": 0.01,
          "wallet_exposure_limit": 0.6,
          "we_multiplier_close": 0,
          "we_multiplier_entry": 76.46344928303752},
 "short": {"backwards_tp": true,
           "delay_between_fills_minutes_close": 1175.9203984534809,
           "delay_between_fills_minutes_entry": 928.0571806341004,
           "delay_weight_close": 0,
           "delay_weight_entry": 9.116756201052377,
           "ema_dist_close": 0.003,
           "ema_dist_entry": -0.0017240507471357061,
           "ema_span_0": 1208.8677405654428,
           "ema_span_1": 1166.7412702301206,
           "enabled": true,
           "markup_range": 0.002011232439219264,
           "min_markup": 0.008978687795120498,
           "n_close_orders": 4,
           "qty_pct_close": 0.01411501610516571,
           "qty_pct_entry": 0.024795265399857536,
           "wallet_exposure_limit": 0.18,
           "we_multiplier_close": 0,
           "we_multiplier_entry": 87.99509244894183}}