{"config_name": "clock_0days",
 "long": {"backwards_tp": true,
          "delay_between_fills_minutes_close": 1205.0610268015396,
          "delay_between_fills_minutes_entry": 752.6262571796872,
          "delay_weight_close": 0,
          "delay_weight_entry": 7.135896356230953,
          "ema_dist_close": 0.002696528679582373,
          "ema_dist_entry": -0.0010852864235183102,
          "ema_span_0": 887.9871003872514,
          "ema_span_1": 900.1989475917179,
          "enabled": true,
          "markup_range": 0.003409203504411884,
          "min_markup": 0.007046403870595323,
          "n_close_orders": 5,
          "qty_pct_close": 0.020275783779463985,
          "qty_pct_entry": 0.013577444961543186,
          "wallet_exposure_limit": 0.6,
          "we_multiplier_close": 0,
          "we_multiplier_entry": 137.46126280926043},
 "short": {"backwards_tp": true,
           "delay_between_fills_minutes_close": 1358.4983864057806,
           "delay_between_fills_minutes_entry": 491.7614912456402,
           "delay_weight_close": 0,
           "delay_weight_entry": 18.630939348812927,
           "ema_dist_close": 0.0008688340895226485,
           "ema_dist_entry": 0.0006614583364941562,
           "ema_span_0": 294.9627139351549,
           "ema_span_1": 1181.6311137862122,
           "enabled": true,
           "markup_range": 0.006130266894836195,
           "min_markup": 0.004738393915498318,
           "n_close_orders": 16,
           "qty_pct_close": 0.016510395296065662,
           "qty_pct_entry": 0.01,
           "wallet_exposure_limit": 0.18,
           "we_multiplier_close": 0,
           "we_multiplier_entry": 149.8824529120523}}