{"config_name": "clock_0days",
 "long": {"backwards_tp": true,
          "delay_between_fills_minutes_close": 1296.9476745407896,
          "delay_between_fills_minutes_entry": 776.8356021053919,
          "delay_weight_close": 0,
          "delay_weight_entry": 10.603333890496753,
          "ema_dist_close": 0.001468387129112113,
          "ema_dist_entry": 0.003,
          "ema_span_0": 1311.1948065826869,
          "ema_span_1": 603.2429610866446,
          "enabled": true,
          "markup_range": 0.00301854666089021,
          "min_markup": 0.005689953276509882,
          "n_close_orders": 12,
          "qty_pct_close": 0.01429756264506403,
          "qty_pct_entry": 0.012924187501757741,
          "wallet_exposure_limit": 0.6,
          "we_multiplier_close": 0,
          "we_multiplier_entry": 141.29520227181482},
 "short": {"backwards_tp": true,
           "delay_between_fills_minutes_close": 583.3203785020576,
           "delay_between_fills_minutes_entry": 1246.812875403251,
           "delay_weight_close": 0,
           "delay_weight_entry": 10.561241166775044,
           "ema_dist_close": -0.0017750998951173574,
           "ema_dist_entry": 0.003,
           "ema_span_0": 1300.334157010642,
           "ema_span_1": 1334.5220713901933,
           "enabled": true,
           "markup_range": 0.02857487672993438,
           "min_markup": 0.008287517166705788,
           "n_close_orders": 7,
           "qty_pct_close": 0.016860378009170857,
           "qty_pct_entry": 0.02334412471686043,
           "wallet_exposure_limit": 0.18,
           "we_multiplier_close": 0,
           "we_multiplier_entry": 16.883554040224055}}