{"config_name": "clock_0days",
 "long": {"backwards_tp": true,
          "delay_between_fills_minutes_close": 935.8530435547183,
          "delay_between_fills_minutes_entry": 618.4265990682653,
          "delay_weight_close": 0,
          "delay_weight_entry": 20.980545608667164,
          "ema_dist_close": 0.0024711261464825532,
          "ema_dist_entry": -6.868952297971512e-05,
          "ema_span_0": 297.2497782651016,
          "ema_span_1": 1285.5142892838717,
          "enabled": true,
          "markup_range": 0.0016477147198323695,
          "min_markup": 0.007128516310094771,
          "n_close_orders": 2,
          "qty_pct_close": 0.02765171935774014,
          "qty_pct_entry": 0.013493774772248375,
          "wallet_exposure_limit": 0.6,
          "we_multiplier_close": 0,
          "we_multiplier_entry": 82.86073473595373},
 "short": {"backwards_tp": true,
           "delay_between_fills_minutes_close": 1267.9257687252605,
           "delay_between_fills_minutes_entry": 1029.7921406458584,
           "delay_weight_close": 0,
           "delay_weight_entry": 8.109158279042235,
           "ema_dist_close": 0.001769227660839129,
           "ema_dist_entry": 0.0027143395057520428,
           "ema_span_0": 1429.4799920679282,
           "ema_span_1": 1430.9723681127712,
           "enabled": true,
           "markup_range": 0.01024740125552812,
           "min_markup": 0.0056562291292476434,
           "n_close_orders": 13,
           "qty_pct_close": 0.01378127532625111,
           "qty_pct_entry": 0.012094435861008343,
           "wallet_exposure_limit": 0.18,
           "we_multiplier_close": 0,
           "we_multiplier_entry": 17.96423955634092}}