{"config_name": "clock_0days",
 "long": {"backwards_tp": true,
          "delay_between_fills_minutes_close": 278.3534180777592,
          "delay_between_fills_minutes_entry": 1392.0791302852645,
          "delay_weight_close": 0,
          "delay_weight_entry": 18.094024459161645,
          "ema_dist_close": 0.002571681571086793,
          "ema_dist_entry": -0.001775693104634513,
          "ema_span_0": 1188.8297253285216,
          "ema_span_1": 1237.2668283623054,
          "enabled": true,
          "markup_range": 0.023944925312296174,
          "min_markup": 0.006128914781957159,
          "n_close_orders": 14,
          "qty_pct_close": 0.010262849657197034,
          "qty_pct_entry": 0.010888526664944838,
          "wallet_exposure_limit": 0.6,
          "we_multiplier_close": 0,
          "we_multiplier_entry": 31.645453278201046},
 "short": {"backwards_tp": true,
           "delay_between_fills_minutes_close": 1256.9004957207887,
           "delay_between_fills_minutes_entry": 1131.9242307904967,
           "delay_weight_close": 0,
           "delay_weight_entry": 22.421496266910058,
           "ema_dist_close": -0.0025519563433490443,
           "ema_dist_entry": 0.002855707173820774,
           "ema_span_0": 318.0604627905269,
           "ema_span_1": 1407.8049180483792,
           "enabled": true,
           "markup_range": 0.004863661190040477,
           "min_markup": 0.004841481142656695,
           "n_close_orders": 2,
           "qty_pct_close": 0.01290796672362364,
           "qty_pct_entry": 0.019351662186747505,
           "wallet_exposure_limit": 0.18,
           "we_multiplier_close": 0,
           "we_multiplier_entry": 51.0792758165664}}