{"config_name": "clock_0days",
 "long": {"backwards_tp": true,
          "delay_between_fills_minutes_close": 1002.5050776261863,
          "delay_between_fills_minutes_entry": 943.1040199608566,
          "delay_weight_close": 0,
          "delay_weight_entry": 13.21432578260575,
          "ema_dist_close": -0.001281061459874586,
          "ema_dist_entry": -0.001955644503940422,
          "ema_span_0": 1056.516490115629,
          "ema_span_1": 1118.2671924516053,
          "enabled": true,
          "markup_range": 0.011300610663770425,
          "min_markup": 0.008729102148180436,
          "n_close_orders": 9,
          "qty_pct_close": 0.0422445633628082,
          "qty_pct_entry": 0.01,
          "wallet_exposure_limit": 0.6,
          "we_multiplier_close": 0,
          "we_multiplier_entry": 199.41564920990004},
 "short": {"backwards_tp": true,
           "delay_between_fills_minutes_close": 1256.9004957207887,
           "delay_between_fills_minutes_entry": 1131.9242307904967,
           "delay_weight_close": 0,
           "delay_weight_entry": 22.421496266910058,
           "ema_dist_close": -0.0025519563433490443,
           "ema_dist_entry": 0.002855707173820774,
           "ema_span_0": 318.0604627905269,
           "ema_span_1": 1407.8049180483792,
           "enabled": true,
           "markup_range": 0.004863661190040477,
           "min_markup": 0.004841481142656695,
           "n_close_orders": 2,
           "qty_pct_close": 0.01290796672362364,
           "qty_pct_entry": 0.019351662186747505,
           "wallet_exposure_limit": 0.18,
           "we_multiplier_close": 0,
           "we_multiplier_entry": 51.0792758165664}}