{"config_name": "clock_0days",
 "long": {"backwards_tp": true,
          "delay_between_fills_minutes_close": 1347.110418902547,
          "delay_between_fills_minutes_entry": 1440,
          "delay_weight_close": 0,
          "delay_weight_entry": 12.72919857812622,
          "ema_dist_close": 0.0011168948493744807,
          "ema_dist_entry": 0.0004347506676405669,
          "ema_span_0": 1101.1542397071626,
          "ema_span_1": 1435.8319914151014,
          "enabled": true,
          "markup_range": 0.01962551578908541,
          "min_markup": 0.009462071282448614,
          "n_close_orders": 6,
          "qty_pct_close": 0.02047184834137108,
          "qty_pct_entry": 0.01,
          "wallet_exposure_limit": 0.6,
          "we_multiplier_close": 0,
          "we_multiplier_entry": 10.276068693911228},
 "short": {"backwards_tp": true,
           "delay_between_fills_minutes_close": 1093.7626314085162,
           "delay_between_fills_minutes_entry": 1381.8799440872276,
           "delay_weight_close": 0,
           "delay_weight_entry": 34.76135190431872,
           "ema_dist_close": 0.0025314737784796534,
           "ema_dist_entry": 0.0012787988547104624,
           "ema_span_0": 139.86772601021966,
           "ema_span_1": 1398.6434028589597,
           "enabled": true,
           "markup_range": 0.002466806669236581,
           "min_markup": 0.009822644542207812,
           "n_close_orders": 8,
           "qty_pct_close": 0.017849499727621374,
           "qty_pct_entry": 0.016247075297572897,
           "wallet_exposure_limit": 0.18,
           "we_multiplier_close": 0,
           "we_multiplier_entry": 30.693078690277698}}