{"config_name": "clock_0days",
 "long": {"backwards_tp": true,
          "delay_between_fills_minutes_close": 1425.293963620809,
          "delay_between_fills_minutes_entry": 679.4168637310743,
          "delay_weight_close": 0.0,
          "delay_weight_entry": 9.90154799335563,
          "ema_dist_close": 0.0025263783840058706,
          "ema_dist_entry": 0.002610214359169805,
          "ema_span_0": 651.0182615330676,
          "ema_span_1": 1212.066258661688,
          "enabled": true,
          "markup_range": 0.008230349270118953,
          "min_markup": 0.009004332472421805,
          "n_close_orders": 7,
          "qty_pct_close": 0.013011998434675971,
          "qty_pct_entry": 0.012288453862705814,
          "wallet_exposure_limit": 0.6,
          "we_multiplier_close": 0,
          "we_multiplier_entry": 21.644722468000367},
 "short": {"backwards_tp": true,
           "delay_between_fills_minutes_close": 514.5071389566087,
           "delay_between_fills_minutes_entry": 1049.2501611309156,
           "delay_weight_close": 0,
           "delay_weight_entry": 13.322644353245082,
           "ema_dist_close": 0.001471915474830321,
           "ema_dist_entry": -0.016568715657732963,
           "ema_span_0": 737.5299970218855,
           "ema_span_1": 1247.7345243016987,
           "enabled": true,
           "markup_range": 0.039756743549090874,
           "min_markup": 0.006220540745609018,
           "n_close_orders": 5,
           "qty_pct_close": 0.01,
           "qty_pct_entry": 0.021719467090295447,
           "wallet_exposure_limit": 0.18,
           "we_multiplier_close": 0,
           "we_multiplier_entry": 0}}