{"config_name": "clock_0days",
 "long": {"backwards_tp": true,
          "delay_between_fills_minutes_close": 1440,
          "delay_between_fills_minutes_entry": 933.6684932699206,
          "delay_weight_close": 0,
          "delay_weight_entry": 29.679783421939476,
          "ema_dist_close": -0.013914427982390273,
          "ema_dist_entry": 0.0015983432413911839,
          "ema_span_0": 753.4600091257713,
          "ema_span_1": 79.35808757171293,
          "enabled": true,
          "markup_range": 0.0013361131695938363,
          "min_markup": 0.004907189852669274,
          "n_close_orders": 2,
          "qty_pct_close": 0.023174635021768468,
          "qty_pct_entry": 0.011947192197384653,
          "wallet_exposure_limit": 0.6,
          "we_multiplier_close": 0,
          "we_multiplier_entry": 163.4266751937912},
 "short": {"backwards_tp": true,
           "delay_between_fills_minutes_close": 958.6213580468324,
           "delay_between_fills_minutes_entry": 750.9953303781214,
           "delay_weight_close": 0,
           "delay_weight_entry": 1.3687187995717665,
           "ema_dist_close": 0.0004889316792806367,
           "ema_dist_entry": -0.0015705512892605353,
           "ema_span_0": 1360.9023279263856,
           "ema_span_1": 1344.596244555405,
           "enabled": true,
           "markup_range": 0.017950235730047295,
           "min_markup": 0.006880169682868061,
           "n_close_orders": 12,
           "qty_pct_close": 0.03601662037162074,
           "qty_pct_entry": 0.012589830741115639,
           "wallet_exposure_limit": 0.18,
           "we_multiplier_close": 0,
           "we_multiplier_entry": 71.3218258723204}}