{"config_name": "clock_0days",
 "long": {"backwards_tp": true,
          "delay_between_fills_minutes_close": 701.5962373653599,
          "delay_between_fills_minutes_entry": 1337.946342307672,
          "delay_weight_close": 0,
          "delay_weight_entry": 12.212578716376166,
          "ema_dist_close": 0.0019268349388912587,
          "ema_dist_entry": -0.0020364624796057737,
          "ema_span_0": 1392.319556492525,
          "ema_span_1": 1092.9652277659702,
          "enabled": true,
          "markup_range": 0.012012441550461246,
          "min_markup": 0.0030408839219834786,
          "n_close_orders": 8,
          "qty_pct_close": 0.010882552493960859,
          "qty_pct_entry": 0.012650344338020179,
          "wallet_exposure_limit": 0.6,
          "we_multiplier_close": 0,
          "we_multiplier_entry": 189.17333084604425},
 "short": {"backwards_tp": true,
           "delay_between_fills_minutes_close": 1399.4006327214481,
           "delay_between_fills_minutes_entry": 975.3731197074188,
           "delay_weight_close": 0,
           "delay_weight_entry": 11.851025054354476,
           "ema_dist_close": -0.002606371784117094,
           "ema_dist_entry": 0.003,
           "ema_span_0": 1221.893141779789,
           "ema_span_1": 1440,
           "enabled": true,
           "markup_range": 0.011351822083760248,
           "min_markup": 0.005981833290243098,
           "n_close_orders": 12,
           "qty_pct_close": 0.017050714692518586,
           "qty_pct_entry": 0.016892440203412955,
           "wallet_exposure_limit": 0.18,
           "we_multiplier_close": 0,
           "we_multiplier_entry": 26.32274823545426}}