{"config_name": "clock_0days",
 "long": {"backwards_tp": true,
          "delay_between_fills_minutes_close": 1263.1248521150083,
          "delay_between_fills_minutes_entry": 917.5012891933159,
          "delay_weight_close": 0,
          "delay_weight_entry": 25.442943746773036,
          "ema_dist_close": 0.003,
          "ema_dist_entry": 0.002250160557922675,
          "ema_span_0": 1386.636481783313,
          "ema_span_1": 901.713617525217,
          "enabled": true,
          "markup_range": 0.010669757807260765,
          "min_markup": 0.005739334972725578,
          "n_close_orders": 10,
          "qty_pct_close": 0.010975610304642511,
          "qty_pct_entry": 0.01,
          "wallet_exposure_limit": 0.6,
          "we_multiplier_close": 0,
          "we_multiplier_entry": 10.178173603470068},
 "short": {"backwards_tp": true,
           "delay_between_fills_minutes_close": 1386.7555533615173,
           "delay_between_fills_minutes_entry": 978.116953442332,
           "delay_weight_close": 0,
           "delay_weight_entry": 21.180119108409503,
           "ema_dist_close": 0.003,
           "ema_dist_entry": 0.0017000308625782154,
           "ema_span_0": 709.3906337450414,
           "ema_span_1": 1085.0761410884033,
           "enabled": true,
           "markup_range": 0.012040344332130408,
           "min_markup": 0.004247916617521909,
           "n_close_orders": 5,
           "qty_pct_close": 0.012371910699358264,
           "qty_pct_entry": 0.012855755093681072,
           "wallet_exposure_limit": 0.18,
           "we_multiplier_close": 0,
           "we_multiplier_entry": 33.199968771282975}}