{"config_name": "clock_0days",
 "long": {"backwards_tp": true,
          "delay_between_fills_minutes_close": 240,
          "delay_between_fills_minutes_entry": 1378.8128966516956,
          "delay_weight_close": 0,
          "delay_weight_entry": 14.886655342918319,
          "ema_dist_close": 0.0026227111501671858,
          "ema_dist_entry": 0.003,
          "ema_span_0": 1403.3668742867933,
          "ema_span_1": 1019.2611674906061,
          "enabled": true,
          "markup_range": 0.018630356186652958,
          "min_markup": 0.00848609155087949,
          "n_close_orders": 7,
          "qty_pct_close": 0.012107361103954115,
          "qty_pct_entry": 0.014090001022690882,
          "wallet_exposure_limit": 0.6,
          "we_multiplier_close": 0,
          "we_multiplier_entry": 6.0685313831561745},
 "short": {"backwards_tp": true,
           "delay_between_fills_minutes_close": 1335.7677158650565,
           "delay_between_fills_minutes_entry": 975.2872136326566,
           "delay_weight_close": 0,
           "delay_weight_entry": 6.942297445292453,
           "ema_dist_close": 0.003,
           "ema_dist_entry": 0.003,
           "ema_span_0": 1440,
           "ema_span_1": 38.470128691333166,
           "enabled": true,
           "markup_range": 0.004231313327000093,
           "min_markup": 0.00622652518607785,
           "n_close_orders": 3,
           "qty_pct_close": 0.014795841808045692,
           "qty_pct_entry": 0.030174463372889253,
           "wallet_exposure_limit": 0.18,
           "we_multiplier_close": 0,
           "we_multiplier_entry": 111.00864884266876}}