{"config_name": "clock_0days",
 "long": {"backwards_tp": true,
          "delay_between_fills_minutes_close": 1339.993883551142,
          "delay_between_fills_minutes_entry": 1098.1234275224513,
          "delay_weight_close": 0,
          "delay_weight_entry": 18.652317001579906,
          "ema_dist_close": -0.0003337575468134803,
          "ema_dist_entry": 0.0027272817305908064,
          "ema_span_0": 977.2617623725081,
          "ema_span_1": 1272.617967071092,
          "enabled": true,
          "markup_range": 0.007290551738314486,
          "min_markup": 0.005957994301812124,
          "n_close_orders": 14,
          "qty_pct_close": 0.023760308840189957,
          "qty_pct_entry": 0.02361757535753723,
          "wallet_exposure_limit": 0.6,
          "we_multiplier_close": 0,
          "we_multiplier_entry": 14.60833883510653},
 "short": {"backwards_tp": true,
           "delay_between_fills_minutes_close": 1381.6043996365386,
           "delay_between_fills_minutes_entry": 431.58123957503346,
           "delay_weight_close": 0,
           "delay_weight_entry": 24.74601374024891,
           "ema_dist_close": 0.0006099807263960609,
           "ema_dist_entry": -0.004104843819728354,
           "ema_span_0": 1402.4453237655716,
           "ema_span_1": 191.86367934884683,
           "enabled": true,
           "markup_range": 0.004824947236159716,
           "min_markup": 0.001729855964554403,
           "n_close_orders": 11,
           "qty_pct_close": 0.03246241606920945,
           "qty_pct_entry": 0.015470992122415693,
           "wallet_exposure_limit": 0.18,
           "we_multiplier_close": 0,
           "we_multiplier_entry": 21.774919829951624}}