{"config_name": "recursive_grid_0days",
 "logging_level": 0,
 "long": {"auto_unstuck_ema_dist": -0.003014936656664302,
          "auto_unstuck_wallet_exposure_threshold": 0.044395759184919496,
          "backwards_tp": false,
          "ddown_factor": 2.754286132094765,
          "ema_span_0": 1309.3631142567433,
          "ema_span_1": 1111.0834804568465,
          "enabled": true,
          "initial_eprice_ema_dist": 0.00033015128683613253,
          "initial_qty_pct": 0.017273552959915058,
          "markup_range": 0.052942507610710496,
          "min_markup": 0.0023525622277507253,
          "n_close_orders": 10,
          "rentry_pprice_dist": 0.031173913945592345,
          "rentry_pprice_dist_wallet_exposure_weighting": 1.759348987129578,
          "wallet_exposure_limit": 0.2},
 "short": {"auto_unstuck_ema_dist": -0.03937677328284933,
           "auto_unstuck_wallet_exposure_threshold": 0.06841537033633996,
           "backwards_tp": true,
           "ddown_factor": 0.8301837693350179,
           "ema_span_0": 1077.1348130953306,
           "ema_span_1": 581.2971926462272,
           "enabled": false,
           "initial_eprice_ema_dist": -0.07229269681349876,
           "initial_qty_pct": 0.07406507737542106,
           "markup_range": 0.036912947420457976,
           "min_markup": 0.0017816269557543811,
           "n_close_orders": 6,
           "rentry_pprice_dist": 0.021185800137935803,
           "rentry_pprice_dist_wallet_exposure_weighting": 16.813158357766117,
           "wallet_exposure_limit": 1.0}}