{"config_name": "clock_0days",
 "long": {"backwards_tp": true,
          "delay_between_fills_minutes_close": 87.32345517644345,
          "delay_between_fills_minutes_entry": 1169.320556626196,
          "delay_weight_close": 9.713335262143291,
          "delay_weight_entry": 19.174162426341216,
          "ema_dist_close": -0.0019724683463721946,
          "ema_dist_entry": 0.00426205601840395,
          "ema_span_0": 593.5307825649769,
          "ema_span_1": 1058.385463604625,
          "enabled": true,
          "markup_range": 0.04453916881173629,
          "min_markup": 0.005568014729139478,
          "n_close_orders": 2,
          "qty_pct_close": 0.1471257458526964,
          "qty_pct_entry": 0.014906552832161152,
          "wallet_exposure_limit": 0.4,
          "we_multiplier_close": 1.8650408732959805,
          "we_multiplier_entry": 73.98400605216594},
 "short": {"backwards_tp": true,
           "delay_between_fills_minutes_close": 570.3510656433303,
           "delay_between_fills_minutes_entry": 754.4616840173102,
           "delay_weight_close": 92.2406889187686,
           "delay_weight_entry": 99.1371370040879,
           "ema_dist_close": -0.02086944386945355,
           "ema_dist_entry": -0.01068321135871314,
           "ema_span_0": 68.75725562678369,
           "ema_span_1": 159.60010838105094,
           "enabled": false,
           "markup_range": 0.015496864002810421,
           "min_markup": 0.009975775351255305,
           "n_close_orders": 4,
           "qty_pct_close": 0.024337926755635134,
           "qty_pct_entry": 0.06281623225348681,
           "wallet_exposure_limit": 1.0,
           "we_multiplier_close": 7.439842389923445,
           "we_multiplier_entry": 30.751106209763122}}