{"config_name": "recursive_grid_0days",
 "logging_level": 0,
 "long": {"auto_unstuck_ema_dist": 0.012133720447475476,
          "auto_unstuck_wallet_exposure_threshold": 0.09128293032145697,
          "backwards_tp": false,
          "ddown_factor": 3.3994160463769365,
          "ema_span_0": 2384.9126525800643,
          "ema_span_1": 6159.349844177687,
          "enabled": true,
          "initial_eprice_ema_dist": -0.023998277614810232,
          "initial_qty_pct": 0.015,
          "markup_range": 0.0332700590928425,
          "min_markup": 0.0036794262064393517,
          "n_close_orders": 13,
          "rentry_pprice_dist": 0.04598956624325606,
          "rentry_pprice_dist_wallet_exposure_weighting": 5.098067290899736,
          "wallet_exposure_limit": 1.0},
 "short": {"auto_unstuck_ema_dist": 0.008308698786324764,
           "auto_unstuck_wallet_exposure_threshold": 0.07566089981292992,
           "backwards_tp": true,
           "ddown_factor": 2.6707696929760605,
           "ema_span_0": 3573.770348021501,
           "ema_span_1": 1583.8528179451596,
           "enabled": false,
           "initial_eprice_ema_dist": -0.07747624906647102,
           "initial_qty_pct": 0.015,
           "markup_range": 0.004451496370956525,
           "min_markup": 0.002323193119633334,
           "n_close_orders": 11,
           "rentry_pprice_dist": 0.028881482942069315,
           "rentry_pprice_dist_wallet_exposure_weighting": 44.92492800912296,
           "wallet_exposure_limit": 0.1}}