{"config_name": "recursive_grid_0days",
 "logging_level": 0,
 "long": {"auto_unstuck_ema_dist": -0.005134031808910031,
          "auto_unstuck_wallet_exposure_threshold": 0.056306143144556856,
          "backwards_tp": true,
          "ddown_factor": 0.28730441404947515,
          "ema_span_0": 1440,
          "ema_span_1": 1300.815627556573,
          "enabled": true,
          "initial_eprice_ema_dist": 0.004,
          "initial_qty_pct": 0.03225958223295827,
          "markup_range": 0.0021147260905366983,
          "min_markup": 0.004522959102116621,
          "n_close_orders": 12,
          "rentry_pprice_dist": 0.03981344343963127,
          "rentry_pprice_dist_wallet_exposure_weighting": 1.2498558411490404,
          "wallet_exposure_limit": 0.2},
 "short": {"auto_unstuck_ema_dist": -0.013882862257561135,
           "auto_unstuck_wallet_exposure_threshold": 0.03425052597472946,
           "backwards_tp": true,
           "ddown_factor": 1.7080126948785563,
           "ema_span_0": 69.06219275460778,
           "ema_span_1": 510.28688708228054,
           "enabled": false,
           "initial_eprice_ema_dist": -0.028624873608800644,
           "initial_qty_pct": 0.08849266514386947,
           "markup_range": 0.020602218654526706,
           "min_markup": 0.005779220908274951,
           "n_close_orders": 9,
           "rentry_pprice_dist": 0.025858494147801406,
           "rentry_pprice_dist_wallet_exposure_weighting": 13.857040703677797,
           "wallet_exposure_limit": 1.0}}