{"config_name": "recursive_grid_0days",
 "logging_level": 0,
 "long": {"auto_unstuck_ema_dist": -0.009284419588238032,
          "auto_unstuck_wallet_exposure_threshold": 0.0466551636775442,
          "backwards_tp": true,
          "ddown_factor": 1.1212272094912084,
          "ema_span_0": 203.70771333827562,
          "ema_span_1": 933.1685930377489,
          "enabled": true,
          "initial_eprice_ema_dist": 0.0035767578635347284,
          "initial_qty_pct": 0.011063861992867685,
          "markup_range": 0.003965289145253069,
          "min_markup": 0.002157787662574813,
          "n_close_orders": 2,
          "rentry_pprice_dist": 0.02818212491636365,
          "rentry_pprice_dist_wallet_exposure_weighting": 2.8251217137706055,
          "wallet_exposure_limit": 1},
 "short": {"auto_unstuck_ema_dist": -0.057964915512251275,
           "auto_unstuck_wallet_exposure_threshold": 0.05687581874194261,
           "backwards_tp": true,
           "ddown_factor": 2.572343720486253,
           "ema_span_0": 63.611930808932975,
           "ema_span_1": 968.7231281389295,
           "enabled": false,
           "initial_eprice_ema_dist": -0.022802005202976372,
           "initial_qty_pct": 0.01842370664357568,
           "markup_range": 0.021337278804596585,
           "min_markup": 0.008386770139500413,
           "n_close_orders": 8,
           "rentry_pprice_dist": 0.02924998559538675,
           "rentry_pprice_dist_wallet_exposure_weighting": 37.89434877882799,
           "wallet_exposure_limit": 1.0}}