{"config_name": "emas_0days",
 "long": {"delay_between_fills_minutes_close": 4069.8222147234196,
          "delay_between_fills_minutes_entry": 2244.8105107497645,
          "delay_weight_close": 25.585987698620055,
          "delay_weight_entry": 16.54784445184978,
          "ema_dist_lower": 0.004136433822764186,
          "ema_dist_upper": 0.0075869475756443015,
          "ema_span_0": 1275.7386386886558,
          "ema_span_1": 2240.297338423338,
          "enabled": true,
          "markup_range": 0.02897995710775779,
          "min_markup": 0.07,
          "n_close_orders": 11,
          "qty_pct_close": 0.015924794272064287,
          "qty_pct_entry": 0.01833443187857891,
          "wallet_exposure_limit": 1,
          "we_multiplier_close": 34.48667871591915,
          "we_multiplier_entry": 28.959380322903158},
 "short": {"delay_between_fills_minutes_close": 3780.197061836323,
           "delay_between_fills_minutes_entry": 327.5640050614857,
           "delay_weight_close": 22.779238455003018,
           "delay_weight_entry": 30.85768740977384,
           "ema_dist_lower": 0.01827438718796649,
           "ema_dist_upper": 0.0008094867192394984,
           "ema_span_0": 150.41490033310464,
           "ema_span_1": 3457.0587334639117,
           "enabled": false,
           "markup_range": 0.02384657160784445,
           "min_markup": 0.010019012759129777,
           "n_close_orders": 5,
           "qty_pct_close": 0.03802908030325722,
           "qty_pct_entry": 0.0561035387044243,
           "wallet_exposure_limit": 1.0,
           "we_multiplier_close": 62.44790909000051,
           "we_multiplier_entry": 22.024385296446997}}