{"config_name": "clock_0days",
 "long": {"backwards_tp": true,
          "delay_between_fills_minutes_close": 1185.64551212693,
          "delay_between_fills_minutes_entry": 1318.8571186382073,
          "delay_weight_close": 49.57917955091983,
          "delay_weight_entry": 14.485347822656818,
          "ema_dist_close": 0.004,
          "ema_dist_entry": -0.0021800022320380163,
          "ema_span_0": 853.9146972260096,
          "ema_span_1": 26.99670486138415,
          "enabled": true,
          "markup_range": 0.028605010802222806,
          "min_markup": 0.00960491995210826,
          "n_close_orders": 7,
          "qty_pct_close": 0.030538589651131057,
          "qty_pct_entry": 0.013478722343625897,
          "wallet_exposure_limit": 0.4,
          "we_multiplier_close": 2.1716488594262104,
          "we_multiplier_entry": 56.116824313794815},
 "short": {"backwards_tp": true,
           "delay_between_fills_minutes_close": 4.157643727908235,
           "delay_between_fills_minutes_entry": 667.6453763664102,
           "delay_weight_close": 19.262411589238226,
           "delay_weight_entry": 62.53387971842478,
           "ema_dist_close": -0.03707071306734175,
           "ema_dist_entry": -0.01986868048147271,
           "ema_span_0": 450.6325595891314,
           "ema_span_1": 792.0868936926843,
           "enabled": false,
           "markup_range": 0.037179991688839814,
           "min_markup": 0.0014149815557318792,
           "n_close_orders": 8,
           "qty_pct_close": 0.01039296248591233,
           "qty_pct_entry": 0.06361663740235214,
           "wallet_exposure_limit": 1.0,
           "we_multiplier_close": 6.22339520335885,
           "we_multiplier_entry": 81.44650135239672}}