{"config_name": "clock_0days",
 "long": {"backwards_tp": true,
          "delay_between_fills_minutes_close": 1400.5921227305146,
          "delay_between_fills_minutes_entry": 1314.7434680506753,
          "delay_weight_close": 0.0,
          "delay_weight_entry": 12.410938939815916,
          "ema_dist_close": 0.002363790613783452,
          "ema_dist_entry": -0.004743400859224454,
          "ema_span_0": 1273.7350272552665,
          "ema_span_1": 1416.5122944535544,
          "enabled": true,
          "markup_range": 0.00783461613774566,
          "min_markup": 0.009630448398727462,
          "n_close_orders": 9,
          "qty_pct_close": 0.012683754127807631,
          "qty_pct_entry": 0.011195218338590024,
          "wallet_exposure_limit": 0.5,
          "we_multiplier_close": 0,
          "we_multiplier_entry": 27.460616028684964},
 "short": {"backwards_tp": true,
           "delay_between_fills_minutes_close": 1106.498053709806,
           "delay_between_fills_minutes_entry": 1215.936188848631,
           "delay_weight_close": 0,
           "delay_weight_entry": 11.734433195488053,
           "ema_dist_close": 0.0023969469704628148,
           "ema_dist_entry": -0.002845612362001335,
           "ema_span_0": 1144.2008827978618,
           "ema_span_1": 1069.4486966739591,
           "enabled": true,
           "markup_range": 0.027136156527842036,
           "min_markup": 0.004241793550653031,
           "n_close_orders": 2,
           "qty_pct_close": 0.011670930829282883,
           "qty_pct_entry": 0.018098336546676162,
           "wallet_exposure_limit": 0.25,
           "we_multiplier_close": 0,
           "we_multiplier_entry": 18.565014617100488}}