{"config_name": "clock_0days",
 "long": {"backwards_tp": true,
          "delay_between_fills_minutes_close": 892.4282024078556,
          "delay_between_fills_minutes_entry": 1245.7666502736179,
          "delay_weight_close": 0,
          "delay_weight_entry": 12.072145737766151,
          "ema_dist_close": 0.003,
          "ema_dist_entry": 0.0013243946709314812,
          "ema_span_0": 1103.8143086515438,
          "ema_span_1": 849.4229655379831,
          "enabled": true,
          "markup_range": 0.014408878474521908,
          "min_markup": 0.00965962706450323,
          "n_close_orders": 3,
          "qty_pct_close": 0.024379998506444588,
          "qty_pct_entry": 0.01015506305410868,
          "wallet_exposure_limit": 0.5,
          "we_multiplier_close": 0,
          "we_multiplier_entry": 52.81007771979037},
 "short": {"backwards_tp": true,
           "delay_between_fills_minutes_close": 1259.7950171438813,
           "delay_between_fills_minutes_entry": 710.6455756707923,
           "delay_weight_close": 0,
           "delay_weight_entry": 8.196266693045601,
           "ema_dist_close": -0.004887030496447955,
           "ema_dist_entry": 0.0017285936326412045,
           "ema_span_0": 849.6135954612806,
           "ema_span_1": 1404.9742964241566,
           "enabled": true,
           "markup_range": 0.007511806206280117,
           "min_markup": 0.009120613103941359,
           "n_close_orders": 13,
           "qty_pct_close": 0.015895333566949544,
           "qty_pct_entry": 0.01876316578602399,
           "wallet_exposure_limit": 0.25,
           "we_multiplier_close": 0,
           "we_multiplier_entry": 31.277908901988653}}