{"config_name": "clock_0days",
 "long": {"backwards_tp": true,
          "delay_between_fills_minutes_close": 1363.472641445316,
          "delay_between_fills_minutes_entry": 1373.708368059026,
          "delay_weight_close": 0,
          "delay_weight_entry": 10.882399301284828,
          "ema_dist_close": 0.003,
          "ema_dist_entry": 0.002302436923056258,
          "ema_span_0": 745.743886013853,
          "ema_span_1": 1399.138111274408,
          "enabled": true,
          "markup_range": 0.022502711937877597,
          "min_markup": 0.006544688508053951,
          "n_close_orders": 12,
          "qty_pct_close": 0.021872975215675203,
          "qty_pct_entry": 0.01,
          "wallet_exposure_limit": 0.5,
          "we_multiplier_close": 0,
          "we_multiplier_entry": 5.598591230546752},
 "short": {"backwards_tp": true,
           "delay_between_fills_minutes_close": 1440,
           "delay_between_fills_minutes_entry": 433.4562889889434,
           "delay_weight_close": 0,
           "delay_weight_entry": 13.395509942559555,
           "ema_dist_close": 0.003,
           "ema_dist_entry": 0.0028717828075817907,
           "ema_span_0": 258.7377179278906,
           "ema_span_1": 1337.3541587922896,
           "enabled": true,
           "markup_range": 0.004003409755943929,
           "min_markup": 0.0024016153940339202,
           "n_close_orders": 14,
           "qty_pct_close": 0.015743462874683815,
           "qty_pct_entry": 0.01699894742626819,
           "wallet_exposure_limit": 0.25,
           "we_multiplier_close": 0,
           "we_multiplier_entry": 42.05370250685774}}