{"config_name": "clock_0days",
 "long": {"backwards_tp": true,
          "delay_between_fills_minutes_close": 398.72756243023133,
          "delay_between_fills_minutes_entry": 344.0718373575981,
          "delay_weight_close": 91.10556983150278,
          "delay_weight_entry": 29.617400783960502,
          "ema_dist_close": -0.00658998842861688,
          "ema_dist_entry": 0.013334532710229868,
          "ema_span_0": 943.1804117149666,
          "ema_span_1": 139.8747351056892,
          "enabled": true,
          "markup_range": 0.02717311150496957,
          "min_markup": 0.009805020138891158,
          "n_close_orders": 3,
          "qty_pct_close": 0.018306507941494545,
          "qty_pct_entry": 0.01576613435342484,
          "wallet_exposure_limit": 0.5,
          "we_multiplier_close": 44.62144204428374,
          "we_multiplier_entry": 150},
 "short": {"backwards_tp": true,
           "delay_between_fills_minutes_close": 1369.280881000144,
           "delay_between_fills_minutes_entry": 200.97298896690293,
           "delay_weight_close": 14.262658793890992,
           "delay_weight_entry": 18.806336402571244,
           "ema_dist_close": -0.004600794123492909,
           "ema_dist_entry": -0.015339351977661723,
           "ema_span_0": 975.2517892651648,
           "ema_span_1": 1250.5927913774647,
           "enabled": false,
           "markup_range": 0.03166596253772689,
           "min_markup": 0.005792590969106904,
           "n_close_orders": 7,
           "qty_pct_close": 0.05271395210057239,
           "qty_pct_entry": 0.059204386195467605,
           "wallet_exposure_limit": 1.0,
           "we_multiplier_close": 72.7314203969136,
           "we_multiplier_entry": 36.92132076021355}}