{"config_name": "clock_0days",
 "long": {"backwards_tp": true,
          "delay_between_fills_minutes_close": 465.03813816525354,
          "delay_between_fills_minutes_entry": 487.1734149976043,
          "delay_weight_close": 14.156839506377072,
          "delay_weight_entry": 59.162348806166676,
          "ema_dist_close": -0.8613134978922702,
          "ema_dist_entry": 0.012324005168455152,
          "ema_span_0": 966.0272744313673,
          "ema_span_1": 778.8381995643546,
          "enabled": true,
          "markup_range": 0.015832411750309215,
          "min_markup": 0.01,
          "n_close_orders": 4,
          "qty_pct_close": 0.012607392754510624,
          "qty_pct_entry": 0.011493077780727673,
          "wallet_exposure_limit": 0.5,
          "we_multiplier_close": 10.233057144943167,
          "we_multiplier_entry": 132.84269127609642},
 "short": {"backwards_tp": true,
           "delay_between_fills_minutes_close": 1199.4085948842012,
           "delay_between_fills_minutes_entry": 683.3085142237912,
           "delay_weight_close": 8.979319956635045,
           "delay_weight_entry": 67.15949541403684,
           "ema_dist_close": -0.004694215878587205,
           "ema_dist_entry": -0.043480586440033914,
           "ema_span_0": 446.99009156378634,
           "ema_span_1": 213.4377299645636,
           "enabled": false,
           "markup_range": 0.014930153736441524,
           "min_markup": 0.006204870318476777,
           "n_close_orders": 2,
           "qty_pct_close": 0.02165197935074585,
           "qty_pct_entry": 0.03660816750455204,
           "wallet_exposure_limit": 1.0,
           "we_multiplier_close": 75.57615386188647,
           "we_multiplier_entry": 73.03745004732919}}