{"config_name": "clock_0days",
 "long": {"backwards_tp": true,
          "delay_between_fills_minutes_close": 378.8237933624436,
          "delay_between_fills_minutes_entry": 500,
          "delay_weight_close": 89.28557573660821,
          "delay_weight_entry": 20.39859570941497,
          "ema_dist_close": -0.025036153171966745,
          "ema_dist_entry": -0.6633617016101926,
          "ema_span_0": 789.4360414467645,
          "ema_span_1": 223.14265835743285,
          "enabled": true,
          "markup_range": 0.024879653865517652,
          "min_markup": 0.006976052883732883,
          "n_close_orders": 4,
          "qty_pct_close": 0.015534800365385544,
          "qty_pct_entry": 0.01178508315084923,
          "wallet_exposure_limit": 0.5,
          "we_multiplier_close": 13.264539638406742,
          "we_multiplier_entry": 87.61777806365637},
 "short": {"backwards_tp": true,
           "delay_between_fills_minutes_close": 385.7743376754158,
           "delay_between_fills_minutes_entry": 686.2171506926609,
           "delay_weight_close": 39.24512675866597,
           "delay_weight_entry": 32.244096132766785,
           "ema_dist_close": -0.018194454489972305,
           "ema_dist_entry": -0.045011558297993054,
           "ema_span_0": 415.033928034235,
           "ema_span_1": 548.5864455471835,
           "enabled": false,
           "markup_range": 0.03612664602910356,
           "min_markup": 0.006451946239492718,
           "n_close_orders": 14,
           "qty_pct_close": 0.06385557789475547,
           "qty_pct_entry": 0.05142498061299811,
           "wallet_exposure_limit": 1.0,
           "we_multiplier_close": 36.112736156637624,
           "we_multiplier_entry": 93.21758642370618}}