{"config_name": "clock_0days",
 "long": {"backwards_tp": true,
          "delay_between_fills_minutes_close": 417.05390317759867,
          "delay_between_fills_minutes_entry": 320.37592002338465,
          "delay_weight_close": 9.58226773503053,
          "delay_weight_entry": 27.593325202836166,
          "ema_dist_close": -0.06711918991464169,
          "ema_dist_entry": 0.009555590436522099,
          "ema_span_0": 175.23234484050226,
          "ema_span_1": 376.7852914777829,
          "enabled": true,
          "markup_range": 0.026531550944260473,
          "min_markup": 0.009975845587278561,
          "n_close_orders": 7,
          "qty_pct_close": 0.011263793414221353,
          "qty_pct_entry": 0.01580913767849349,
          "wallet_exposure_limit": 0.5,
          "we_multiplier_close": 3.599175326924919,
          "we_multiplier_entry": 31.751781309117305},
 "short": {"backwards_tp": true,
           "delay_between_fills_minutes_close": 1004.9810776274107,
           "delay_between_fills_minutes_entry": 220.85207365651024,
           "delay_weight_close": 13.522623322463668,
           "delay_weight_entry": 43.1363442954607,
           "ema_dist_close": -0.0028162431030556018,
           "ema_dist_entry": -0.016504331646361593,
           "ema_span_0": 839.0852423716251,
           "ema_span_1": 791.4453188332037,
           "enabled": false,
           "markup_range": 0.020484976358887706,
           "min_markup": 0.008822238984710927,
           "n_close_orders": 11,
           "qty_pct_close": 0.03904227085911822,
           "qty_pct_entry": 0.07416661027607423,
           "wallet_exposure_limit": 1.0,
           "we_multiplier_close": 63.63545814187823,
           "we_multiplier_entry": 43.003555373582394}}