{"config_name": "emas_0days",
 "long": {"delay_between_fills_minutes_close": 4313.132140041291,
          "delay_between_fills_minutes_entry": 4248.258654423858,
          "delay_weight_close": 44.57081295273072,
          "delay_weight_entry": 14.097905299296691,
          "ema_dist_lower": 0.00655687914681085,
          "ema_dist_upper": 0.014505119289687191,
          "ema_span_0": 1335.1492902829348,
          "ema_span_1": 1958.3740594464305,
          "enabled": true,
          "markup_range": 0.01653418324771849,
          "min_markup": 0.06867277985936877,
          "n_close_orders": 11,
          "qty_pct_close": 0.056881021985401264,
          "qty_pct_entry": 0.01927500354347914,
          "wallet_exposure_limit": 1.0,
          "we_multiplier_close": 32.36756326661155,
          "we_multiplier_entry": 62.54136834349005},
 "short": {"delay_between_fills_minutes_close": 3900.6339908289247,
           "delay_between_fills_minutes_entry": 4192.113673496029,
           "delay_weight_close": 23.104076064541747,
           "delay_weight_entry": 22.426087057417988,
           "ema_dist_lower": 0.004229830139827144,
           "ema_dist_upper": 0.017423649661689106,
           "ema_span_0": 989.4181818861975,
           "ema_span_1": 2168.3188969074467,
           "enabled": false,
           "markup_range": 0.015025346028330082,
           "min_markup": 0.026934174414702895,
           "n_close_orders": 7,
           "qty_pct_close": 0.008525790876052129,
           "qty_pct_entry": 0.05358512127032586,
           "wallet_exposure_limit": 1.0,
           "we_multiplier_close": 27.341816400416782,
           "we_multiplier_entry": 50.900052082856874}}