{"config_name": "clock_0days",
 "long": {"backwards_tp": true,
          "delay_between_fills_minutes_close": 1184.511232710805,
          "delay_between_fills_minutes_entry": 1003.656231446085,
          "delay_weight_close": 0,
          "delay_weight_entry": 26.697432174786805,
          "ema_dist_close": 0.0016927417996924817,
          "ema_dist_entry": -0.00022381310072685763,
          "ema_span_0": 759.5319339026081,
          "ema_span_1": 880.9643865484114,
          "enabled": true,
          "markup_range": 0.004756377333662,
          "min_markup": 0.002411309202446699,
          "n_close_orders": 15,
          "qty_pct_close": 0.021507292078959295,
          "qty_pct_entry": 0.017638618462313283,
          "wallet_exposure_limit": 0.4,
          "we_multiplier_close": 0,
          "we_multiplier_entry": 77.65473599005722},
 "short": {"backwards_tp": true,
           "delay_between_fills_minutes_close": 869.804309498124,
           "delay_between_fills_minutes_entry": 972.3161250878456,
           "delay_weight_close": 0.0,
           "delay_weight_entry": 62.2761902580407,
           "ema_dist_close": 0.0009979254370944199,
           "ema_dist_entry": -0.03800610280390664,
           "ema_span_0": 396.256223765522,
           "ema_span_1": 1235.968173305567,
           "enabled": false,
           "markup_range": 0.03044775162832377,
           "min_markup": 0.0023589623191909224,
           "n_close_orders": 14,
           "qty_pct_close": 0.03754014811342401,
           "qty_pct_entry": 0.04536167137731605,
           "wallet_exposure_limit": 1.0,
           "we_multiplier_close": 0.0,
           "we_multiplier_entry": 75.8667782457218}}