{"config_name": "clock_0days",
 "long": {"backwards_tp": true,
          "delay_between_fills_minutes_close": 1314.4119351193042,
          "delay_between_fills_minutes_entry": 1120.6065758769853,
          "delay_weight_close": 72.61002571453272,
          "delay_weight_entry": 23.376496216841158,
          "ema_dist_close": 0.00031623579266230927,
          "ema_dist_entry": -0.000419902665718843,
          "ema_span_0": 88.51564136802335,
          "ema_span_1": 1440,
          "enabled": true,
          "markup_range": 0.015157374876225888,
          "min_markup": 0.00997149617637878,
          "n_close_orders": 12,
          "qty_pct_close": 0.09723868445948589,
          "qty_pct_entry": 0.015749305744537985,
          "wallet_exposure_limit": 0.5,
          "we_multiplier_close": 100,
          "we_multiplier_entry": 87.42925350938926},
 "short": {"backwards_tp": true,
           "delay_between_fills_minutes_close": 305.5917820443452,
           "delay_between_fills_minutes_entry": 475.96774258133786,
           "delay_weight_close": 61.55245836682731,
           "delay_weight_entry": 17.08535041886765,
           "ema_dist_close": 0.0032068473970471925,
           "ema_dist_entry": -0.025917205850730603,
           "ema_span_0": 215.4429908025905,
           "ema_span_1": 871.9004590103102,
           "enabled": false,
           "markup_range": 0.024643369036731748,
           "min_markup": 0.0066393247148315605,
           "n_close_orders": 3,
           "qty_pct_close": 0.0951503763207702,
           "qty_pct_entry": 0.07056318483086475,
           "wallet_exposure_limit": 1.0,
           "we_multiplier_close": 70.17704915843292,
           "we_multiplier_entry": 37.28873578991633}}