{"config_name": "clock_0days",
 "long": {"backwards_tp": true,
          "delay_between_fills_minutes_close": 1352.7441285355767,
          "delay_between_fills_minutes_entry": 678.0903839891939,
          "delay_weight_close": 26.458270832525255,
          "delay_weight_entry": 20.327202542139563,
          "ema_dist_close": 0.0005782368121534104,
          "ema_dist_entry": 0.002478651189458144,
          "ema_span_0": 725.787803236055,
          "ema_span_1": 1041.8595894806035,
          "enabled": true,
          "markup_range": 0.008669689795368135,
          "min_markup": 0.0019169150736364268,
          "n_close_orders": 11,
          "qty_pct_close": 0.07354000757512649,
          "qty_pct_entry": 0.01864751917042273,
          "wallet_exposure_limit": 0.5,
          "we_multiplier_close": 11.927999848127822,
          "we_multiplier_entry": 99.82879636848403},
 "short": {"backwards_tp": true,
           "delay_between_fills_minutes_close": 1157.5929544565695,
           "delay_between_fills_minutes_entry": 286.3535880768627,
           "delay_weight_close": 78.87850488248714,
           "delay_weight_entry": 69.42521657612055,
           "ema_dist_close": -0.032711470233555126,
           "ema_dist_entry": -0.04847436892156853,
           "ema_span_0": 1070.7119868316204,
           "ema_span_1": 48.64171672200996,
           "enabled": false,
           "markup_range": 0.013528441248437037,
           "min_markup": 0.0028191596756448854,
           "n_close_orders": 4,
           "qty_pct_close": 0.07662465311607435,
           "qty_pct_entry": 0.0712777179824078,
           "wallet_exposure_limit": 1.0,
           "we_multiplier_close": 68.54677341765773,
           "we_multiplier_entry": 15.095423185345702}}