{"config_name": "clock_0days",
 "long": {"backwards_tp": true,
          "delay_between_fills_minutes_close": 1239.9950773119829,
          "delay_between_fills_minutes_entry": 899.3794256038088,
          "delay_weight_close": 50.930516360445075,
          "delay_weight_entry": 8.592317227881244,
          "ema_dist_close": 0.004,
          "ema_dist_entry": 0.0013279687911163518,
          "ema_span_0": 1440,
          "ema_span_1": 1407.6747153629171,
          "enabled": true,
          "markup_range": 0.06,
          "min_markup": 0.01,
          "n_close_orders": 6,
          "qty_pct_close": 0.08756579401387249,
          "qty_pct_entry": 0.010859691893192221,
          "wallet_exposure_limit": 0.5,
          "we_multiplier_close": 9.765087329301448,
          "we_multiplier_entry": 73.5793416052895},
 "short": {"backwards_tp": true,
           "delay_between_fills_minutes_close": 1420.9010297090686,
           "delay_between_fills_minutes_entry": 1174.373821526764,
           "delay_weight_close": 28.786626137407755,
           "delay_weight_entry": 32.37171375857858,
           "ema_dist_close": -0.006457259660385531,
           "ema_dist_entry": -0.018449159133335336,
           "ema_span_0": 992.6529117432254,
           "ema_span_1": 1207.7314393236077,
           "enabled": false,
           "markup_range": 0.011660866542809083,
           "min_markup": 0.008693719578688096,
           "n_close_orders": 7,
           "qty_pct_close": 0.07159789686056817,
           "qty_pct_entry": 0.06275142457194548,
           "wallet_exposure_limit": 1.0,
           "we_multiplier_close": 97.28551296091416,
           "we_multiplier_entry": 94.2061357609472}}