{"config_name": "clock_0days",
 "long": {"backwards_tp": true,
          "delay_between_fills_minutes_close": 1290.9529575370284,
          "delay_between_fills_minutes_entry": 797.5012306724394,
          "delay_weight_close": 3.8238275376236586,
          "delay_weight_entry": 19.73035164475698,
          "ema_dist_close": -0.004264645405401684,
          "ema_dist_entry": 0.0005216281852136592,
          "ema_span_0": 983.7250132605327,
          "ema_span_1": 13.108518829017836,
          "enabled": true,
          "markup_range": 0.045265428799361906,
          "min_markup": 0.00946693587643665,
          "n_close_orders": 14,
          "qty_pct_close": 0.09938867028033635,
          "qty_pct_entry": 0.014142733187792392,
          "wallet_exposure_limit": 0.5,
          "we_multiplier_close": 48.5145611249092,
          "we_multiplier_entry": 74.8338052986035},
 "short": {"backwards_tp": true,
           "delay_between_fills_minutes_close": 645.4420100401111,
           "delay_between_fills_minutes_entry": 278.85852333075553,
           "delay_weight_close": 53.024510762079956,
           "delay_weight_entry": 30.47307296599128,
           "ema_dist_close": 0.0008333613153644059,
           "ema_dist_entry": -0.015270312695681944,
           "ema_span_0": 379.29423106811885,
           "ema_span_1": 909.2523892482504,
           "enabled": false,
           "markup_range": 0.056993801924292126,
           "min_markup": 0.00796089626426312,
           "n_close_orders": 4,
           "qty_pct_close": 0.07963694878786352,
           "qty_pct_entry": 0.02061454870807443,
           "wallet_exposure_limit": 1.0,
           "we_multiplier_close": 52.08880255492584,
           "we_multiplier_entry": 73.18510468783718}}