{"config_name": "clock_0days",
 "long": {"backwards_tp": true,
          "delay_between_fills_minutes_close": 1146.064843480829,
          "delay_between_fills_minutes_entry": 898.5655412954485,
          "delay_weight_close": 38.56859200348181,
          "delay_weight_entry": 34.69723860728769,
          "ema_dist_close": -0.001844377126307771,
          "ema_dist_entry": 0.0010279236384620907,
          "ema_span_0": 845.449567924433,
          "ema_span_1": 1191.037207800112,
          "enabled": true,
          "markup_range": 0.008926283559625717,
          "min_markup": 0.0077063750024250225,
          "n_close_orders": 7,
          "qty_pct_close": 0.04284685399656837,
          "qty_pct_entry": 0.012020262262219276,
          "wallet_exposure_limit": 0.5,
          "we_multiplier_close": 4.4560280771250245,
          "we_multiplier_entry": 20.811823629469288},
 "short": {"backwards_tp": true,
           "delay_between_fills_minutes_close": 207.8212210455365,
           "delay_between_fills_minutes_entry": 991.1035223040851,
           "delay_weight_close": 40.43526240174449,
           "delay_weight_entry": 50.31625027480062,
           "ema_dist_close": -0.0037082782312871307,
           "ema_dist_entry": -0.009853008202093345,
           "ema_span_0": 286.721055833968,
           "ema_span_1": 1194.1298626600094,
           "enabled": false,
           "markup_range": 0.04133231359500757,
           "min_markup": 0.0038548959119891596,
           "n_close_orders": 8,
           "qty_pct_close": 0.027784987751791904,
           "qty_pct_entry": 0.02168315554927764,
           "wallet_exposure_limit": 1.0,
           "we_multiplier_close": 75.93879847538624,
           "we_multiplier_entry": 36.5199276485808}}