{"config_name": "clock_0days",
 "long": {"backwards_tp": true,
          "delay_between_fills_minutes_close": 1440,
          "delay_between_fills_minutes_entry": 1033.4518474701808,
          "delay_weight_close": 61.215119941747325,
          "delay_weight_entry": 13.500043949791388,
          "ema_dist_close": -0.016942177960075543,
          "ema_dist_entry": 0.004,
          "ema_span_0": 34.966080747504336,
          "ema_span_1": 1017.2603002500009,
          "enabled": true,
          "markup_range": 0.05678313026046514,
          "min_markup": 0.009822807253586138,
          "n_close_orders": 10,
          "qty_pct_close": 0.07314150588882151,
          "qty_pct_entry": 0.01155163191380788,
          "wallet_exposure_limit": 0.5,
          "we_multiplier_close": 4.475327482389537,
          "we_multiplier_entry": 87.75853409388384},
 "short": {"backwards_tp": true,
           "delay_between_fills_minutes_close": 895.2088031432003,
           "delay_between_fills_minutes_entry": 1303.9449609068208,
           "delay_weight_close": 33.47644415544342,
           "delay_weight_entry": 33.29806628167952,
           "ema_dist_close": -0.014883209526457539,
           "ema_dist_entry": 0.0006744220326891856,
           "ema_span_0": 1075.5873701725634,
           "ema_span_1": 503.00942977528507,
           "enabled": false,
           "markup_range": 0.049099576339774464,
           "min_markup": 0.009265477183637207,
           "n_close_orders": 10,
           "qty_pct_close": 0.06279605347861553,
           "qty_pct_entry": 0.08199231961057848,
           "wallet_exposure_limit": 1.0,
           "we_multiplier_close": 78.04913355898549,
           "we_multiplier_entry": 22.658560779874215}}