{"config_name": "clock_0days",
 "long": {"backwards_tp": true,
          "delay_between_fills_minutes_close": 1440,
          "delay_between_fills_minutes_entry": 1420.1828230993647,
          "delay_weight_close": 73.64515806722325,
          "delay_weight_entry": 21.884807289998783,
          "ema_dist_close": -0.03988488809760551,
          "ema_dist_entry": 0.004,
          "ema_span_0": 758.6902618412954,
          "ema_span_1": 796.8872494494152,
          "enabled": true,
          "markup_range": 0.05063575075283986,
          "min_markup": 0.009927256050377442,
          "n_close_orders": 3,
          "qty_pct_close": 0.06891357986838943,
          "qty_pct_entry": 0.01122991214972909,
          "wallet_exposure_limit": 0.5,
          "we_multiplier_close": 96.35130560253289,
          "we_multiplier_entry": 82.73789341156436},
 "short": {"backwards_tp": true,
           "delay_between_fills_minutes_close": 1408.034185522743,
           "delay_between_fills_minutes_entry": 437.1278020614731,
           "delay_weight_close": 26.662644857633524,
           "delay_weight_entry": 48.49543748580169,
           "ema_dist_close": -0.037588867973075854,
           "ema_dist_entry": -0.007775348906540018,
           "ema_span_0": 528.7179342158937,
           "ema_span_1": 7.320442683776513,
           "enabled": false,
           "markup_range": 0.015342575523161456,
           "min_markup": 0.008670686065437496,
           "n_close_orders": 10,
           "qty_pct_close": 0.04886912342567456,
           "qty_pct_entry": 0.0633008536153593,
           "wallet_exposure_limit": 1.0,
           "we_multiplier_close": 17.270362888004243,
           "we_multiplier_entry": 13.872861365964706}}