{"config_name": "clock_0days",
 "long": {"backwards_tp": true,
          "delay_between_fills_minutes_close": 942.7431447344115,
          "delay_between_fills_minutes_entry": 723.4643486536997,
          "delay_weight_close": 50.67953936577716,
          "delay_weight_entry": 14.650456204679838,
          "ema_dist_close": 0.004,
          "ema_dist_entry": -0.00994026319364439,
          "ema_span_0": 1226.7074266221243,
          "ema_span_1": 1430.82429075948,
          "enabled": true,
          "markup_range": 0.03853836707857131,
          "min_markup": 0.01,
          "n_close_orders": 10,
          "qty_pct_close": 0.02650614066027331,
          "qty_pct_entry": 0.01,
          "wallet_exposure_limit": 0.5,
          "we_multiplier_close": 2.9107196177655323,
          "we_multiplier_entry": 14.227223515198615},
 "short": {"backwards_tp": true,
           "delay_between_fills_minutes_close": 1088.9308986429191,
           "delay_between_fills_minutes_entry": 726.8508543165477,
           "delay_weight_close": 35.367925405410894,
           "delay_weight_entry": 14.743642701335757,
           "ema_dist_close": -0.04559836521732526,
           "ema_dist_entry": -0.027405037167750907,
           "ema_span_0": 170.60898081196487,
           "ema_span_1": 237.84449052994262,
           "enabled": false,
           "markup_range": 0.018039913004313384,
           "min_markup": 0.002864699328303793,
           "n_close_orders": 9,
           "qty_pct_close": 0.06363423143997977,
           "qty_pct_entry": 0.017567726042489983,
           "wallet_exposure_limit": 1.0,
           "we_multiplier_close": 5.133115636440078,
           "we_multiplier_entry": 71.74932113088434}}