{"config_name": "clock_0days",
 "long": {"backwards_tp": true,
          "delay_between_fills_minutes_close": 1391.145781820219,
          "delay_between_fills_minutes_entry": 1275.372468510575,
          "delay_weight_close": 3.9000344772007423,
          "delay_weight_entry": 15.042794893105262,
          "ema_dist_close": -0.0012116426826203018,
          "ema_dist_entry": 0.004,
          "ema_span_0": 1390.334831782635,
          "ema_span_1": 44.1073206657845,
          "enabled": true,
          "markup_range": 0.05479387117918554,
          "min_markup": 0.006308973106230176,
          "n_close_orders": 14,
          "qty_pct_close": 0.02518980201786039,
          "qty_pct_entry": 0.010343165053586883,
          "wallet_exposure_limit": 0.5,
          "we_multiplier_close": 0,
          "we_multiplier_entry": 17.284211068319937},
 "short": {"backwards_tp": true,
           "delay_between_fills_minutes_close": 1384.9760837249771,
           "delay_between_fills_minutes_entry": 695.2073048115257,
           "delay_weight_close": 40.3183480805141,
           "delay_weight_entry": 58.80979863006617,
           "ema_dist_close": -0.04858885603643668,
           "ema_dist_entry": -0.03091961230989025,
           "ema_span_0": 546.4029671562259,
           "ema_span_1": 1259.420380035289,
           "enabled": false,
           "markup_range": 0.055711770875268636,
           "min_markup": 0.007516893701258462,
           "n_close_orders": 6,
           "qty_pct_close": 0.0424162348001052,
           "qty_pct_entry": 0.09232260535625882,
           "wallet_exposure_limit": 1.0,
           "we_multiplier_close": 21.57105853704736,
           "we_multiplier_entry": 28.644577388434477}}