{"config_name": "clock_0days",
 "long": {"backwards_tp": true,
          "delay_between_fills_minutes_close": 1246.4224280923177,
          "delay_between_fills_minutes_entry": 815.0763491114946,
          "delay_weight_close": 49.40636240378356,
          "delay_weight_entry": 7.548624860879705,
          "ema_dist_close": 0.001177490948310439,
          "ema_dist_entry": -0.006087655424332517,
          "ema_span_0": 1325.2661394789086,
          "ema_span_1": 357.04750411775944,
          "enabled": true,
          "markup_range": 0.05177887938702082,
          "min_markup": 0.00364819047670872,
          "n_close_orders": 3,
          "qty_pct_close": 0.011556439743202822,
          "qty_pct_entry": 0.010537416250459973,
          "wallet_exposure_limit": 0.5,
          "we_multiplier_close": 15.219194910072195,
          "we_multiplier_entry": 44.1886717804257},
 "short": {"backwards_tp": true,
           "delay_between_fills_minutes_close": 374.725970795873,
           "delay_between_fills_minutes_entry": 1293.5833328561062,
           "delay_weight_close": 86.5891666827262,
           "delay_weight_entry": 94.1211078250925,
           "ema_dist_close": -0.00982973152822858,
           "ema_dist_entry": -0.03738487316815746,
           "ema_span_0": 1055.2257852569542,
           "ema_span_1": 824.4136356707406,
           "enabled": false,
           "markup_range": 0.004307512094395893,
           "min_markup": 0.006744838049046908,
           "n_close_orders": 7,
           "qty_pct_close": 0.048896958352788185,
           "qty_pct_entry": 0.029350575074047404,
           "wallet_exposure_limit": 1.0,
           "we_multiplier_close": 77.7853159274685,
           "we_multiplier_entry": 54.211169449510365}}