{"config_name": "clock_0days",
 "long": {"backwards_tp": true,
          "delay_between_fills_minutes_close": 1405.2823343871717,
          "delay_between_fills_minutes_entry": 1179.213458454878,
          "delay_weight_close": 26.951243276563954,
          "delay_weight_entry": 10.422650394411354,
          "ema_dist_close": 0.0030406123755284255,
          "ema_dist_entry": -0.002342944757233703,
          "ema_span_0": 323.2365103135113,
          "ema_span_1": 1440,
          "enabled": true,
          "markup_range": 0.05878358202514616,
          "min_markup": 0.009965034209454063,
          "n_close_orders": 7,
          "qty_pct_close": 0.022307614520389745,
          "qty_pct_entry": 0.010334793309820317,
          "wallet_exposure_limit": 0.5,
          "we_multiplier_close": 34.734818781818404,
          "we_multiplier_entry": 44.621458708245356},
 "short": {"backwards_tp": true,
           "delay_between_fills_minutes_close": 409.57216712814153,
           "delay_between_fills_minutes_entry": 1110.9240953778838,
           "delay_weight_close": 8.979543190531992,
           "delay_weight_entry": 90.62803465530548,
           "ema_dist_close": -0.02756180367750784,
           "ema_dist_entry": -0.04356404525900626,
           "ema_span_0": 106.36536067833688,
           "ema_span_1": 1002.5042276443796,
           "enabled": false,
           "markup_range": 0.01582039150606156,
           "min_markup": 0.004666525201217332,
           "n_close_orders": 15,
           "qty_pct_close": 0.06352909596351007,
           "qty_pct_entry": 0.08600919004457527,
           "wallet_exposure_limit": 1.0,
           "we_multiplier_close": 6.319746444327778,
           "we_multiplier_entry": 46.733118884807936}}