{"config_name": "clock_0days",
 "long": {"backwards_tp": true,
          "delay_between_fills_minutes_close": 1203.2062547346636,
          "delay_between_fills_minutes_entry": 733.5190661505419,
          "delay_weight_close": 86.62810886826304,
          "delay_weight_entry": 15.243092354056365,
          "ema_dist_close": -0.021786933737935034,
          "ema_dist_entry": 0.004,
          "ema_span_0": 706.8481163590851,
          "ema_span_1": 1403.653623627885,
          "enabled": true,
          "markup_range": 0.03647912924942585,
          "min_markup": 0.00836001503289111,
          "n_close_orders": 11,
          "qty_pct_close": 0.09302128946367827,
          "qty_pct_entry": 0.011609089348705923,
          "wallet_exposure_limit": 0.5,
          "we_multiplier_close": 77.51269878137195,
          "we_multiplier_entry": 100},
 "short": {"backwards_tp": true,
           "delay_between_fills_minutes_close": 131.18491362686302,
           "delay_between_fills_minutes_entry": 341.96905554358295,
           "delay_weight_close": 82.76138998107233,
           "delay_weight_entry": 82.99241551484663,
           "ema_dist_close": -0.0014399833702314693,
           "ema_dist_entry": -0.004340144408275799,
           "ema_span_0": 1103.9594079284693,
           "ema_span_1": 353.7850706383853,
           "enabled": false,
           "markup_range": 0.018592598327799578,
           "min_markup": 0.0028832265498309603,
           "n_close_orders": 8,
           "qty_pct_close": 0.0867890777913603,
           "qty_pct_entry": 0.06211604189341965,
           "wallet_exposure_limit": 1.0,
           "we_multiplier_close": 64.14053733849599,
           "we_multiplier_entry": 68.45637870820138}}