{"config_name": "clock_0days",
 "long": {"backwards_tp": true,
          "delay_between_fills_minutes_close": 1283.2537283107335,
          "delay_between_fills_minutes_entry": 1376.8580038362347,
          "delay_weight_close": 52.248505411461295,
          "delay_weight_entry": 18.4277163193243,
          "ema_dist_close": 5.201654600259296e-05,
          "ema_dist_entry": -0.006767305486155034,
          "ema_span_0": 1321.1778624853082,
          "ema_span_1": 1303.886621314375,
          "enabled": true,
          "markup_range": 0.034473361878468216,
          "min_markup": 0.009701822383224512,
          "n_close_orders": 6,
          "qty_pct_close": 0.019320748232191858,
          "qty_pct_entry": 0.01,
          "wallet_exposure_limit": 0.5,
          "we_multiplier_close": 0,
          "we_multiplier_entry": 33.93209044269869},
 "short": {"backwards_tp": true,
           "delay_between_fills_minutes_close": 426.0997310588381,
           "delay_between_fills_minutes_entry": 1136.4196740574462,
           "delay_weight_close": 57.30086240675253,
           "delay_weight_entry": 55.40111394542829,
           "ema_dist_close": -0.005688509513899091,
           "ema_dist_entry": -0.021992932983232946,
           "ema_span_0": 191.0113598171791,
           "ema_span_1": 196.17090625000648,
           "enabled": false,
           "markup_range": 0.059920213087820785,
           "min_markup": 0.005020607223694162,
           "n_close_orders": 16,
           "qty_pct_close": 0.0805489972920282,
           "qty_pct_entry": 0.07709305223221263,
           "wallet_exposure_limit": 1,
           "we_multiplier_close": 24.057353073168542,
           "we_multiplier_entry": 4.993176335992022}}