{"config_name": "clock_0days",
 "long": {"backwards_tp": true,
          "delay_between_fills_minutes_close": 1422.7470302392305,
          "delay_between_fills_minutes_entry": 915.5221377662904,
          "delay_weight_close": 84.2383589722562,
          "delay_weight_entry": 15.044365550561185,
          "ema_dist_close": 0.004,
          "ema_dist_entry": 0.0008509423992203285,
          "ema_span_0": 1053.9601790869128,
          "ema_span_1": 350.37236546097705,
          "enabled": true,
          "markup_range": 0.00627702740784412,
          "min_markup": 0.01,
          "n_close_orders": 2,
          "qty_pct_close": 0.07431036507437216,
          "qty_pct_entry": 0.018672521179492002,
          "wallet_exposure_limit": 0.5,
          "we_multiplier_close": 3.0631613215678652,
          "we_multiplier_entry": 94.54133846778886},
 "short": {"backwards_tp": true,
           "delay_between_fills_minutes_close": 1307.9206928796302,
           "delay_between_fills_minutes_entry": 1032.5992553476967,
           "delay_weight_close": 88.38579587952209,
           "delay_weight_entry": 76.09278799886538,
           "ema_dist_close": -0.042664888745456486,
           "ema_dist_entry": -0.0036908343686679057,
           "ema_span_0": 551.1040208024054,
           "ema_span_1": 303.06069502547115,
           "enabled": false,
           "markup_range": 0.007771591328021379,
           "min_markup": 0.005007461365596666,
           "n_close_orders": 12,
           "qty_pct_close": 0.012745317929063913,
           "qty_pct_entry": 0.04450535467519688,
           "wallet_exposure_limit": 1.0,
           "we_multiplier_close": 41.54030982706487,
           "we_multiplier_entry": 36.618611928630784}}