{"config_name": "clock_0days",
 "long": {"backwards_tp": true,
          "delay_between_fills_minutes_close": 997.8132050845101,
          "delay_between_fills_minutes_entry": 676.9536388143541,
          "delay_weight_close": 23.099269418828438,
          "delay_weight_entry": 8.93373394374218,
          "ema_dist_close": 0.004,
          "ema_dist_entry": -0.0020998422256417273,
          "ema_span_0": 81.10981732963107,
          "ema_span_1": 1440,
          "enabled": true,
          "markup_range": 0.05875249447642406,
          "min_markup": 0.006475243718515152,
          "n_close_orders": 5,
          "qty_pct_close": 0.04631810963281003,
          "qty_pct_entry": 0.01,
          "wallet_exposure_limit": 0.5,
          "we_multiplier_close": 9.447013838649827,
          "we_multiplier_entry": 32.34264235553884},
 "short": {"backwards_tp": true,
           "delay_between_fills_minutes_close": 65.07808159921566,
           "delay_between_fills_minutes_entry": 87.25219412381348,
           "delay_weight_close": 2.3072737454491454,
           "delay_weight_entry": 53.923563801387765,
           "ema_dist_close": -0.03292136336841284,
           "ema_dist_entry": -0.01608580970461171,
           "ema_span_0": 548.9726695893696,
           "ema_span_1": 1140.9832700370014,
           "enabled": false,
           "markup_range": 0.00798504729048544,
           "min_markup": 0.0010148499113749921,
           "n_close_orders": 9,
           "qty_pct_close": 0.0671919413632997,
           "qty_pct_entry": 0.08680756192884419,
           "wallet_exposure_limit": 1.0,
           "we_multiplier_close": 54.99902191483611,
           "we_multiplier_entry": 35.1557702423544}}