{"config_name": "clock_0days",
 "long": {"backwards_tp": true,
          "delay_between_fills_minutes_close": 1173.364572122396,
          "delay_between_fills_minutes_entry": 1261.5690329193974,
          "delay_weight_close": 8.412781491392966,
          "delay_weight_entry": 21.96286309215379,
          "ema_dist_close": 0.0032576532001769784,
          "ema_dist_entry": -0.0054478684024547325,
          "ema_span_0": 1204.145574921244,
          "ema_span_1": 1058.3767586610234,
          "enabled": true,
          "markup_range": 0.003546679057560695,
          "min_markup": 0.006953019341993393,
          "n_close_orders": 12,
          "qty_pct_close": 0.011868810531547664,
          "qty_pct_entry": 0.015496540888757864,
          "wallet_exposure_limit": 0.5,
          "we_multiplier_close": 47.968863650669,
          "we_multiplier_entry": 74.66992502269753},
 "short": {"backwards_tp": true,
           "delay_between_fills_minutes_close": 151.92284629641048,
           "delay_between_fills_minutes_entry": 129.07518165731602,
           "delay_weight_close": 55.6598294745329,
           "delay_weight_entry": 0.9825043508635889,
           "ema_dist_close": -0.010653893282092854,
           "ema_dist_entry": -0.030737937299012395,
           "ema_span_0": 472.6626009626515,
           "ema_span_1": 480.7239434295104,
           "enabled": false,
           "markup_range": 0.054803060827299084,
           "min_markup": 0.007403658927283654,
           "n_close_orders": 8,
           "qty_pct_close": 0.09824783454455892,
           "qty_pct_entry": 0.04398350974881127,
           "wallet_exposure_limit": 1.0,
           "we_multiplier_close": 11.075785603582112,
           "we_multiplier_entry": 90.96347471565545}}