{"config_name": "clock_0days",
 "long": {"backwards_tp": true,
          "delay_between_fills_minutes_close": 1255.9782918005694,
          "delay_between_fills_minutes_entry": 1126.6930878975515,
          "delay_weight_close": 25.52196446979284,
          "delay_weight_entry": 11.759283187291848,
          "ema_dist_close": 0.004,
          "ema_dist_entry": -0.02748515815083899,
          "ema_span_0": 1301.1608767487887,
          "ema_span_1": 34.295316657473066,
          "enabled": true,
          "markup_range": 0.05732032111273395,
          "min_markup": 0.0041202784305529195,
          "n_close_orders": 12,
          "qty_pct_close": 0.08843129971061822,
          "qty_pct_entry": 0.01,
          "wallet_exposure_limit": 0.5,
          "we_multiplier_close": 0,
          "we_multiplier_entry": 46.59150829438695},
 "short": {"backwards_tp": true,
           "delay_between_fills_minutes_close": 1035.1394916393956,
           "delay_between_fills_minutes_entry": 31.255885232018084,
           "delay_weight_close": 88.82955178457178,
           "delay_weight_entry": 83.02163313644888,
           "ema_dist_close": -0.0010838528974278783,
           "ema_dist_entry": -0.0011460611644410548,
           "ema_span_0": 542.9919624621783,
           "ema_span_1": 924.7850167551566,
           "enabled": false,
           "markup_range": 0.00022853928200958993,
           "min_markup": 0.0060824214477999865,
           "n_close_orders": 4,
           "qty_pct_close": 0.04815024607593764,
           "qty_pct_entry": 0.05847593808582658,
           "wallet_exposure_limit": 1.0,
           "we_multiplier_close": 1.2968656763727604,
           "we_multiplier_entry": 96.99635432885461}}