{"config_name": "clock_0days",
 "long": {"backwards_tp": true,
          "delay_between_fills_minutes_close": 1440,
          "delay_between_fills_minutes_entry": 1114.178214876878,
          "delay_weight_close": 2.326894570955054,
          "delay_weight_entry": 18.23947145213425,
          "ema_dist_close": 0.003254679835054286,
          "ema_dist_entry": -0.022151154353971143,
          "ema_span_0": 636.3822582884787,
          "ema_span_1": 809.5931566761542,
          "enabled": true,
          "markup_range": 0.011401497998592053,
          "min_markup": 0.006817991948865203,
          "n_close_orders": 16,
          "qty_pct_close": 0.013371747073566411,
          "qty_pct_entry": 0.01163906932979323,
          "wallet_exposure_limit": 0.5,
          "we_multiplier_close": 1.0954115609798807,
          "we_multiplier_entry": 55.77224970403135},
 "short": {"backwards_tp": true,
           "delay_between_fills_minutes_close": 1108.057063764345,
           "delay_between_fills_minutes_entry": 991.7456154216299,
           "delay_weight_close": 53.25349955996765,
           "delay_weight_entry": 35.96577878019489,
           "ema_dist_close": -0.0475328398017874,
           "ema_dist_entry": -0.04406404414556361,
           "ema_span_0": 715.6064869013237,
           "ema_span_1": 252.71227055498704,
           "enabled": false,
           "markup_range": 0.013713527133695847,
           "min_markup": 0.00919888639672203,
           "n_close_orders": 16,
           "qty_pct_close": 0.07896348068127042,
           "qty_pct_entry": 0.09875372305542432,
           "wallet_exposure_limit": 1.0,
           "we_multiplier_close": 46.8085137209021,
           "we_multiplier_entry": 19.00340248483716}}