{"config_name": "clock_0days",
 "long": {"backwards_tp": true,
          "delay_between_fills_minutes_close": 571.3963043259704,
          "delay_between_fills_minutes_entry": 1213.0055397900046,
          "delay_weight_close": 19.139208683374427,
          "delay_weight_entry": 24.312168080800046,
          "ema_dist_close": -0.001076875553100504,
          "ema_dist_entry": -0.008563963578551163,
          "ema_span_0": 687.7114502449725,
          "ema_span_1": 953.3393807753337,
          "enabled": true,
          "markup_range": 0.051538876935761646,
          "min_markup": 0.006811162451429467,
          "n_close_orders": 7,
          "qty_pct_close": 0.04862155823841755,
          "qty_pct_entry": 0.01,
          "wallet_exposure_limit": 0.5,
          "we_multiplier_close": 0,
          "we_multiplier_entry": 61.245409662446285},
 "short": {"backwards_tp": true,
           "delay_between_fills_minutes_close": 1096.6908282480133,
           "delay_between_fills_minutes_entry": 1048.0587652553165,
           "delay_weight_close": 38.64646576864344,
           "delay_weight_entry": 8.056318843282895,
           "ema_dist_close": -0.025831204999942937,
           "ema_dist_entry": -0.002199295001910101,
           "ema_span_0": 1228.3290790583808,
           "ema_span_1": 686.9310256420353,
           "enabled": false,
           "markup_range": 0.013519980557155234,
           "min_markup": 0.00777790293381115,
           "n_close_orders": 6,
           "qty_pct_close": 0.04318645139159194,
           "qty_pct_entry": 0.08576013660185938,
           "wallet_exposure_limit": 1.0,
           "we_multiplier_close": 12.28019318544219,
           "we_multiplier_entry": 1.0992555836437878}}