{"config_name": "clock_0days",
 "long": {"backwards_tp": true,
          "delay_between_fills_minutes_close": 1042.7779436204178,
          "delay_between_fills_minutes_entry": 1196.0056435304155,
          "delay_weight_close": 72.22930102631318,
          "delay_weight_entry": 34.02951326515257,
          "ema_dist_close": 0.0033952446991706983,
          "ema_dist_entry": 0.004,
          "ema_span_0": 1276.5313330983618,
          "ema_span_1": 444.8325820829323,
          "enabled": true,
          "markup_range": 0.007717656220761489,
          "min_markup": 0.005578225231305763,
          "n_close_orders": 8,
          "qty_pct_close": 0.017279373606284013,
          "qty_pct_entry": 0.0137592037629492,
          "wallet_exposure_limit": 0.5,
          "we_multiplier_close": 0,
          "we_multiplier_entry": 59.817366466680994},
 "short": {"backwards_tp": true,
           "delay_between_fills_minutes_close": 429.0955402112164,
           "delay_between_fills_minutes_entry": 300.6409689519801,
           "delay_weight_close": 97.45215663720464,
           "delay_weight_entry": 34.4049614625742,
           "ema_dist_close": -0.00972604473359047,
           "ema_dist_entry": -0.015057324639888507,
           "ema_span_0": 50.96196619549277,
           "ema_span_1": 253.3865587062156,
           "enabled": false,
           "markup_range": 0.027989625404830517,
           "min_markup": 0.006455645442431921,
           "n_close_orders": 9,
           "qty_pct_close": 0.02908994475697682,
           "qty_pct_entry": 0.01151998291838957,
           "wallet_exposure_limit": 1.0,
           "we_multiplier_close": 71.56806483668619,
           "we_multiplier_entry": 44.77508280456174}}