{"config_name": "clock_0days",
 "long": {"backwards_tp": true,
          "delay_between_fills_minutes_close": 1133.1019765930973,
          "delay_between_fills_minutes_entry": 1118.714293414706,
          "delay_weight_close": 14.566896563581912,
          "delay_weight_entry": 18.36342626852759,
          "ema_dist_close": 0.002893310895553171,
          "ema_dist_entry": -0.015951476565513916,
          "ema_span_0": 1169.310487493995,
          "ema_span_1": 867.3115904540965,
          "enabled": true,
          "markup_range": 0.017834959207499477,
          "min_markup": 0.007988819665998768,
          "n_close_orders": 5,
          "qty_pct_close": 0.021551803025774075,
          "qty_pct_entry": 0.012375034379963883,
          "wallet_exposure_limit": 0.5,
          "we_multiplier_close": 85.2486281764989,
          "we_multiplier_entry": 80.27233973739976},
 "short": {"backwards_tp": true,
           "delay_between_fills_minutes_close": 214.9986070730339,
           "delay_between_fills_minutes_entry": 1116.0004585971144,
           "delay_weight_close": 8.77549751322102,
           "delay_weight_entry": 40.508652433842705,
           "ema_dist_close": -0.004692481927104135,
           "ema_dist_entry": -0.04893632356923149,
           "ema_span_0": 313.3745837250832,
           "ema_span_1": 67.5455559619329,
           "enabled": false,
           "markup_range": 0.03661124658067484,
           "min_markup": 0.0017565308892545733,
           "n_close_orders": 10,
           "qty_pct_close": 0.03255300760811045,
           "qty_pct_entry": 0.04102205149531257,
           "wallet_exposure_limit": 1.0,
           "we_multiplier_close": 47.889361760361304,
           "we_multiplier_entry": 53.134912349993655}}