{"config_name": "clock_0days",
 "long": {"backwards_tp": true,
          "delay_between_fills_minutes_close": 995.4627072945862,
          "delay_between_fills_minutes_entry": 1440,
          "delay_weight_close": 22.408696304124057,
          "delay_weight_entry": 14.597513926532253,
          "ema_dist_close": -0.02232469261294132,
          "ema_dist_entry": -0.008435124635036997,
          "ema_span_0": 1338.1368586836993,
          "ema_span_1": 685.8400334286789,
          "enabled": true,
          "markup_range": 0.04800755844329546,
          "min_markup": 0.0010071453467590864,
          "n_close_orders": 15,
          "qty_pct_close": 0.01,
          "qty_pct_entry": 0.010790232744657697,
          "wallet_exposure_limit": 0.5,
          "we_multiplier_close": 3.4766644656587378,
          "we_multiplier_entry": 26.090034862705735},
 "short": {"backwards_tp": true,
           "delay_between_fills_minutes_close": 287.4914170382303,
           "delay_between_fills_minutes_entry": 598.3515463065538,
           "delay_weight_close": 21.86442810158794,
           "delay_weight_entry": 50.981988546697686,
           "ema_dist_close": -0.011812978387835099,
           "ema_dist_entry": -0.0376156818001373,
           "ema_span_0": 16.197644642569607,
           "ema_span_1": 226.80603252091595,
           "enabled": false,
           "markup_range": 0.05522810636488316,
           "min_markup": 0.003997398460262111,
           "n_close_orders": 8,
           "qty_pct_close": 0.042352192827917114,
           "qty_pct_entry": 0.015398450387578075,
           "wallet_exposure_limit": 1.0,
           "we_multiplier_close": 85.36531921666008,
           "we_multiplier_entry": 12.158065440830324}}