{"config_name": "clock_0days",
 "long": {"backwards_tp": true,
          "delay_between_fills_minutes_close": 1026.8630783022948,
          "delay_between_fills_minutes_entry": 1212.0894779761104,
          "delay_weight_close": 61.723729614625235,
          "delay_weight_entry": 18.53163788649984,
          "ema_dist_close": 0.0010138624458854158,
          "ema_dist_entry": 0.0032677415179442593,
          "ema_span_0": 1302.6729335817824,
          "ema_span_1": 937.2908359940574,
          "enabled": true,
          "markup_range": 0.05155086852169062,
          "min_markup": 0.008288555344869409,
          "n_close_orders": 10,
          "qty_pct_close": 0.01,
          "qty_pct_entry": 0.012349624422085165,
          "wallet_exposure_limit": 0.5,
          "we_multiplier_close": 1.1397367011727777,
          "we_multiplier_entry": 22.357157359206102},
 "short": {"backwards_tp": true,
           "delay_between_fills_minutes_close": 563.4097741223312,
           "delay_between_fills_minutes_entry": 153.16888532962773,
           "delay_weight_close": 33.75443782989215,
           "delay_weight_entry": 22.46924576350179,
           "ema_dist_close": -0.03156184055007841,
           "ema_dist_entry": -0.003662223931129714,
           "ema_span_0": 557.4181724870159,
           "ema_span_1": 51.3274186819619,
           "enabled": false,
           "markup_range": 0.03348381881140382,
           "min_markup": 0.001526393983742724,
           "n_close_orders": 5,
           "qty_pct_close": 0.0464863632903019,
           "qty_pct_entry": 0.02277226439895369,
           "wallet_exposure_limit": 1.0,
           "we_multiplier_close": 8.730859020930081,
           "we_multiplier_entry": 35.80403674788971}}