{"config_name": "clock_0days",
 "long": {"backwards_tp": true,
          "delay_between_fills_minutes_close": 1387.3477128361076,
          "delay_between_fills_minutes_entry": 1244.7272666307933,
          "delay_weight_close": 89.73811431403051,
          "delay_weight_entry": 48.7240741819342,
          "ema_dist_close": -0.01395421529346413,
          "ema_dist_entry": 0.0036823077261163946,
          "ema_span_0": 1414.6136006428555,
          "ema_span_1": 526.6273733400496,
          "enabled": true,
          "markup_range": 0.04440779942063979,
          "min_markup": 0.01,
          "n_close_orders": 16,
          "qty_pct_close": 0.05418281471590357,
          "qty_pct_entry": 0.023508160780457657,
          "wallet_exposure_limit": 0.5,
          "we_multiplier_close": 49.898296324592344,
          "we_multiplier_entry": 51.53981799459134},
 "short": {"backwards_tp": true,
           "delay_between_fills_minutes_close": 642.7730550212405,
           "delay_between_fills_minutes_entry": 1192.918101560246,
           "delay_weight_close": 16.36105951032627,
           "delay_weight_entry": 57.71534554546495,
           "ema_dist_close": -0.02841039874944107,
           "ema_dist_entry": -0.017517266785853254,
           "ema_span_0": 246.28765851923873,
           "ema_span_1": 413.00154915317415,
           "enabled": false,
           "markup_range": 0.012877139180370768,
           "min_markup": 0.001978952019644928,
           "n_close_orders": 13,
           "qty_pct_close": 0.028343891943278472,
           "qty_pct_entry": 0.07742555314533346,
           "wallet_exposure_limit": 1.0,
           "we_multiplier_close": 93.73578696566547,
           "we_multiplier_entry": 76.14259929514901}}