{"config_name": "clock_0days",
 "long": {"backwards_tp": true,
          "delay_between_fills_minutes_close": 1412.2352339067672,
          "delay_between_fills_minutes_entry": 431.57818012771975,
          "delay_weight_close": 63.08933033590327,
          "delay_weight_entry": 30.96787970395312,
          "ema_dist_close": -0.017810863392929376,
          "ema_dist_entry": 0.003997747498556152,
          "ema_span_0": 503.9154636875103,
          "ema_span_1": 199.41772260572745,
          "enabled": true,
          "markup_range": 0.014042189702849086,
          "min_markup": 0.005755044355265913,
          "n_close_orders": 8,
          "qty_pct_close": 0.08480258087930378,
          "qty_pct_entry": 0.011467008343073593,
          "wallet_exposure_limit": 0.5,
          "we_multiplier_close": 47.030688457732985,
          "we_multiplier_entry": 46.73742162269081},
 "short": {"backwards_tp": true,
           "delay_between_fills_minutes_close": 144.56482395031247,
           "delay_between_fills_minutes_entry": 929.8356367069817,
           "delay_weight_close": 46.51086864120364,
           "delay_weight_entry": 58.790388607858624,
           "ema_dist_close": -0.04213065418121311,
           "ema_dist_entry": -0.029956753663766652,
           "ema_span_0": 522.8534574722274,
           "ema_span_1": 1079.8854640712277,
           "enabled": false,
           "markup_range": 0.04031192545348905,
           "min_markup": 0.009180881463080517,
           "n_close_orders": 11,
           "qty_pct_close": 0.08800542205092665,
           "qty_pct_entry": 0.07435317822273622,
           "wallet_exposure_limit": 1.0,
           "we_multiplier_close": 52.84567754054651,
           "we_multiplier_entry": 83.83581370906452}}