{"config_name": "clock_0days",
 "long": {"backwards_tp": true,
          "delay_between_fills_minutes_close": 1332.5956690091803,
          "delay_between_fills_minutes_entry": 764.64193374198,
          "delay_weight_close": 8.477933694202434,
          "delay_weight_entry": 19.945579546814024,
          "ema_dist_close": 0.00046741586749756564,
          "ema_dist_entry": 0.003947675523183838,
          "ema_span_0": 118.0991233124224,
          "ema_span_1": 1360.6360077411373,
          "enabled": true,
          "markup_range": 0.06,
          "min_markup": 0.009570044501734586,
          "n_close_orders": 14,
          "qty_pct_close": 0.07430173341258164,
          "qty_pct_entry": 0.010029249443657521,
          "wallet_exposure_limit": 0.5,
          "we_multiplier_close": 51.232364211052264,
          "we_multiplier_entry": 40.08270026068886},
 "short": {"backwards_tp": true,
           "delay_between_fills_minutes_close": 357.3937981159036,
           "delay_between_fills_minutes_entry": 838.0915411294201,
           "delay_weight_close": 55.22830449889029,
           "delay_weight_entry": 52.75230239886828,
           "ema_dist_close": -0.02688783305076283,
           "ema_dist_entry": -0.02536340045468729,
           "ema_span_0": 687.8013597859173,
           "ema_span_1": 1108.1244862974318,
           "enabled": false,
           "markup_range": 0.030950770024246406,
           "min_markup": 0.006963904341945086,
           "n_close_orders": 8,
           "qty_pct_close": 0.07283814940392687,
           "qty_pct_entry": 0.0710913113790936,
           "wallet_exposure_limit": 1.0,
           "we_multiplier_close": 48.648392800482654,
           "we_multiplier_entry": 10.741874665234475}}