{"config_name": "clock_0days",
 "long": {"backwards_tp": true,
          "delay_between_fills_minutes_close": 794.298384024017,
          "delay_between_fills_minutes_entry": 959.0990478861781,
          "delay_weight_close": 5.436581352786772,
          "delay_weight_entry": 14.527683155103965,
          "ema_dist_close": 0.00061050825675829,
          "ema_dist_entry": 0.0016441346127145234,
          "ema_span_0": 626.8439420177266,
          "ema_span_1": 1359.6915170356779,
          "enabled": true,
          "markup_range": 0.0542872853517617,
          "min_markup": 0.009001738691907676,
          "n_close_orders": 13,
          "qty_pct_close": 0.05299102213783981,
          "qty_pct_entry": 0.011008780915767924,
          "wallet_exposure_limit": 0.5,
          "we_multiplier_close": 0,
          "we_multiplier_entry": 2.585431349448577},
 "short": {"backwards_tp": true,
           "delay_between_fills_minutes_close": 305.8521823397658,
           "delay_between_fills_minutes_entry": 1273.7119199465878,
           "delay_weight_close": 38.40668236809701,
           "delay_weight_entry": 73.1639285515094,
           "ema_dist_close": -0.00892900256111874,
           "ema_dist_entry": -0.037783204076256176,
           "ema_span_0": 1144.6224583454666,
           "ema_span_1": 1052.2058346409328,
           "enabled": false,
           "markup_range": 0.010563013133881024,
           "min_markup": 0.007893691686406443,
           "n_close_orders": 15,
           "qty_pct_close": 0.09573286566273087,
           "qty_pct_entry": 0.047211775319696184,
           "wallet_exposure_limit": 1.0,
           "we_multiplier_close": 95.51422868239399,
           "we_multiplier_entry": 91.27895728202351}}