{"config_name": "clock_0days",
 "long": {"backwards_tp": true,
          "delay_between_fills_minutes_close": 1156.3723474736496,
          "delay_between_fills_minutes_entry": 1020.1551966396486,
          "delay_weight_close": 65.09976961021673,
          "delay_weight_entry": 24.773081818450933,
          "ema_dist_close": -0.04808826596923364,
          "ema_dist_entry": 0.002586112945871484,
          "ema_span_0": 443.78761754285256,
          "ema_span_1": 357.79759569666686,
          "enabled": true,
          "markup_range": 0.05775987800970531,
          "min_markup": 0.008336940175428614,
          "n_close_orders": 11,
          "qty_pct_close": 0.06701093189106032,
          "qty_pct_entry": 0.01,
          "wallet_exposure_limit": 0.5,
          "we_multiplier_close": 1.7861828223083371,
          "we_multiplier_entry": 79.10623157157028},
 "short": {"backwards_tp": true,
           "delay_between_fills_minutes_close": 338.70273505308245,
           "delay_between_fills_minutes_entry": 278.98632700829836,
           "delay_weight_close": 22.30982577731323,
           "delay_weight_entry": 11.183652166692749,
           "ema_dist_close": -0.005537653071246436,
           "ema_dist_entry": -0.0010729388278859983,
           "ema_span_0": 553.5871883832635,
           "ema_span_1": 695.039155095568,
           "enabled": false,
           "markup_range": 0.04761835695439308,
           "min_markup": 0.005529368397048519,
           "n_close_orders": 13,
           "qty_pct_close": 0.031417582843837444,
           "qty_pct_entry": 0.0990334583922402,
           "wallet_exposure_limit": 1.0,
           "we_multiplier_close": 63.24893618976263,
           "we_multiplier_entry": 59.6422073456351}}