{"config_name": "clock_0days",
 "long": {"backwards_tp": true,
          "delay_between_fills_minutes_close": 1089.6440448760945,
          "delay_between_fills_minutes_entry": 1317.857209521595,
          "delay_weight_close": 71.86669189281767,
          "delay_weight_entry": 12.91327509738881,
          "ema_dist_close": -0.047952242197300154,
          "ema_dist_entry": 0.0026021270986391672,
          "ema_span_0": 534.0828946252965,
          "ema_span_1": 1183.9400692275578,
          "enabled": true,
          "markup_range": 0.0538355103093827,
          "min_markup": 0.007066727590014048,
          "n_close_orders": 15,
          "qty_pct_close": 0.01895394164580496,
          "qty_pct_entry": 0.01,
          "wallet_exposure_limit": 0.5,
          "we_multiplier_close": 0,
          "we_multiplier_entry": 56.26469405295091},
 "short": {"backwards_tp": true,
           "delay_between_fills_minutes_close": 632.0443385452623,
           "delay_between_fills_minutes_entry": 1047.9715216559243,
           "delay_weight_close": 18.514444312491385,
           "delay_weight_entry": 89.64181813355438,
           "ema_dist_close": -0.007105337400041163,
           "ema_dist_entry": -0.042771410847778565,
           "ema_span_0": 593.6438114551055,
           "ema_span_1": 749.3297984604794,
           "enabled": false,
           "markup_range": 0.059972038960442044,
           "min_markup": 0.0016497991237935201,
           "n_close_orders": 11,
           "qty_pct_close": 0.04415664332436054,
           "qty_pct_entry": 0.09762413319262885,
           "wallet_exposure_limit": 1.0,
           "we_multiplier_close": 3.592663909271648,
           "we_multiplier_entry": 2.1877752653925997}}