{"config_name": "clock_0days",
 "long": {"backwards_tp": true,
          "delay_between_fills_minutes_close": 1440,
          "delay_between_fills_minutes_entry": 1360.2306301285564,
          "delay_weight_close": 62.1036979638061,
          "delay_weight_entry": 23.626730983880925,
          "ema_dist_close": -0.00016130815958585655,
          "ema_dist_entry": -0.014109737760521612,
          "ema_span_0": 1032.768859174501,
          "ema_span_1": 1333.6383056642687,
          "enabled": true,
          "markup_range": 0.007949839846027665,
          "min_markup": 0.003914205818390499,
          "n_close_orders": 4,
          "qty_pct_close": 0.03235247878044496,
          "qty_pct_entry": 0.014960551911393985,
          "wallet_exposure_limit": 0.5,
          "we_multiplier_close": 5.9584729078960645,
          "we_multiplier_entry": 75.2628947574769},
 "short": {"backwards_tp": true,
           "delay_between_fills_minutes_close": 845.9439985954702,
           "delay_between_fills_minutes_entry": 292.6799213990892,
           "delay_weight_close": 69.9287573177708,
           "delay_weight_entry": 22.88370889083089,
           "ema_dist_close": -0.04947280799679434,
           "ema_dist_entry": 0.0019213085542967023,
           "ema_span_0": 458.4012682667519,
           "ema_span_1": 1152.7966364497456,
           "enabled": false,
           "markup_range": 0.016955665118373514,
           "min_markup": 0.002600718504984274,
           "n_close_orders": 6,
           "qty_pct_close": 0.02693403929985004,
           "qty_pct_entry": 0.08231718591392445,
           "wallet_exposure_limit": 1.0,
           "we_multiplier_close": 31.749072303296487,
           "we_multiplier_entry": 17.550903257514115}}