{"config_name": "clock_0days",
 "long": {"backwards_tp": true,
          "delay_between_fills_minutes_close": 421.31559274918294,
          "delay_between_fills_minutes_entry": 1327.7825067545093,
          "delay_weight_close": 24.516098344904343,
          "delay_weight_entry": 17.895637782703133,
          "ema_dist_close": 0.003421378082569442,
          "ema_dist_entry": 0.004,
          "ema_span_0": 1440,
          "ema_span_1": 570.123052614973,
          "enabled": true,
          "markup_range": 0.05934446695174726,
          "min_markup": 0.009611625087177427,
          "n_close_orders": 14,
          "qty_pct_close": 0.01663066174705872,
          "qty_pct_entry": 0.010376945755885157,
          "wallet_exposure_limit": 0.5,
          "we_multiplier_close": 17.5441962151058,
          "we_multiplier_entry": 4.777616084379345},
 "short": {"backwards_tp": true,
           "delay_between_fills_minutes_close": 254.92091032072463,
           "delay_between_fills_minutes_entry": 1223.3754561056596,
           "delay_weight_close": 42.352253989160694,
           "delay_weight_entry": 25.078433312602076,
           "ema_dist_close": -0.02672375719381556,
           "ema_dist_entry": -0.02002763360972113,
           "ema_span_0": 62.83411717753012,
           "ema_span_1": 510.6869277493739,
           "enabled": false,
           "markup_range": 0.02336948195916181,
           "min_markup": 0.004039421001145547,
           "n_close_orders": 14,
           "qty_pct_close": 0.0933057850424266,
           "qty_pct_entry": 0.0596762119057218,
           "wallet_exposure_limit": 1.0,
           "we_multiplier_close": 28.202867916903894,
           "we_multiplier_entry": 49.370518130272366}}