{"config_name": "clock_0days",
 "long": {"backwards_tp": true,
          "delay_between_fills_minutes_close": 1088.1479726264727,
          "delay_between_fills_minutes_entry": 1297.4363131993287,
          "delay_weight_close": 0,
          "delay_weight_entry": 19.899472501398172,
          "ema_dist_close": 0.0022777396232280395,
          "ema_dist_entry": -0.047847747472768876,
          "ema_span_0": 1267.350036709122,
          "ema_span_1": 1327.4366563006768,
          "enabled": true,
          "markup_range": 0.05522933694305776,
          "min_markup": 0.008475742244320583,
          "n_close_orders": 6,
          "qty_pct_close": 0.09504543326433035,
          "qty_pct_entry": 0.010671345836423112,
          "wallet_exposure_limit": 0.5,
          "we_multiplier_close": 2.962746944724337,
          "we_multiplier_entry": 27.101031688176736},
 "short": {"backwards_tp": true,
           "delay_between_fills_minutes_close": 59.3058245105301,
           "delay_between_fills_minutes_entry": 200.78918211065633,
           "delay_weight_close": 74.57359254187959,
           "delay_weight_entry": 71.11700325603255,
           "ema_dist_close": -0.04925294962827524,
           "ema_dist_entry": -0.027467664835492775,
           "ema_span_0": 1207.463539452573,
           "ema_span_1": 534.3073200621124,
           "enabled": false,
           "markup_range": 0.049471875486378436,
           "min_markup": 0.007166535409871599,
           "n_close_orders": 10,
           "qty_pct_close": 0.039582812416421975,
           "qty_pct_entry": 0.046929885842462535,
           "wallet_exposure_limit": 1.0,
           "we_multiplier_close": 40.78458406115947,
           "we_multiplier_entry": 43.20003228135955}}