{"config_name": "clock_0days",
 "long": {"backwards_tp": true,
          "delay_between_fills_minutes_close": 622.1464576380635,
          "delay_between_fills_minutes_entry": 1168.0515174068462,
          "delay_weight_close": 14.058412226654715,
          "delay_weight_entry": 11.755874996440447,
          "ema_dist_close": 0.00393819334331045,
          "ema_dist_entry": 0.0005224140765249917,
          "ema_span_0": 1440,
          "ema_span_1": 5,
          "enabled": true,
          "markup_range": 0.05912053179457708,
          "min_markup": 0.01,
          "n_close_orders": 16,
          "qty_pct_close": 0.09038064505175367,
          "qty_pct_entry": 0.028109557135202464,
          "wallet_exposure_limit": 0.5,
          "we_multiplier_close": 62.55577457189961,
          "we_multiplier_entry": 7.70278697609267},
 "short": {"backwards_tp": true,
           "delay_between_fills_minutes_close": 455.9202519743014,
           "delay_between_fills_minutes_entry": 961.9946527502018,
           "delay_weight_close": 37.779328544456824,
           "delay_weight_entry": 96.3542513994946,
           "ema_dist_close": -0.014171620644181211,
           "ema_dist_entry": -0.04444950705534759,
           "ema_span_0": 607.0448157629504,
           "ema_span_1": 764.8064296987744,
           "enabled": false,
           "markup_range": 0.004698838849959803,
           "min_markup": 0.0016902752168451727,
           "n_close_orders": 10,
           "qty_pct_close": 0.06814248062542506,
           "qty_pct_entry": 0.05518179452197975,
           "wallet_exposure_limit": 1.0,
           "we_multiplier_close": 31.152082902635602,
           "we_multiplier_entry": 86.2540759597013}}