{"config_name": "clock_0days",
 "long": {"backwards_tp": true,
          "delay_between_fills_minutes_close": 1389.0256291738956,
          "delay_between_fills_minutes_entry": 1083.0389814543294,
          "delay_weight_close": 61.062338150787525,
          "delay_weight_entry": 8.54081975290884,
          "ema_dist_close": 0.004,
          "ema_dist_entry": -0.023574990937274255,
          "ema_span_0": 5,
          "ema_span_1": 1161.6672783294362,
          "enabled": true,
          "markup_range": 0.04416030319975769,
          "min_markup": 0.009672858024972256,
          "n_close_orders": 10,
          "qty_pct_close": 0.021858983378132864,
          "qty_pct_entry": 0.01,
          "wallet_exposure_limit": 0.5,
          "we_multiplier_close": 2.5028591897064247,
          "we_multiplier_entry": 54.65249985054829},
 "short": {"backwards_tp": true,
           "delay_between_fills_minutes_close": 175.48862264937867,
           "delay_between_fills_minutes_entry": 34.809428425395154,
           "delay_weight_close": 71.34262855411096,
           "delay_weight_entry": 10.13812842728965,
           "ema_dist_close": -0.04375030470399111,
           "ema_dist_entry": -0.003124344403101012,
           "ema_span_0": 1280.3477404908867,
           "ema_span_1": 415.74885667297747,
           "enabled": false,
           "markup_range": 0.04536993387167036,
           "min_markup": 0.004089255647524728,
           "n_close_orders": 11,
           "qty_pct_close": 0.07159016667348195,
           "qty_pct_entry": 0.09033228439772306,
           "wallet_exposure_limit": 1.0,
           "we_multiplier_close": 42.816197537689725,
           "we_multiplier_entry": 96.23279479593442}}