{"config_name": "clock_0days",
 "long": {"backwards_tp": true,
          "delay_between_fills_minutes_close": 629.9875208562573,
          "delay_between_fills_minutes_entry": 1325.4445041793565,
          "delay_weight_close": 74.328254546167,
          "delay_weight_entry": 33.174890602031574,
          "ema_dist_close": -0.034025371342201946,
          "ema_dist_entry": 0.003962488513941932,
          "ema_span_0": 7.6241953462171494,
          "ema_span_1": 383.5664508465796,
          "enabled": true,
          "markup_range": 0.06,
          "min_markup": 0.01,
          "n_close_orders": 2,
          "qty_pct_close": 0.06882389821957363,
          "qty_pct_entry": 0.01069580286762129,
          "wallet_exposure_limit": 0.5,
          "we_multiplier_close": 47.340226420603514,
          "we_multiplier_entry": 71.51193891301779},
 "short": {"backwards_tp": true,
           "delay_between_fills_minutes_close": 408.95535982990503,
           "delay_between_fills_minutes_entry": 1000.3433800150252,
           "delay_weight_close": 16.51455834987855,
           "delay_weight_entry": 2.8517834431080358,
           "ema_dist_close": -0.031609808985354815,
           "ema_dist_entry": -0.011709407765855114,
           "ema_span_0": 865.7624740779295,
           "ema_span_1": 829.1531103812989,
           "enabled": false,
           "markup_range": 0.050505353913984176,
           "min_markup": 0.003681810086547085,
           "n_close_orders": 4,
           "qty_pct_close": 0.05424727888536648,
           "qty_pct_entry": 0.02620783401002591,
           "wallet_exposure_limit": 1.0,
           "we_multiplier_close": 85.07729241705863,
           "we_multiplier_entry": 5.962461461375435}}