{"config_name": "clock_0days",
 "long": {"backwards_tp": true,
          "delay_between_fills_minutes_close": 1226.4410549564977,
          "delay_between_fills_minutes_entry": 1091.221318195774,
          "delay_weight_close": 34.14162138946195,
          "delay_weight_entry": 16.973515383513092,
          "ema_dist_close": 0.004,
          "ema_dist_entry": -0.002821509911174189,
          "ema_span_0": 324.9496618647454,
          "ema_span_1": 285.277017423216,
          "enabled": true,
          "markup_range": 0.026405134737423945,
          "min_markup": 0.009807983949455312,
          "n_close_orders": 8,
          "qty_pct_close": 0.014125403498324623,
          "qty_pct_entry": 0.011337366450156986,
          "wallet_exposure_limit": 0.5,
          "we_multiplier_close": 5.447160259484964,
          "we_multiplier_entry": 57.24598349683463},
 "short": {"backwards_tp": true,
           "delay_between_fills_minutes_close": 1410.770088009573,
           "delay_between_fills_minutes_entry": 796.4199351331514,
           "delay_weight_close": 90.37710136682738,
           "delay_weight_entry": 90.6426183577753,
           "ema_dist_close": -0.00938329288690408,
           "ema_dist_entry": -0.008560287841078408,
           "ema_span_0": 806.04400189489,
           "ema_span_1": 1303.9648092092048,
           "enabled": false,
           "markup_range": 0.017355691118948486,
           "min_markup": 0.0014621878350805136,
           "n_close_orders": 5,
           "qty_pct_close": 0.042025740538038356,
           "qty_pct_entry": 0.047972293920725065,
           "wallet_exposure_limit": 1,
           "we_multiplier_close": 23.755605302825956,
           "we_multiplier_entry": 37.83284440076443}}