{"config_name": "clock_0days",
 "long": {"backwards_tp": true,
          "delay_between_fills_minutes_close": 1233.3275771514625,
          "delay_between_fills_minutes_entry": 742.1313326637568,
          "delay_weight_close": 55.43232266322131,
          "delay_weight_entry": 19.829661417572293,
          "ema_dist_close": -0.046148979521946715,
          "ema_dist_entry": 0.004,
          "ema_span_0": 402.70516418075596,
          "ema_span_1": 1395.6435255029332,
          "enabled": true,
          "markup_range": 0.04018304700320055,
          "min_markup": 0.01,
          "n_close_orders": 6,
          "qty_pct_close": 0.04427051407175648,
          "qty_pct_entry": 0.010295648462195855,
          "wallet_exposure_limit": 0.5,
          "we_multiplier_close": 40.034245539235286,
          "we_multiplier_entry": 82.14266400997657},
 "short": {"backwards_tp": true,
           "delay_between_fills_minutes_close": 407.78090190420403,
           "delay_between_fills_minutes_entry": 1360.9449464623071,
           "delay_weight_close": 0.126071921329729,
           "delay_weight_entry": 53.41836224365169,
           "ema_dist_close": -0.029115430947994608,
           "ema_dist_entry": -0.020124420072354703,
           "ema_span_0": 678.5335474803155,
           "ema_span_1": 1436.7844178392704,
           "enabled": false,
           "markup_range": 0.036453045376088726,
           "min_markup": 0.002584173528839843,
           "n_close_orders": 5,
           "qty_pct_close": 0.039906007427712255,
           "qty_pct_entry": 0.04050891483058243,
           "wallet_exposure_limit": 1.0,
           "we_multiplier_close": 62.42865433930557,
           "we_multiplier_entry": 86.67762612831756}}