{"config_name": "clock_0days",
 "long": {"backwards_tp": true,
          "delay_between_fills_minutes_close": 1043.118139487911,
          "delay_between_fills_minutes_entry": 1225.1067862840275,
          "delay_weight_close": 47.089973690888,
          "delay_weight_entry": 8.759688181995559,
          "ema_dist_close": -0.006578125128715006,
          "ema_dist_entry": 0.004,
          "ema_span_0": 1273.32548295932,
          "ema_span_1": 1183.7040244104487,
          "enabled": true,
          "markup_range": 0.051531473797767256,
          "min_markup": 0.007895867036511765,
          "n_close_orders": 5,
          "qty_pct_close": 0.023624578206997062,
          "qty_pct_entry": 0.01422078418233656,
          "wallet_exposure_limit": 0.5,
          "we_multiplier_close": 0,
          "we_multiplier_entry": 63.54646494525609},
 "short": {"backwards_tp": true,
           "delay_between_fills_minutes_close": 1141.9939977222512,
           "delay_between_fills_minutes_entry": 552.9234848476545,
           "delay_weight_close": 67.20742207156172,
           "delay_weight_entry": 61.7821407482988,
           "ema_dist_close": 0.0024352760567023513,
           "ema_dist_entry": -0.014241691966218002,
           "ema_span_0": 356.7330453976611,
           "ema_span_1": 826.9465232801633,
           "enabled": false,
           "markup_range": 0.05651729386831316,
           "min_markup": 0.006578162577235799,
           "n_close_orders": 7,
           "qty_pct_close": 0.01996663332688481,
           "qty_pct_entry": 0.05982924302485397,
           "wallet_exposure_limit": 1.0,
           "we_multiplier_close": 42.8237291633202,
           "we_multiplier_entry": 40.379543159855736}}