{"config_name": "clock_0days",
 "long": {"backwards_tp": true,
          "delay_between_fills_minutes_close": 863.2700800128856,
          "delay_between_fills_minutes_entry": 1061.659580358938,
          "delay_weight_close": 72.08984123130041,
          "delay_weight_entry": 12.946977322957883,
          "ema_dist_close": 0.0033101208149796365,
          "ema_dist_entry": -7.92713982254523e-05,
          "ema_span_0": 1358.2003521056147,
          "ema_span_1": 967.8014634261148,
          "enabled": true,
          "markup_range": 0.02033102039678379,
          "min_markup": 0.00524656588982899,
          "n_close_orders": 4,
          "qty_pct_close": 0.1,
          "qty_pct_entry": 0.023048753830501954,
          "wallet_exposure_limit": 0.5,
          "we_multiplier_close": 79.26128512334837,
          "we_multiplier_entry": 90.08337626961598},
 "short": {"backwards_tp": true,
           "delay_between_fills_minutes_close": 177.62322015834502,
           "delay_between_fills_minutes_entry": 1081.5110308405087,
           "delay_weight_close": 92.60829434755713,
           "delay_weight_entry": 36.71388307847509,
           "ema_dist_close": -0.0072578950857504765,
           "ema_dist_entry": -0.04456182095003091,
           "ema_span_0": 1151.3758561746063,
           "ema_span_1": 982.709785941927,
           "enabled": false,
           "markup_range": 0.0029847897873680096,
           "min_markup": 0.009038303112194924,
           "n_close_orders": 5,
           "qty_pct_close": 0.054881994658922635,
           "qty_pct_entry": 0.0190538473963093,
           "wallet_exposure_limit": 1.0,
           "we_multiplier_close": 35.1303858680445,
           "we_multiplier_entry": 50.04935272658469}}