{"config_name": "clock_0days",
 "long": {"backwards_tp": true,
          "delay_between_fills_minutes_close": 1191.288596469255,
          "delay_between_fills_minutes_entry": 755.0927942338451,
          "delay_weight_close": 34.73411681168493,
          "delay_weight_entry": 10.238428535710739,
          "ema_dist_close": -0.000870927667359812,
          "ema_dist_entry": -0.0030400919046452454,
          "ema_span_0": 78.80170168278771,
          "ema_span_1": 802.2548146289707,
          "enabled": true,
          "markup_range": 0.051707695061429554,
          "min_markup": 0.008306836107552123,
          "n_close_orders": 3,
          "qty_pct_close": 0.09959131752791817,
          "qty_pct_entry": 0.010616662255074422,
          "wallet_exposure_limit": 0.5,
          "we_multiplier_close": 23.11131763960145,
          "we_multiplier_entry": 100},
 "short": {"backwards_tp": true,
           "delay_between_fills_minutes_close": 1262.53838621425,
           "delay_between_fills_minutes_entry": 25.271659401110124,
           "delay_weight_close": 28.07364469027093,
           "delay_weight_entry": 36.23195623085048,
           "ema_dist_close": -0.03490515110727173,
           "ema_dist_entry": -0.009315168513805774,
           "ema_span_0": 1201.0793857200417,
           "ema_span_1": 738.6375973070416,
           "enabled": false,
           "markup_range": 0.037957890043437435,
           "min_markup": 0.005521114552644651,
           "n_close_orders": 16,
           "qty_pct_close": 0.01682453843909741,
           "qty_pct_entry": 0.03386549558818455,
           "wallet_exposure_limit": 1.0,
           "we_multiplier_close": 20.730221926728788,
           "we_multiplier_entry": 27.488999042179884}}