{"config_name": "clock_0days",
 "long": {"backwards_tp": true,
          "delay_between_fills_minutes_close": 866.4023401431762,
          "delay_between_fills_minutes_entry": 1180.3596779092568,
          "delay_weight_close": 77.07047380825047,
          "delay_weight_entry": 15.187931342843239,
          "ema_dist_close": 0.00044976804394626234,
          "ema_dist_entry": -0.015456090503812513,
          "ema_span_0": 1387.6018635483974,
          "ema_span_1": 1332.9587372867418,
          "enabled": true,
          "markup_range": 0.014369144342892116,
          "min_markup": 0.004874238760401057,
          "n_close_orders": 2,
          "qty_pct_close": 0.011823819498672465,
          "qty_pct_entry": 0.012955892060162143,
          "wallet_exposure_limit": 0.5,
          "we_multiplier_close": 8.866174413166243,
          "we_multiplier_entry": 78.10585765552797},
 "short": {"backwards_tp": true,
           "delay_between_fills_minutes_close": 797.0031844658962,
           "delay_between_fills_minutes_entry": 1266.049507913298,
           "delay_weight_close": 88.42292641666707,
           "delay_weight_entry": 53.05985610818986,
           "ema_dist_close": -0.002416987635123935,
           "ema_dist_entry": -0.034489224121813704,
           "ema_span_0": 464.0228292247526,
           "ema_span_1": 228.67561545161777,
           "enabled": false,
           "markup_range": 0.0034461971283854752,
           "min_markup": 0.0013484946274030856,
           "n_close_orders": 13,
           "qty_pct_close": 0.059180808305369974,
           "qty_pct_entry": 0.0878918189825057,
           "wallet_exposure_limit": 1.0,
           "we_multiplier_close": 43.905423069220554,
           "we_multiplier_entry": 22.046335029492926}}