{"config_name": "clock_0days",
 "long": {"backwards_tp": true,
          "delay_between_fills_minutes_close": 1069.6202352928449,
          "delay_between_fills_minutes_entry": 1391.3122646544052,
          "delay_weight_close": 57.132696587022444,
          "delay_weight_entry": 23.61836188020018,
          "ema_dist_close": -0.0020191760273244007,
          "ema_dist_entry": 0.0007931946268432848,
          "ema_span_0": 381.7119860145879,
          "ema_span_1": 1421.2726232031405,
          "enabled": true,
          "markup_range": 0.012510363547033297,
          "min_markup": 0.008916690027710727,
          "n_close_orders": 3,
          "qty_pct_close": 0.012583092080390107,
          "qty_pct_entry": 0.013341493899645522,
          "wallet_exposure_limit": 0.5,
          "we_multiplier_close": 17.171273554218978,
          "we_multiplier_entry": 81.55781327133481},
 "short": {"backwards_tp": true,
           "delay_between_fills_minutes_close": 481.6773536534748,
           "delay_between_fills_minutes_entry": 546.4010723538815,
           "delay_weight_close": 37.13838615008105,
           "delay_weight_entry": 20.469799359325712,
           "ema_dist_close": -0.025834233730162474,
           "ema_dist_entry": -0.015320682731442894,
           "ema_span_0": 607.720028742066,
           "ema_span_1": 561.915074798568,
           "enabled": false,
           "markup_range": 0.01259739678540932,
           "min_markup": 0.008742093460503695,
           "n_close_orders": 3,
           "qty_pct_close": 0.03452895991412233,
           "qty_pct_entry": 0.04040573961507987,
           "wallet_exposure_limit": 1.0,
           "we_multiplier_close": 25.72769272866726,
           "we_multiplier_entry": 67.40115377575279}}