{"config_name": "clock_0days",
 "long": {"backwards_tp": true,
          "delay_between_fills_minutes_close": 1362.5278347336896,
          "delay_between_fills_minutes_entry": 437.6931328712014,
          "delay_weight_close": 100,
          "delay_weight_entry": 9.113777832483184,
          "ema_dist_close": 0.004,
          "ema_dist_entry": -0.0011626665478670787,
          "ema_span_0": 1429.1922665374511,
          "ema_span_1": 17.557448257342095,
          "enabled": true,
          "markup_range": 0.05910763471042752,
          "min_markup": 0.007758988060677811,
          "n_close_orders": 9,
          "qty_pct_close": 0.012944946820132145,
          "qty_pct_entry": 0.014715180428027278,
          "wallet_exposure_limit": 0.5,
          "we_multiplier_close": 43.363154190697585,
          "we_multiplier_entry": 15.92022941899719},
 "short": {"backwards_tp": true,
           "delay_between_fills_minutes_close": 124.29735193883086,
           "delay_between_fills_minutes_entry": 1016.1729372789105,
           "delay_weight_close": 38.12533515039394,
           "delay_weight_entry": 4.95309714053942,
           "ema_dist_close": -0.032404149650414965,
           "ema_dist_entry": -0.0314581832713149,
           "ema_span_0": 144.13895690930391,
           "ema_span_1": 803.6288544963504,
           "enabled": false,
           "markup_range": 0.0073997111092594615,
           "min_markup": 0.009255349579307917,
           "n_close_orders": 12,
           "qty_pct_close": 0.045592587963655264,
           "qty_pct_entry": 0.0871242404059328,
           "wallet_exposure_limit": 1.0,
           "we_multiplier_close": 11.727310204500451,
           "we_multiplier_entry": 75.01659029322424}}