{"config_name": "clock_0days",
 "long": {"backwards_tp": true,
          "delay_between_fills_minutes_close": 1148.4070692494927,
          "delay_between_fills_minutes_entry": 951.8221641090619,
          "delay_weight_close": 96.05140959546277,
          "delay_weight_entry": 23.89337875824197,
          "ema_dist_close": 0.000664382181037795,
          "ema_dist_entry": -0.007572007778204365,
          "ema_span_0": 882.9189725992544,
          "ema_span_1": 1320.0745286482365,
          "enabled": true,
          "markup_range": 0.029318887696365255,
          "min_markup": 0.006967672419355999,
          "n_close_orders": 11,
          "qty_pct_close": 0.08911085920495374,
          "qty_pct_entry": 0.01,
          "wallet_exposure_limit": 0.5,
          "we_multiplier_close": 51.645890253245874,
          "we_multiplier_entry": 98.59992780030485},
 "short": {"backwards_tp": true,
           "delay_between_fills_minutes_close": 1385.20895369988,
           "delay_between_fills_minutes_entry": 572.8264848530732,
           "delay_weight_close": 4.096499276419374,
           "delay_weight_entry": 71.8884005206411,
           "ema_dist_close": 0.00047876198766059336,
           "ema_dist_entry": -0.007785310622369632,
           "ema_span_0": 548.9413069013432,
           "ema_span_1": 1337.061132377365,
           "enabled": false,
           "markup_range": 0.04658406024754276,
           "min_markup": 0.0031599583441721123,
           "n_close_orders": 6,
           "qty_pct_close": 0.02048721664824707,
           "qty_pct_entry": 0.08005711345892216,
           "wallet_exposure_limit": 1.0,
           "we_multiplier_close": 19.895267024601647,
           "we_multiplier_entry": 87.95169769318748}}