{"config_name": "clock_0days",
 "long": {"backwards_tp": true,
          "delay_between_fills_minutes_close": 1426.8465879084702,
          "delay_between_fills_minutes_entry": 957.9826356629101,
          "delay_weight_close": 33.53453040733734,
          "delay_weight_entry": 11.107656737739624,
          "ema_dist_close": -0.0018642217352595816,
          "ema_dist_entry": 0.004,
          "ema_span_0": 1102.285443285851,
          "ema_span_1": 1216.0804786803644,
          "enabled": true,
          "markup_range": 0.052130653760126,
          "min_markup": 0.008733486161065389,
          "n_close_orders": 2,
          "qty_pct_close": 0.07342243344186695,
          "qty_pct_entry": 0.014995177586780557,
          "wallet_exposure_limit": 0.5,
          "we_multiplier_close": 69.39470385145582,
          "we_multiplier_entry": 64.68234693098155},
 "short": {"backwards_tp": true,
           "delay_between_fills_minutes_close": 1211.382115478132,
           "delay_between_fills_minutes_entry": 1369.036452319589,
           "delay_weight_close": 9.92956460116783,
           "delay_weight_entry": 47.900584168389074,
           "ema_dist_close": -0.026432866684890182,
           "ema_dist_entry": 0.0033972662104735443,
           "ema_span_0": 132.204814143981,
           "ema_span_1": 461.47035425013934,
           "enabled": false,
           "markup_range": 0.038788044050084694,
           "min_markup": 0.004382535026154101,
           "n_close_orders": 6,
           "qty_pct_close": 0.08659878085551462,
           "qty_pct_entry": 0.03911407828940429,
           "wallet_exposure_limit": 1.0,
           "we_multiplier_close": 56.19306192098723,
           "we_multiplier_entry": 84.14651101585308}}