{"config_name": "clock_0days",
 "long": {"backwards_tp": true,
          "delay_between_fills_minutes_close": 1223.2132548654129,
          "delay_between_fills_minutes_entry": 1009.3178239833442,
          "delay_weight_close": 54.56724551334632,
          "delay_weight_entry": 25.875221580669713,
          "ema_dist_close": -0.0011756993491015702,
          "ema_dist_entry": -0.0013954958450856153,
          "ema_span_0": 1084.014186202727,
          "ema_span_1": 1257.4682485195833,
          "enabled": true,
          "markup_range": 0.004966109437307991,
          "min_markup": 0.008349838776657965,
          "n_close_orders": 9,
          "qty_pct_close": 0.011581566816827295,
          "qty_pct_entry": 0.01138682964286046,
          "wallet_exposure_limit": 0.5,
          "we_multiplier_close": 6.964067358662151,
          "we_multiplier_entry": 86.25372442576892},
 "short": {"backwards_tp": true,
           "delay_between_fills_minutes_close": 160.80196899560616,
           "delay_between_fills_minutes_entry": 1315.2209136430638,
           "delay_weight_close": 81.06072281521206,
           "delay_weight_entry": 95.19275744015928,
           "ema_dist_close": -0.014148342182944501,
           "ema_dist_entry": -0.005215824068492789,
           "ema_span_0": 668.9064606272595,
           "ema_span_1": 60.775165524133826,
           "enabled": false,
           "markup_range": 0.003909165191006896,
           "min_markup": 0.0016540689429726876,
           "n_close_orders": 13,
           "qty_pct_close": 0.04376436081336577,
           "qty_pct_entry": 0.03892399843126215,
           "wallet_exposure_limit": 1.0,
           "we_multiplier_close": 7.647013257356894,
           "we_multiplier_entry": 24.287474419293165}}