{"config_name": "clock_0days",
 "long": {"backwards_tp": true,
          "delay_between_fills_minutes_close": 1440,
          "delay_between_fills_minutes_entry": 1127.6645909893527,
          "delay_weight_close": 0.6256642467633091,
          "delay_weight_entry": 17.219844686151156,
          "ema_dist_close": 0.003983829485268539,
          "ema_dist_entry": -0.034826233913921846,
          "ema_span_0": 5,
          "ema_span_1": 1385.76634632104,
          "enabled": true,
          "markup_range": 0.0478489298529243,
          "min_markup": 0.003892291997839898,
          "n_close_orders": 2,
          "qty_pct_close": 0.08556319266321914,
          "qty_pct_entry": 0.011028778570898175,
          "wallet_exposure_limit": 0.5,
          "we_multiplier_close": 17.191456517985127,
          "we_multiplier_entry": 39.95640612264932},
 "short": {"backwards_tp": true,
           "delay_between_fills_minutes_close": 146.63487946031427,
           "delay_between_fills_minutes_entry": 64.408695022764,
           "delay_weight_close": 47.26465094795896,
           "delay_weight_entry": 24.47310023967656,
           "ema_dist_close": -0.013685592849496171,
           "ema_dist_entry": 0.000295638592035144,
           "ema_span_0": 1393.4946999709503,
           "ema_span_1": 1057.5537149264412,
           "enabled": false,
           "markup_range": 0.024858097924201468,
           "min_markup": 0.0037841704832414507,
           "n_close_orders": 9,
           "qty_pct_close": 0.0848993688037686,
           "qty_pct_entry": 0.07074581198226648,
           "wallet_exposure_limit": 1.0,
           "we_multiplier_close": 92.95001408751482,
           "we_multiplier_entry": 97.23221978223073}}