{"config_name": "clock_0days",
 "long": {"backwards_tp": true,
          "delay_between_fills_minutes_close": 967.1138884029621,
          "delay_between_fills_minutes_entry": 732.2162360185666,
          "delay_weight_close": 20.12600502448864,
          "delay_weight_entry": 9.208246810755083,
          "ema_dist_close": 0.0015585689585750884,
          "ema_dist_entry": -0.005426112852341647,
          "ema_span_0": 411.6769906076117,
          "ema_span_1": 1107.7832190388501,
          "enabled": true,
          "markup_range": 0.05104957194427358,
          "min_markup": 0.009630840633115716,
          "n_close_orders": 11,
          "qty_pct_close": 0.05828648515845282,
          "qty_pct_entry": 0.01,
          "wallet_exposure_limit": 0.5,
          "we_multiplier_close": 0.9904500220392465,
          "we_multiplier_entry": 40.31036271745495},
 "short": {"backwards_tp": true,
           "delay_between_fills_minutes_close": 1373.1654813386183,
           "delay_between_fills_minutes_entry": 53.04871900276083,
           "delay_weight_close": 18.03717913855224,
           "delay_weight_entry": 50.34407332671069,
           "ema_dist_close": -0.04430915713744365,
           "ema_dist_entry": -0.03975249213007913,
           "ema_span_0": 419.7099108299303,
           "ema_span_1": 176.26852398061618,
           "enabled": false,
           "markup_range": 0.014848872451005477,
           "min_markup": 0.005528889225908209,
           "n_close_orders": 2,
           "qty_pct_close": 0.05747163008563649,
           "qty_pct_entry": 0.03428865215470365,
           "wallet_exposure_limit": 1.0,
           "we_multiplier_close": 98.60324172124027,
           "we_multiplier_entry": 51.58004992005603}}