{"config_name": "clock_0days",
 "long": {"backwards_tp": true,
          "delay_between_fills_minutes_close": 1156.0586147711008,
          "delay_between_fills_minutes_entry": 701.6583099772014,
          "delay_weight_close": 2.9381080082183515,
          "delay_weight_entry": 11.585575325343273,
          "ema_dist_close": 0.004,
          "ema_dist_entry": -0.005494591168812837,
          "ema_span_0": 38.22455468761446,
          "ema_span_1": 1440,
          "enabled": true,
          "markup_range": 0.06,
          "min_markup": 0.01,
          "n_close_orders": 8,
          "qty_pct_close": 0.08550281301939835,
          "qty_pct_entry": 0.018888644854831323,
          "wallet_exposure_limit": 0.5,
          "we_multiplier_close": 10.001029808429108,
          "we_multiplier_entry": 33.250472385063055},
 "short": {"backwards_tp": true,
           "delay_between_fills_minutes_close": 413.3467034543434,
           "delay_between_fills_minutes_entry": 821.1712481293818,
           "delay_weight_close": 96.21365463765575,
           "delay_weight_entry": 0.4617509250804841,
           "ema_dist_close": -0.012715837590628512,
           "ema_dist_entry": -0.047435232854974536,
           "ema_span_0": 483.40460017884266,
           "ema_span_1": 433.5029378376168,
           "enabled": false,
           "markup_range": 0.016716108615602562,
           "min_markup": 0.0011897821633958619,
           "n_close_orders": 5,
           "qty_pct_close": 0.07378683331427183,
           "qty_pct_entry": 0.011333184657108454,
           "wallet_exposure_limit": 1.0,
           "we_multiplier_close": 17.11313683639758,
           "we_multiplier_entry": 66.78894933883915}}