{"config_name": "clock_0days",
 "long": {"backwards_tp": true,
          "delay_between_fills_minutes_close": 866.1676164233078,
          "delay_between_fills_minutes_entry": 577.4405404869586,
          "delay_weight_close": 60.551982390100676,
          "delay_weight_entry": 10.801742288973944,
          "ema_dist_close": -0.001108859808368375,
          "ema_dist_entry": 0.004,
          "ema_span_0": 365.5513041797495,
          "ema_span_1": 1306.7328820681694,
          "enabled": true,
          "markup_range": 0.05664460655177611,
          "min_markup": 0.008997325512656976,
          "n_close_orders": 5,
          "qty_pct_close": 0.017669219977099294,
          "qty_pct_entry": 0.010632270968615198,
          "wallet_exposure_limit": 0.5,
          "we_multiplier_close": 7.814215784391196,
          "we_multiplier_entry": 64.38912906822233},
 "short": {"backwards_tp": true,
           "delay_between_fills_minutes_close": 340.0649721310683,
           "delay_between_fills_minutes_entry": 857.5169852999765,
           "delay_weight_close": 97.30188587526723,
           "delay_weight_entry": 43.4621739357299,
           "ema_dist_close": -0.038938354060988944,
           "ema_dist_entry": -0.011553315621344956,
           "ema_span_0": 930.8657915139717,
           "ema_span_1": 506.24037577176335,
           "enabled": false,
           "markup_range": 0.007794136534155949,
           "min_markup": 0.0035303212660953978,
           "n_close_orders": 10,
           "qty_pct_close": 0.09907248108211947,
           "qty_pct_entry": 0.07928970719376253,
           "wallet_exposure_limit": 1.0,
           "we_multiplier_close": 28.624231069206374,
           "we_multiplier_entry": 68.45982677406349}}