{"config_name": "clock_0days",
 "long": {"backwards_tp": true,
          "delay_between_fills_minutes_close": 1144.630680362063,
          "delay_between_fills_minutes_entry": 1091.1810431289848,
          "delay_weight_close": 21.495527466758745,
          "delay_weight_entry": 25.69254983665017,
          "ema_dist_close": 0.0002917929020490207,
          "ema_dist_entry": 0.004,
          "ema_span_0": 97.0953975121332,
          "ema_span_1": 233.27800788233,
          "enabled": true,
          "markup_range": 0.06,
          "min_markup": 0.01,
          "n_close_orders": 6,
          "qty_pct_close": 0.020327932213001717,
          "qty_pct_entry": 0.010044571705975499,
          "wallet_exposure_limit": 0.5,
          "we_multiplier_close": 47.52012057232869,
          "we_multiplier_entry": 79.54204774565633},
 "short": {"backwards_tp": true,
           "delay_between_fills_minutes_close": 660.6461205976542,
           "delay_between_fills_minutes_entry": 256.3641329446766,
           "delay_weight_close": 77.29858238466788,
           "delay_weight_entry": 15.83523082613203,
           "ema_dist_close": -0.008354936164441516,
           "ema_dist_entry": -0.03729431121468079,
           "ema_span_0": 192.90034403354795,
           "ema_span_1": 237.52787697776438,
           "enabled": false,
           "markup_range": 0.015364391790584127,
           "min_markup": 0.0012885198321451426,
           "n_close_orders": 7,
           "qty_pct_close": 0.04518807982007946,
           "qty_pct_entry": 0.05808862461496995,
           "wallet_exposure_limit": 1.0,
           "we_multiplier_close": 56.48910129427664,
           "we_multiplier_entry": 97.47019687798735}}