{"config_name": "clock_0days",
 "long": {"backwards_tp": true,
          "delay_between_fills_minutes_close": 1256.963598199955,
          "delay_between_fills_minutes_entry": 1176.6682835216407,
          "delay_weight_close": 93.81897154532011,
          "delay_weight_entry": 14.028176381566066,
          "ema_dist_close": -0.005410520574683363,
          "ema_dist_entry": -0.035318680837508866,
          "ema_span_0": 1423.058056053868,
          "ema_span_1": 440.18194111613894,
          "enabled": true,
          "markup_range": 0.05500537467113806,
          "min_markup": 0.009299458031511686,
          "n_close_orders": 15,
          "qty_pct_close": 0.07964163706946546,
          "qty_pct_entry": 0.012044321831318597,
          "wallet_exposure_limit": 0.5,
          "we_multiplier_close": 1.431080134451279,
          "we_multiplier_entry": 93.14009246293791},
 "short": {"backwards_tp": true,
           "delay_between_fills_minutes_close": 718.4033712983297,
           "delay_between_fills_minutes_entry": 291.1484869299949,
           "delay_weight_close": 79.23753275199495,
           "delay_weight_entry": 39.457441353360224,
           "ema_dist_close": -0.02263772927508675,
           "ema_dist_entry": -0.049675837670719855,
           "ema_span_0": 170.5204314641092,
           "ema_span_1": 833.5144548849916,
           "enabled": false,
           "markup_range": 0.032854537897772665,
           "min_markup": 0.009803610327556965,
           "n_close_orders": 15,
           "qty_pct_close": 0.023720497810141655,
           "qty_pct_entry": 0.061089007393523735,
           "wallet_exposure_limit": 1.0,
           "we_multiplier_close": 77.81000706914918,
           "we_multiplier_entry": 11.309106164012794}}