{"config_name": "clock_0days",
 "long": {"backwards_tp": true,
          "delay_between_fills_minutes_close": 1276.4697730133544,
          "delay_between_fills_minutes_entry": 610.7710546350207,
          "delay_weight_close": 100,
          "delay_weight_entry": 10.001098292607281,
          "ema_dist_close": -0.0019922575913148407,
          "ema_dist_entry": 0.00010084681901755725,
          "ema_span_0": 1244.1677479969776,
          "ema_span_1": 1440,
          "enabled": true,
          "markup_range": 0.03710832811611289,
          "min_markup": 0.008435093780081967,
          "n_close_orders": 8,
          "qty_pct_close": 0.018205928348814796,
          "qty_pct_entry": 0.016999498164216715,
          "wallet_exposure_limit": 0.5,
          "we_multiplier_close": 5.559649557350626,
          "we_multiplier_entry": 35.99627036767855},
 "short": {"backwards_tp": true,
           "delay_between_fills_minutes_close": 930.6495336549275,
           "delay_between_fills_minutes_entry": 918.0018691153851,
           "delay_weight_close": 90.56202045872078,
           "delay_weight_entry": 52.09133410618653,
           "ema_dist_close": -0.026763949654371514,
           "ema_dist_entry": -0.023923155730063487,
           "ema_span_0": 829.0661640045029,
           "ema_span_1": 1401.0373253842974,
           "enabled": false,
           "markup_range": 0.04565209469598746,
           "min_markup": 0.008768885610091374,
           "n_close_orders": 11,
           "qty_pct_close": 0.079606817477644,
           "qty_pct_entry": 0.07600763940129172,
           "wallet_exposure_limit": 1.0,
           "we_multiplier_close": 78.52409506255495,
           "we_multiplier_entry": 44.31171791872595}}