{"config_name": "clock_0days",
 "long": {"backwards_tp": true,
          "delay_between_fills_minutes_close": 1340.9665816975821,
          "delay_between_fills_minutes_entry": 509.57271845122557,
          "delay_weight_close": 63.03309652314308,
          "delay_weight_entry": 11.271601567266234,
          "ema_dist_close": -0.0004754874700180898,
          "ema_dist_entry": -0.02047027780356093,
          "ema_span_0": 1312.335590734788,
          "ema_span_1": 1439.1578507704057,
          "enabled": true,
          "markup_range": 0.005686562175845493,
          "min_markup": 0.006576727718401998,
          "n_close_orders": 8,
          "qty_pct_close": 0.010366696480811295,
          "qty_pct_entry": 0.012189533431009772,
          "wallet_exposure_limit": 0.5,
          "we_multiplier_close": 5.9016172764522326,
          "we_multiplier_entry": 67.34233456718667},
 "short": {"backwards_tp": true,
           "delay_between_fills_minutes_close": 1026.9335625121641,
           "delay_between_fills_minutes_entry": 1071.2826002337251,
           "delay_weight_close": 78.77299339409849,
           "delay_weight_entry": 67.31329349324395,
           "ema_dist_close": -0.020820369439388378,
           "ema_dist_entry": -0.03954754796606971,
           "ema_span_0": 203.97038183081202,
           "ema_span_1": 1022.6928172263841,
           "enabled": false,
           "markup_range": 0.005460581019780799,
           "min_markup": 0.004437149147969445,
           "n_close_orders": 9,
           "qty_pct_close": 0.012303399568617264,
           "qty_pct_entry": 0.06370602446791669,
           "wallet_exposure_limit": 1.0,
           "we_multiplier_close": 41.252305510240774,
           "we_multiplier_entry": 96.22958091157685}}