{"config_name": "clock_0days",
 "long": {"backwards_tp": true,
          "delay_between_fills_minutes_close": 1210.9803818570779,
          "delay_between_fills_minutes_entry": 1004.6495884438548,
          "delay_weight_close": 68.36617825231731,
          "delay_weight_entry": 12.849578188137537,
          "ema_dist_close": 0.004,
          "ema_dist_entry": 0.004,
          "ema_span_0": 444.19010610258255,
          "ema_span_1": 1424.409473918698,
          "enabled": true,
          "markup_range": 0.05655242239629325,
          "min_markup": 0.008073955439901324,
          "n_close_orders": 9,
          "qty_pct_close": 0.01,
          "qty_pct_entry": 0.011297531774217825,
          "wallet_exposure_limit": 0.5,
          "we_multiplier_close": 4.212629071667954,
          "we_multiplier_entry": 21.38305690782427},
 "short": {"backwards_tp": true,
           "delay_between_fills_minutes_close": 58.79132048062751,
           "delay_between_fills_minutes_entry": 759.4308958835,
           "delay_weight_close": 22.46487724291163,
           "delay_weight_entry": 66.8162258758396,
           "ema_dist_close": -0.04652551361994511,
           "ema_dist_entry": 0.0010243548537963512,
           "ema_span_0": 1384.947160109686,
           "ema_span_1": 1021.671468020403,
           "enabled": false,
           "markup_range": 0.007745912256745164,
           "min_markup": 0.004145398688162469,
           "n_close_orders": 16,
           "qty_pct_close": 0.056440665485861574,
           "qty_pct_entry": 0.05016322348058285,
           "wallet_exposure_limit": 1.0,
           "we_multiplier_close": 7.538768968470199,
           "we_multiplier_entry": 80.445894539858}}