{"config_name": "clock_0days",
 "long": {"backwards_tp": true,
          "delay_between_fills_minutes_close": 1440,
          "delay_between_fills_minutes_entry": 346.3910881560218,
          "delay_weight_close": 78.3017099348617,
          "delay_weight_entry": 20.937339943679945,
          "ema_dist_close": -0.04947041190959373,
          "ema_dist_entry": 0.0027957169333610835,
          "ema_span_0": 1074.4606863506476,
          "ema_span_1": 592.9909547417582,
          "enabled": true,
          "markup_range": 0.040066622193550804,
          "min_markup": 0.0077046181148245005,
          "n_close_orders": 8,
          "qty_pct_close": 0.05050012735197144,
          "qty_pct_entry": 0.015000559601162254,
          "wallet_exposure_limit": 0.5,
          "we_multiplier_close": 67.89852908917328,
          "we_multiplier_entry": 49.77221299388948},
 "short": {"backwards_tp": true,
           "delay_between_fills_minutes_close": 822.2295568364593,
           "delay_between_fills_minutes_entry": 570.3527418122986,
           "delay_weight_close": 79.24194442961429,
           "delay_weight_entry": 92.46664105383965,
           "ema_dist_close": -0.032222758764143974,
           "ema_dist_entry": -0.044261733407320036,
           "ema_span_0": 163.614285374709,
           "ema_span_1": 249.77464742657037,
           "enabled": false,
           "markup_range": 0.031407653876428715,
           "min_markup": 0.004466143792450904,
           "n_close_orders": 5,
           "qty_pct_close": 0.022499022852907637,
           "qty_pct_entry": 0.038690592082275065,
           "wallet_exposure_limit": 1.0,
           "we_multiplier_close": 7.2000450183920535,
           "we_multiplier_entry": 33.743827051962164}}