{"config_name": "clock_0days",
 "long": {"backwards_tp": true,
          "delay_between_fills_minutes_close": 1430.5432286558805,
          "delay_between_fills_minutes_entry": 878.2729083673777,
          "delay_weight_close": 69.87071554797181,
          "delay_weight_entry": 19.401920997852258,
          "ema_dist_close": -0.048348492139582526,
          "ema_dist_entry": 0.004,
          "ema_span_0": 1273.4333525070258,
          "ema_span_1": 713.8393608748877,
          "enabled": true,
          "markup_range": 0.0570935555632123,
          "min_markup": 0.01,
          "n_close_orders": 14,
          "qty_pct_close": 0.09349769019996274,
          "qty_pct_entry": 0.015981165093621717,
          "wallet_exposure_limit": 0.5,
          "we_multiplier_close": 99.63005484964968,
          "we_multiplier_entry": 87.49501393466777},
 "short": {"backwards_tp": true,
           "delay_between_fills_minutes_close": 545.8478670376093,
           "delay_between_fills_minutes_entry": 1171.557022850896,
           "delay_weight_close": 47.576658526588766,
           "delay_weight_entry": 37.74110545085026,
           "ema_dist_close": -0.038168347050642495,
           "ema_dist_entry": -0.02920533814984192,
           "ema_span_0": 962.6482924200745,
           "ema_span_1": 309.70797164562856,
           "enabled": false,
           "markup_range": 0.012664645653462531,
           "min_markup": 0.007429810318111251,
           "n_close_orders": 8,
           "qty_pct_close": 0.024446792537951203,
           "qty_pct_entry": 0.0820991293052668,
           "wallet_exposure_limit": 1.0,
           "we_multiplier_close": 4.4998175805211265,
           "we_multiplier_entry": 12.038192532327797}}