{"config_name": "clock_0days",
 "long": {"backwards_tp": true,
          "delay_between_fills_minutes_close": 1263.6098194041454,
          "delay_between_fills_minutes_entry": 423.2587674235343,
          "delay_weight_close": 38.38097188148776,
          "delay_weight_entry": 12.035428788189984,
          "ema_dist_close": 0.003479511320753736,
          "ema_dist_entry": 0.0017858016363943108,
          "ema_span_0": 5,
          "ema_span_1": 1197.781619774306,
          "enabled": true,
          "markup_range": 0.04146592125926317,
          "min_markup": 0.009050238847637228,
          "n_close_orders": 2,
          "qty_pct_close": 0.03681803834871263,
          "qty_pct_entry": 0.01,
          "wallet_exposure_limit": 0.5,
          "we_multiplier_close": 21.94220319246737,
          "we_multiplier_entry": 40.337390574206815},
 "short": {"backwards_tp": true,
           "delay_between_fills_minutes_close": 559.1756790321934,
           "delay_between_fills_minutes_entry": 449.9955399139066,
           "delay_weight_close": 84.80946862929906,
           "delay_weight_entry": 38.34898477779893,
           "ema_dist_close": -0.04422066782178677,
           "ema_dist_entry": -0.04066427526660941,
           "ema_span_0": 321.8092950304446,
           "ema_span_1": 246.79605351071942,
           "enabled": false,
           "markup_range": 0.02203174978945257,
           "min_markup": 0.00203614227950861,
           "n_close_orders": 9,
           "qty_pct_close": 0.03843586508439455,
           "qty_pct_entry": 0.020960159946012264,
           "wallet_exposure_limit": 1.0,
           "we_multiplier_close": 19.8060389871062,
           "we_multiplier_entry": 94.8439526705132}}