{"config_name": "recursive_grid_0days",
 "logging_level": 0,
 "long": {"auto_unstuck_ema_dist": 0.003,
          "auto_unstuck_wallet_exposure_threshold": 0.06359348744608258,
          "backwards_tp": true,
          "ddown_factor": 1.2180719300170635,
          "ema_span_0": 16.772902395172935,
          "ema_span_1": 1004.8068056018599,
          "enabled": true,
          "initial_eprice_ema_dist": 0.004,
          "initial_qty_pct": 0.03714726629955395,
          "markup_range": 0.001678408885682248,
          "min_markup": 0.005734985257461506,
          "n_close_orders": 9,
          "rentry_pprice_dist": 0.041166571855412226,
          "rentry_pprice_dist_wallet_exposure_weighting": 1.2001880611527516,
          "wallet_exposure_limit": 0.2},
 "short": {"auto_unstuck_ema_dist": -0.044031437643431044,
           "auto_unstuck_wallet_exposure_threshold": 0.03371319357655965,
           "backwards_tp": true,
           "ddown_factor": 2.5404291285543095,
           "ema_span_0": 87.69148335155788,
           "ema_span_1": 540.4623412328373,
           "enabled": false,
           "initial_eprice_ema_dist": -0.04181086494838085,
           "initial_qty_pct": 0.053870676635491235,
           "markup_range": 0.059094668989613144,
           "min_markup": 0.005523343804717025,
           "n_close_orders": 12,
           "rentry_pprice_dist": 0.028834183264267958,
           "rentry_pprice_dist_wallet_exposure_weighting": 3.4655911129863326,
           "wallet_exposure_limit": 1.0}}