{"config_name": "recursive_grid_0days",
 "logging_level": 0,
 "long": {"auto_unstuck_ema_dist": 0.008372354844377095,
          "auto_unstuck_wallet_exposure_threshold": 0.041611699800868186,
          "backwards_tp": true,
          "ddown_factor": 1.3635909239988029,
          "ema_span_0": 366.2237542761899,
          "ema_span_1": 326.7233488537791,
          "enabled": true,
          "initial_eprice_ema_dist": -0.09622416458910316,
          "initial_qty_pct": 0.014194148025456264,
          "markup_range": 0.0037130538623721607,
          "min_markup": 0.004713786082274078,
          "n_close_orders": 14,
          "rentry_pprice_dist": 0.03368032629388582,
          "rentry_pprice_dist_wallet_exposure_weighting": 2.7423492823405993,
          "wallet_exposure_limit": 0.2},
 "short": {"auto_unstuck_ema_dist": 0.02808536229430597,
           "auto_unstuck_wallet_exposure_threshold": 0,
           "backwards_tp": true,
           "ddown_factor": 2.172345924395743,
           "ema_span_0": 1089.4849641936364,
           "ema_span_1": 3567.9620564930947,
           "enabled": false,
           "initial_eprice_ema_dist": -0.02822573658081677,
           "initial_qty_pct": 0.02724723305318589,
           "markup_range": 0.004767070253505406,
           "min_markup": 0.007075966467268184,
           "n_close_orders": 13,
           "rentry_pprice_dist": 0.017970405899333134,
           "rentry_pprice_dist_wallet_exposure_weighting": 56.2107307924276,
           "wallet_exposure_limit": 0.1}}