{"config_name": "recursive_grid_0days",
 "logging_level": 0,
 "long": {"auto_unstuck_ema_dist": 0.0074479047581843035,
          "auto_unstuck_wallet_exposure_threshold": 0.02515394999623232,
          "backwards_tp": false,
          "ddown_factor": 1.2903041464249092,
          "ema_span_0": 3725.687416424066,
          "ema_span_1": 5207.684674243916,
          "enabled": true,
          "initial_eprice_ema_dist": -0.06730286756665287,
          "initial_qty_pct": 0.015,
          "markup_range": 0.020589897949791464,
          "min_markup": 0.0029192908797031343,
          "n_close_orders": 8,
          "rentry_pprice_dist": 0.04654313179967499,
          "rentry_pprice_dist_wallet_exposure_weighting": 0.19491097142973882,
          "wallet_exposure_limit": 0.1},
 "short": {"auto_unstuck_ema_dist": 0.015309012940167226,
           "auto_unstuck_wallet_exposure_threshold": 0.0334902661714509,
           "backwards_tp": false,
           "ddown_factor": 1.5970974344647415,
           "ema_span_0": 2139.0221388554824,
           "ema_span_1": 4974.594316032398,
           "enabled": true,
           "initial_eprice_ema_dist": 0.009222063332635175,
           "initial_qty_pct": 0.015,
           "markup_range": 0.03549468921601695,
           "min_markup": 0.0020048538321924786,
           "n_close_orders": 14,
           "rentry_pprice_dist": 0.03168752259240548,
           "rentry_pprice_dist_wallet_exposure_weighting": 9.33328234314207,
           "wallet_exposure_limit": 0.1}}