{"config_name": "recursive_grid_0days",
 "logging_level": 0,
 "long": {"auto_unstuck_ema_dist": 0.0865493260752023,
          "auto_unstuck_wallet_exposure_threshold": 0.035605864973088305,
          "backwards_tp": false,
          "ddown_factor": 2.340415818298646,
          "ema_span_0": 1799.7613431287648,
          "ema_span_1": 9907.144652798486,
          "enabled": false,
          "initial_eprice_ema_dist": -0.00621711282887287,
          "initial_qty_pct": 0.015,
          "markup_range": 0.029926459725399535,
          "min_markup": 0.003671397793954725,
          "n_close_orders": 8,
          "rentry_pprice_dist": 0.029810817746556584,
          "rentry_pprice_dist_wallet_exposure_weighting": 1.1276742885841473,
          "wallet_exposure_limit": 0.1},
 "short": {"auto_unstuck_ema_dist": 0,
           "auto_unstuck_wallet_exposure_threshold": 0,
           "backwards_tp": false,
           "ddown_factor": 0.593153831530671,
           "ema_span_0": 1301.6644788346593,
           "ema_span_1": 3513.481693780691,
           "enabled": true,
           "initial_eprice_ema_dist": -0.04964744020856314,
           "initial_qty_pct": 0.0014964242231739091,
           "markup_range": 0.015968267741512453,
           "min_markup": 0.015552419689612013,
           "n_close_orders": 5,
           "rentry_pprice_dist": 0.036281173421286644,
           "rentry_pprice_dist_wallet_exposure_weighting": 0,
           "wallet_exposure_limit": 0.2}}