{"config_name": "recursive_grid_0days",
 "logging_level": 0,
 "long": {"auto_unstuck_ema_dist": 0.027620167992516136,
          "auto_unstuck_wallet_exposure_threshold": 0.10232201346869788,
          "backwards_tp": true,
          "ddown_factor": 0.909881728523653,
          "ema_span_0": 822.6416825778738,
          "ema_span_1": 744.1118894282686,
          "enabled": true,
          "initial_eprice_ema_dist": 0,
          "initial_qty_pct": 0.011943666018603943,
          "markup_range": 0.0047751489660760645,
          "min_markup": 0.0033176950368435697,
          "n_close_orders": 4,
          "rentry_pprice_dist": 0.03873816353287527,
          "rentry_pprice_dist_wallet_exposure_weighting": 0,
          "wallet_exposure_limit": 0.2},
 "short": {"auto_unstuck_ema_dist": 0.05374898848541906,
           "auto_unstuck_wallet_exposure_threshold": 0.04794127618980993,
           "backwards_tp": true,
           "ddown_factor": 0.57351712206939,
           "ema_span_0": 1230.0835801060898,
           "ema_span_1": 8433.544615695437,
           "enabled": false,
           "initial_eprice_ema_dist": -0.07373375421912501,
           "initial_qty_pct": 0.015,
           "markup_range": 0.028508862903679814,
           "min_markup": 0.0024693042876237714,
           "n_close_orders": 10,
           "rentry_pprice_dist": 0.03608675393506689,
           "rentry_pprice_dist_wallet_exposure_weighting": 26.62225302914562,
           "wallet_exposure_limit": 0.1}}