{"config_name": "emas_0days",
 "long": {"delay_between_fills_minutes_close": 1657.210379883995,
          "delay_between_fills_minutes_entry": 3932.3939598923266,
          "delay_weight_close": -60.00491050509716,
          "delay_weight_entry": 22.687018218368692,
          "ema_dist_lower": 0.013159283901504034,
          "ema_dist_upper": 0.010925672908974303,
          "ema_span_0": 1425.7307017582268,
          "ema_span_1": 543.4752551245901,
          "enabled": true,
          "markup_range": 0.028345903166165424,
          "min_markup": 0.07,
          "n_close_orders": 8,
          "qty_pct_close": 0.050170117702240745,
          "qty_pct_entry": 0.0061504801842982414,
          "wallet_exposure_limit": 1,
          "we_multiplier_close": 53.810655016674346,
          "we_multiplier_entry": 56.82704702076643},
 "short": {"delay_between_fills_minutes_close": 2914.2010656649877,
           "delay_between_fills_minutes_entry": 1758.0525514521585,
           "delay_weight_close": 22.435749077322342,
           "delay_weight_entry": 1.372960847157868,
           "ema_dist_lower": 0.0129542060281842,
           "ema_dist_upper": 0.012236432763637839,
           "ema_span_0": 232.28056594053092,
           "ema_span_1": 3097.3596214652166,
           "enabled": false,
           "markup_range": 0.06627164482601958,
           "min_markup": 0.025714590418597257,
           "n_close_orders": 4,
           "qty_pct_close": 0.010787918479631878,
           "qty_pct_entry": 0.06461757212815145,
           "wallet_exposure_limit": 1.0,
           "we_multiplier_close": 14.225104588786124,
           "we_multiplier_entry": 5.4035872022287466}}