{"config_name": "recursive_grid_0days",
 "logging_level": 0,
 "long": {"auto_unstuck_ema_dist": -0.0021519425390829896,
          "auto_unstuck_wallet_exposure_threshold": 0.06408176050569775,
          "backwards_tp": true,
          "ddown_factor": 0.603828231677181,
          "ema_span_0": 149.55029936999787,
          "ema_span_1": 667.6012524673253,
          "enabled": true,
          "initial_eprice_ema_dist": 0.004734419364069495,
          "initial_qty_pct": 0.01,
          "markup_range": 0.0029591023140512827,
          "min_markup": 0.0039657297448673365,
          "n_close_orders": 2,
          "rentry_pprice_dist": 0.025994584599945508,
          "rentry_pprice_dist_wallet_exposure_weighting": 1.463462048508012,
          "wallet_exposure_limit": 1},
 "short": {"auto_unstuck_ema_dist": -0.06150849901455239,
           "auto_unstuck_wallet_exposure_threshold": 0.03543239766491683,
           "backwards_tp": true,
           "ddown_factor": 0.16347112179210818,
           "ema_span_0": 511.3172557765531,
           "ema_span_1": 754.3420067813036,
           "enabled": false,
           "initial_eprice_ema_dist": -0.032189343835273845,
           "initial_qty_pct": 0.07980475705955015,
           "markup_range": 0.036931674447505496,
           "min_markup": 0.00625838546343451,
           "n_close_orders": 5,
           "rentry_pprice_dist": 0.04704372047779323,
           "rentry_pprice_dist_wallet_exposure_weighting": 1.7886189531440593,
           "wallet_exposure_limit": 1.0}}