{"config_name": "recursive_grid_0days",
 "logging_level": 0,
 "long": {"auto_unstuck_ema_dist": -0.0021519425390829896,
          "auto_unstuck_wallet_exposure_threshold": 0.06408176050569775,
          "backwards_tp": true,
          "ddown_factor": 0.603828231677181,
          "ema_span_0": 149.55029936999787,
          "ema_span_1": 667.6012524673253,
          "enabled": true,
          "initial_eprice_ema_dist": 0.004734419364069495,
          "initial_qty_pct": 0.01,
          "markup_range": 0.0029591023140512827,
          "min_markup": 0.0039657297448673365,
          "n_close_orders": 2,
          "rentry_pprice_dist": 0.025994584599945508,
          "rentry_pprice_dist_wallet_exposure_weighting": 1.463462048508012,
          "wallet_exposure_limit": 1},
 "short": {"auto_unstuck_ema_dist": -0.07651812377301165,
           "auto_unstuck_wallet_exposure_threshold": 0.08756630320091242,
           "backwards_tp": true,
           "ddown_factor": 0.9046818708819508,
           "ema_span_0": 564.8408389495548,
           "ema_span_1": 580.7658860823354,
           "enabled": false,
           "initial_eprice_ema_dist": -0.05351422928338014,
           "initial_qty_pct": 0.056889236138574266,
           "markup_range": 0.01706583638098461,
           "min_markup": 0.008712993905963431,
           "n_close_orders": 10,
           "rentry_pprice_dist": 0.030935666317095406,
           "rentry_pprice_dist_wallet_exposure_weighting": 4.549545458659204,
           "wallet_exposure_limit": 1.0}}