{"config_name": "recursive_grid_0days",
 "logging_level": 0,
 "long": {"auto_unstuck_ema_dist": -0.0021519425390829896,
          "auto_unstuck_wallet_exposure_threshold": 0.06408176050569775,
          "backwards_tp": true,
          "ddown_factor": 0.603828231677181,
          "ema_span_0": 149.55029936999787,
          "ema_span_1": 667.6012524673253,
          "enabled": true,
          "initial_eprice_ema_dist": 0.004734419364069495,
          "initial_qty_pct": 0.01,
          "markup_range": 0.0029591023140512827,
          "min_markup": 0.0039657297448673365,
          "n_close_orders": 2,
          "rentry_pprice_dist": 0.025994584599945508,
          "rentry_pprice_dist_wallet_exposure_weighting": 1.463462048508012,
          "wallet_exposure_limit": 1},
 "short": {"auto_unstuck_ema_dist": -0.09089486193908668,
           "auto_unstuck_wallet_exposure_threshold": 0.038750358902842695,
           "backwards_tp": true,
           "ddown_factor": 1.6997761789722243,
           "ema_span_0": 489.1958755403986,
           "ema_span_1": 426.9643786901318,
           "enabled": false,
           "initial_eprice_ema_dist": -0.09458200595546068,
           "initial_qty_pct": 0.02421184376924145,
           "markup_range": 0.018821771132167205,
           "min_markup": 0.0030939733975542984,
           "n_close_orders": 15,
           "rentry_pprice_dist": 0.03477517405469872,
           "rentry_pprice_dist_wallet_exposure_weighting": 0.7963654247679508,
           "wallet_exposure_limit": 1.0}}