{"config_name": "recursive_grid_0days",
 "logging_level": 0,
 "long": {"auto_unstuck_ema_dist": -0.0021519425390829896,
          "auto_unstuck_wallet_exposure_threshold": 0.06408176050569775,
          "backwards_tp": true,
          "ddown_factor": 0.603828231677181,
          "ema_span_0": 149.55029936999787,
          "ema_span_1": 667.6012524673253,
          "enabled": true,
          "initial_eprice_ema_dist": 0.004734419364069495,
          "initial_qty_pct": 0.01,
          "markup_range": 0.0029591023140512827,
          "min_markup": 0.0039657297448673365,
          "n_close_orders": 2,
          "rentry_pprice_dist": 0.025994584599945508,
          "rentry_pprice_dist_wallet_exposure_weighting": 1.463462048508012,
          "wallet_exposure_limit": 1},
 "short": {"auto_unstuck_ema_dist": -0.030785737042434397,
           "auto_unstuck_wallet_exposure_threshold": 0.03430193680879247,
           "backwards_tp": true,
           "ddown_factor": 1.5122510251360688,
           "ema_span_0": 285.46601796117534,
           "ema_span_1": 10,
           "enabled": false,
           "initial_eprice_ema_dist": -0.0638374365108644,
           "initial_qty_pct": 0.08550894840014191,
           "markup_range": 0.004514419144337731,
           "min_markup": 0.01,
           "n_close_orders": 14,
           "rentry_pprice_dist": 0.03839170236030985,
           "rentry_pprice_dist_wallet_exposure_weighting": 36.215075941844454,
           "wallet_exposure_limit": 1.0}}