{"config_name": "recursive_grid_0days",
 "logging_level": 0,
 "long": {"auto_unstuck_ema_dist": -0.06655437917643763,
          "auto_unstuck_wallet_exposure_threshold": 0.07841942602195634,
          "backwards_tp": true,
          "ddown_factor": 0.5161404737768458,
          "ema_span_0": 180.13609837844575,
          "ema_span_1": 478.3192682525229,
          "enabled": true,
          "initial_eprice_ema_dist": 0.01,
          "initial_qty_pct": 0.04671029012344537,
          "markup_range": 0.00591417802058316,
          "min_markup": 0.0023744558967118737,
          "n_close_orders": 1,
          "rentry_pprice_dist": 0.030703920425712853,
          "rentry_pprice_dist_wallet_exposure_weighting": 0.0,
          "wallet_exposure_limit": 1.0},
 "short": {"auto_unstuck_ema_dist": -0.0460915747544013,
           "auto_unstuck_wallet_exposure_threshold": 0.09297780466232823,
           "backwards_tp": true,
           "ddown_factor": 0.2679039079241898,
           "ema_span_0": 311.1579357253563,
           "ema_span_1": 1353.4627543395536,
           "enabled": false,
           "initial_eprice_ema_dist": -0.07173809256085198,
           "initial_qty_pct": 0.06319128431137853,
           "markup_range": 0.0016764750040551932,
           "min_markup": 0.004793714772259468,
           "n_close_orders": 7,
           "rentry_pprice_dist": 0.020421047094681732,
           "rentry_pprice_dist_wallet_exposure_weighting": 16.622177917142334,
           "wallet_exposure_limit": 1.0}}