{"config_name": "recursive_grid_0days",
 "logging_level": 0,
 "long": {"auto_unstuck_ema_dist": -0.0021519425390829896,
          "auto_unstuck_wallet_exposure_threshold": 0.06408176050569775,
          "backwards_tp": true,
          "ddown_factor": 0.603828231677181,
          "ema_span_0": 149.55029936999787,
          "ema_span_1": 667.6012524673253,
          "enabled": true,
          "initial_eprice_ema_dist": 0.004734419364069495,
          "initial_qty_pct": 0.01,
          "markup_range": 0.0029591023140512827,
          "min_markup": 0.0039657297448673365,
          "n_close_orders": 2,
          "rentry_pprice_dist": 0.025994584599945508,
          "rentry_pprice_dist_wallet_exposure_weighting": 1.463462048508012,
          "wallet_exposure_limit": 1},
 "short": {"auto_unstuck_ema_dist": -0.027901125476527466,
           "auto_unstuck_wallet_exposure_threshold": 0.07783918517187516,
           "backwards_tp": true,
           "ddown_factor": 1.380346126603249,
           "ema_span_0": 400.18772112673867,
           "ema_span_1": 1263.927885504247,
           "enabled": false,
           "initial_eprice_ema_dist": -0.09908337649409882,
           "initial_qty_pct": 0.05850082545888,
           "markup_range": 0.05716553429619774,
           "min_markup": 0.008170094351814738,
           "n_close_orders": 4,
           "rentry_pprice_dist": 0.017947139318918576,
           "rentry_pprice_dist_wallet_exposure_weighting": 2.383182618987852,
           "wallet_exposure_limit": 1.0}}