{"config_name": "clock_0days",
 "long": {"delay_between_fills_minutes_close": 321.36649843022354,
          "delay_between_fills_minutes_entry": 357.9495399263886,
          "delay_weight_close": 42.55251252904056,
          "delay_weight_entry": 21.171320518739094,
          "ema_dist_lower": -0.6213213568097379,
          "ema_dist_upper": -0.01888795687546724,
          "ema_span_0": 993.0187688886887,
          "ema_span_1": 371.00940727256636,
          "enabled": true,
          "markup_range": 0.01650390578989091,
          "min_markup": 0.00966185650191272,
          "n_close_orders": 4,
          "qty_pct_close": 0.018412659890382307,
          "qty_pct_entry": 0.010629707011227946,
          "wallet_exposure_limit": 0.3,
          "we_multiplier_close": 105.1562366536245,
          "we_multiplier_entry": 76.45643490608353},
 "short": {"delay_between_fills_minutes_close": 1102.9729232615127,
           "delay_between_fills_minutes_entry": 1074.0534388115614,
           "delay_weight_close": 11.872828751620816,
           "delay_weight_entry": 16.89617746616528,
           "ema_dist_lower": 0.01300621397080583,
           "ema_dist_upper": 0.007869647403377242,
           "ema_span_0": 17.30730581439498,
           "ema_span_1": 1344.4146232571486,
           "enabled": false,
           "markup_range": 0.019520256429076524,
           "min_markup": 0.08653136840354723,
           "n_close_orders": 5,
           "qty_pct_close": 0.06005837690115878,
           "qty_pct_entry": 0.09976978879572482,
           "wallet_exposure_limit": 1.0,
           "we_multiplier_close": 5.5261926838796995,
           "we_multiplier_entry": 23.848055625150817}}