{"config_name": "clock_0days",
 "long": {"delay_between_fills_minutes_close": 1331.6042152027132,
          "delay_between_fills_minutes_entry": 974.8274802706483,
          "delay_weight_close": 4.080327667778748,
          "delay_weight_entry": 7.91825642385487,
          "ema_dist_lower": 0.002032706199645287,
          "ema_dist_upper": 0.0008577052552840793,
          "ema_span_0": 212.34937433662387,
          "ema_span_1": 563.3635265204639,
          "enabled": true,
          "markup_range": 0.09567259891831159,
          "min_markup": 0.09095488584022408,
          "n_close_orders": 13,
          "qty_pct_close": 0.07440778027931513,
          "qty_pct_entry": 0.02,
          "wallet_exposure_limit": 0.25,
          "we_multiplier_close": 0,
          "we_multiplier_entry": 5.820688764955068},
 "short": {"delay_between_fills_minutes_close": 806.6784907972748,
           "delay_between_fills_minutes_entry": 1295.5296632412567,
           "delay_weight_close": 18.244331742714547,
           "delay_weight_entry": 1.9246797701316454,
           "ema_dist_lower": 0.018753003344198552,
           "ema_dist_upper": 0.007344823620483845,
           "ema_span_0": 140.341017333572,
           "ema_span_1": 789.7621665479849,
           "enabled": false,
           "markup_range": 0.014743830697690898,
           "min_markup": 0.08427210098848459,
           "n_close_orders": 13,
           "qty_pct_close": 0.02617905527154374,
           "qty_pct_entry": 0.09078161281019687,
           "wallet_exposure_limit": 1.0,
           "we_multiplier_close": 6.226270745636886,
           "we_multiplier_entry": 14.558082608597099}}