{"config_name": "recursive_grid_0days",
 "logging_level": 0,
 "long": {"auto_unstuck_ema_dist": -0.004753808756045812,
          "auto_unstuck_wallet_exposure_threshold": 0.039590956336540625,
          "backwards_tp": true,
          "ddown_factor": 0.16663991697055974,
          "ema_span_0": 1399.195923050396,
          "ema_span_1": 1440,
          "enabled": true,
          "initial_eprice_ema_dist": 0.004,
          "initial_qty_pct": 0.0374358922928809,
          "markup_range": 0.003856249951958289,
          "min_markup": 0.0036566221565242337,
          "n_close_orders": 15,
          "rentry_pprice_dist": 0.043131774682398684,
          "rentry_pprice_dist_wallet_exposure_weighting": 0.42598533798811733,
          "wallet_exposure_limit": 0.2},
 "short": {"auto_unstuck_ema_dist": -0.09839870482411275,
           "auto_unstuck_wallet_exposure_threshold": 0.07365608188653991,
           "backwards_tp": true,
           "ddown_factor": 2.806989694729187,
           "ema_span_0": 1213.7761667597708,
           "ema_span_1": 1121.145046600412,
           "enabled": false,
           "initial_eprice_ema_dist": -0.03459058914271676,
           "initial_qty_pct": 0.05677213904196064,
           "markup_range": 0.014440151696684642,
           "min_markup": 0.00786507662495908,
           "n_close_orders": 6,
           "rentry_pprice_dist": 0.02717016772084009,
           "rentry_pprice_dist_wallet_exposure_weighting": 3.6121147071061555,
           "wallet_exposure_limit": 1.0}}