{"config_name": "clock_0days",
 "long": {"delay_between_fills_minutes_close": 241.11698266057923,
          "delay_between_fills_minutes_entry": 360,
          "delay_weight_close": 141.86554525085296,
          "delay_weight_entry": 18.60148306834729,
          "ema_dist_lower": -0.01603629151736072,
          "ema_dist_upper": -0.5727174472100114,
          "ema_span_0": 490.20895845360815,
          "ema_span_1": 490.71493248450685,
          "enabled": true,
          "markup_range": 0.02977750347871994,
          "min_markup": 0.011030221314233701,
          "n_close_orders": 3,
          "qty_pct_close": 0.02,
          "qty_pct_entry": 0.010154414313859723,
          "wallet_exposure_limit": 0.3,
          "we_multiplier_close": 1.4545190678712776,
          "we_multiplier_entry": 117.94780146893622},
 "short": {"delay_between_fills_minutes_close": 1102.044019174635,
           "delay_between_fills_minutes_entry": 1349.4658126397183,
           "delay_weight_close": 14.98913690856571,
           "delay_weight_entry": 2.9343687991102274,
           "ema_dist_lower": 0.005336621969710043,
           "ema_dist_upper": 0.01780954774210968,
           "ema_span_0": 357.5554616280989,
           "ema_span_1": 1464.5930039448522,
           "enabled": false,
           "markup_range": 0.011202125238553696,
           "min_markup": 0.07355728567505412,
           "n_close_orders": 3,
           "qty_pct_close": 0.07539276206227193,
           "qty_pct_entry": 0.02530968418370801,
           "wallet_exposure_limit": 1.0,
           "we_multiplier_close": 4.594724136872221,
           "we_multiplier_entry": 64.69518877159163}}