{"config_name": "recursive_grid_0days",
 "logging_level": 0,
 "long": {"auto_unstuck_ema_dist": 0.0455757349010482,
          "auto_unstuck_wallet_exposure_threshold": 0.03793413174304947,
          "backwards_tp": false,
          "ddown_factor": 0.10065934839534482,
          "ema_span_0": 2105.0532449614348,
          "ema_span_1": 1477.1816374300438,
          "enabled": true,
          "initial_eprice_ema_dist": 0.01,
          "initial_qty_pct": 0.015,
          "markup_range": 0.02904209495087487,
          "min_markup": 0.0029115612327782693,
          "n_close_orders": 19,
          "rentry_pprice_dist": 0.021088310764545315,
          "rentry_pprice_dist_wallet_exposure_weighting": 5.359995173892012,
          "wallet_exposure_limit": 0.1},
 "short": {"auto_unstuck_ema_dist": 0.06778651897487743,
           "auto_unstuck_wallet_exposure_threshold": 0.025384912907907696,
           "backwards_tp": false,
           "ddown_factor": 0.1448368302563331,
           "ema_span_0": 2665.5167838680004,
           "ema_span_1": 3943.9595901648554,
           "enabled": true,
           "initial_eprice_ema_dist": -0.004508609773996723,
           "initial_qty_pct": 0.015,
           "markup_range": 0.027077423281332752,
           "min_markup": 0.003406251280822313,
           "n_close_orders": 8,
           "rentry_pprice_dist": 0.0176139528903608,
           "rentry_pprice_dist_wallet_exposure_weighting": 3.0160872495042055,
           "wallet_exposure_limit": 0.1}}