{"config_name": "recursive_grid_0days",
 "logging_level": 0,
 "long": {"auto_unstuck_ema_dist": 0.003,
          "auto_unstuck_wallet_exposure_threshold": 0.06076584478717571,
          "backwards_tp": false,
          "ddown_factor": 1.4438184475721412,
          "ema_span_0": 842.9250189266305,
          "ema_span_1": 563.1672837692282,
          "enabled": true,
          "initial_eprice_ema_dist": -0.016053768493820276,
          "initial_qty_pct": 0.022452695662699584,
          "markup_range": 0.021039556832661458,
          "min_markup": 0.004949476301045306,
          "n_close_orders": 15,
          "rentry_pprice_dist": 0.03407230855264426,
          "rentry_pprice_dist_wallet_exposure_weighting": 0.615157606862416,
          "wallet_exposure_limit": 0.2},
 "short": {"auto_unstuck_ema_dist": -0.03769337801205693,
           "auto_unstuck_wallet_exposure_threshold": 0.04306589344389754,
           "backwards_tp": true,
           "ddown_factor": 2.2710412881147657,
           "ema_span_0": 900.6010836461777,
           "ema_span_1": 768.7571893014265,
           "enabled": false,
           "initial_eprice_ema_dist": -0.09371926898988324,
           "initial_qty_pct": 0.08473992522210703,
           "markup_range": 0.04578774872705046,
           "min_markup": 0.0026432406932193307,
           "n_close_orders": 10,
           "rentry_pprice_dist": 0.02523667323604702,
           "rentry_pprice_dist_wallet_exposure_weighting": 13.532551773544526,
           "wallet_exposure_limit": 1.0}}