{"config_name": "emas_0days",
 "long": {"delay_between_fills_minutes_close": 4201.9382640969,
          "delay_between_fills_minutes_entry": 3449.829704293739,
          "delay_weight_close": 0.21951410364244073,
          "delay_weight_entry": 10.45272515129496,
          "ema_dist_lower": 0.003569934230608608,
          "ema_dist_upper": 0.015802340617494554,
          "ema_span_0": 879.694232777659,
          "ema_span_1": 1241.015953300611,
          "enabled": true,
          "markup_range": 0.046261534881135075,
          "min_markup": 0.07,
          "n_close_orders": 5,
          "qty_pct_close": 0.03820989956655902,
          "qty_pct_entry": 0.023011638776354277,
          "wallet_exposure_limit": 1,
          "we_multiplier_close": 25.866555250191357,
          "we_multiplier_entry": 31.71499643156775},
 "short": {"delay_between_fills_minutes_close": 2619.298240113942,
           "delay_between_fills_minutes_entry": 3318.666923078106,
           "delay_weight_close": 51.88340963240233,
           "delay_weight_entry": 56.493879305995925,
           "ema_dist_lower": 0.004939656409335065,
           "ema_dist_upper": 0.01864666128279713,
           "ema_span_0": 1055.690077309474,
           "ema_span_1": 2989.8020298575448,
           "enabled": false,
           "markup_range": 0.0025440160429333115,
           "min_markup": 0.03671628337094226,
           "n_close_orders": 11,
           "qty_pct_close": 0.04644418405679803,
           "qty_pct_entry": 0.07461540940426839,
           "wallet_exposure_limit": 1.0,
           "we_multiplier_close": 20.675350735767754,
           "we_multiplier_entry": 10.080979030527095}}