{"config_name": "recursive_grid_0days",
 "logging_level": 0,
 "long": {"auto_unstuck_ema_dist": 0.001,
          "auto_unstuck_wallet_exposure_threshold": 0.1,
          "backwards_tp": true,
          "ddown_factor": 0.993152595459409,
          "ema_span_0": 240,
          "ema_span_1": 240,
          "enabled": true,
          "initial_eprice_ema_dist": -0.044202403163580206,
          "initial_qty_pct": 0.015,
          "markup_range": 0.004961593359480801,
          "min_markup": 0.0022103108754597646,
          "n_close_orders": 17,
          "rentry_pprice_dist": 0.015756459682427365,
          "rentry_pprice_dist_wallet_exposure_weighting": 0,
          "wallet_exposure_limit": 0.2},
 "short": {"auto_unstuck_ema_dist": 0.016786494256852514,
           "auto_unstuck_wallet_exposure_threshold": 0.02360266649144046,
           "backwards_tp": true,
           "ddown_factor": 1.030638567144195,
           "ema_span_0": 683.3893171812281,
           "ema_span_1": 6850.527231805273,
           "enabled": false,
           "initial_eprice_ema_dist": -0.06568399369741326,
           "initial_qty_pct": 0.015,
           "markup_range": 0.026702074069158255,
           "min_markup": 0.0011103591689461303,
           "n_close_orders": 5,
           "rentry_pprice_dist": 0.045113660924889686,
           "rentry_pprice_dist_wallet_exposure_weighting": 78.18518588902961,
           "wallet_exposure_limit": 0.1}}