{"config_name": "clock_0days",
 "long": {"backwards_tp": true,
          "delay_between_fills_minutes_close": 1380.2667789628872,
          "delay_between_fills_minutes_entry": 1396.7973095458055,
          "delay_weight_close": 1.4929166083217462,
          "delay_weight_entry": 18.2179100502684,
          "ema_dist_close": 0.0026650722306905566,
          "ema_dist_entry": 0.0026461734288080476,
          "ema_span_0": 132.20174406900603,
          "ema_span_1": 467.05691840243867,
          "enabled": true,
          "markup_range": 0.008066339280273947,
          "min_markup": 0.009054813427696887,
          "n_close_orders": 15,
          "qty_pct_close": 0.02245376579315973,
          "qty_pct_entry": 0.01232798724355414,
          "wallet_exposure_limit": 0.6,
          "we_multiplier_close": 0,
          "we_multiplier_entry": 82.45462941016002},
 "short": {"backwards_tp": true,
           "delay_between_fills_minutes_close": 826.9919306693266,
           "delay_between_fills_minutes_entry": 1113.30833095533,
           "delay_weight_close": 0,
           "delay_weight_entry": 15.09405285047891,
           "ema_dist_close": 0.0020293412146258974,
           "ema_dist_entry": 0.0018636649483873917,
           "ema_span_0": 238.87230400253338,
           "ema_span_1": 1414.5439215143508,
           "enabled": true,
           "markup_range": 0.003929200926890905,
           "min_markup": 0.0011468729255224453,
           "n_close_orders": 2,
           "qty_pct_close": 0.011061731462059923,
           "qty_pct_entry": 0.019673472232619546,
           "wallet_exposure_limit": 0.18,
           "we_multiplier_close": 0,
           "we_multiplier_entry": 44.95244112987441}}