{"config_name": "clock_0days",
 "long": {"backwards_tp": true,
          "delay_between_fills_minutes_close": 1227.1826133056709,
          "delay_between_fills_minutes_entry": 1252.0614740971719,
          "delay_weight_close": 20.109539248010698,
          "delay_weight_entry": 16.852959388135375,
          "ema_dist_close": 0.0033509539286745204,
          "ema_dist_entry": 0.0007134324904601863,
          "ema_span_0": 1290.8687369978454,
          "ema_span_1": 1440,
          "enabled": true,
          "markup_range": 0.02785743676583177,
          "min_markup": 0.009683352136899463,
          "n_close_orders": 12,
          "qty_pct_close": 0.04003514863478666,
          "qty_pct_entry": 0.01,
          "wallet_exposure_limit": 0.6,
          "we_multiplier_close": 0,
          "we_multiplier_entry": 52.286129482151345},
 "short": {"backwards_tp": true,
           "delay_between_fills_minutes_close": 871.2570097952859,
           "delay_between_fills_minutes_entry": 939.6645293082107,
           "delay_weight_close": 1.545342120788575,
           "delay_weight_entry": 15.9810833063741,
           "ema_dist_close": -0.004424895747437342,
           "ema_dist_entry": 0.0024232499592494383,
           "ema_span_0": 142.00777125348446,
           "ema_span_1": 1373.7417088816755,
           "enabled": true,
           "markup_range": 0.03909902454747563,
           "min_markup": 0.009633605300839338,
           "n_close_orders": 14,
           "qty_pct_close": 0.03577863171141823,
           "qty_pct_entry": 0.01251542599925896,
           "wallet_exposure_limit": 0.18,
           "we_multiplier_close": 0,
           "we_multiplier_entry": 26.073906709094302}}