{"config_name": "clock_0days",
 "long": {"backwards_tp": true,
          "delay_between_fills_minutes_close": 1348.209841255942,
          "delay_between_fills_minutes_entry": 1440,
          "delay_weight_close": 96.54386051781371,
          "delay_weight_entry": 10.099252518106043,
          "ema_dist_close": 0.0030725062818306925,
          "ema_dist_entry": 0.004,
          "ema_span_0": 637.9320001361244,
          "ema_span_1": 1386.5038671878103,
          "enabled": true,
          "markup_range": 0.0010870477239500588,
          "min_markup": 0.0026069477544180754,
          "n_close_orders": 4,
          "qty_pct_close": 0.014325609991121185,
          "qty_pct_entry": 0.04105590025761284,
          "wallet_exposure_limit": 0.6,
          "we_multiplier_close": 0,
          "we_multiplier_entry": 97.84806647703063},
 "short": {"backwards_tp": true,
           "delay_between_fills_minutes_close": 1436.3596529336464,
           "delay_between_fills_minutes_entry": 1192.921209523545,
           "delay_weight_close": 62.88159876564322,
           "delay_weight_entry": 4.596931761935097,
           "ema_dist_close": 0.00365029774741758,
           "ema_dist_entry": -0.008786390560204629,
           "ema_span_0": 1406.0445202865096,
           "ema_span_1": 1440,
           "enabled": true,
           "markup_range": 0.03382837406544513,
           "min_markup": 0.005131074881925901,
           "n_close_orders": 2,
           "qty_pct_close": 0.036708545739904036,
           "qty_pct_entry": 0.013357603495294112,
           "wallet_exposure_limit": 0.18,
           "we_multiplier_close": 0,
           "we_multiplier_entry": 16.5997439848168}}