{"config_name": "clock_0days",
 "long": {"backwards_tp": true,
          "delay_between_fills_minutes_close": 1382.5118262140297,
          "delay_between_fills_minutes_entry": 521.1381062177534,
          "delay_weight_close": 2.2585149407966885,
          "delay_weight_entry": 24.21514132907986,
          "ema_dist_close": 0.0030968667410258507,
          "ema_dist_entry": -0.0002200632286537582,
          "ema_span_0": 343.1753817959291,
          "ema_span_1": 241.17937042171377,
          "enabled": true,
          "markup_range": 0.0027499182103094977,
          "min_markup": 0.0061089349496078115,
          "n_close_orders": 5,
          "qty_pct_close": 0.010968193079592594,
          "qty_pct_entry": 0.01,
          "wallet_exposure_limit": 0.6,
          "we_multiplier_close": 0,
          "we_multiplier_entry": 64.89485963462187},
 "short": {"backwards_tp": true,
           "delay_between_fills_minutes_close": 1421.1431528725288,
           "delay_between_fills_minutes_entry": 677.3579502899601,
           "delay_weight_close": 0,
           "delay_weight_entry": 6.534522604660431,
           "ema_dist_close": 0.003,
           "ema_dist_entry": 0.003,
           "ema_span_0": 616.0919695103524,
           "ema_span_1": 1230.976078672322,
           "enabled": true,
           "markup_range": 0.004150512956882257,
           "min_markup": 0.009345426148285527,
           "n_close_orders": 15,
           "qty_pct_close": 0.032007329181188295,
           "qty_pct_entry": 0.020293766987136877,
           "wallet_exposure_limit": 0.18,
           "we_multiplier_close": 0,
           "we_multiplier_entry": 84.33123805543568}}