{"config_name": "clock_0days",
 "long": {"backwards_tp": true,
          "delay_between_fills_minutes_close": 1283.4301158036258,
          "delay_between_fills_minutes_entry": 720.3381468230713,
          "delay_weight_close": 2.076071322858862,
          "delay_weight_entry": 10.372834212284886,
          "ema_dist_close": -0.002541162568738855,
          "ema_dist_entry": 0.0021764219285091597,
          "ema_span_0": 1362.8004065188827,
          "ema_span_1": 1419.230561768,
          "enabled": true,
          "markup_range": 0.012360026685144417,
          "min_markup": 0.006018952404848248,
          "n_close_orders": 5,
          "qty_pct_close": 0.016330962669350354,
          "qty_pct_entry": 0.01,
          "wallet_exposure_limit": 0.6,
          "we_multiplier_close": 0,
          "we_multiplier_entry": 33.03606009032139},
 "short": {"backwards_tp": true,
           "delay_between_fills_minutes_close": 1132.7780620447177,
           "delay_between_fills_minutes_entry": 1188.229128670664,
           "delay_weight_close": 0,
           "delay_weight_entry": 10.929445362956457,
           "ema_dist_close": 0.001384784830818029,
           "ema_dist_entry": 0.00027522619968885697,
           "ema_span_0": 1033.0033118317606,
           "ema_span_1": 1223.3046946319478,
           "enabled": true,
           "markup_range": 0.018949967899147175,
           "min_markup": 0.009837252899750843,
           "n_close_orders": 2,
           "qty_pct_close": 0.012047814858456856,
           "qty_pct_entry": 0.011461791059138929,
           "wallet_exposure_limit": 0.18,
           "we_multiplier_close": 0,
           "we_multiplier_entry": 32.798807242152336}}