{"config_name": "clock_0days",
 "long": {"backwards_tp": true,
          "delay_between_fills_minutes_close": 1283.4301158036258,
          "delay_between_fills_minutes_entry": 720.3381468230713,
          "delay_weight_close": 2.076071322858862,
          "delay_weight_entry": 10.372834212284886,
          "ema_dist_close": -0.002541162568738855,
          "ema_dist_entry": 0.0021764219285091597,
          "ema_span_0": 1362.8004065188827,
          "ema_span_1": 1419.230561768,
          "enabled": true,
          "markup_range": 0.012360026685144417,
          "min_markup": 0.006018952404848248,
          "n_close_orders": 5,
          "qty_pct_close": 0.016330962669350354,
          "qty_pct_entry": 0.01,
          "wallet_exposure_limit": 0.6,
          "we_multiplier_close": 0,
          "we_multiplier_entry": 33.03606009032139},
 "short": {"backwards_tp": true,
           "delay_between_fills_minutes_close": 1426.1241388871981,
           "delay_between_fills_minutes_entry": 1090.509506988909,
           "delay_weight_close": 94.71815522267697,
           "delay_weight_entry": 12.159282582206991,
           "ema_dist_close": 0.004,
           "ema_dist_entry": -0.0035430088646886348,
           "ema_span_0": 1440,
           "ema_span_1": 676.88162304856,
           "enabled": true,
           "markup_range": 0.039076908510838136,
           "min_markup": 0.008375843003789836,
           "n_close_orders": 2,
           "qty_pct_close": 0.019668427810600204,
           "qty_pct_entry": 0.01098892792673466,
           "wallet_exposure_limit": 0.18,
           "we_multiplier_close": 0,
           "we_multiplier_entry": 7.161014559887111}}