{"config_name": "clock_0days",
 "long": {"backwards_tp": true,
          "delay_between_fills_minutes_close": 788.1065909413285,
          "delay_between_fills_minutes_entry": 906.9370757882133,
          "delay_weight_close": 32.74821812496929,
          "delay_weight_entry": 6.697825107012704,
          "ema_dist_close": 0.0027717313193680215,
          "ema_dist_entry": -0.0005707129191184638,
          "ema_span_0": 709.2004748628844,
          "ema_span_1": 233.21078801679505,
          "enabled": true,
          "markup_range": 0.007699327355662755,
          "min_markup": 0.004852242753065479,
          "n_close_orders": 7,
          "qty_pct_close": 0.013044234122244053,
          "qty_pct_entry": 0.014955299698529557,
          "wallet_exposure_limit": 0.6,
          "we_multiplier_close": 0,
          "we_multiplier_entry": 74.9738566907196},
 "short": {"backwards_tp": true,
           "delay_between_fills_minutes_close": 1159.4493265440794,
           "delay_between_fills_minutes_entry": 693.3487935467867,
           "delay_weight_close": 0,
           "delay_weight_entry": 8.580228724421245,
           "ema_dist_close": 0.003,
           "ema_dist_entry": 0.0022378223320543475,
           "ema_span_0": 761.9046880245054,
           "ema_span_1": 1434.282999975826,
           "enabled": true,
           "markup_range": 0.0005429443572035954,
           "min_markup": 0.01,
           "n_close_orders": 6,
           "qty_pct_close": 0.017787764414202573,
           "qty_pct_entry": 0.024992145222866684,
           "wallet_exposure_limit": 0.18,
           "we_multiplier_close": 0,
           "we_multiplier_entry": 35.07944250566819}}