{"config_name": "clock_0days",
 "long": {"backwards_tp": true,
          "delay_between_fills_minutes_close": 1324.2522487058257,
          "delay_between_fills_minutes_entry": 463.25662188913526,
          "delay_weight_close": 93.77537175558571,
          "delay_weight_entry": 25.15491312727302,
          "ema_dist_close": 0.0029694001139280793,
          "ema_dist_entry": 0.003275128737652321,
          "ema_span_0": 826.291874420004,
          "ema_span_1": 124.5642670644119,
          "enabled": true,
          "markup_range": 0.0046567866267826765,
          "min_markup": 0.004720956029467973,
          "n_close_orders": 2,
          "qty_pct_close": 0.02063407193931256,
          "qty_pct_entry": 0.012132630814277044,
          "wallet_exposure_limit": 0.6,
          "we_multiplier_close": 0,
          "we_multiplier_entry": 97.26249822537919},
 "short": {"backwards_tp": true,
           "delay_between_fills_minutes_close": 1433.5349176091484,
           "delay_between_fills_minutes_entry": 666.6774101168229,
           "delay_weight_close": 75.60515947140308,
           "delay_weight_entry": 6.335062635225994,
           "ema_dist_close": 0.0028334856417453276,
           "ema_dist_entry": 0.002538115451974316,
           "ema_span_0": 1331.8128888559122,
           "ema_span_1": 1399.4070362133925,
           "enabled": true,
           "markup_range": 0.01274850883306949,
           "min_markup": 0.01,
           "n_close_orders": 3,
           "qty_pct_close": 0.011040752050867618,
           "qty_pct_entry": 0.0187926458950579,
           "wallet_exposure_limit": 0.18,
           "we_multiplier_close": 0,
           "we_multiplier_entry": 26.27581918342647}}