{"config_name": "clock_0days",
 "long": {"backwards_tp": true,
          "delay_between_fills_minutes_close": 842.4090046018285,
          "delay_between_fills_minutes_entry": 1123.5099307760838,
          "delay_weight_close": 0,
          "delay_weight_entry": 16.107337319236645,
          "ema_dist_close": -0.007387704050493581,
          "ema_dist_entry": -0.0005226571955911485,
          "ema_span_0": 1174.1578107218168,
          "ema_span_1": 795.3859615372722,
          "enabled": true,
          "markup_range": 0.011627108866917516,
          "min_markup": 0.009724980324422417,
          "n_close_orders": 4,
          "qty_pct_close": 0.01,
          "qty_pct_entry": 0.01,
          "wallet_exposure_limit": 0.6,
          "we_multiplier_close": 0,
          "we_multiplier_entry": 45.93793209672537},
 "short": {"backwards_tp": true,
           "delay_between_fills_minutes_close": 1331.1599108929677,
           "delay_between_fills_minutes_entry": 1159.5357604204673,
           "delay_weight_close": 18.5984442928638,
           "delay_weight_entry": 7.516332382993008,
           "ema_dist_close": 0.003252435813723606,
           "ema_dist_entry": -0.0008357825694433546,
           "ema_span_0": 1247.7247832887292,
           "ema_span_1": 1383.704470856632,
           "enabled": true,
           "markup_range": 0.0040543762779068244,
           "min_markup": 0.005444901021004847,
           "n_close_orders": 7,
           "qty_pct_close": 0.04774812266347063,
           "qty_pct_entry": 0.027124851886706235,
           "wallet_exposure_limit": 0.18,
           "we_multiplier_close": 0,
           "we_multiplier_entry": 98.31872566139134}}