{"config_name": "clock_0days",
 "long": {"backwards_tp": true,
          "delay_between_fills_minutes_close": 1015.3393977021294,
          "delay_between_fills_minutes_entry": 693.7163854749234,
          "delay_weight_close": 63.724231085215116,
          "delay_weight_entry": 22.549321172483484,
          "ema_dist_close": 0.002840058963001042,
          "ema_dist_entry": 0.00036292403068764745,
          "ema_span_0": 704.6475238394065,
          "ema_span_1": 1365.6120129363796,
          "enabled": true,
          "markup_range": 0.006570483966853939,
          "min_markup": 0.007965002634414063,
          "n_close_orders": 11,
          "qty_pct_close": 0.05,
          "qty_pct_entry": 0.01,
          "wallet_exposure_limit": 0.6,
          "we_multiplier_close": 0,
          "we_multiplier_entry": 100},
 "short": {"backwards_tp": true,
           "delay_between_fills_minutes_close": 1046.1556294329284,
           "delay_between_fills_minutes_entry": 735.0250498176389,
           "delay_weight_close": 41.35808810259343,
           "delay_weight_entry": 14.290314603923646,
           "ema_dist_close": 0.0027849113464337876,
           "ema_dist_entry": 0.003,
           "ema_span_0": 1428.2264504916868,
           "ema_span_1": 1396.0633296407852,
           "enabled": true,
           "markup_range": 0.0010683118489769796,
           "min_markup": 0.007459404228725691,
           "n_close_orders": 8,
           "qty_pct_close": 0.03207002694760217,
           "qty_pct_entry": 0.015726363695290194,
           "wallet_exposure_limit": 0.18,
           "we_multiplier_close": 0,
           "we_multiplier_entry": 98.64193518492613}}