{"config_name": "clock_0days",
 "long": {"backwards_tp": true,
          "delay_between_fills_minutes_close": 1317.625750028223,
          "delay_between_fills_minutes_entry": 1217.821480444828,
          "delay_weight_close": 3.9394060955108965,
          "delay_weight_entry": 16.02436257461582,
          "ema_dist_close": 0.001324816728851386,
          "ema_dist_entry": -0.04193597112727326,
          "ema_span_0": 591.5574661464968,
          "ema_span_1": 1430.5626898715948,
          "enabled": true,
          "markup_range": 0.005895623130877197,
          "min_markup": 0.005498245369643092,
          "n_close_orders": 2,
          "qty_pct_close": 0.013746482158585925,
          "qty_pct_entry": 0.01,
          "wallet_exposure_limit": 0.6,
          "we_multiplier_close": 0,
          "we_multiplier_entry": 100},
 "short": {"backwards_tp": true,
           "delay_between_fills_minutes_close": 1273.9778766683671,
           "delay_between_fills_minutes_entry": 1088.7108681253846,
           "delay_weight_close": 77.05313971255387,
           "delay_weight_entry": 7.8487187227088,
           "ema_dist_close": 0.002485102338191784,
           "ema_dist_entry": 0.0032877077127928455,
           "ema_span_0": 1344.7302673893093,
           "ema_span_1": 1110.4984432014182,
           "enabled": true,
           "markup_range": 0.0038234417397872596,
           "min_markup": 0.006611010734123972,
           "n_close_orders": 14,
           "qty_pct_close": 0.03569241681249637,
           "qty_pct_entry": 0.018007755973721905,
           "wallet_exposure_limit": 0.18,
           "we_multiplier_close": 0,
           "we_multiplier_entry": 99.37329033491132}}