{"config_name": "clock_0days",
 "long": {"backwards_tp": true,
          "delay_between_fills_minutes_close": 1346.6926773461869,
          "delay_between_fills_minutes_entry": 1401.053174387508,
          "delay_weight_close": 0,
          "delay_weight_entry": 12.578733721554876,
          "ema_dist_close": 0.00023246479956374544,
          "ema_dist_entry": 0.00030398513173390574,
          "ema_span_0": 1440,
          "ema_span_1": 1440,
          "enabled": true,
          "markup_range": 0.014134105217362471,
          "min_markup": 0.009766129484636909,
          "n_close_orders": 8,
          "qty_pct_close": 0.01041424451297392,
          "qty_pct_entry": 0.01,
          "wallet_exposure_limit": 0.6,
          "we_multiplier_close": 0,
          "we_multiplier_entry": 21.538647832625163},
 "short": {"backwards_tp": true,
           "delay_between_fills_minutes_close": 712.5063790683932,
           "delay_between_fills_minutes_entry": 605.9712161268313,
           "delay_weight_close": 50.91647657785677,
           "delay_weight_entry": 6.444267833475575,
           "ema_dist_close": 0.0018116436811734474,
           "ema_dist_entry": -0.0014270093679270516,
           "ema_span_0": 1430.070365358687,
           "ema_span_1": 369.5745461234799,
           "enabled": true,
           "markup_range": 0.018288363987468394,
           "min_markup": 0.006741015456743724,
           "n_close_orders": 13,
           "qty_pct_close": 0.01903812286428135,
           "qty_pct_entry": 0.013843088295370344,
           "wallet_exposure_limit": 0.18,
           "we_multiplier_close": 0,
           "we_multiplier_entry": 31.867795461434444}}