{"config_name": "clock_0days",
 "long": {"backwards_tp": true,
          "delay_between_fills_minutes_close": 869.4699206484122,
          "delay_between_fills_minutes_entry": 1368.884747409953,
          "delay_weight_close": 58.841653863971004,
          "delay_weight_entry": 13.231359297789826,
          "ema_dist_close": 0.0020740920640884442,
          "ema_dist_entry": 0.0033200085543264035,
          "ema_span_0": 26.625088508444787,
          "ema_span_1": 1300.8133575114025,
          "enabled": true,
          "markup_range": 0.03711390348661968,
          "min_markup": 0.007092436447352151,
          "n_close_orders": 14,
          "qty_pct_close": 0.010216304887365727,
          "qty_pct_entry": 0.010429472294382326,
          "wallet_exposure_limit": 0.6,
          "we_multiplier_close": 0,
          "we_multiplier_entry": 22.491424968956114},
 "short": {"backwards_tp": true,
           "delay_between_fills_minutes_close": 1264.4357881459225,
           "delay_between_fills_minutes_entry": 754.4406785642735,
           "delay_weight_close": 16.442436982100794,
           "delay_weight_entry": 7.190563030611084,
           "ema_dist_close": 0.0017234894542488555,
           "ema_dist_entry": -0.0021686861889309997,
           "ema_span_0": 346.2093005227035,
           "ema_span_1": 1440,
           "enabled": true,
           "markup_range": 0.016855002164874875,
           "min_markup": 0.009202262731214224,
           "n_close_orders": 11,
           "qty_pct_close": 0.04134186358698185,
           "qty_pct_entry": 0.019058720625197197,
           "wallet_exposure_limit": 0.18,
           "we_multiplier_close": 0,
           "we_multiplier_entry": 17.12203036854069}}