{"config_name": "clock_0days",
 "long": {"backwards_tp": true,
          "delay_between_fills_minutes_close": 1113.0748640342565,
          "delay_between_fills_minutes_entry": 737.3215973828062,
          "delay_weight_close": 47.68390812415964,
          "delay_weight_entry": 8.83239583694839,
          "ema_dist_close": 0.0032284516937180156,
          "ema_dist_entry": 0.0026263974774268957,
          "ema_span_0": 1339.8350546783279,
          "ema_span_1": 1402.0947718166362,
          "enabled": true,
          "markup_range": 0.020034020297420643,
          "min_markup": 0.00864711157544581,
          "n_close_orders": 8,
          "qty_pct_close": 0.04913840641507333,
          "qty_pct_entry": 0.01051978595616703,
          "wallet_exposure_limit": 0.6,
          "we_multiplier_close": 0,
          "we_multiplier_entry": 40.64714543822082},
 "short": {"backwards_tp": true,
           "delay_between_fills_minutes_close": 737.4946221336066,
           "delay_between_fills_minutes_entry": 1061.7598838185797,
           "delay_weight_close": 60.85653414818615,
           "delay_weight_entry": 9.908541460686834,
           "ema_dist_close": -0.0009098534251420198,
           "ema_dist_entry": -0.0005274182660016249,
           "ema_span_0": 992.5601602958443,
           "ema_span_1": 1419.2240369431029,
           "enabled": true,
           "markup_range": 0.03375624349247136,
           "min_markup": 0.009453360979809639,
           "n_close_orders": 16,
           "qty_pct_close": 0.01254378199613158,
           "qty_pct_entry": 0.02393384188687583,
           "wallet_exposure_limit": 0.18,
           "we_multiplier_close": 0,
           "we_multiplier_entry": 31.603835714064775}}