{"config_name": "clock_0days",
 "long": {"backwards_tp": true,
          "delay_between_fills_minutes_close": 1324.2522487058257,
          "delay_between_fills_minutes_entry": 463.25662188913526,
          "delay_weight_close": 93.77537175558571,
          "delay_weight_entry": 25.15491312727302,
          "ema_dist_close": 0.0029694001139280793,
          "ema_dist_entry": 0.003275128737652321,
          "ema_span_0": 826.291874420004,
          "ema_span_1": 124.5642670644119,
          "enabled": true,
          "markup_range": 0.0046567866267826765,
          "min_markup": 0.004720956029467973,
          "n_close_orders": 2,
          "qty_pct_close": 0.02063407193931256,
          "qty_pct_entry": 0.012132630814277044,
          "wallet_exposure_limit": 0.6,
          "we_multiplier_close": 0,
          "we_multiplier_entry": 97.26249822537919},
 "short": {"backwards_tp": true,
           "delay_between_fills_minutes_close": 1360.5163291097488,
           "delay_between_fills_minutes_entry": 1075.2905717632325,
           "delay_weight_close": 0.6428283050689667,
           "delay_weight_entry": 24.541449027100455,
           "ema_dist_close": 0.003953277988084001,
           "ema_dist_entry": -0.004168340954469294,
           "ema_span_0": 1254.8610097798207,
           "ema_span_1": 1325.2389946177163,
           "enabled": true,
           "markup_range": 0.003560907918136373,
           "min_markup": 0.003337474396753807,
           "n_close_orders": 13,
           "qty_pct_close": 0.02806289606103516,
           "qty_pct_entry": 0.020455228743191164,
           "wallet_exposure_limit": 0.18,
           "we_multiplier_close": 0,
           "we_multiplier_entry": 71.09671300722468}}