{"config_name": "clock_0days",
 "long": {"backwards_tp": true,
          "delay_between_fills_minutes_close": 1054.704274209017,
          "delay_between_fills_minutes_entry": 1247.8096423786342,
          "delay_weight_close": 3.0393880688182477,
          "delay_weight_entry": 22.41957407749744,
          "ema_dist_close": -0.005292417363399566,
          "ema_dist_entry": -0.0009612736249814474,
          "ema_span_0": 919.0885987750497,
          "ema_span_1": 835.9666979905143,
          "enabled": true,
          "markup_range": 0.006125898944403525,
          "min_markup": 0.00931184491856499,
          "n_close_orders": 4,
          "qty_pct_close": 0.04171344321274863,
          "qty_pct_entry": 0.012269390900325803,
          "wallet_exposure_limit": 0.6,
          "we_multiplier_close": 0,
          "we_multiplier_entry": 65.20551240722658},
 "short": {"backwards_tp": true,
           "delay_between_fills_minutes_close": 853.3076230073128,
           "delay_between_fills_minutes_entry": 461.4871047136145,
           "delay_weight_close": 25.477873008709942,
           "delay_weight_entry": 11.038023139043206,
           "ema_dist_close": 0.0035546968134247173,
           "ema_dist_entry": 0.003689100189340171,
           "ema_span_0": 868.9941214991478,
           "ema_span_1": 1100.1615846267052,
           "enabled": true,
           "markup_range": 0.0075700084300313565,
           "min_markup": 0.0061578897051769105,
           "n_close_orders": 14,
           "qty_pct_close": 0.025137437880703203,
           "qty_pct_entry": 0.01877976189902487,
           "wallet_exposure_limit": 0.18,
           "we_multiplier_close": 0,
           "we_multiplier_entry": 25.970260081048153}}