{"config_name": "clock_0days",
 "long": {"backwards_tp": true,
          "delay_between_fills_minutes_close": 1152.5331726791906,
          "delay_between_fills_minutes_entry": 1328.411073037735,
          "delay_weight_close": 71.9921335565278,
          "delay_weight_entry": 18.844361465094735,
          "ema_dist_close": -0.0053636047938645645,
          "ema_dist_entry": 0.0007857018121476157,
          "ema_span_0": 215.68992748534436,
          "ema_span_1": 1358.4095301832274,
          "enabled": true,
          "markup_range": 0.0031026000112321962,
          "min_markup": 0.009775708307553664,
          "n_close_orders": 5,
          "qty_pct_close": 0.011804086434971994,
          "qty_pct_entry": 0.012137219416389202,
          "wallet_exposure_limit": 0.6,
          "we_multiplier_close": 0,
          "we_multiplier_entry": 99.6803183248876},
 "short": {"backwards_tp": true,
           "delay_between_fills_minutes_close": 1369.9962660571678,
           "delay_between_fills_minutes_entry": 932.5869920177587,
           "delay_weight_close": 0,
           "delay_weight_entry": 12.569076424933048,
           "ema_dist_close": -0.004365220034333621,
           "ema_dist_entry": -0.000641927769234857,
           "ema_span_0": 1001.1145731784591,
           "ema_span_1": 1289.7012043713096,
           "enabled": true,
           "markup_range": 0.005682192698200649,
           "min_markup": 0.0061538957188502505,
           "n_close_orders": 3,
           "qty_pct_close": 0.012405847048771295,
           "qty_pct_entry": 0.02408680749067923,
           "wallet_exposure_limit": 0.18,
           "we_multiplier_close": 0,
           "we_multiplier_entry": 58.8402060974595}}