{"config_name": "clock_0days",
 "long": {"backwards_tp": true,
          "delay_between_fills_minutes_close": 788.1065909413285,
          "delay_between_fills_minutes_entry": 906.9370757882133,
          "delay_weight_close": 32.74821812496929,
          "delay_weight_entry": 6.697825107012704,
          "ema_dist_close": 0.0027717313193680215,
          "ema_dist_entry": -0.0005707129191184638,
          "ema_span_0": 709.2004748628844,
          "ema_span_1": 233.21078801679505,
          "enabled": true,
          "markup_range": 0.007699327355662755,
          "min_markup": 0.004852242753065479,
          "n_close_orders": 7,
          "qty_pct_close": 0.013044234122244053,
          "qty_pct_entry": 0.014955299698529557,
          "wallet_exposure_limit": 0.6,
          "we_multiplier_close": 0,
          "we_multiplier_entry": 74.9738566907196},
 "short": {"backwards_tp": true,
           "delay_between_fills_minutes_close": 1286.7423852545414,
           "delay_between_fills_minutes_entry": 829.073375236316,
           "delay_weight_close": 0.2342225213459829,
           "delay_weight_entry": 5.828933931673316,
           "ema_dist_close": 0.003897519543518853,
           "ema_dist_entry": 0.0038870644212191325,
           "ema_span_0": 1440,
           "ema_span_1": 1440,
           "enabled": true,
           "markup_range": 0.00779344950011893,
           "min_markup": 0.006051481261260092,
           "n_close_orders": 10,
           "qty_pct_close": 0.02930555316811008,
           "qty_pct_entry": 0.02027521956605704,
           "wallet_exposure_limit": 0.18,
           "we_multiplier_close": 0,
           "we_multiplier_entry": 36.270160101046834}}