{"config_name": "clock_0days",
 "long": {"backwards_tp": true,
          "delay_between_fills_minutes_close": 1187.1622708318298,
          "delay_between_fills_minutes_entry": 1345.8459954876278,
          "delay_weight_close": 0,
          "delay_weight_entry": 16.158217678882963,
          "ema_dist_close": 0.0006586761259561,
          "ema_dist_entry": -0.0002784120610190361,
          "ema_span_0": 1139.6365266237854,
          "ema_span_1": 199.68597826298875,
          "enabled": true,
          "markup_range": 0.0021201485940004396,
          "min_markup": 0.0042882842519258255,
          "n_close_orders": 14,
          "qty_pct_close": 0.017024034101006315,
          "qty_pct_entry": 0.012209392698961617,
          "wallet_exposure_limit": 0.6,
          "we_multiplier_close": 0,
          "we_multiplier_entry": 73.92026598827043},
 "short": {"backwards_tp": true,
           "delay_between_fills_minutes_close": 1142.4202048083814,
           "delay_between_fills_minutes_entry": 1060.0297934323282,
           "delay_weight_close": 0,
           "delay_weight_entry": 8.63728632080727,
           "ema_dist_close": 0.0027400437421041765,
           "ema_dist_entry": 0.0009362857146501239,
           "ema_span_0": 1376.0186633221188,
           "ema_span_1": 1440,
           "enabled": true,
           "markup_range": 0.0013318622896710591,
           "min_markup": 0.009164958678632868,
           "n_close_orders": 2,
           "qty_pct_close": 0.01,
           "qty_pct_entry": 0.02228393104228523,
           "wallet_exposure_limit": 0.18,
           "we_multiplier_close": 0,
           "we_multiplier_entry": 95.39561598503533}}