{"config_name": "clock_0days",
 "long": {"backwards_tp": true,
          "delay_between_fills_minutes_close": 1227.1826133056709,
          "delay_between_fills_minutes_entry": 1252.0614740971719,
          "delay_weight_close": 20.109539248010698,
          "delay_weight_entry": 16.852959388135375,
          "ema_dist_close": 0.0033509539286745204,
          "ema_dist_entry": 0.0007134324904601863,
          "ema_span_0": 1290.8687369978454,
          "ema_span_1": 1440,
          "enabled": true,
          "markup_range": 0.02785743676583177,
          "min_markup": 0.009683352136899463,
          "n_close_orders": 12,
          "qty_pct_close": 0.04003514863478666,
          "qty_pct_entry": 0.01,
          "wallet_exposure_limit": 0.6,
          "we_multiplier_close": 0,
          "we_multiplier_entry": 52.286129482151345},
 "short": {"backwards_tp": true,
           "delay_between_fills_minutes_close": 1323.3562775473588,
           "delay_between_fills_minutes_entry": 977.3533396255862,
           "delay_weight_close": 14.266099068564825,
           "delay_weight_entry": 12.123189547112474,
           "ema_dist_close": -0.001788512629142744,
           "ema_dist_entry": 0.003,
           "ema_span_0": 893.8336603164936,
           "ema_span_1": 1320.9750846732188,
           "enabled": true,
           "markup_range": 0.00730947421381323,
           "min_markup": 0.009373737961528524,
           "n_close_orders": 2,
           "qty_pct_close": 0.024441306734707898,
           "qty_pct_entry": 0.01376508153897578,
           "wallet_exposure_limit": 0.18,
           "we_multiplier_close": 0,
           "we_multiplier_entry": 76.37558656885268}}