{"config_name": "clock_0days",
 "long": {"backwards_tp": true,
          "delay_between_fills_minutes_close": 1440,
          "delay_between_fills_minutes_entry": 1163.4761276049799,
          "delay_weight_close": 58.7218975429169,
          "delay_weight_entry": 26.34875153942122,
          "ema_dist_close": 0.0032325321613661034,
          "ema_dist_entry": 0.0021216797723488485,
          "ema_span_0": 1363.8157299307843,
          "ema_span_1": 1383.9367628227446,
          "enabled": true,
          "markup_range": 0.005240926529129868,
          "min_markup": 0.004601930176522881,
          "n_close_orders": 5,
          "qty_pct_close": 0.012732903754953447,
          "qty_pct_entry": 0.014037510031262407,
          "wallet_exposure_limit": 0.6,
          "we_multiplier_close": 0.0,
          "we_multiplier_entry": 97.6211710244844},
 "short": {"backwards_tp": true,
           "delay_between_fills_minutes_close": 1418.7143791766468,
           "delay_between_fills_minutes_entry": 707.2512331231611,
           "delay_weight_close": 41.134202879405066,
           "delay_weight_entry": 6.8255377326430695,
           "ema_dist_close": 0.0026111336630590103,
           "ema_dist_entry": 0.0028910999579975947,
           "ema_span_0": 199.0875234444045,
           "ema_span_1": 1352.1593349792436,
           "enabled": true,
           "markup_range": 0.005504651494592481,
           "min_markup": 0.004612885073799483,
           "n_close_orders": 4,
           "qty_pct_close": 0.020642243732293494,
           "qty_pct_entry": 0.02898995371516723,
           "wallet_exposure_limit": 0.18,
           "we_multiplier_close": 0.0,
           "we_multiplier_entry": 28.72644749471017}}