{"config_name": "clock_0days",
 "long": {"backwards_tp": true,
          "delay_between_fills_minutes_close": 930.6800415167241,
          "delay_between_fills_minutes_entry": 929.0596495866428,
          "delay_weight_close": 96.57262443669926,
          "delay_weight_entry": 14.797695558125618,
          "ema_dist_close": -0.00842428702855429,
          "ema_dist_entry": 0.0028053877923937516,
          "ema_span_0": 950.504398031105,
          "ema_span_1": 1387.8974579101002,
          "enabled": true,
          "markup_range": 0.03788807834564793,
          "min_markup": 0.006292143641545285,
          "n_close_orders": 12,
          "qty_pct_close": 0.049183407573354536,
          "qty_pct_entry": 0.01,
          "wallet_exposure_limit": 0.6,
          "we_multiplier_close": 0,
          "we_multiplier_entry": 29.225847121935317},
 "short": {"backwards_tp": true,
           "delay_between_fills_minutes_close": 1275.102555747739,
           "delay_between_fills_minutes_entry": 401.97954264251774,
           "delay_weight_close": 0,
           "delay_weight_entry": 9.452918497795737,
           "ema_dist_close": 0.00045738511335528787,
           "ema_dist_entry": -0.0014029721558351043,
           "ema_span_0": 159.83593304073918,
           "ema_span_1": 1180.3357171159548,
           "enabled": true,
           "markup_range": 0.00434031303690997,
           "min_markup": 0.0017243919820519767,
           "n_close_orders": 4,
           "qty_pct_close": 0.035320606565063424,
           "qty_pct_entry": 0.023232277966988554,
           "wallet_exposure_limit": 0.18,
           "we_multiplier_close": 0,
           "we_multiplier_entry": 34.373306712366734}}