{"config_name": "clock_0days",
 "long": {"backwards_tp": true,
          "delay_between_fills_minutes_close": 1376.7821211363687,
          "delay_between_fills_minutes_entry": 1112.1235009215322,
          "delay_weight_close": 18.52686134345767,
          "delay_weight_entry": 9.534882836501117,
          "ema_dist_close": -0.0025822226463131327,
          "ema_dist_entry": -0.004365386427726834,
          "ema_span_0": 1214.71060778632,
          "ema_span_1": 1111.7165458286972,
          "enabled": true,
          "markup_range": 0.011889699089343897,
          "min_markup": 0.009534869115404486,
          "n_close_orders": 5,
          "qty_pct_close": 0.010556681878647766,
          "qty_pct_entry": 0.012108992176074057,
          "wallet_exposure_limit": 0.6,
          "we_multiplier_close": 0,
          "we_multiplier_entry": 36.233920147438106},
 "short": {"backwards_tp": true,
           "delay_between_fills_minutes_close": 1282.1867104351597,
           "delay_between_fills_minutes_entry": 1249.8918175980327,
           "delay_weight_close": 0,
           "delay_weight_entry": 11.730103067259707,
           "ema_dist_close": 0.003,
           "ema_dist_entry": 2.8173476184922917e-05,
           "ema_span_0": 1384.7095668116544,
           "ema_span_1": 565.9774713787581,
           "enabled": true,
           "markup_range": 0.011404847806329855,
           "min_markup": 0.009963648668208123,
           "n_close_orders": 12,
           "qty_pct_close": 0.01301719644394725,
           "qty_pct_entry": 0.01,
           "wallet_exposure_limit": 0.18,
           "we_multiplier_close": 0,
           "we_multiplier_entry": 100}}