{"config_name": "clock_0days",
 "long": {"backwards_tp": true,
          "delay_between_fills_minutes_close": 842.4090046018285,
          "delay_between_fills_minutes_entry": 1123.5099307760838,
          "delay_weight_close": 0,
          "delay_weight_entry": 16.107337319236645,
          "ema_dist_close": -0.007387704050493581,
          "ema_dist_entry": -0.0005226571955911485,
          "ema_span_0": 1174.1578107218168,
          "ema_span_1": 795.3859615372722,
          "enabled": true,
          "markup_range": 0.011627108866917516,
          "min_markup": 0.009724980324422417,
          "n_close_orders": 4,
          "qty_pct_close": 0.01,
          "qty_pct_entry": 0.01,
          "wallet_exposure_limit": 0.6,
          "we_multiplier_close": 0,
          "we_multiplier_entry": 45.93793209672537},
 "short": {"backwards_tp": true,
           "delay_between_fills_minutes_close": 687.1876753993215,
           "delay_between_fills_minutes_entry": 1174.4760346102337,
           "delay_weight_close": 5.918308628697972,
           "delay_weight_entry": 5.641062692373881,
           "ema_dist_close": 0.002572560643368758,
           "ema_dist_entry": -7.312277600057056e-05,
           "ema_span_0": 1428.146777763171,
           "ema_span_1": 1117.0249772467384,
           "enabled": true,
           "markup_range": 0.010778458965903594,
           "min_markup": 0.01,
           "n_close_orders": 14,
           "qty_pct_close": 0.0170885519936626,
           "qty_pct_entry": 0.02408326924564065,
           "wallet_exposure_limit": 0.18,
           "we_multiplier_close": 0,
           "we_multiplier_entry": 81.02903500419156}}