{"config_name": "clock_0days",
 "long": {"backwards_tp": true,
          "delay_between_fills_minutes_close": 1345.3200336088335,
          "delay_between_fills_minutes_entry": 851.2654164699686,
          "delay_weight_close": 0,
          "delay_weight_entry": 12.513660575064364,
          "ema_dist_close": -0.0020356210720153143,
          "ema_dist_entry": -0.0033274583971274535,
          "ema_span_0": 1391.5919278098095,
          "ema_span_1": 1402.3760994589866,
          "enabled": true,
          "markup_range": 0.002429393856841851,
          "min_markup": 0.008262035752396184,
          "n_close_orders": 3,
          "qty_pct_close": 0.017336925641032435,
          "qty_pct_entry": 0.014861417332606701,
          "wallet_exposure_limit": 0.6,
          "we_multiplier_close": 0,
          "we_multiplier_entry": 100},
 "short": {"backwards_tp": true,
           "delay_between_fills_minutes_close": 812.1850489225151,
           "delay_between_fills_minutes_entry": 1312.1534556093163,
           "delay_weight_close": 0,
           "delay_weight_entry": 8.572160218526758,
           "ema_dist_close": -0.001456731116093331,
           "ema_dist_entry": -0.0028392794695675625,
           "ema_span_0": 1184.5891305335804,
           "ema_span_1": 1413.4898196734234,
           "enabled": true,
           "markup_range": 0.02544742336240107,
           "min_markup": 0.00956885545770276,
           "n_close_orders": 6,
           "qty_pct_close": 0.015632575491606033,
           "qty_pct_entry": 0.023073846157152036,
           "wallet_exposure_limit": 0.18,
           "we_multiplier_close": 0,
           "we_multiplier_entry": 25.313290111075577}}