{"config_name": "clock_0days",
 "long": {"backwards_tp": true,
          "delay_between_fills_minutes_close": 997.1594872626665,
          "delay_between_fills_minutes_entry": 1291.9784968855354,
          "delay_weight_close": 0,
          "delay_weight_entry": 13.46641799885743,
          "ema_dist_close": 0.0014188906920873591,
          "ema_dist_entry": -0.0005222927433317977,
          "ema_span_0": 30.00500176705931,
          "ema_span_1": 965.444763485302,
          "enabled": true,
          "markup_range": 0.014195102399262426,
          "min_markup": 0.007969703462136244,
          "n_close_orders": 14,
          "qty_pct_close": 0.01025081905729988,
          "qty_pct_entry": 0.010853365235674272,
          "wallet_exposure_limit": 0.6,
          "we_multiplier_close": 0,
          "we_multiplier_entry": 36.492937145571695},
 "short": {"backwards_tp": true,
           "delay_between_fills_minutes_close": 1433.5349176091484,
           "delay_between_fills_minutes_entry": 666.6774101168229,
           "delay_weight_close": 75.60515947140308,
           "delay_weight_entry": 6.335062635225994,
           "ema_dist_close": 0.0028334856417453276,
           "ema_dist_entry": 0.002538115451974316,
           "ema_span_0": 1331.8128888559122,
           "ema_span_1": 1399.4070362133925,
           "enabled": true,
           "markup_range": 0.01274850883306949,
           "min_markup": 0.01,
           "n_close_orders": 3,
           "qty_pct_close": 0.011040752050867618,
           "qty_pct_entry": 0.0187926458950579,
           "wallet_exposure_limit": 0.18,
           "we_multiplier_close": 0,
           "we_multiplier_entry": 26.27581918342647}}