{"config_name": "clock_0days",
 "long": {"backwards_tp": true,
          "delay_between_fills_minutes_close": 1231.359090676093,
          "delay_between_fills_minutes_entry": 462.2716745447193,
          "delay_weight_close": 49.72408569921312,
          "delay_weight_entry": 16.920607421672795,
          "ema_dist_close": 0.0035548974582871435,
          "ema_dist_entry": 0.0037531717966498225,
          "ema_span_0": 1305.1819184961569,
          "ema_span_1": 620.8338236426381,
          "enabled": true,
          "markup_range": 0.0018511108923436547,
          "min_markup": 0.003589724069859767,
          "n_close_orders": 8,
          "qty_pct_close": 0.018538010506366737,
          "qty_pct_entry": 0.013203025497536502,
          "wallet_exposure_limit": 0.6,
          "we_multiplier_close": 0,
          "we_multiplier_entry": 100},
 "short": {"backwards_tp": true,
           "delay_between_fills_minutes_close": 1440,
           "delay_between_fills_minutes_entry": 1289.9771606956854,
           "delay_weight_close": 86.17945311881155,
           "delay_weight_entry": 2.360247272193483,
           "ema_dist_close": 0.004,
           "ema_dist_entry": 0.003957038388621825,
           "ema_span_0": 1321.0397126777434,
           "ema_span_1": 1341.054270422843,
           "enabled": true,
           "markup_range": 0.005257865440034189,
           "min_markup": 0.006244459969112629,
           "n_close_orders": 3,
           "qty_pct_close": 0.01,
           "qty_pct_entry": 0.021772091508281414,
           "wallet_exposure_limit": 0.18,
           "we_multiplier_close": 0,
           "we_multiplier_entry": 95.66132504202743}}