{"config_name": "clock_0days",
 "long": {"backwards_tp": true,
          "delay_between_fills_minutes_close": 1339.707408412357,
          "delay_between_fills_minutes_entry": 1272.3496171691706,
          "delay_weight_close": 84.31843637003686,
          "delay_weight_entry": 9.971027090061567,
          "ema_dist_close": 0.0027179571620298635,
          "ema_dist_entry": 0.00037098689365861436,
          "ema_span_0": 1436.9538337341905,
          "ema_span_1": 34.86267868370986,
          "enabled": true,
          "markup_range": 0.039059165428616226,
          "min_markup": 0.00891319134995478,
          "n_close_orders": 9,
          "qty_pct_close": 0.01277034765525639,
          "qty_pct_entry": 0.01,
          "wallet_exposure_limit": 0.6,
          "we_multiplier_close": 0,
          "we_multiplier_entry": 56.260373438219624},
 "short": {"backwards_tp": true,
           "delay_between_fills_minutes_close": 1282.1867104351597,
           "delay_between_fills_minutes_entry": 1249.8918175980327,
           "delay_weight_close": 0,
           "delay_weight_entry": 11.730103067259707,
           "ema_dist_close": 0.003,
           "ema_dist_entry": 2.8173476184922917e-05,
           "ema_span_0": 1384.7095668116544,
           "ema_span_1": 565.9774713787581,
           "enabled": true,
           "markup_range": 0.011404847806329855,
           "min_markup": 0.009963648668208123,
           "n_close_orders": 12,
           "qty_pct_close": 0.01301719644394725,
           "qty_pct_entry": 0.01,
           "wallet_exposure_limit": 0.18,
           "we_multiplier_close": 0,
           "we_multiplier_entry": 100}}