{"config_name": "clock_0days",
 "long": {"backwards_tp": true,
          "delay_between_fills_minutes_close": 757.6973416531989,
          "delay_between_fills_minutes_entry": 587.7223787754141,
          "delay_weight_close": 0,
          "delay_weight_entry": 21.15124539961074,
          "ema_dist_close": 0.0027383008632935295,
          "ema_dist_entry": 0.001195695303755911,
          "ema_span_0": 267.57554548693014,
          "ema_span_1": 1230.4749530624636,
          "enabled": true,
          "markup_range": 0.008223943413567088,
          "min_markup": 0.005775605532894078,
          "n_close_orders": 13,
          "qty_pct_close": 0.025961642066804177,
          "qty_pct_entry": 0.01,
          "wallet_exposure_limit": 0.6,
          "we_multiplier_close": 0,
          "we_multiplier_entry": 74.78044257568274},
 "short": {"backwards_tp": true,
           "delay_between_fills_minutes_close": 1276.8559932064964,
           "delay_between_fills_minutes_entry": 1182.2384135263135,
           "delay_weight_close": 0,
           "delay_weight_entry": 14.83630875086243,
           "ema_dist_close": 0.003,
           "ema_dist_entry": 0.0013606604790977798,
           "ema_span_0": 1211.6796803427583,
           "ema_span_1": 903.488317917785,
           "enabled": true,
           "markup_range": 0.006872735329708597,
           "min_markup": 0.009061322312653802,
           "n_close_orders": 2,
           "qty_pct_close": 0.013283323213078489,
           "qty_pct_entry": 0.017564106532257727,
           "wallet_exposure_limit": 0.18,
           "we_multiplier_close": 0,
           "we_multiplier_entry": 56.045444614994466}}