{"config_name": "clock_0days",
 "long": {"backwards_tp": true,
          "delay_between_fills_minutes_close": 1180.5098337800996,
          "delay_between_fills_minutes_entry": 1160.2951645802234,
          "delay_weight_close": 87.44918778803309,
          "delay_weight_entry": 24.541490522977266,
          "ema_dist_close": -0.002003937383504455,
          "ema_dist_entry": 1.2385387587943468e-05,
          "ema_span_0": 1380.2475450944921,
          "ema_span_1": 1320.0783511688542,
          "enabled": true,
          "markup_range": 0.004498186411183045,
          "min_markup": 0.005034366577149709,
          "n_close_orders": 12,
          "qty_pct_close": 0.016495225366742385,
          "qty_pct_entry": 0.014545911989824703,
          "wallet_exposure_limit": 0.6,
          "we_multiplier_close": 0,
          "we_multiplier_entry": 88.2663739268777},
 "short": {"backwards_tp": true,
           "delay_between_fills_minutes_close": 942.9987035867031,
           "delay_between_fills_minutes_entry": 774.3942945622846,
           "delay_weight_close": 0,
           "delay_weight_entry": 44.10472343243925,
           "ema_dist_close": 0.0027780697674543533,
           "ema_dist_entry": -0.0019322043849243982,
           "ema_span_0": 1439.491185297864,
           "ema_span_1": 1285.2818481853108,
           "enabled": true,
           "markup_range": 0.0018303023286535488,
           "min_markup": 0.002145735886265639,
           "n_close_orders": 2,
           "qty_pct_close": 0.04690547663169922,
           "qty_pct_entry": 0.01240602675127156,
           "wallet_exposure_limit": 0.18,
           "we_multiplier_close": 0,
           "we_multiplier_entry": 43.711795956542346}}