{"config_name": "clock_0days",
 "long": {"backwards_tp": true,
          "delay_between_fills_minutes_close": 1208.2828388909654,
          "delay_between_fills_minutes_entry": 947.3664110140007,
          "delay_weight_close": 1.5619209555083906,
          "delay_weight_entry": 21.705329716524812,
          "ema_dist_close": -0.0006184860703486652,
          "ema_dist_entry": -0.04516136655959474,
          "ema_span_0": 723.4811184203907,
          "ema_span_1": 1323.849041390073,
          "enabled": true,
          "markup_range": 0.0025505300884807436,
          "min_markup": 0.006682985888983318,
          "n_close_orders": 8,
          "qty_pct_close": 0.037935327917941,
          "qty_pct_entry": 0.01,
          "wallet_exposure_limit": 0.6,
          "we_multiplier_close": 0,
          "we_multiplier_entry": 73.92026598827043},
 "short": {"backwards_tp": true,
           "delay_between_fills_minutes_close": 1159.4493265440794,
           "delay_between_fills_minutes_entry": 693.3487935467867,
           "delay_weight_close": 0,
           "delay_weight_entry": 8.580228724421245,
           "ema_dist_close": 0.003,
           "ema_dist_entry": 0.0022378223320543475,
           "ema_span_0": 761.9046880245054,
           "ema_span_1": 1434.282999975826,
           "enabled": true,
           "markup_range": 0.0005429443572035954,
           "min_markup": 0.01,
           "n_close_orders": 6,
           "qty_pct_close": 0.017787764414202573,
           "qty_pct_entry": 0.024992145222866684,
           "wallet_exposure_limit": 0.18,
           "we_multiplier_close": 0,
           "we_multiplier_entry": 35.07944250566819}}