{"config_name": "clock_0days",
 "long": {"backwards_tp": true,
          "delay_between_fills_minutes_close": 1300.1997820244444,
          "delay_between_fills_minutes_entry": 1417.5635456890177,
          "delay_weight_close": 72.10141757397614,
          "delay_weight_entry": 18.543526577065524,
          "ema_dist_close": -0.0036860350938984943,
          "ema_dist_entry": 0.0038798369109141638,
          "ema_span_0": 1250.3539376713643,
          "ema_span_1": 1437.497176205392,
          "enabled": true,
          "markup_range": 0.038998905352432514,
          "min_markup": 0.01,
          "n_close_orders": 13,
          "qty_pct_close": 0.01,
          "qty_pct_entry": 0.01,
          "wallet_exposure_limit": 0.6,
          "we_multiplier_close": 0,
          "we_multiplier_entry": 48.29920201719496},
 "short": {"backwards_tp": true,
           "delay_between_fills_minutes_close": 920.2513198314267,
           "delay_between_fills_minutes_entry": 942.8972046863773,
           "delay_weight_close": 0,
           "delay_weight_entry": 11.455922491139054,
           "ema_dist_close": 0.0011569822243378356,
           "ema_dist_entry": 0.0010296430408831675,
           "ema_span_0": 33.53257395404102,
           "ema_span_1": 1354.085163981158,
           "enabled": true,
           "markup_range": 0.004387714303136662,
           "min_markup": 0.006140970904489076,
           "n_close_orders": 9,
           "qty_pct_close": 0.02895720592730159,
           "qty_pct_entry": 0.019213317530354525,
           "wallet_exposure_limit": 0.18,
           "we_multiplier_close": 0,
           "we_multiplier_entry": 93.77557521444528}}