{"config_name": "clock_0days",
 "long": {"backwards_tp": true,
          "delay_between_fills_minutes_close": 1375.430483452832,
          "delay_between_fills_minutes_entry": 869.8581360232319,
          "delay_weight_close": 0,
          "delay_weight_entry": 19.48354642728122,
          "ema_dist_close": -0.01,
          "ema_dist_entry": -0.0013047026799908083,
          "ema_span_0": 721.1266600770356,
          "ema_span_1": 902.1744455932356,
          "enabled": true,
          "markup_range": 0.004588383443448828,
          "min_markup": 0.005404367264143464,
          "n_close_orders": 14,
          "qty_pct_close": 0.01,
          "qty_pct_entry": 0.011864098898154748,
          "wallet_exposure_limit": 0.6,
          "we_multiplier_close": 0,
          "we_multiplier_entry": 96.06595871033517},
 "short": {"backwards_tp": true,
           "delay_between_fills_minutes_close": 1433.5349176091484,
           "delay_between_fills_minutes_entry": 666.6774101168229,
           "delay_weight_close": 75.60515947140308,
           "delay_weight_entry": 6.335062635225994,
           "ema_dist_close": 0.0028334856417453276,
           "ema_dist_entry": 0.002538115451974316,
           "ema_span_0": 1331.8128888559122,
           "ema_span_1": 1399.4070362133925,
           "enabled": true,
           "markup_range": 0.01274850883306949,
           "min_markup": 0.01,
           "n_close_orders": 3,
           "qty_pct_close": 0.011040752050867618,
           "qty_pct_entry": 0.0187926458950579,
           "wallet_exposure_limit": 0.18,
           "we_multiplier_close": 0,
           "we_multiplier_entry": 26.27581918342647}}