{"config_name": "clock_0days",
 "long": {"backwards_tp": true,
          "delay_between_fills_minutes_close": 1173.7716744159106,
          "delay_between_fills_minutes_entry": 1293.2226941973647,
          "delay_weight_close": 1.111014000521902,
          "delay_weight_entry": 16.311891145055203,
          "ema_dist_close": 0.0032091877285066405,
          "ema_dist_entry": 0.0036725119059553314,
          "ema_span_0": 1334.9858557683253,
          "ema_span_1": 1277.0141073854002,
          "enabled": true,
          "markup_range": 0.010332084009244043,
          "min_markup": 0.009602964616885652,
          "n_close_orders": 7,
          "qty_pct_close": 0.01502648455444352,
          "qty_pct_entry": 0.010974134513301955,
          "wallet_exposure_limit": 0.6,
          "we_multiplier_close": 0,
          "we_multiplier_entry": 55.49013037847974},
 "short": {"backwards_tp": true,
           "delay_between_fills_minutes_close": 1365.9989613397072,
           "delay_between_fills_minutes_entry": 751.65243656317,
           "delay_weight_close": 65.71854812833546,
           "delay_weight_entry": 13.084191835502592,
           "ema_dist_close": -0.005641723002634805,
           "ema_dist_entry": 0.003,
           "ema_span_0": 1436.9071655310822,
           "ema_span_1": 1440,
           "enabled": true,
           "markup_range": 0.005511274748185486,
           "min_markup": 0.006683244834514311,
           "n_close_orders": 12,
           "qty_pct_close": 0.017752424632740307,
           "qty_pct_entry": 0.022330187879767094,
           "wallet_exposure_limit": 0.18,
           "we_multiplier_close": 0,
           "we_multiplier_entry": 45.4308868586466}}