{"config_name": "clock_0days",
 "long": {"backwards_tp": true,
          "delay_between_fills_minutes_close": 1327.1744874008182,
          "delay_between_fills_minutes_entry": 1264.3970730148144,
          "delay_weight_close": 2.7242672201393976,
          "delay_weight_entry": 16.107337319236645,
          "ema_dist_close": 0.004,
          "ema_dist_entry": 0.00030369329490226164,
          "ema_span_0": 724.7530201398197,
          "ema_span_1": 1269.8670023175848,
          "enabled": true,
          "markup_range": 0.009949770805009346,
          "min_markup": 0.009730657606655167,
          "n_close_orders": 3,
          "qty_pct_close": 0.012358984648947094,
          "qty_pct_entry": 0.01,
          "wallet_exposure_limit": 0.6,
          "we_multiplier_close": 0,
          "we_multiplier_entry": 30.754365114409122},
 "short": {"backwards_tp": true,
           "delay_between_fills_minutes_close": 942.9987035867031,
           "delay_between_fills_minutes_entry": 774.3942945622846,
           "delay_weight_close": 0,
           "delay_weight_entry": 44.10472343243925,
           "ema_dist_close": 0.0027780697674543533,
           "ema_dist_entry": -0.0019322043849243982,
           "ema_span_0": 1439.491185297864,
           "ema_span_1": 1285.2818481853108,
           "enabled": true,
           "markup_range": 0.0018303023286535488,
           "min_markup": 0.002145735886265639,
           "n_close_orders": 2,
           "qty_pct_close": 0.04690547663169922,
           "qty_pct_entry": 0.01240602675127156,
           "wallet_exposure_limit": 0.18,
           "we_multiplier_close": 0,
           "we_multiplier_entry": 43.711795956542346}}