{"config_name": "clock_0days",
 "long": {"backwards_tp": true,
          "delay_between_fills_minutes_close": 1325.79997986288,
          "delay_between_fills_minutes_entry": 1288.58894383065,
          "delay_weight_close": 89.15561638163976,
          "delay_weight_entry": 20.163538330349425,
          "ema_dist_close": -0.01,
          "ema_dist_entry": 0.0025373071308134104,
          "ema_span_0": 940.986046180967,
          "ema_span_1": 290.0205344853392,
          "enabled": true,
          "markup_range": 0.006536078721735557,
          "min_markup": 0.009296833271835865,
          "n_close_orders": 11,
          "qty_pct_close": 0.01030100095045599,
          "qty_pct_entry": 0.011253465407255513,
          "wallet_exposure_limit": 0.6,
          "we_multiplier_close": 0,
          "we_multiplier_entry": 34.207679559413236},
 "short": {"backwards_tp": true,
           "delay_between_fills_minutes_close": 1418.7143791766468,
           "delay_between_fills_minutes_entry": 707.2512331231611,
           "delay_weight_close": 41.134202879405066,
           "delay_weight_entry": 6.8255377326430695,
           "ema_dist_close": 0.0026111336630590103,
           "ema_dist_entry": 0.0028910999579975947,
           "ema_span_0": 199.0875234444045,
           "ema_span_1": 1352.1593349792436,
           "enabled": true,
           "markup_range": 0.005504651494592481,
           "min_markup": 0.004612885073799483,
           "n_close_orders": 4,
           "qty_pct_close": 0.020642243732293494,
           "qty_pct_entry": 0.02898995371516723,
           "wallet_exposure_limit": 0.18,
           "we_multiplier_close": 0,
           "we_multiplier_entry": 28.72644749471017}}