{"config_name": "clock_0days",
 "long": {"backwards_tp": true,
          "delay_between_fills_minutes_close": 1127.9894367091358,
          "delay_between_fills_minutes_entry": 1440,
          "delay_weight_close": 100,
          "delay_weight_entry": 13.145777216490487,
          "ema_dist_close": -0.01,
          "ema_dist_entry": 0.0027313246321103695,
          "ema_span_0": 906.2659118178638,
          "ema_span_1": 965.6961962820706,
          "enabled": true,
          "markup_range": 0.009815962377723269,
          "min_markup": 0.004866265911034059,
          "n_close_orders": 3,
          "qty_pct_close": 0.01151885693227121,
          "qty_pct_entry": 0.012255350224588128,
          "wallet_exposure_limit": 0.6,
          "we_multiplier_close": 0,
          "we_multiplier_entry": 35.4622781339414},
 "short": {"backwards_tp": true,
           "delay_between_fills_minutes_close": 1440,
           "delay_between_fills_minutes_entry": 1289.9771606956854,
           "delay_weight_close": 86.17945311881155,
           "delay_weight_entry": 2.360247272193483,
           "ema_dist_close": 0.004,
           "ema_dist_entry": 0.003957038388621825,
           "ema_span_0": 1321.0397126777434,
           "ema_span_1": 1341.054270422843,
           "enabled": true,
           "markup_range": 0.005257865440034189,
           "min_markup": 0.006244459969112629,
           "n_close_orders": 3,
           "qty_pct_close": 0.01,
           "qty_pct_entry": 0.021772091508281414,
           "wallet_exposure_limit": 0.18,
           "we_multiplier_close": 0,
           "we_multiplier_entry": 95.66132504202743}}