{"config_name": "clock_0days",
 "long": {"backwards_tp": true,
          "delay_between_fills_minutes_close": 549.0931953632172,
          "delay_between_fills_minutes_entry": 1410.1725501331841,
          "delay_weight_close": 0,
          "delay_weight_entry": 11.185311653778346,
          "ema_dist_close": -0.001796792106685276,
          "ema_dist_entry": -0.00019567571733788893,
          "ema_span_0": 992.2629516545645,
          "ema_span_1": 1362.2234916862028,
          "enabled": true,
          "markup_range": 0.03319277455820154,
          "min_markup": 0.006073090820522714,
          "n_close_orders": 4,
          "qty_pct_close": 0.01,
          "qty_pct_entry": 0.010091579081055228,
          "wallet_exposure_limit": 0.6,
          "we_multiplier_close": 0,
          "we_multiplier_entry": 30.15244020232954},
 "short": {"backwards_tp": true,
           "delay_between_fills_minutes_close": 1020.6480318515836,
           "delay_between_fills_minutes_entry": 273.38258438606687,
           "delay_weight_close": 0,
           "delay_weight_entry": 2.862373283867368,
           "ema_dist_close": -0.0009106787673414923,
           "ema_dist_entry": 0.0006197048227936245,
           "ema_span_0": 1440,
           "ema_span_1": 5,
           "enabled": true,
           "markup_range": 0.0003238098675216789,
           "min_markup": 0.002637661142300095,
           "n_close_orders": 2,
           "qty_pct_close": 0.030965305335820887,
           "qty_pct_entry": 0.02179621044816538,
           "wallet_exposure_limit": 0.18,
           "we_multiplier_close": 0,
           "we_multiplier_entry": 41.512618139028135}}