{"config_name": "clock_0days",
 "long": {"backwards_tp": true,
          "delay_between_fills_minutes_close": 859.152371745743,
          "delay_between_fills_minutes_entry": 1440,
          "delay_weight_close": 87.0682034103069,
          "delay_weight_entry": 13.248243422546796,
          "ema_dist_close": 0.003570637012567914,
          "ema_dist_entry": -0.0007483245261024328,
          "ema_span_0": 266.4277703552879,
          "ema_span_1": 1404.2638653590604,
          "enabled": true,
          "markup_range": 0.011557594443266884,
          "min_markup": 0.009018785376280645,
          "n_close_orders": 6,
          "qty_pct_close": 0.01041424451297392,
          "qty_pct_entry": 0.011026199941411529,
          "wallet_exposure_limit": 0.6,
          "we_multiplier_close": 0,
          "we_multiplier_entry": 8.980481595523369},
 "short": {"backwards_tp": true,
           "delay_between_fills_minutes_close": 1020.6480318515836,
           "delay_between_fills_minutes_entry": 273.38258438606687,
           "delay_weight_close": 0,
           "delay_weight_entry": 2.862373283867368,
           "ema_dist_close": -0.0009106787673414923,
           "ema_dist_entry": 0.0006197048227936245,
           "ema_span_0": 1440,
           "ema_span_1": 5,
           "enabled": true,
           "markup_range": 0.0003238098675216789,
           "min_markup": 0.002637661142300095,
           "n_close_orders": 2,
           "qty_pct_close": 0.030965305335820887,
           "qty_pct_entry": 0.02179621044816538,
           "wallet_exposure_limit": 0.18,
           "we_multiplier_close": 0,
           "we_multiplier_entry": 41.512618139028135}}