{"config_name": "clock_0days",
 "long": {"backwards_tp": true,
          "delay_between_fills_minutes_close": 1286.666802629236,
          "delay_between_fills_minutes_entry": 808.4597533973823,
          "delay_weight_close": 0.7878171191229821,
          "delay_weight_entry": 16.908959509747582,
          "ema_dist_close": -0.00234318696586864,
          "ema_dist_entry": -0.0002207762213169526,
          "ema_span_0": 1328.3838545128162,
          "ema_span_1": 1183.0427370444777,
          "enabled": true,
          "markup_range": 0.0037638836192725074,
          "min_markup": 0.004042303779332143,
          "n_close_orders": 11,
          "qty_pct_close": 0.01469953637146129,
          "qty_pct_entry": 0.011287401217474385,
          "wallet_exposure_limit": 0.6,
          "we_multiplier_close": 0,
          "we_multiplier_entry": 100},
 "short": {"backwards_tp": true,
           "delay_between_fills_minutes_close": 1422.8097764243155,
           "delay_between_fills_minutes_entry": 956.5194895217165,
           "delay_weight_close": 0,
           "delay_weight_entry": 9.688006868146983,
           "ema_dist_close": -0.0009393850877460563,
           "ema_dist_entry": -0.0027715805573761093,
           "ema_span_0": 1287.2473853158451,
           "ema_span_1": 1361.9705702053639,
           "enabled": true,
           "markup_range": 0.012146499587225692,
           "min_markup": 0.007441285203146039,
           "n_close_orders": 3,
           "qty_pct_close": 0.012769416867156365,
           "qty_pct_entry": 0.010980998558930642,
           "wallet_exposure_limit": 0.18,
           "we_multiplier_close": 0,
           "we_multiplier_entry": 30.610741982563937}}