{"config_name": "clock_0days",
 "long": {"backwards_tp": true,
          "delay_between_fills_minutes_close": 1383.6953307613226,
          "delay_between_fills_minutes_entry": 1065.4146991523385,
          "delay_weight_close": 12.784169141392209,
          "delay_weight_entry": 20.79766742311505,
          "ema_dist_close": -0.006763878638968689,
          "ema_dist_entry": 0.002365120970562384,
          "ema_span_0": 1266.8468143605817,
          "ema_span_1": 1328.4433295127028,
          "enabled": true,
          "markup_range": 0.005596316298624416,
          "min_markup": 0.007428801850977978,
          "n_close_orders": 4,
          "qty_pct_close": 0.03411977044892064,
          "qty_pct_entry": 0.010950881575614031,
          "wallet_exposure_limit": 0.6,
          "we_multiplier_close": 0,
          "we_multiplier_entry": 96.83233637767414},
 "short": {"backwards_tp": true,
           "delay_between_fills_minutes_close": 1388.5792182086454,
           "delay_between_fills_minutes_entry": 205.41482330210815,
           "delay_weight_close": 0,
           "delay_weight_entry": 1.7257991775717074,
           "ema_dist_close": -0.009952935924750352,
           "ema_dist_entry": 0.004,
           "ema_span_0": 6.709677159857452,
           "ema_span_1": 725.2011701657003,
           "enabled": true,
           "markup_range": 0.0033311888322947684,
           "min_markup": 0.004881035141671983,
           "n_close_orders": 11,
           "qty_pct_close": 0.015555849500693613,
           "qty_pct_entry": 0.018326805242939833,
           "wallet_exposure_limit": 0.18,
           "we_multiplier_close": 0,
           "we_multiplier_entry": 97.68660609810155}}