{"config_name": "clock_0days",
 "long": {"backwards_tp": true,
          "delay_between_fills_minutes_close": 942.6965866929802,
          "delay_between_fills_minutes_entry": 1061.0942999731756,
          "delay_weight_close": 3.2568086238467706,
          "delay_weight_entry": 46.609258481045096,
          "ema_dist_close": -0.0003717956060654236,
          "ema_dist_entry": 0.0026841893878489357,
          "ema_span_0": 757.9295944100692,
          "ema_span_1": 1280.0961767312256,
          "enabled": true,
          "markup_range": 0.002680901801624491,
          "min_markup": 0.007221690994312878,
          "n_close_orders": 8,
          "qty_pct_close": 0.044411456391724724,
          "qty_pct_entry": 0.013580525689031835,
          "wallet_exposure_limit": 0.6,
          "we_multiplier_close": 0,
          "we_multiplier_entry": 100},
 "short": {"backwards_tp": true,
           "delay_between_fills_minutes_close": 687.1876753993215,
           "delay_between_fills_minutes_entry": 669.1950062556025,
           "delay_weight_close": 46.84639587414683,
           "delay_weight_entry": 20.462761275172966,
           "ema_dist_close": 0.003305312812323773,
           "ema_dist_entry": -0.00040816290332572986,
           "ema_span_0": 646.4784534959274,
           "ema_span_1": 376.73244925259337,
           "enabled": true,
           "markup_range": 0.006066460786049122,
           "min_markup": 0.008821186210420474,
           "n_close_orders": 6,
           "qty_pct_close": 0.012708837494897077,
           "qty_pct_entry": 0.02367456651819429,
           "wallet_exposure_limit": 0.18,
           "we_multiplier_close": 0,
           "we_multiplier_entry": 95.15181952207104}}