{"config_name": "clock_0days",
 "long": {"backwards_tp": true,
          "delay_between_fills_minutes_close": 757.6973416531989,
          "delay_between_fills_minutes_entry": 587.7223787754141,
          "delay_weight_close": 0,
          "delay_weight_entry": 21.15124539961074,
          "ema_dist_close": 0.0027383008632935295,
          "ema_dist_entry": 0.001195695303755911,
          "ema_span_0": 267.57554548693014,
          "ema_span_1": 1230.4749530624636,
          "enabled": true,
          "markup_range": 0.008223943413567088,
          "min_markup": 0.005775605532894078,
          "n_close_orders": 13,
          "qty_pct_close": 0.025961642066804177,
          "qty_pct_entry": 0.01,
          "wallet_exposure_limit": 0.6,
          "we_multiplier_close": 0,
          "we_multiplier_entry": 74.78044257568274},
 "short": {"backwards_tp": true,
           "delay_between_fills_minutes_close": 838.3558993218617,
           "delay_between_fills_minutes_entry": 1323.494112840421,
           "delay_weight_close": 0,
           "delay_weight_entry": 9.094015720483876,
           "ema_dist_close": -0.0020952870126116243,
           "ema_dist_entry": 0.001200113200314209,
           "ema_span_0": 1352.0946490363008,
           "ema_span_1": 1151.2256677043638,
           "enabled": true,
           "markup_range": 0.017424376185379287,
           "min_markup": 0.009907138166440704,
           "n_close_orders": 5,
           "qty_pct_close": 0.012510817423459497,
           "qty_pct_entry": 0.024494454342333164,
           "wallet_exposure_limit": 0.18,
           "we_multiplier_close": 0,
           "we_multiplier_entry": 53.49973935508511}}