{"config_name": "clock_0days",
 "long": {"backwards_tp": true,
          "delay_between_fills_minutes_close": 1158.7394219629227,
          "delay_between_fills_minutes_entry": 1440,
          "delay_weight_close": 0,
          "delay_weight_entry": 21.15124539961074,
          "ema_dist_close": -0.00879827361019535,
          "ema_dist_entry": 0.0014149256845924552,
          "ema_span_0": 1373.2266053194091,
          "ema_span_1": 1440,
          "enabled": true,
          "markup_range": 0.01048469324790417,
          "min_markup": 0.009183967254429787,
          "n_close_orders": 7,
          "qty_pct_close": 0.030658749359100172,
          "qty_pct_entry": 0.011145841506868492,
          "wallet_exposure_limit": 0.6,
          "we_multiplier_close": 0,
          "we_multiplier_entry": 86.93799543856467},
 "short": {"backwards_tp": true,
           "delay_between_fills_minutes_close": 1426.1241388871981,
           "delay_between_fills_minutes_entry": 1090.509506988909,
           "delay_weight_close": 94.71815522267697,
           "delay_weight_entry": 12.159282582206991,
           "ema_dist_close": 0.004,
           "ema_dist_entry": -0.0035430088646886348,
           "ema_span_0": 1440,
           "ema_span_1": 676.88162304856,
           "enabled": true,
           "markup_range": 0.039076908510838136,
           "min_markup": 0.008375843003789836,
           "n_close_orders": 2,
           "qty_pct_close": 0.019668427810600204,
           "qty_pct_entry": 0.01098892792673466,
           "wallet_exposure_limit": 0.18,
           "we_multiplier_close": 0,
           "we_multiplier_entry": 7.161014559887111}}