{"config_name": "clock_0days",
 "long": {"backwards_tp": true,
          "delay_between_fills_minutes_close": 767.278969793416,
          "delay_between_fills_minutes_entry": 1349.742933712045,
          "delay_weight_close": 59.71498729560032,
          "delay_weight_entry": 12.578733721554876,
          "ema_dist_close": 0.002809144045744566,
          "ema_dist_entry": 0.002144204463169281,
          "ema_span_0": 924.1082064990969,
          "ema_span_1": 508.6298396004658,
          "enabled": true,
          "markup_range": 0.030634723385129944,
          "min_markup": 0.0091774226091759,
          "n_close_orders": 11,
          "qty_pct_close": 0.01,
          "qty_pct_entry": 0.012747384588670444,
          "wallet_exposure_limit": 0.6,
          "we_multiplier_close": 0,
          "we_multiplier_entry": 20.791902426298677},
 "short": {"backwards_tp": true,
           "delay_between_fills_minutes_close": 920.2513198314267,
           "delay_between_fills_minutes_entry": 942.8972046863773,
           "delay_weight_close": 0,
           "delay_weight_entry": 11.455922491139054,
           "ema_dist_close": 0.0011569822243378356,
           "ema_dist_entry": 0.0010296430408831675,
           "ema_span_0": 33.53257395404102,
           "ema_span_1": 1354.085163981158,
           "enabled": true,
           "markup_range": 0.004387714303136662,
           "min_markup": 0.006140970904489076,
           "n_close_orders": 9,
           "qty_pct_close": 0.02895720592730159,
           "qty_pct_entry": 0.019213317530354525,
           "wallet_exposure_limit": 0.18,
           "we_multiplier_close": 0,
           "we_multiplier_entry": 93.77557521444528}}