{"config_name": "clock_0days",
 "long": {"backwards_tp": true,
          "delay_between_fills_minutes_close": 1395.0144120779585,
          "delay_between_fills_minutes_entry": 466.9014252132048,
          "delay_weight_close": 21.61902388206688,
          "delay_weight_entry": 17.36192299507003,
          "ema_dist_close": 0.002739628510334396,
          "ema_dist_entry": -0.008780258800106702,
          "ema_span_0": 218.348676173671,
          "ema_span_1": 198.9059667671554,
          "enabled": true,
          "markup_range": 0.0034583541940590356,
          "min_markup": 0.002623823994436834,
          "n_close_orders": 9,
          "qty_pct_close": 0.010788834214299763,
          "qty_pct_entry": 0.012071325580204458,
          "wallet_exposure_limit": 0.6,
          "we_multiplier_close": 0,
          "we_multiplier_entry": 58.77792241319535},
 "short": {"backwards_tp": true,
           "delay_between_fills_minutes_close": 586.9096967376768,
           "delay_between_fills_minutes_entry": 1000.0042797540784,
           "delay_weight_close": 0,
           "delay_weight_entry": 19.95711783046314,
           "ema_dist_close": -0.007519955742139962,
           "ema_dist_entry": -0.0004952741075230976,
           "ema_span_0": 1225.362126872837,
           "ema_span_1": 1165.2605604093392,
           "enabled": true,
           "markup_range": 0.00788171466250068,
           "min_markup": 0.009772157950400014,
           "n_close_orders": 4,
           "qty_pct_close": 0.018640960604824782,
           "qty_pct_entry": 0.025067395034038386,
           "wallet_exposure_limit": 0.18,
           "we_multiplier_close": 0,
           "we_multiplier_entry": 25.902814666016678}}