{"config_name": "clock_0days",
 "long": {"backwards_tp": true,
          "delay_between_fills_minutes_close": 998.6358661376705,
          "delay_between_fills_minutes_entry": 1434.616421739402,
          "delay_weight_close": 23.41652298616426,
          "delay_weight_entry": 10.904629439775967,
          "ema_dist_close": 0.00048201747538779337,
          "ema_dist_entry": 0.0018398386983890314,
          "ema_span_0": 971.257588930561,
          "ema_span_1": 1415.536200481954,
          "enabled": true,
          "markup_range": 0.030895041743436484,
          "min_markup": 0.00675685029652986,
          "n_close_orders": 6,
          "qty_pct_close": 0.04337390915293583,
          "qty_pct_entry": 0.01,
          "wallet_exposure_limit": 0.6,
          "we_multiplier_close": 0,
          "we_multiplier_entry": 33.91702103980916},
 "short": {"backwards_tp": true,
           "delay_between_fills_minutes_close": 1055.078256010775,
           "delay_between_fills_minutes_entry": 776.9174459543988,
           "delay_weight_close": 65.26516051153662,
           "delay_weight_entry": 8.041459725599438,
           "ema_dist_close": 0.0031826104610515387,
           "ema_dist_entry": -0.0026611269139140735,
           "ema_span_0": 1286.8524297221823,
           "ema_span_1": 15.551804909625151,
           "enabled": true,
           "markup_range": 0.0033955075132835614,
           "min_markup": 0.0057686187121644954,
           "n_close_orders": 7,
           "qty_pct_close": 0.012199220898999306,
           "qty_pct_entry": 0.026794802704749668,
           "wallet_exposure_limit": 0.18,
           "we_multiplier_close": 0,
           "we_multiplier_entry": 99.65112760960204}}