{"config_name": "clock_0days",
 "long": {"backwards_tp": true,
          "delay_between_fills_minutes_close": 1382.5118262140297,
          "delay_between_fills_minutes_entry": 521.1381062177534,
          "delay_weight_close": 2.2585149407966885,
          "delay_weight_entry": 24.21514132907986,
          "ema_dist_close": 0.0030968667410258507,
          "ema_dist_entry": -0.0002200632286537582,
          "ema_span_0": 343.1753817959291,
          "ema_span_1": 241.17937042171377,
          "enabled": true,
          "markup_range": 0.0027499182103094977,
          "min_markup": 0.0061089349496078115,
          "n_close_orders": 5,
          "qty_pct_close": 0.010968193079592594,
          "qty_pct_entry": 0.01,
          "wallet_exposure_limit": 0.6,
          "we_multiplier_close": 0,
          "we_multiplier_entry": 64.89485963462187},
 "short": {"backwards_tp": true,
           "delay_between_fills_minutes_close": 1225.673649877797,
           "delay_between_fills_minutes_entry": 1260.0457801892458,
           "delay_weight_close": 0,
           "delay_weight_entry": 5.659919597171331,
           "ema_dist_close": 0.003,
           "ema_dist_entry": -0.002633033848088574,
           "ema_span_0": 216.56603151299896,
           "ema_span_1": 1337.1632234710148,
           "enabled": true,
           "markup_range": 0.003707001538661211,
           "min_markup": 0.008888454552416478,
           "n_close_orders": 13,
           "qty_pct_close": 0.02458269487374357,
           "qty_pct_entry": 0.022290032028964582,
           "wallet_exposure_limit": 0.18,
           "we_multiplier_close": 0,
           "we_multiplier_entry": 91.14940624970359}}