{"config_name": "clock_0days",
 "long": {"backwards_tp": true,
          "delay_between_fills_minutes_close": 560.2261584806578,
          "delay_between_fills_minutes_entry": 1421.824423037566,
          "delay_weight_close": 3.0497981449578937,
          "delay_weight_entry": 18.477132223563903,
          "ema_dist_close": 0.0020993459781254165,
          "ema_dist_entry": 0.0016906712636800677,
          "ema_span_0": 840.639603750322,
          "ema_span_1": 39.77250037927497,
          "enabled": true,
          "markup_range": 0.03840820950281021,
          "min_markup": 0.009583458791598807,
          "n_close_orders": 13,
          "qty_pct_close": 0.032155235575593764,
          "qty_pct_entry": 0.01,
          "wallet_exposure_limit": 0.6,
          "we_multiplier_close": 0,
          "we_multiplier_entry": 55.20266029358172},
 "short": {"backwards_tp": true,
           "delay_between_fills_minutes_close": 1330.492223357613,
           "delay_between_fills_minutes_entry": 935.7677129676503,
           "delay_weight_close": 0,
           "delay_weight_entry": 8.137466999311082,
           "ema_dist_close": 0.003,
           "ema_dist_entry": 0.003,
           "ema_span_0": 1317.4025506602463,
           "ema_span_1": 1019.0506033286081,
           "enabled": true,
           "markup_range": 0.011684100602675452,
           "min_markup": 0.009467176930330347,
           "n_close_orders": 16,
           "qty_pct_close": 0.015541765083993984,
           "qty_pct_entry": 0.024258372414123208,
           "wallet_exposure_limit": 0.18,
           "we_multiplier_close": 0,
           "we_multiplier_entry": 17.030164703034757}}