{"config_name": "clock_0days",
 "long": {"backwards_tp": true,
          "delay_between_fills_minutes_close": 763.244685450235,
          "delay_between_fills_minutes_entry": 1366.6528979007298,
          "delay_weight_close": 79.72379948361892,
          "delay_weight_entry": 17.50698982781954,
          "ema_dist_close": 0.0029713448652632455,
          "ema_dist_entry": 0.0003702482708533841,
          "ema_span_0": 1131.5315738928548,
          "ema_span_1": 1044.3053846001617,
          "enabled": true,
          "markup_range": 0.006259622001994585,
          "min_markup": 0.0027702559122598234,
          "n_close_orders": 9,
          "qty_pct_close": 0.010482102701691542,
          "qty_pct_entry": 0.01665001669671243,
          "wallet_exposure_limit": 0.6,
          "we_multiplier_close": 0,
          "we_multiplier_entry": 73.52250786187551},
 "short": {"backwards_tp": true,
           "delay_between_fills_minutes_close": 1331.1599108929677,
           "delay_between_fills_minutes_entry": 1159.5357604204673,
           "delay_weight_close": 18.5984442928638,
           "delay_weight_entry": 7.516332382993008,
           "ema_dist_close": 0.003252435813723606,
           "ema_dist_entry": -0.0008357825694433546,
           "ema_span_0": 1247.7247832887292,
           "ema_span_1": 1383.704470856632,
           "enabled": true,
           "markup_range": 0.0040543762779068244,
           "min_markup": 0.005444901021004847,
           "n_close_orders": 7,
           "qty_pct_close": 0.04774812266347063,
           "qty_pct_entry": 0.027124851886706235,
           "wallet_exposure_limit": 0.18,
           "we_multiplier_close": 0,
           "we_multiplier_entry": 98.31872566139134}}