{"config_name": "clock_0days",
 "long": {"backwards_tp": true,
          "delay_between_fills_minutes_close": 1227.1826133056709,
          "delay_between_fills_minutes_entry": 1252.0614740971719,
          "delay_weight_close": 20.109539248010698,
          "delay_weight_entry": 16.852959388135375,
          "ema_dist_close": 0.0033509539286745204,
          "ema_dist_entry": 0.0007134324904601863,
          "ema_span_0": 1290.8687369978454,
          "ema_span_1": 1440,
          "enabled": true,
          "markup_range": 0.02785743676583177,
          "min_markup": 0.009683352136899463,
          "n_close_orders": 12,
          "qty_pct_close": 0.04003514863478666,
          "qty_pct_entry": 0.01,
          "wallet_exposure_limit": 0.6,
          "we_multiplier_close": 0,
          "we_multiplier_entry": 52.286129482151345},
 "short": {"backwards_tp": true,
           "delay_between_fills_minutes_close": 1334.9119182398085,
           "delay_between_fills_minutes_entry": 612.8558054101193,
           "delay_weight_close": 0,
           "delay_weight_entry": 5.823896689212574,
           "ema_dist_close": -0.007330876135853805,
           "ema_dist_entry": 0.0019440614636715417,
           "ema_span_0": 1350.4408162690752,
           "ema_span_1": 1273.8505781422139,
           "enabled": true,
           "markup_range": 0.009884965723922645,
           "min_markup": 0.004395424964530437,
           "n_close_orders": 8,
           "qty_pct_close": 0.01446226252723489,
           "qty_pct_entry": 0.021046942834655684,
           "wallet_exposure_limit": 0.18,
           "we_multiplier_close": 0,
           "we_multiplier_entry": 98.7417623707567}}