{"config_name": "clock_0days",
 "long": {"backwards_tp": true,
          "delay_between_fills_minutes_close": 1075.6101436189872,
          "delay_between_fills_minutes_entry": 1440,
          "delay_weight_close": 8.136070274094598,
          "delay_weight_entry": 20.381562143776232,
          "ema_dist_close": -0.0055124322653540055,
          "ema_dist_entry": 0.004,
          "ema_span_0": 834.5819152000739,
          "ema_span_1": 1262.6838374000424,
          "enabled": true,
          "markup_range": 0.013037350852244558,
          "min_markup": 0.00961533632487633,
          "n_close_orders": 16,
          "qty_pct_close": 0.04726433003408315,
          "qty_pct_entry": 0.012847224259037908,
          "wallet_exposure_limit": 0.6,
          "we_multiplier_close": 0,
          "we_multiplier_entry": 96.80456422145686},
 "short": {"backwards_tp": true,
           "delay_between_fills_minutes_close": 856.8937446486228,
           "delay_between_fills_minutes_entry": 631.3380430599419,
           "delay_weight_close": 89.79916354811638,
           "delay_weight_entry": 11.493264096822362,
           "ema_dist_close": -0.0007941070447044425,
           "ema_dist_entry": 0.004,
           "ema_span_0": 1370.540403817497,
           "ema_span_1": 816.0675964854099,
           "enabled": true,
           "markup_range": 0.03606624520759663,
           "min_markup": 0.006859410564565928,
           "n_close_orders": 12,
           "qty_pct_close": 0.031433535767369444,
           "qty_pct_entry": 0.018452297353276657,
           "wallet_exposure_limit": 0.18,
           "we_multiplier_close": 0,
           "we_multiplier_entry": 42.794596935525846}}