{"config_name": "clock_0days",
 "long": {"backwards_tp": true,
          "delay_between_fills_minutes_close": 869.4699206484122,
          "delay_between_fills_minutes_entry": 1368.884747409953,
          "delay_weight_close": 58.841653863971004,
          "delay_weight_entry": 13.231359297789826,
          "ema_dist_close": 0.0020740920640884442,
          "ema_dist_entry": 0.0033200085543264035,
          "ema_span_0": 26.625088508444787,
          "ema_span_1": 1300.8133575114025,
          "enabled": true,
          "markup_range": 0.03711390348661968,
          "min_markup": 0.007092436447352151,
          "n_close_orders": 14,
          "qty_pct_close": 0.010216304887365727,
          "qty_pct_entry": 0.010429472294382326,
          "wallet_exposure_limit": 0.6,
          "we_multiplier_close": 0,
          "we_multiplier_entry": 22.491424968956114},
 "short": {"backwards_tp": true,
           "delay_between_fills_minutes_close": 1214.768585310258,
           "delay_between_fills_minutes_entry": 823.6812141098145,
           "delay_weight_close": 51.07892209967882,
           "delay_weight_entry": 11.292778151546443,
           "ema_dist_close": 0.0022911773542784093,
           "ema_dist_entry": 0.0015535632438681923,
           "ema_span_0": 1427.05979348535,
           "ema_span_1": 1409.309726712052,
           "enabled": true,
           "markup_range": 0.020872227541335456,
           "min_markup": 0.00411743709456025,
           "n_close_orders": 9,
           "qty_pct_close": 0.017775077192669318,
           "qty_pct_entry": 0.01683309311038719,
           "wallet_exposure_limit": 0.18,
           "we_multiplier_close": 0,
           "we_multiplier_entry": 35.14268070657808}}