{"config_name": "clock_0days",
 "long": {"backwards_tp": true,
          "delay_between_fills_minutes_close": 1118.607026585386,
          "delay_between_fills_minutes_entry": 1261.1656040413093,
          "delay_weight_close": 78.82667692338354,
          "delay_weight_entry": 9.6034239121861,
          "ema_dist_close": -0.0011827941544831511,
          "ema_dist_entry": 0.004,
          "ema_span_0": 374.1533597939961,
          "ema_span_1": 1401.8159497195154,
          "enabled": true,
          "markup_range": 0.0033471323583773617,
          "min_markup": 0.002742528331790798,
          "n_close_orders": 5,
          "qty_pct_close": 0.01,
          "qty_pct_entry": 0.012112155089173411,
          "wallet_exposure_limit": 0.6,
          "we_multiplier_close": 0,
          "we_multiplier_entry": 56.85133037895618},
 "short": {"backwards_tp": true,
           "delay_between_fills_minutes_close": 1422.3951402145155,
           "delay_between_fills_minutes_entry": 688.6168425563516,
           "delay_weight_close": 0,
           "delay_weight_entry": 15.349454749016614,
           "ema_dist_close": 0.002325315048937382,
           "ema_dist_entry": -0.004588026401684378,
           "ema_span_0": 1388.344305213106,
           "ema_span_1": 67.45110886512953,
           "enabled": true,
           "markup_range": 0.004191766930277547,
           "min_markup": 0.0031353099701582356,
           "n_close_orders": 8,
           "qty_pct_close": 0.017771480453551453,
           "qty_pct_entry": 0.01576745124039887,
           "wallet_exposure_limit": 0.18,
           "we_multiplier_close": 0,
           "we_multiplier_entry": 57.38037965201377}}