{"config_name": "clock_0days",
 "long": {"backwards_tp": true,
          "delay_between_fills_minutes_close": 1195.6803106805455,
          "delay_between_fills_minutes_entry": 1336.0040825102762,
          "delay_weight_close": 0,
          "delay_weight_entry": 16.311891145055203,
          "ema_dist_close": 0.0001323780677017988,
          "ema_dist_entry": 0.003,
          "ema_span_0": 965.503894251626,
          "ema_span_1": 1296.1666970155686,
          "enabled": true,
          "markup_range": 0.02409432015307805,
          "min_markup": 0.008551916216809835,
          "n_close_orders": 8,
          "qty_pct_close": 0.020358465829645542,
          "qty_pct_entry": 0.01,
          "wallet_exposure_limit": 0.6,
          "we_multiplier_close": 0,
          "we_multiplier_entry": 17.765204257659587},
 "short": {"backwards_tp": true,
           "delay_between_fills_minutes_close": 1275.102555747739,
           "delay_between_fills_minutes_entry": 401.97954264251774,
           "delay_weight_close": 0,
           "delay_weight_entry": 9.452918497795737,
           "ema_dist_close": 0.00045738511335528787,
           "ema_dist_entry": -0.0014029721558351043,
           "ema_span_0": 159.83593304073918,
           "ema_span_1": 1180.3357171159548,
           "enabled": true,
           "markup_range": 0.00434031303690997,
           "min_markup": 0.0017243919820519767,
           "n_close_orders": 4,
           "qty_pct_close": 0.035320606565063424,
           "qty_pct_entry": 0.023232277966988554,
           "wallet_exposure_limit": 0.18,
           "we_multiplier_close": 0,
           "we_multiplier_entry": 34.373306712366734}}