{"config_name": "clock_0days",
 "long": {"backwards_tp": true,
          "delay_between_fills_minutes_close": 842.4090046018285,
          "delay_between_fills_minutes_entry": 1123.5099307760838,
          "delay_weight_close": 0,
          "delay_weight_entry": 16.107337319236645,
          "ema_dist_close": -0.007387704050493581,
          "ema_dist_entry": -0.0005226571955911485,
          "ema_span_0": 1174.1578107218168,
          "ema_span_1": 795.3859615372722,
          "enabled": true,
          "markup_range": 0.011627108866917516,
          "min_markup": 0.009724980324422417,
          "n_close_orders": 4,
          "qty_pct_close": 0.01,
          "qty_pct_entry": 0.01,
          "wallet_exposure_limit": 0.6,
          "we_multiplier_close": 0,
          "we_multiplier_entry": 45.93793209672537},
 "short": {"backwards_tp": true,
           "delay_between_fills_minutes_close": 1410.94133664832,
           "delay_between_fills_minutes_entry": 1240.311810377332,
           "delay_weight_close": 7.49408776064339,
           "delay_weight_entry": 12.08935964610769,
           "ema_dist_close": 0.003660389574743342,
           "ema_dist_entry": 0.0016829010614547281,
           "ema_span_0": 1406.7688992476874,
           "ema_span_1": 1258.9564140499506,
           "enabled": true,
           "markup_range": 0.004428022303582614,
           "min_markup": 0.008406528085368134,
           "n_close_orders": 14,
           "qty_pct_close": 0.043065305198521434,
           "qty_pct_entry": 0.024813956507690492,
           "wallet_exposure_limit": 0.18,
           "we_multiplier_close": 0,
           "we_multiplier_entry": 100}}