{"config_name": "clock_0days",
 "long": {"backwards_tp": true,
          "delay_between_fills_minutes_close": 1325.79997986288,
          "delay_between_fills_minutes_entry": 1288.58894383065,
          "delay_weight_close": 89.15561638163976,
          "delay_weight_entry": 20.163538330349425,
          "ema_dist_close": -0.01,
          "ema_dist_entry": 0.0025373071308134104,
          "ema_span_0": 940.986046180967,
          "ema_span_1": 290.0205344853392,
          "enabled": true,
          "markup_range": 0.006536078721735557,
          "min_markup": 0.009296833271835865,
          "n_close_orders": 11,
          "qty_pct_close": 0.01030100095045599,
          "qty_pct_entry": 0.011253465407255513,
          "wallet_exposure_limit": 0.6,
          "we_multiplier_close": 0,
          "we_multiplier_entry": 34.207679559413236},
 "short": {"backwards_tp": true,
           "delay_between_fills_minutes_close": 1342.2143496093558,
           "delay_between_fills_minutes_entry": 854.213565913702,
           "delay_weight_close": 0,
           "delay_weight_entry": 9.502428677898415,
           "ema_dist_close": -0.0025085647626296526,
           "ema_dist_entry": 0.0026822434861880178,
           "ema_span_0": 1435.3573335257327,
           "ema_span_1": 368.8858632610676,
           "enabled": true,
           "markup_range": 0.003491817039431486,
           "min_markup": 0.009544591183273055,
           "n_close_orders": 8,
           "qty_pct_close": 0.011009043010511603,
           "qty_pct_entry": 0.015919489266942616,
           "wallet_exposure_limit": 0.18,
           "we_multiplier_close": 0,
           "we_multiplier_entry": 100}}