{"config_name": "clock_0days",
 "long": {"backwards_tp": true,
          "delay_between_fills_minutes_close": 997.1594872626665,
          "delay_between_fills_minutes_entry": 1291.9784968855354,
          "delay_weight_close": 0,
          "delay_weight_entry": 13.46641799885743,
          "ema_dist_close": 0.0014188906920873591,
          "ema_dist_entry": -0.0005222927433317977,
          "ema_span_0": 30.00500176705931,
          "ema_span_1": 965.444763485302,
          "enabled": true,
          "markup_range": 0.014195102399262426,
          "min_markup": 0.007969703462136244,
          "n_close_orders": 14,
          "qty_pct_close": 0.01025081905729988,
          "qty_pct_entry": 0.010853365235674272,
          "wallet_exposure_limit": 0.6,
          "we_multiplier_close": 0,
          "we_multiplier_entry": 36.492937145571695},
 "short": {"backwards_tp": true,
           "delay_between_fills_minutes_close": 1380.6047194238743,
           "delay_between_fills_minutes_entry": 1165.632890196211,
           "delay_weight_close": 0,
           "delay_weight_entry": 13.23057346000194,
           "ema_dist_close": 0.002657699422669248,
           "ema_dist_entry": 0.0022810115249287154,
           "ema_span_0": 666.9227473841843,
           "ema_span_1": 1337.1632234710148,
           "enabled": true,
           "markup_range": 0.00023394684922975462,
           "min_markup": 0.0020723154702540366,
           "n_close_orders": 6,
           "qty_pct_close": 0.023002799325867643,
           "qty_pct_entry": 0.03224586325137889,
           "wallet_exposure_limit": 0.18,
           "we_multiplier_close": 0,
           "we_multiplier_entry": 92.29021876387738}}