{"config_name": "clock_0days",
 "long": {"backwards_tp": true,
          "delay_between_fills_minutes_close": 1180.5098337800996,
          "delay_between_fills_minutes_entry": 1160.2951645802234,
          "delay_weight_close": 87.44918778803309,
          "delay_weight_entry": 24.541490522977266,
          "ema_dist_close": -0.002003937383504455,
          "ema_dist_entry": 1.2385387587943468e-05,
          "ema_span_0": 1380.2475450944921,
          "ema_span_1": 1320.0783511688542,
          "enabled": true,
          "markup_range": 0.004498186411183045,
          "min_markup": 0.005034366577149709,
          "n_close_orders": 12,
          "qty_pct_close": 0.016495225366742385,
          "qty_pct_entry": 0.014545911989824703,
          "wallet_exposure_limit": 0.6,
          "we_multiplier_close": 0,
          "we_multiplier_entry": 88.2663739268777},
 "short": {"backwards_tp": true,
           "delay_between_fills_minutes_close": 1431.789106242819,
           "delay_between_fills_minutes_entry": 627.5447142715207,
           "delay_weight_close": 0,
           "delay_weight_entry": 14.882061574575255,
           "ema_dist_close": -0.00898224120463961,
           "ema_dist_entry": -0.00040816290332572986,
           "ema_span_0": 394.95698969762844,
           "ema_span_1": 1417.5031108952762,
           "enabled": true,
           "markup_range": 0.005477630785039945,
           "min_markup": 0.006191246762529148,
           "n_close_orders": 4,
           "qty_pct_close": 0.017771480453551453,
           "qty_pct_entry": 0.021035539293741305,
           "wallet_exposure_limit": 0.18,
           "we_multiplier_close": 0,
           "we_multiplier_entry": 47.46247692038593}}