{"config_name": "clock_0days",
 "long": {"backwards_tp": true,
          "delay_between_fills_minutes_close": 961.1047129395405,
          "delay_between_fills_minutes_entry": 1284.0013991018056,
          "delay_weight_close": 0,
          "delay_weight_entry": 22.934149697090877,
          "ema_dist_close": -0.008148272644447912,
          "ema_dist_entry": -0.0038628868888686955,
          "ema_span_0": 1322.2108501558973,
          "ema_span_1": 1237.3200290663906,
          "enabled": true,
          "markup_range": 0.005995293505330495,
          "min_markup": 0.00979251965516665,
          "n_close_orders": 15,
          "qty_pct_close": 0.01365816715305885,
          "qty_pct_entry": 0.01,
          "wallet_exposure_limit": 0.6,
          "we_multiplier_close": 0,
          "we_multiplier_entry": 84.59584644810704},
 "short": {"backwards_tp": true,
           "delay_between_fills_minutes_close": 944.5524719448506,
           "delay_between_fills_minutes_entry": 1159.209004203129,
           "delay_weight_close": 0,
           "delay_weight_entry": 17.26819543543274,
           "ema_dist_close": -0.00018408070726393658,
           "ema_dist_entry": 0.003,
           "ema_span_0": 1356.2334625438846,
           "ema_span_1": 1215.2391948793363,
           "enabled": true,
           "markup_range": 0.021035236358515202,
           "min_markup": 0.008060253578373384,
           "n_close_orders": 7,
           "qty_pct_close": 0.0447104157293372,
           "qty_pct_entry": 0.013613755288288766,
           "wallet_exposure_limit": 0.18,
           "we_multiplier_close": 0,
           "we_multiplier_entry": 54.95378053281835}}