{"config_name": "clock_0days",
 "long": {"backwards_tp": true,
          "delay_between_fills_minutes_close": 1144.9391815755039,
          "delay_between_fills_minutes_entry": 1177.7928802832905,
          "delay_weight_close": 0,
          "delay_weight_entry": 33.09187843247418,
          "ema_dist_close": 0.0004973919804598718,
          "ema_dist_entry": -0.0006635397055110942,
          "ema_span_0": 931.2882964631364,
          "ema_span_1": 1288.5297944021352,
          "enabled": true,
          "markup_range": 0.005248710187004408,
          "min_markup": 0.005866542429944162,
          "n_close_orders": 10,
          "qty_pct_close": 0.020056666047794134,
          "qty_pct_entry": 0.01,
          "wallet_exposure_limit": 0.6,
          "we_multiplier_close": 0,
          "we_multiplier_entry": 80.14370793374391},
 "short": {"backwards_tp": true,
           "delay_between_fills_minutes_close": 1069.4805577822272,
           "delay_between_fills_minutes_entry": 838.68660037627,
           "delay_weight_close": 2.5426258699002764,
           "delay_weight_entry": 9.819952681252937,
           "ema_dist_close": 0.003,
           "ema_dist_entry": 0.003,
           "ema_span_0": 509.73851623514986,
           "ema_span_1": 968.8686014866526,
           "enabled": true,
           "markup_range": 0.0032096899386883657,
           "min_markup": 0.01,
           "n_close_orders": 2,
           "qty_pct_close": 0.013817965115977479,
           "qty_pct_entry": 0.025467307010634974,
           "wallet_exposure_limit": 0.18,
           "we_multiplier_close": 0,
           "we_multiplier_entry": 63.16062637637937}}