{"config_name": "clock_0days",
 "long": {"backwards_tp": true,
          "delay_between_fills_minutes_close": 1113.0748640342565,
          "delay_between_fills_minutes_entry": 737.3215973828062,
          "delay_weight_close": 47.68390812415964,
          "delay_weight_entry": 8.83239583694839,
          "ema_dist_close": 0.0032284516937180156,
          "ema_dist_entry": 0.0026263974774268957,
          "ema_span_0": 1339.8350546783279,
          "ema_span_1": 1402.0947718166362,
          "enabled": true,
          "markup_range": 0.020034020297420643,
          "min_markup": 0.00864711157544581,
          "n_close_orders": 8,
          "qty_pct_close": 0.04913840641507333,
          "qty_pct_entry": 0.01051978595616703,
          "wallet_exposure_limit": 0.6,
          "we_multiplier_close": 0.0,
          "we_multiplier_entry": 40.64714543822082},
 "short": {"backwards_tp": true,
           "delay_between_fills_minutes_close": 1144.1539750029915,
           "delay_between_fills_minutes_entry": 779.1214684929212,
           "delay_weight_close": 0,
           "delay_weight_entry": 9.041834504224795,
           "ema_dist_close": 0.0022129057163398033,
           "ema_dist_entry": -0.0017975000387179412,
           "ema_span_0": 1367.9555277965326,
           "ema_span_1": 362.82593526513375,
           "enabled": true,
           "markup_range": 0.005284649451979768,
           "min_markup": 0.004454213553289284,
           "n_close_orders": 11,
           "qty_pct_close": 0.015471670685542423,
           "qty_pct_entry": 0.02367456651819429,
           "wallet_exposure_limit": 0.18,
           "we_multiplier_close": 0,
           "we_multiplier_entry": 81.62607373528628}}