{"config_name": "clock_0days",
 "long": {"backwards_tp": true,
          "delay_between_fills_minutes_close": 1375.430483452832,
          "delay_between_fills_minutes_entry": 869.8581360232319,
          "delay_weight_close": 0,
          "delay_weight_entry": 19.48354642728122,
          "ema_dist_close": -0.01,
          "ema_dist_entry": -0.0013047026799908083,
          "ema_span_0": 721.1266600770356,
          "ema_span_1": 902.1744455932356,
          "enabled": true,
          "markup_range": 0.004588383443448828,
          "min_markup": 0.005404367264143464,
          "n_close_orders": 14,
          "qty_pct_close": 0.01,
          "qty_pct_entry": 0.011864098898154748,
          "wallet_exposure_limit": 0.6,
          "we_multiplier_close": 0,
          "we_multiplier_entry": 96.06595871033517},
 "short": {"backwards_tp": true,
           "delay_between_fills_minutes_close": 1344.5934921309095,
           "delay_between_fills_minutes_entry": 1308.1952805899814,
           "delay_weight_close": 2.164000577712894,
           "delay_weight_entry": 12.396318167531973,
           "ema_dist_close": -0.0013096381442044608,
           "ema_dist_entry": 0.0015110828978112836,
           "ema_span_0": 1400.9544081087615,
           "ema_span_1": 388.0512010173705,
           "enabled": true,
           "markup_range": 0.004041121620937567,
           "min_markup": 0.009479673921752571,
           "n_close_orders": 6,
           "qty_pct_close": 0.017771480453551453,
           "qty_pct_entry": 0.02405064091566743,
           "wallet_exposure_limit": 0.18,
           "we_multiplier_close": 0,
           "we_multiplier_entry": 41.59587146835408}}