{"config_name": "clock_0days",
 "long": {"backwards_tp": true,
          "delay_between_fills_minutes_close": 1440,
          "delay_between_fills_minutes_entry": 1163.4761276049799,
          "delay_weight_close": 58.7218975429169,
          "delay_weight_entry": 26.34875153942122,
          "ema_dist_close": 0.0032325321613661034,
          "ema_dist_entry": 0.0021216797723488485,
          "ema_span_0": 1363.8157299307843,
          "ema_span_1": 1383.9367628227446,
          "enabled": true,
          "markup_range": 0.005240926529129868,
          "min_markup": 0.004601930176522881,
          "n_close_orders": 5,
          "qty_pct_close": 0.012732903754953447,
          "qty_pct_entry": 0.014037510031262407,
          "wallet_exposure_limit": 0.6,
          "we_multiplier_close": 0,
          "we_multiplier_entry": 97.6211710244844},
 "short": {"backwards_tp": true,
           "delay_between_fills_minutes_close": 1069.4805577822272,
           "delay_between_fills_minutes_entry": 838.68660037627,
           "delay_weight_close": 2.5426258699002764,
           "delay_weight_entry": 9.819952681252937,
           "ema_dist_close": 0.003,
           "ema_dist_entry": 0.003,
           "ema_span_0": 509.73851623514986,
           "ema_span_1": 968.8686014866526,
           "enabled": true,
           "markup_range": 0.0032096899386883657,
           "min_markup": 0.01,
           "n_close_orders": 2,
           "qty_pct_close": 0.013817965115977479,
           "qty_pct_entry": 0.025467307010634974,
           "wallet_exposure_limit": 0.18,
           "we_multiplier_close": 0,
           "we_multiplier_entry": 63.16062637637937}}