{"config_name": "clock_0days",
 "long": {"backwards_tp": true,
          "delay_between_fills_minutes_close": 857.0319548780728,
          "delay_between_fills_minutes_entry": 1222.8743549011372,
          "delay_weight_close": 1.4685297336295133,
          "delay_weight_entry": 15.20257377248584,
          "ema_dist_close": 0.0030015018656012866,
          "ema_dist_entry": 0.004,
          "ema_span_0": 1341.8221437098448,
          "ema_span_1": 1318.234760774691,
          "enabled": true,
          "markup_range": 0.03444022092199982,
          "min_markup": 0.00955979235559521,
          "n_close_orders": 10,
          "qty_pct_close": 0.03690425581765785,
          "qty_pct_entry": 0.01,
          "wallet_exposure_limit": 0.6,
          "we_multiplier_close": 0,
          "we_multiplier_entry": 25.548780792186836},
 "short": {"backwards_tp": true,
           "delay_between_fills_minutes_close": 916.2023491341358,
           "delay_between_fills_minutes_entry": 1174.4760346102337,
           "delay_weight_close": 0,
           "delay_weight_entry": 6.425778504234508,
           "ema_dist_close": -0.004173864047552363,
           "ema_dist_entry": 0.0025631434172201173,
           "ema_span_0": 388.00577585049587,
           "ema_span_1": 1409.309726712052,
           "enabled": true,
           "markup_range": 0.014911180858069598,
           "min_markup": 0.008217620851325269,
           "n_close_orders": 15,
           "qty_pct_close": 0.015223263022115631,
           "qty_pct_entry": 0.021041718082806558,
           "wallet_exposure_limit": 0.18,
           "we_multiplier_close": 0,
           "we_multiplier_entry": 100}}