{"config_name": "clock_0days",
 "long": {"backwards_tp": true,
          "delay_between_fills_minutes_close": 1123.6303223004659,
          "delay_between_fills_minutes_entry": 755.2570676083986,
          "delay_weight_close": 82.43012809337735,
          "delay_weight_entry": 25.55486844955707,
          "ema_dist_close": -0.002850913299918876,
          "ema_dist_entry": -0.005256058782727689,
          "ema_span_0": 134.66196087557736,
          "ema_span_1": 1325.552766677877,
          "enabled": true,
          "markup_range": 0.005597060682960326,
          "min_markup": 0.0020161633347990167,
          "n_close_orders": 5,
          "qty_pct_close": 0.018164147678541936,
          "qty_pct_entry": 0.01,
          "wallet_exposure_limit": 0.6,
          "we_multiplier_close": 0,
          "we_multiplier_entry": 78.31025547636165},
 "short": {"backwards_tp": true,
           "delay_between_fills_minutes_close": 1423.906640765294,
           "delay_between_fills_minutes_entry": 838.8430399712116,
           "delay_weight_close": 0,
           "delay_weight_entry": 1.9839227005742688,
           "ema_dist_close": 0.003917267948866018,
           "ema_dist_entry": -0.0037601950853849643,
           "ema_span_0": 1367.6395789154335,
           "ema_span_1": 1386.5204043969486,
           "enabled": true,
           "markup_range": 0.00698673707596467,
           "min_markup": 0.0032434386778213077,
           "n_close_orders": 8,
           "qty_pct_close": 0.018748997412728084,
           "qty_pct_entry": 0.02270456073621537,
           "wallet_exposure_limit": 0.18,
           "we_multiplier_close": 0,
           "we_multiplier_entry": 46.119844131982255}}