{"config_name": "clock_0days",
 "long": {"backwards_tp": true,
          "delay_between_fills_minutes_close": 1440,
          "delay_between_fills_minutes_entry": 1125.9562576637013,
          "delay_weight_close": 59.31071812984812,
          "delay_weight_entry": 12.586408504407432,
          "ema_dist_close": -0.0008928967552286067,
          "ema_dist_entry": 0.0008744532078212376,
          "ema_span_0": 1365.4014099909841,
          "ema_span_1": 1167.5875895699976,
          "enabled": true,
          "markup_range": 0.026429895956997785,
          "min_markup": 0.00826348976475141,
          "n_close_orders": 7,
          "qty_pct_close": 0.01,
          "qty_pct_entry": 0.012877150067523395,
          "wallet_exposure_limit": 0.6,
          "we_multiplier_close": 0,
          "we_multiplier_entry": 23.073350019886806},
 "short": {"backwards_tp": true,
           "delay_between_fills_minutes_close": 757.3797597472086,
           "delay_between_fills_minutes_entry": 742.1038193882032,
           "delay_weight_close": 0,
           "delay_weight_entry": 15.749041395557942,
           "ema_dist_close": 0.0008352115605436792,
           "ema_dist_entry": 0.003,
           "ema_span_0": 997.4825089761947,
           "ema_span_1": 364.539531806271,
           "enabled": true,
           "markup_range": 0.0026356485606821366,
           "min_markup": 0.007341613819237255,
           "n_close_orders": 11,
           "qty_pct_close": 0.015844974321403072,
           "qty_pct_entry": 0.03224586325137889,
           "wallet_exposure_limit": 0.18,
           "we_multiplier_close": 0,
           "we_multiplier_entry": 25.931964956420188}}