{"config_name": "clock_0days",
 "long": {"backwards_tp": true,
          "delay_between_fills_minutes_close": 1004.691247489317,
          "delay_between_fills_minutes_entry": 1259.882660679357,
          "delay_weight_close": 0,
          "delay_weight_entry": 9.27134675624125,
          "ema_dist_close": -0.005714396878918192,
          "ema_dist_entry": -0.0018717975029560994,
          "ema_span_0": 1230.1129254659913,
          "ema_span_1": 1359.5833484729483,
          "enabled": true,
          "markup_range": 0.033862397128333985,
          "min_markup": 0.008636477070716724,
          "n_close_orders": 13,
          "qty_pct_close": 0.010788834214299763,
          "qty_pct_entry": 0.011135567188187829,
          "wallet_exposure_limit": 0.6,
          "we_multiplier_close": 0,
          "we_multiplier_entry": 14.346253168895547},
 "short": {"backwards_tp": true,
           "delay_between_fills_minutes_close": 856.8937446486228,
           "delay_between_fills_minutes_entry": 631.3380430599419,
           "delay_weight_close": 89.79916354811638,
           "delay_weight_entry": 11.493264096822362,
           "ema_dist_close": -0.0007941070447044425,
           "ema_dist_entry": 0.004,
           "ema_span_0": 1370.540403817497,
           "ema_span_1": 816.0675964854099,
           "enabled": true,
           "markup_range": 0.03606624520759663,
           "min_markup": 0.006859410564565928,
           "n_close_orders": 12,
           "qty_pct_close": 0.031433535767369444,
           "qty_pct_entry": 0.018452297353276657,
           "wallet_exposure_limit": 0.18,
           "we_multiplier_close": 0.0,
           "we_multiplier_entry": 42.794596935525846}}