{"config_name": "recursive_grid_0days",
 "logging_level": 0,
 "long": {"auto_unstuck_ema_dist": 0,
          "auto_unstuck_wallet_exposure_threshold": 0,
          "backwards_tp": false,
          "ddown_factor": 2.2507285417330825,
          "ema_span_0": 60.86344002781497,
          "ema_span_1": 21.074514527836364,
          "enabled": true,
          "initial_eprice_ema_dist": -0.1,
          "initial_qty_pct": 0.0017215249095232487,
          "markup_range": 0.02644869007303646,
          "min_markup": 0.0038711580062594114,
          "n_close_orders": 4,
          "rentry_pprice_dist": 0.02831908304687108,
          "rentry_pprice_dist_wallet_exposure_weighting": 0,
          "wallet_exposure_limit": 0.2},
 "short": {"auto_unstuck_ema_dist": 0.0790043148145022,
           "auto_unstuck_wallet_exposure_threshold": 0.08023510544873633,
           "backwards_tp": true,
           "ddown_factor": 1.7554950696957197,
           "ema_span_0": 2954.3513371399945,
           "ema_span_1": 5274.403836194436,
           "enabled": false,
           "initial_eprice_ema_dist": -0.047219706231608365,
           "initial_qty_pct": 0.015,
           "markup_range": 0.024939015253231715,
           "min_markup": 0.0014139534099025524,
           "n_close_orders": 9,
           "rentry_pprice_dist": 0.009238793739490317,
           "rentry_pprice_dist_wallet_exposure_weighting": 4.427731651893736,
           "wallet_exposure_limit": 0.1}}