{"config_name": "recursive_grid_0days",
 "logging_level": 0,
 "long": {"auto_unstuck_ema_dist": 0.002201679308721183,
          "auto_unstuck_wallet_exposure_threshold": 0.06934763287218869,
          "backwards_tp": true,
          "ddown_factor": 2.547696294116762,
          "ema_span_0": 989.8725175130512,
          "ema_span_1": 235.19545145481507,
          "enabled": true,
          "initial_eprice_ema_dist": 0.004,
          "initial_qty_pct": 0.02893636080386355,
          "markup_range": 0.00079038282907119,
          "min_markup": 0.0034095930230236254,
          "n_close_orders": 12,
          "rentry_pprice_dist": 0.02588112098430073,
          "rentry_pprice_dist_wallet_exposure_weighting": 2.117493225445626,
          "wallet_exposure_limit": 0.2},
 "short": {"auto_unstuck_ema_dist": -0.08693721133855235,
           "auto_unstuck_wallet_exposure_threshold": 0.09148608347101801,
           "backwards_tp": true,
           "ddown_factor": 1.4948806942570494,
           "ema_span_0": 1088.842014602157,
           "ema_span_1": 538.4672808843734,
           "enabled": false,
           "initial_eprice_ema_dist": -0.04340390256435305,
           "initial_qty_pct": 0.05274708943347579,
           "markup_range": 0.029229811003464556,
           "min_markup": 0.00693191735442957,
           "n_close_orders": 3,
           "rentry_pprice_dist": 0.04225127347391195,
           "rentry_pprice_dist_wallet_exposure_weighting": 0.20748668197132503,
           "wallet_exposure_limit": 1.0}}