{"config_name": "recursive_grid_0days",
 "logging_level": 0,
 "long": {"auto_unstuck_ema_dist": -0.008554174509787123,
          "auto_unstuck_wallet_exposure_threshold": 0.03886160394252595,
          "backwards_tp": true,
          "ddown_factor": 2.7620346245734164,
          "ema_span_0": 660.2304273538199,
          "ema_span_1": 966.3276982736897,
          "enabled": true,
          "initial_eprice_ema_dist": -0.026687553876604944,
          "initial_qty_pct": 0.01859801830832153,
          "markup_range": 0.0020094811722853093,
          "min_markup": 0.009568453693198276,
          "n_close_orders": 3,
          "rentry_pprice_dist": 0.04163115190641645,
          "rentry_pprice_dist_wallet_exposure_weighting": 1.140463366534274,
          "wallet_exposure_limit": 1.0},
 "short": {"auto_unstuck_ema_dist": -0.06239393192646488,
           "auto_unstuck_wallet_exposure_threshold": 0.07382999380133201,
           "backwards_tp": true,
           "ddown_factor": 1.8519661270073586,
           "ema_span_0": 305.46702487461374,
           "ema_span_1": 91.08075415268642,
           "enabled": false,
           "initial_eprice_ema_dist": -0.07391161994205786,
           "initial_qty_pct": 0.03484958594800464,
           "markup_range": 0.013578940739511706,
           "min_markup": 0.00476429667721089,
           "n_close_orders": 10,
           "rentry_pprice_dist": 0.04283972827459514,
           "rentry_pprice_dist_wallet_exposure_weighting": 16.52975451526096,
           "wallet_exposure_limit": 1.0}}