{"config_name": "recursive_grid_0days",
 "logging_level": 0,
 "long": {"auto_unstuck_ema_dist": -0.0086743067795299,
          "auto_unstuck_wallet_exposure_threshold": 0.07832727586839125,
          "backwards_tp": true,
          "ddown_factor": 0.7294456731267969,
          "ema_span_0": 309.9649833240569,
          "ema_span_1": 719.4637909488081,
          "enabled": true,
          "initial_eprice_ema_dist": 0.0028995469833526036,
          "initial_qty_pct": 0.04755511759169553,
          "markup_range": 0.0065520979950547025,
          "min_markup": 0.004891629323120338,
          "n_close_orders": 2,
          "rentry_pprice_dist": 0.030503697623572714,
          "rentry_pprice_dist_wallet_exposure_weighting": 1.4247259679435547,
          "wallet_exposure_limit": 1},
 "short": {"auto_unstuck_ema_dist": -0.022351860192398806,
           "auto_unstuck_wallet_exposure_threshold": 0.0511895120330435,
           "backwards_tp": true,
           "ddown_factor": 1.860353900759003,
           "ema_span_0": 622.2751223135616,
           "ema_span_1": 547.1472518143349,
           "enabled": false,
           "initial_eprice_ema_dist": -0.036588452979521305,
           "initial_qty_pct": 0.0777372388408937,
           "markup_range": 0.04762762495901348,
           "min_markup": 0.0016587084006071367,
           "n_close_orders": 8,
           "rentry_pprice_dist": 0.015224998883893049,
           "rentry_pprice_dist_wallet_exposure_weighting": 18.879774669800774,
           "wallet_exposure_limit": 1}}