{"config_name": "recursive_grid_0days",
 "logging_level": 0,
 "long": {"auto_unstuck_ema_dist": -0.010099613663345997,
          "auto_unstuck_wallet_exposure_threshold": 0.06346444774326508,
          "backwards_tp": true,
          "ddown_factor": 1.3240455786646583,
          "ema_span_0": 634.5081116481402,
          "ema_span_1": 1108.9093824114202,
          "enabled": true,
          "initial_eprice_ema_dist": 0.005143221342160359,
          "initial_qty_pct": 0.015618781552011372,
          "markup_range": 0.013513633715133292,
          "min_markup": 0.01,
          "n_close_orders": 1,
          "rentry_pprice_dist": 0.02381127377157359,
          "rentry_pprice_dist_wallet_exposure_weighting": 1.2690833906021954,
          "wallet_exposure_limit": 1},
 "short": {"auto_unstuck_ema_dist": -0.018375612667784536,
           "auto_unstuck_wallet_exposure_threshold": 0.033803246039287645,
           "backwards_tp": true,
           "ddown_factor": 1.9130232248073846,
           "ema_span_0": 264.16390329386763,
           "ema_span_1": 401.1768311715831,
           "enabled": false,
           "initial_eprice_ema_dist": 0.001612953552921098,
           "initial_qty_pct": 0.06351855447470227,
           "markup_range": 0.041623579064901994,
           "min_markup": 0.005110698446749734,
           "n_close_orders": 3,
           "rentry_pprice_dist": 0.011890469151007013,
           "rentry_pprice_dist_wallet_exposure_weighting": 29.327992775956318,
           "wallet_exposure_limit": 1.0}}