{"config_name": "recursive_grid_0days",
 "logging_level": 0,
 "long": {"auto_unstuck_ema_dist": -0.002756141600691065,
          "auto_unstuck_wallet_exposure_threshold": 0.031658835860097205,
          "backwards_tp": true,
          "ddown_factor": 2.2817682534939445,
          "ema_span_0": 720,
          "ema_span_1": 1178.0500055762072,
          "enabled": true,
          "initial_eprice_ema_dist": 0.01,
          "initial_qty_pct": 0.03148432798844044,
          "markup_range": 0.005008072651408274,
          "min_markup": 0.002787261272319663,
          "n_close_orders": 7,
          "rentry_pprice_dist": 0.03314587748257306,
          "rentry_pprice_dist_wallet_exposure_weighting": 1.7603453786170726,
          "wallet_exposure_limit": 1},
 "short": {"auto_unstuck_ema_dist": -0.0889279658057971,
           "auto_unstuck_wallet_exposure_threshold": 0.0856439515730082,
           "backwards_tp": true,
           "ddown_factor": 1.7761611988991006,
           "ema_span_0": 446.63666276390194,
           "ema_span_1": 76.56151286904432,
           "enabled": false,
           "initial_eprice_ema_dist": -0.06220695760740833,
           "initial_qty_pct": 0.0840235644478977,
           "markup_range": 0.009561097567875943,
           "min_markup": 0.003527722366555069,
           "n_close_orders": 7,
           "rentry_pprice_dist": 0.039972826372499166,
           "rentry_pprice_dist_wallet_exposure_weighting": 19.626784782694454,
           "wallet_exposure_limit": 1.0}}