{"config_name": "recursive_grid_0days",
 "logging_level": 0,
 "long": {"auto_unstuck_ema_dist": -0.003957409977995076,
          "auto_unstuck_wallet_exposure_threshold": 0.06333908262890164,
          "backwards_tp": true,
          "ddown_factor": 1.0418316319445187,
          "ema_span_0": 88.3900342045529,
          "ema_span_1": 727.4837210586197,
          "enabled": true,
          "initial_eprice_ema_dist": -0.011506403880682727,
          "initial_qty_pct": 0.018166582836395627,
          "markup_range": 0.0032265407202399774,
          "min_markup": 0.004944839896610425,
          "n_close_orders": 8,
          "rentry_pprice_dist": 0.03047733496201255,
          "rentry_pprice_dist_wallet_exposure_weighting": 2.465398250654954,
          "wallet_exposure_limit": 1},
 "short": {"auto_unstuck_ema_dist": -0.031958847066927545,
           "auto_unstuck_wallet_exposure_threshold": 0.04276649029969014,
           "backwards_tp": true,
           "ddown_factor": 0.7364026353138972,
           "ema_span_0": 383.4104492195229,
           "ema_span_1": 608.8063922096367,
           "enabled": false,
           "initial_eprice_ema_dist": -0.046623474928431594,
           "initial_qty_pct": 0.04253902092643742,
           "markup_range": 0.03356379841581568,
           "min_markup": 0.00408260367565287,
           "n_close_orders": 1,
           "rentry_pprice_dist": 0.013939268537497967,
           "rentry_pprice_dist_wallet_exposure_weighting": 38.416935032903524,
           "wallet_exposure_limit": 1.0}}