{"config_name": "recursive_grid_0days",
 "logging_level": 0,
 "long": {"auto_unstuck_ema_dist": -0.01758594985476806,
          "auto_unstuck_wallet_exposure_threshold": 0.09698681494826178,
          "backwards_tp": true,
          "ddown_factor": 2.312957696953786,
          "ema_span_0": 518.5406289166526,
          "ema_span_1": 1257.414713050899,
          "enabled": true,
          "initial_eprice_ema_dist": -0.021307341944806595,
          "initial_qty_pct": 0.011451281232529318,
          "markup_range": 0.003247429426010583,
          "min_markup": 0.007630612941171573,
          "n_close_orders": 12,
          "rentry_pprice_dist": 0.045507405031037965,
          "rentry_pprice_dist_wallet_exposure_weighting": 0.6978040571650181,
          "wallet_exposure_limit": 1},
 "short": {"auto_unstuck_ema_dist": -0.04293965710387961,
           "auto_unstuck_wallet_exposure_threshold": 0.06295167751101852,
           "backwards_tp": true,
           "ddown_factor": 2.942629573460735,
           "ema_span_0": 500.3487483880127,
           "ema_span_1": 1151.3535046215766,
           "enabled": false,
           "initial_eprice_ema_dist": -0.06811465541654033,
           "initial_qty_pct": 0.038683995148801,
           "markup_range": 0.022082560326977408,
           "min_markup": 0.007103797310827211,
           "n_close_orders": 3,
           "rentry_pprice_dist": 0.015425244115359268,
           "rentry_pprice_dist_wallet_exposure_weighting": 23.938850935390295,
           "wallet_exposure_limit": 1.0}}