{"config_name": "recursive_grid_0days",
 "logging_level": 0,
 "long": {"auto_unstuck_ema_dist": -0.009278637836375624,
          "auto_unstuck_wallet_exposure_threshold": 0.07691046518820292,
          "backwards_tp": true,
          "ddown_factor": 0.16223419555335034,
          "ema_span_0": 109.22379407249691,
          "ema_span_1": 984.994014835564,
          "enabled": true,
          "initial_eprice_ema_dist": 0.01,
          "initial_qty_pct": 0.02994662271989797,
          "markup_range": 0.0003620961766311553,
          "min_markup": 0.009875796566387339,
          "n_close_orders": 1,
          "rentry_pprice_dist": 0.016608156660117498,
          "rentry_pprice_dist_wallet_exposure_weighting": 4.133916162943307,
          "wallet_exposure_limit": 1},
 "short": {"auto_unstuck_ema_dist": -0.07933878680786645,
           "auto_unstuck_wallet_exposure_threshold": 0.09683193358485558,
           "backwards_tp": true,
           "ddown_factor": 2.5090793408195005,
           "ema_span_0": 34.71237202704263,
           "ema_span_1": 85.6723362176413,
           "enabled": false,
           "initial_eprice_ema_dist": -0.09547236400334552,
           "initial_qty_pct": 0.067431323005382,
           "markup_range": 0.011393554653917719,
           "min_markup": 0.008220574715637951,
           "n_close_orders": 2,
           "rentry_pprice_dist": 0.014872509174130109,
           "rentry_pprice_dist_wallet_exposure_weighting": 7.989008667864983,
           "wallet_exposure_limit": 1.0}}