{"config_name": "recursive_grid_0days",
 "logging_level": 0,
 "long": {"auto_unstuck_ema_dist": 0.001,
          "auto_unstuck_wallet_exposure_threshold": 0.03,
          "backwards_tp": true,
          "ddown_factor": 1.2210743715581107,
          "ema_span_0": 297.34111790872856,
          "ema_span_1": 126.88107633761953,
          "enabled": true,
          "initial_eprice_ema_dist": 0.00988007330441152,
          "initial_qty_pct": 0.022415857788015293,
          "markup_range": 0.0,
          "min_markup": 0.007276314248448229,
          "n_close_orders": 9,
          "rentry_pprice_dist": 0.03495445723425059,
          "rentry_pprice_dist_wallet_exposure_weighting": 1.2476400441717181,
          "wallet_exposure_limit": 1},
 "short": {"auto_unstuck_ema_dist": -0.0837665758856389,
           "auto_unstuck_wallet_exposure_threshold": 0.03416767415160404,
           "backwards_tp": true,
           "ddown_factor": 1.717067700427504,
           "ema_span_0": 251.5116570942259,
           "ema_span_1": 646.449123320846,
           "enabled": false,
           "initial_eprice_ema_dist": -0.028178643310045715,
           "initial_qty_pct": 0.03425172610274555,
           "markup_range": 0.03526014338258719,
           "min_markup": 0.006080135998887851,
           "n_close_orders": 14,
           "rentry_pprice_dist": 0.015080034954537174,
           "rentry_pprice_dist_wallet_exposure_weighting": 15.944288092488264,
           "wallet_exposure_limit": 1.0}}