{"config_name": "recursive_grid_0days",
 "logging_level": 0,
 "long": {"auto_unstuck_ema_dist": 0.00042011656145494265,
          "auto_unstuck_wallet_exposure_threshold": 0.039360580363765704,
          "backwards_tp": true,
          "ddown_factor": 2.885609334193115,
          "ema_span_0": 252.09101480711402,
          "ema_span_1": 242.6671342106725,
          "enabled": true,
          "initial_eprice_ema_dist": 0.005913289778643414,
          "initial_qty_pct": 0.06494364216492793,
          "markup_range": 0.002172905566632934,
          "min_markup": 0.0031440254879243146,
          "n_close_orders": 5,
          "rentry_pprice_dist": 0.04093194029142738,
          "rentry_pprice_dist_wallet_exposure_weighting": 1.198882582355139,
          "wallet_exposure_limit": 1},
 "short": {"auto_unstuck_ema_dist": -0.013860791688565938,
           "auto_unstuck_wallet_exposure_threshold": 0.05343402219779583,
           "backwards_tp": true,
           "ddown_factor": 0.7702506867425621,
           "ema_span_0": 82.80635963842658,
           "ema_span_1": 482.02153494515807,
           "enabled": false,
           "initial_eprice_ema_dist": -0.009022834525570234,
           "initial_qty_pct": 0.015710302477616473,
           "markup_range": 0.048631066492989074,
           "min_markup": 0.002453434923886608,
           "n_close_orders": 11,
           "rentry_pprice_dist": 0.04670485912719984,
           "rentry_pprice_dist_wallet_exposure_weighting": 6.270193972489908,
           "wallet_exposure_limit": 1.0}}