{"config_name": "clock_0days",
 "long": {"delay_between_fills_minutes_close": 493.9406324501418,
          "delay_between_fills_minutes_entry": 418.0413542156399,
          "delay_weight_close": 106.45899488038253,
          "delay_weight_entry": 54.38569362647416,
          "ema_dist_lower": 0.006074756350697319,
          "ema_dist_upper": -0.063384361195685,
          "ema_span_0": 676.9590841444077,
          "ema_span_1": 114.19877854112474,
          "enabled": true,
          "markup_range": 0.022766907042985444,
          "min_markup": 0.029902073038233893,
          "n_close_orders": 6,
          "qty_pct_close": 0.01242501322924559,
          "qty_pct_entry": 0.012171700019662763,
          "wallet_exposure_limit": 0.3,
          "we_multiplier_close": 55.606204594826856,
          "we_multiplier_entry": 131.93443409422687},
 "short": {"delay_between_fills_minutes_close": 1386.9153320632377,
           "delay_between_fills_minutes_entry": 1129.7308425938477,
           "delay_weight_close": 11.996315107994668,
           "delay_weight_entry": 19.111623213651356,
           "ema_dist_lower": 0.0012455667148154582,
           "ema_dist_upper": 0.017682057828281125,
           "ema_span_0": 1131.1401478868192,
           "ema_span_1": 2070.2768954692724,
           "enabled": false,
           "markup_range": 0.03384329173679083,
           "min_markup": 0.06631938852222576,
           "n_close_orders": 4,
           "qty_pct_close": 0.03888624908100603,
           "qty_pct_entry": 0.04892323475508091,
           "wallet_exposure_limit": 1.0,
           "we_multiplier_close": 3.6558467136147343,
           "we_multiplier_entry": 39.32668912179549}}