{"config_name": "clock_0days",
 "long": {"delay_between_fills_minutes_close": 341.5053397529749,
          "delay_between_fills_minutes_entry": 292.4721449326797,
          "delay_weight_close": 132.73257316487974,
          "delay_weight_entry": 26.988321998070077,
          "ema_dist_lower": -0.7461888882890282,
          "ema_dist_upper": -0.020529976208325716,
          "ema_span_0": 604.7637679850216,
          "ema_span_1": 387.49047494946694,
          "enabled": true,
          "markup_range": 0.023699143209281688,
          "min_markup": 0.004287960228981744,
          "n_close_orders": 6,
          "qty_pct_close": 0.013579095127745203,
          "qty_pct_entry": 0.010442892393097293,
          "wallet_exposure_limit": 0.3,
          "we_multiplier_close": 14.408594865336298,
          "we_multiplier_entry": 31.439140273292438},
 "short": {"delay_between_fills_minutes_close": 737.50695601812,
           "delay_between_fills_minutes_entry": 279.59218417271734,
           "delay_weight_close": 9.404422665515993,
           "delay_weight_entry": 12.177125777954833,
           "ema_dist_lower": 0.011450770031514495,
           "ema_dist_upper": 0.011961374004638299,
           "ema_span_0": 665.8749738035244,
           "ema_span_1": 1366.9620545469072,
           "enabled": false,
           "markup_range": 0.04604888665174181,
           "min_markup": 0.022718048926715806,
           "n_close_orders": 9,
           "qty_pct_close": 0.03770527020687689,
           "qty_pct_entry": 0.04641882363691498,
           "wallet_exposure_limit": 1.0,
           "we_multiplier_close": 5.741194299597955,
           "we_multiplier_entry": 44.84076153866709}}