{"config_name": "clock_0days",
 "long": {"delay_between_fills_minutes_close": 1311.6576739338448,
          "delay_between_fills_minutes_entry": 1173.0322773710514,
          "delay_weight_close": 10.499724028926387,
          "delay_weight_entry": 9.83031110516487,
          "ema_dist_lower": 0.011738921840092731,
          "ema_dist_upper": 0.009320629177861769,
          "ema_span_0": 398.2504014011725,
          "ema_span_1": 1532.9097126599404,
          "enabled": true,
          "markup_range": 0.05127298923725002,
          "min_markup": 0.09328046838591761,
          "n_close_orders": 11,
          "qty_pct_close": 0.07996723712610124,
          "qty_pct_entry": 0.02,
          "wallet_exposure_limit": 0.25,
          "we_multiplier_close": 0,
          "we_multiplier_entry": 2.9080159102962386},
 "short": {"delay_between_fills_minutes_close": 753.001483618233,
           "delay_between_fills_minutes_entry": 1389.7451271892376,
           "delay_weight_close": 2.2393113315135627,
           "delay_weight_entry": 0.7181964012315656,
           "ema_dist_lower": 0.005103205734437287,
           "ema_dist_upper": 0.010205593853937696,
           "ema_span_0": 948.3244067638522,
           "ema_span_1": 2335.163259150662,
           "enabled": false,
           "markup_range": 0.010854212472913927,
           "min_markup": 0.016074296010587588,
           "n_close_orders": 2,
           "qty_pct_close": 0.06409418599597501,
           "qty_pct_entry": 0.044082362167966696,
           "wallet_exposure_limit": 1.0,
           "we_multiplier_close": 2.324394092016485,
           "we_multiplier_entry": 47.448048737672025}}