{"config_name": "recursive_grid_0days",
 "logging_level": 0,
 "long": {"auto_unstuck_ema_dist": 0,
          "auto_unstuck_wallet_exposure_threshold": 0,
          "backwards_tp": false,
          "ddown_factor": 2.0006366568666776,
          "ema_span_0": 862.4070862264886,
          "ema_span_1": 709.2703246068463,
          "enabled": true,
          "initial_eprice_ema_dist": -0.1,
          "initial_qty_pct": 0.003993289272080971,
          "markup_range": 0.03714949225456381,
          "min_markup": 0.005472957442888939,
          "n_close_orders": 4,
          "rentry_pprice_dist": 0.03560932705598441,
          "rentry_pprice_dist_wallet_exposure_weighting": 0,
          "wallet_exposure_limit": 0.2},
 "short": {"auto_unstuck_ema_dist": 0.03113993708977369,
           "auto_unstuck_wallet_exposure_threshold": 0.08751299675298595,
           "backwards_tp": true,
           "ddown_factor": 1.1999431121242778,
           "ema_span_0": 4283.521292574419,
           "ema_span_1": 6331.691985375079,
           "enabled": false,
           "initial_eprice_ema_dist": -0.051961296550268724,
           "initial_qty_pct": 0.015,
           "markup_range": 0.01252267768234527,
           "min_markup": 0.0017291750663061714,
           "n_close_orders": 19,
           "rentry_pprice_dist": 0.005336436272846752,
           "rentry_pprice_dist_wallet_exposure_weighting": 40.10961852783161,
           "wallet_exposure_limit": 0.1}}
