{"config_name": "recursive_grid_0days",
 "logging_level": 0,
 "long": {"auto_unstuck_ema_dist": 0,
          "auto_unstuck_wallet_exposure_threshold": 0,
          "backwards_tp": false,
          "ddown_factor": 2.8502754804672135,
          "ema_span_0": 232.22087374123606,
          "ema_span_1": 65.836686273947,
          "enabled": true,
          "initial_eprice_ema_dist": -0.1,
          "initial_qty_pct": 0.0012848647202449558,
          "markup_range": 0.04,
          "min_markup": 0.017718200478474812,
          "n_close_orders": 4,
          "rentry_pprice_dist": 0.04645973669273377,
          "rentry_pprice_dist_wallet_exposure_weighting": 0,
          "wallet_exposure_limit": 0.2},
 "short": {"auto_unstuck_ema_dist": 0.006853771701883821,
           "auto_unstuck_wallet_exposure_threshold": 0.06809080474460462,
           "backwards_tp": true,
           "ddown_factor": 1.7496174142654581,
           "ema_span_0": 755.401177933199,
           "ema_span_1": 5242.047704413881,
           "enabled": false,
           "initial_eprice_ema_dist": -0.09855647237520895,
           "initial_qty_pct": 0.015,
           "markup_range": 0.025501316977253125,
           "min_markup": 0.002962791598030924,
           "n_close_orders": 11,
           "rentry_pprice_dist": 0.040157958198601816,
           "rentry_pprice_dist_wallet_exposure_weighting": 51.21905138931451,
           "wallet_exposure_limit": 0.1}}