{"config_name": "neat_grid_0days",
 "logging_level": 0,
 "long": {"auto_unstuck_delay_minutes": 1407.5020192955283,
          "auto_unstuck_ema_dist": -0.009634500037619367,
          "auto_unstuck_qty_pct": 0.012154359874512976,
          "auto_unstuck_wallet_exposure_threshold": 0.1921667305972452,
          "backwards_tp": true,
          "ema_span_0": 1071.2010565224612,
          "ema_span_1": 666.7262472813381,
          "enabled": true,
          "eprice_exp_base": 1.1033025817156172,
          "eqty_exp_base": 3.6012340017009707,
          "grid_span": 0.13457091952678588,
          "initial_eprice_ema_dist": 0.0005807915376106009,
          "initial_qty_pct": 0.01218357549526529,
          "markup_range": 0.003589150305333113,
          "max_n_entry_orders": 7,
          "min_markup": 0.008627102489979202,
          "n_close_orders": 8,
          "wallet_exposure_limit": 0.1},
 "short": {"auto_unstuck_delay_minutes": 1136.0429332680696,
           "auto_unstuck_ema_dist": -0.06421187712357965,
           "auto_unstuck_qty_pct": 0.03452922774066734,
           "auto_unstuck_wallet_exposure_threshold": 0.629295283747301,
           "backwards_tp": true,
           "ema_span_0": 54.071417152222914,
           "ema_span_1": 523.4922473249673,
           "enabled": false,
           "eprice_exp_base": 1.4547802169873894,
           "eqty_exp_base": 2.9078311502556478,
           "grid_span": 0.3084002445472959,
           "initial_eprice_ema_dist": -0.06282726096914373,
           "initial_qty_pct": 0.03750234801702279,
           "markup_range": 0.014843313750693242,
           "max_n_entry_orders": 8,
           "min_markup": 0.0018634479469963063,
           "n_close_orders": 12,
           "wallet_exposure_limit": 1.0}}