{"config_name": "neat_grid_0days",
 "logging_level": 0,
 "long": {"auto_unstuck_delay_minutes": 1210.6456731019823,
          "auto_unstuck_ema_dist": -0.0466692052977536,
          "auto_unstuck_qty_pct": 0.01,
          "auto_unstuck_wallet_exposure_threshold": 0.5950369643630269,
          "backwards_tp": true,
          "ema_span_0": 495.25268706899436,
          "ema_span_1": 649.8509028271651,
          "enabled": true,
          "eprice_exp_base": 1.1444578958691956,
          "eqty_exp_base": 1,
          "grid_span": 0.18934393837278507,
          "initial_eprice_ema_dist": 0.0005941681870314025,
          "initial_qty_pct": 0.018307940613717166,
          "markup_range": 0.0032346340347571664,
          "max_n_entry_orders": 7,
          "min_markup": 0.0062145053345797315,
          "n_close_orders": 2,
          "wallet_exposure_limit": 0.1},
 "short": {"auto_unstuck_delay_minutes": 1078.4341647368783,
           "auto_unstuck_ema_dist": -0.08458016096088444,
           "auto_unstuck_qty_pct": 0.01692729962107574,
           "auto_unstuck_wallet_exposure_threshold": 0.5914348087655186,
           "backwards_tp": true,
           "ema_span_0": 484.4098199508842,
           "ema_span_1": 464.293630924752,
           "enabled": false,
           "eprice_exp_base": 3.459532120312736,
           "eqty_exp_base": 3.4160978768929575,
           "grid_span": 0.38364911951024694,
           "initial_eprice_ema_dist": -0.004568514807495991,
           "initial_qty_pct": 0.02816738976726576,
           "markup_range": 0.03783808776627774,
           "max_n_entry_orders": 7,
           "min_markup": 0.003040794339831201,
           "n_close_orders": 11,
           "wallet_exposure_limit": 1}}