{"config_name": "neat_grid_0days",
 "logging_level": 0,
 "long": {"auto_unstuck_delay_minutes": 1440,
          "auto_unstuck_ema_dist": -0.0016362396552867184,
          "auto_unstuck_qty_pct": 0.012769938036817835,
          "auto_unstuck_wallet_exposure_threshold": 0.4973483166506444,
          "backwards_tp": true,
          "ema_span_0": 1217.139172832466,
          "ema_span_1": 599.7950612355082,
          "enabled": true,
          "eprice_exp_base": 1,
          "eqty_exp_base": 3.3324683811358886,
          "grid_span": 0.1,
          "initial_eprice_ema_dist": 0.003,
          "initial_qty_pct": 0.020342619508061266,
          "markup_range": 0.003576931197624413,
          "max_n_entry_orders": 7,
          "min_markup": 0.0027934496664702,
          "n_close_orders": 11,
          "wallet_exposure_limit": 0.1},
 "short": {"auto_unstuck_delay_minutes": 349.75874083598154,
           "auto_unstuck_ema_dist": -0.01261517110430177,
           "auto_unstuck_qty_pct": 0.020456705318044277,
           "auto_unstuck_wallet_exposure_threshold": 0.6272953998508164,
           "backwards_tp": true,
           "ema_span_0": 1251.8037182912483,
           "ema_span_1": 1421.0619839093097,
           "enabled": false,
           "eprice_exp_base": 2.990196382591862,
           "eqty_exp_base": 2.4724019935644854,
           "grid_span": 0.5479406821457418,
           "initial_eprice_ema_dist": -0.03615370838960706,
           "initial_qty_pct": 0.039817885476378614,
           "markup_range": 0.024667244138568554,
           "max_n_entry_orders": 14,
           "min_markup": 0.007813034280752584,
           "n_close_orders": 3,
           "wallet_exposure_limit": 1.0}}