{"config_name": "neat_grid_0days",
 "logging_level": 0,
 "long": {"auto_unstuck_delay_minutes": 873.4967622468005,
          "auto_unstuck_ema_dist": -0.052534893847025504,
          "auto_unstuck_qty_pct": 0.01,
          "auto_unstuck_wallet_exposure_threshold": 0.21404367542303332,
          "backwards_tp": true,
          "ema_span_0": 1312.6265006458163,
          "ema_span_1": 1308.8657385745441,
          "enabled": true,
          "eprice_exp_base": 1,
          "eqty_exp_base": 1.1987487927457063,
          "grid_span": 0.1,
          "initial_eprice_ema_dist": -0.0019553938280550166,
          "initial_qty_pct": 0.01,
          "markup_range": 0.002114412751669189,
          "max_n_entry_orders": 12,
          "min_markup": 0.002138426354327547,
          "n_close_orders": 8,
          "wallet_exposure_limit": 0.1},
 "short": {"auto_unstuck_delay_minutes": 1079.3014759470962,
           "auto_unstuck_ema_dist": -0.08515872660512147,
           "auto_unstuck_qty_pct": 0.04438306207314529,
           "auto_unstuck_wallet_exposure_threshold": 0.43294119307391,
           "backwards_tp": true,
           "ema_span_0": 749.6029780919123,
           "ema_span_1": 119.36400369574338,
           "enabled": false,
           "eprice_exp_base": 2.409726375601419,
           "eqty_exp_base": 1.4078548132567787,
           "grid_span": 0.2377017800326741,
           "initial_eprice_ema_dist": -0.0688715231967002,
           "initial_qty_pct": 0.027621021742203482,
           "markup_range": 0.059883486780892344,
           "max_n_entry_orders": 9,
           "min_markup": 0.0027765932650323797,
           "n_close_orders": 7,
           "wallet_exposure_limit": 1.0}}