{"config_name": "recursive_grid_0days",
 "logging_level": 0,
 "long": {"auto_unstuck_ema_dist": 0.009746775657530841,
          "auto_unstuck_wallet_exposure_threshold": 0.1247814036088635,
          "backwards_tp": true,
          "ddown_factor": 0.680053411528543,
          "ema_span_0": 210.56370872120428,
          "ema_span_1": 227.20379286596201,
          "enabled": true,
          "initial_eprice_ema_dist": 0,
          "initial_qty_pct": 0.010732737609797309,
          "markup_range": 0.004938599753525869,
          "min_markup": 0.003880460968877361,
          "n_close_orders": 6,
          "rentry_pprice_dist": 0.036112474120642196,
          "rentry_pprice_dist_wallet_exposure_weighting": 0,
          "wallet_exposure_limit": 0.2},
 "short": {"auto_unstuck_ema_dist": 0.03142834838469596,
           "auto_unstuck_wallet_exposure_threshold": 0.0949280651393219,
           "backwards_tp": true,
           "ddown_factor": 1.5790753043804853,
           "ema_span_0": 2384.2576366409144,
           "ema_span_1": 6193.358429796513,
           "enabled": false,
           "initial_eprice_ema_dist": -0.04722290477706646,
           "initial_qty_pct": 0.015,
           "markup_range": 0.02409734082427152,
           "min_markup": 0.0030665078926619426,
           "n_close_orders": 19,
           "rentry_pprice_dist": 0.0055456331862402085,
           "rentry_pprice_dist_wallet_exposure_weighting": 1.104883786028119,
           "wallet_exposure_limit": 0.1}}