{"config_name": "emas_0days",
 "long": {"delay_between_fills_minutes_close": 392.657384564723,
          "delay_between_fills_minutes_entry": 402.02653380802917,
          "delay_weight_close": -83.92918037134574,
          "delay_weight_entry": 14.2873138404112,
          "ema_dist_lower": 0.018246941140111987,
          "ema_dist_upper": 0.00445288846592191,
          "ema_span_0": 824.6889064833562,
          "ema_span_1": 1217.5307937123116,
          "enabled": true,
          "markup_range": 0.029739028006482034,
          "min_markup": 0.02,
          "n_close_orders": 5,
          "qty_pct_close": 0.02357884277244643,
          "qty_pct_entry": 0.023153479299564367,
          "wallet_exposure_limit": 1,
          "we_multiplier_close": 82.23405376781805,
          "we_multiplier_entry": 13.482703388933793},
 "short": {"delay_between_fills_minutes_close": 3144.8471805098943,
           "delay_between_fills_minutes_entry": 2037.9139874848604,
           "delay_weight_close": -40.96872281348614,
           "delay_weight_entry": 54.3174085086092,
           "ema_dist_lower": 0.018486788717201198,
           "ema_dist_upper": 0.009709097173198842,
           "ema_span_0": 420.47377234401057,
           "ema_span_1": 3668.3533457580447,
           "enabled": false,
           "markup_range": 0.029348985977164736,
           "min_markup": 0.0035365674293257147,
           "n_close_orders": 3,
           "qty_pct_close": 0.023377236193974273,
           "qty_pct_entry": 0.03461969401909715,
           "wallet_exposure_limit": 1.0,
           "we_multiplier_close": 25.78844051007971,
           "we_multiplier_entry": 13.125890496593586}}