{"config_name": "recursive_grid_0days",
 "logging_level": 0,
 "long": {"auto_unstuck_ema_dist": 0,
          "auto_unstuck_wallet_exposure_threshold": 0,
          "backwards_tp": false,
          "ddown_factor": 2.869596109500604,
          "ema_span_0": 344.49260128106675,
          "ema_span_1": 704.68242879681,
          "enabled": true,
          "initial_eprice_ema_dist": -0.1,
          "initial_qty_pct": 0.002352133650613115,
          "markup_range": 0.038798349921760004,
          "min_markup": 0.006788414302159176,
          "n_close_orders": 4,
          "rentry_pprice_dist": 0.04787231275036606,
          "rentry_pprice_dist_wallet_exposure_weighting": 0,
          "wallet_exposure_limit": 0.2},
 "short": {"auto_unstuck_ema_dist": 0.008627854736098027,
           "auto_unstuck_wallet_exposure_threshold": 0.04698645971949726,
           "backwards_tp": true,
           "ddown_factor": 1.1783798984451028,
           "ema_span_0": 276.2801884482169,
           "ema_span_1": 5740.2065723012975,
           "enabled": false,
           "initial_eprice_ema_dist": -0.06367758246334386,
           "initial_qty_pct": 0.015,
           "markup_range": 0.005656077389841712,
           "min_markup": 0.002461000508121128,
           "n_close_orders": 8,
           "rentry_pprice_dist": 0.036342106979881605,
           "rentry_pprice_dist_wallet_exposure_weighting": 19.03302261856737,
           "wallet_exposure_limit": 0.1}}
