{"config_name": "recursive_grid_0days",
 "logging_level": 0,
 "long": {"auto_unstuck_ema_dist": 0.003,
          "auto_unstuck_wallet_exposure_threshold": 0.09353497514338553,
          "backwards_tp": true,
          "ddown_factor": 1.5496041687996882,
          "ema_span_0": 1019.8506052982968,
          "ema_span_1": 239.1568179498529,
          "enabled": true,
          "initial_eprice_ema_dist": -0.053065963934255646,
          "initial_qty_pct": 0.020432954775134644,
          "markup_range": 0.0029860190520070314,
          "min_markup": 0.004941736817598479,
          "n_close_orders": 8,
          "rentry_pprice_dist": 0.040202712910009375,
          "rentry_pprice_dist_wallet_exposure_weighting": 2.16689099002728,
          "wallet_exposure_limit": 0.2},
 "short": {"auto_unstuck_ema_dist": -0.0269567497188873,
           "auto_unstuck_wallet_exposure_threshold": 0.06192526987532941,
           "backwards_tp": true,
           "ddown_factor": 2.7915575774951056,
           "ema_span_0": 1093.9322345508833,
           "ema_span_1": 230.940330240447,
           "enabled": false,
           "initial_eprice_ema_dist": -0.06761233995184604,
           "initial_qty_pct": 0.09504056238372692,
           "markup_range": 0.021149217373743215,
           "min_markup": 0.005764901927278327,
           "n_close_orders": 15,
           "rentry_pprice_dist": 0.042899324959624646,
           "rentry_pprice_dist_wallet_exposure_weighting": 4.621109378036829,
           "wallet_exposure_limit": 1.0}}