{"config_name": "neat_grid_0days",
 "logging_level": 0,
 "long": {"auto_unstuck_ema_dist": 0.010483046988336233,
          "auto_unstuck_wallet_exposure_threshold": 0.2830859100881277,
          "backwards_tp": true,
          "ema_span_0": 954.7263758668678,
          "ema_span_1": 1072.7850157539297,
          "enabled": true,
          "eprice_exp_base": 1.3247888022302925,
          "eqty_exp_base": 1.8705723935601395,
          "grid_span": 0.4,
          "initial_eprice_ema_dist": -0.09720098834056111,
          "initial_qty_pct": 0.01,
          "markup_range": 0.003,
          "max_n_entry_orders": 13,
          "min_markup": 0.002,
          "n_close_orders": 7,
          "wallet_exposure_limit": 0.2},
 "short": {"auto_unstuck_ema_dist": 0.09485079452927256,
           "auto_unstuck_wallet_exposure_threshold": 0.0342323973062516,
           "backwards_tp": true,
           "ema_span_0": 578.3391206630806,
           "ema_span_1": 520.1359540433111,
           "enabled": true,
           "eprice_exp_base": 1.2635628410781872,
           "eqty_exp_base": 1.7315218365365461,
           "grid_span": 0.2692351234120899,
           "initial_eprice_ema_dist": -0.06100438004014888,
           "initial_qty_pct": 0.01,
           "markup_range": 0.00284862980722067,
           "max_n_entry_orders": 9,
           "min_markup": 0.002,
           "n_close_orders": 18,
           "wallet_exposure_limit": 0.1}}