{"config_name": "emas_0days",
 "long": {"delay_between_fills_minutes_close": 410.28586745207565,
          "delay_between_fills_minutes_entry": 442.7988652892365,
          "delay_weight_close": -97.60383394854105,
          "delay_weight_entry": 24.51826790427369,
          "ema_dist_lower": 0.008358336094653083,
          "ema_dist_upper": 0.0008844136306673716,
          "ema_span_0": 1271.920474309199,
          "ema_span_1": 1241.5685036467555,
          "enabled": true,
          "markup_range": 0.03,
          "min_markup": 0.01725668318547705,
          "n_close_orders": 3,
          "qty_pct_close": 0.004348176221583714,
          "qty_pct_entry": 0.016145712147529773,
          "wallet_exposure_limit": 1,
          "we_multiplier_close": 141.5007366143061,
          "we_multiplier_entry": 58.210017646407316},
 "short": {"delay_between_fills_minutes_close": 232.33006984002577,
           "delay_between_fills_minutes_entry": 4019.0831284180035,
           "delay_weight_close": -53.34030472169625,
           "delay_weight_entry": 2.5219583013398807,
           "ema_dist_lower": 0.01324612073636556,
           "ema_dist_upper": 0.00987910750541697,
           "ema_span_0": 291.86908548717145,
           "ema_span_1": 776.729197146229,
           "enabled": false,
           "markup_range": 0.06828118737637706,
           "min_markup": 0.05749979100604214,
           "n_close_orders": 10,
           "qty_pct_close": 0.029704101832388214,
           "qty_pct_entry": 0.03975407705394344,
           "wallet_exposure_limit": 1.0,
           "we_multiplier_close": 31.76423795360706,
           "we_multiplier_entry": 35.902511233648276}}