{"config_name": "recursive_grid_0days",
 "logging_level": 0,
 "long": {"auto_unstuck_ema_dist": 0,
          "auto_unstuck_wallet_exposure_threshold": 0,
          "backwards_tp": false,
          "ddown_factor": 2.9042683619692866,
          "ema_span_0": 329.0550298063764,
          "ema_span_1": 345.0381573964322,
          "enabled": true,
          "initial_eprice_ema_dist": -0.1,
          "initial_qty_pct": 0.002169770117827403,
          "markup_range": 0.034526994880208724,
          "min_markup": 0.005043520883455165,
          "n_close_orders": 4,
          "rentry_pprice_dist": 0.029438841865064472,
          "rentry_pprice_dist_wallet_exposure_weighting": 1.684381677702339,
          "wallet_exposure_limit": 0.2},
 "short": {"auto_unstuck_ema_dist": 0.07601590897231984,
           "auto_unstuck_wallet_exposure_threshold": 0.09030169101966476,
           "backwards_tp": false,
           "ddown_factor": 1.1223971419590808,
           "ema_span_0": 1905.827586219338,
           "ema_span_1": 7150.865635140119,
           "enabled": false,
           "initial_eprice_ema_dist": -0.05252215830303085,
           "initial_qty_pct": 0.015,
           "markup_range": 0.0245322893363167,
           "min_markup": 0.003002068383764704,
           "n_close_orders": 13,
           "rentry_pprice_dist": 0.03273786741532007,
           "rentry_pprice_dist_wallet_exposure_weighting": 80.73767984077665,
           "wallet_exposure_limit": 0.1}}