{"config_name": "recursive_grid_0days",
 "logging_level": 0,
 "long": {"auto_unstuck_ema_dist": -0.013726311014945165,
          "auto_unstuck_wallet_exposure_threshold": 0.03001669590723251,
          "backwards_tp": true,
          "ddown_factor": 1.5677219506949016,
          "ema_span_0": 69.37618395266296,
          "ema_span_1": 675.7953215272573,
          "enabled": true,
          "initial_eprice_ema_dist": 0.01,
          "initial_qty_pct": 0.07439982058534367,
          "markup_range": 0.004930432824133733,
          "min_markup": 0.009680069809768585,
          "n_close_orders": 8,
          "rentry_pprice_dist": 0.02937035235517727,
          "rentry_pprice_dist_wallet_exposure_weighting": 1.1508228286991276,
          "wallet_exposure_limit": 1},
 "short": {"auto_unstuck_ema_dist": -0.0937393294602532,
           "auto_unstuck_wallet_exposure_threshold": 0.051201577012325195,
           "backwards_tp": true,
           "ddown_factor": 0.845182846633006,
           "ema_span_0": 628.1949187702902,
           "ema_span_1": 155.79718619763034,
           "enabled": false,
           "initial_eprice_ema_dist": -0.013427650176457931,
           "initial_qty_pct": 0.08893178765343926,
           "markup_range": 0.03846807223566283,
           "min_markup": 0.0036455982152013484,
           "n_close_orders": 5,
           "rentry_pprice_dist": 0.01616340522284988,
           "rentry_pprice_dist_wallet_exposure_weighting": 4.583827896206016,
           "wallet_exposure_limit": 1.0}}