{"config_name": "recursive_grid_0days",
 "logging_level": 0,
 "long": {"auto_unstuck_ema_dist": -0.015490877146206231,
          "auto_unstuck_wallet_exposure_threshold": 0.04627385330563459,
          "backwards_tp": true,
          "ddown_factor": 2.0597644200626495,
          "ema_span_0": 229.6099611841978,
          "ema_span_1": 545.3870238330594,
          "enabled": true,
          "initial_eprice_ema_dist": 0.003815299084195155,
          "initial_qty_pct": 0.0146998843537615,
          "markup_range": 0.00381610004749503,
          "min_markup": 0.004509111297449391,
          "n_close_orders": 2,
          "rentry_pprice_dist": 0.015211573978797202,
          "rentry_pprice_dist_wallet_exposure_weighting": 4.773328731626657,
          "wallet_exposure_limit": 1},
 "short": {"auto_unstuck_ema_dist": -0.043279582464415656,
           "auto_unstuck_wallet_exposure_threshold": 0.070461954236334,
           "backwards_tp": true,
           "ddown_factor": 2.4027170252273033,
           "ema_span_0": 118.77370020642982,
           "ema_span_1": 88.36218827039391,
           "enabled": false,
           "initial_eprice_ema_dist": -0.07434710036297112,
           "initial_qty_pct": 0.056746622858321036,
           "markup_range": 0.007520033540490402,
           "min_markup": 0.006562427233965451,
           "n_close_orders": 15,
           "rentry_pprice_dist": 0.04772341669604788,
           "rentry_pprice_dist_wallet_exposure_weighting": 12.63829650071061,
           "wallet_exposure_limit": 1.0}}