{"config_name": "recursive_grid_0days",
 "logging_level": 0,
 "long": {"auto_unstuck_ema_dist": -0.0026125599127417493,
          "auto_unstuck_wallet_exposure_threshold": 0.07888864477920057,
          "backwards_tp": true,
          "ddown_factor": 1.5908885549717187,
          "ema_span_0": 128.5625633706104,
          "ema_span_1": 372.6238791691853,
          "enabled": true,
          "initial_eprice_ema_dist": 0.007783671452118358,
          "initial_qty_pct": 0.014283333352135079,
          "markup_range": 0.0,
          "min_markup": 0.0054700153194793474,
          "n_close_orders": 4,
          "rentry_pprice_dist": 0.01298599598121699,
          "rentry_pprice_dist_wallet_exposure_weighting": 10.680930426669832,
          "wallet_exposure_limit": 1},
 "short": {"auto_unstuck_ema_dist": -0.010889345063660363,
           "auto_unstuck_wallet_exposure_threshold": 0.06818429710009413,
           "backwards_tp": true,
           "ddown_factor": 2.3716843915444676,
           "ema_span_0": 534.7673527410725,
           "ema_span_1": 874.2064868208408,
           "enabled": false,
           "initial_eprice_ema_dist": -0.04080877179630347,
           "initial_qty_pct": 0.0718986954379129,
           "markup_range": 0.018234643907411974,
           "min_markup": 0.004968775771394846,
           "n_close_orders": 8,
           "rentry_pprice_dist": 0.010405988003724522,
           "rentry_pprice_dist_wallet_exposure_weighting": 38.178470736874345,
           "wallet_exposure_limit": 1.0}}