{"config_name": "recursive_grid_0days",
 "logging_level": 0,
 "long": {"auto_unstuck_ema_dist": 0.001,
          "auto_unstuck_wallet_exposure_threshold": 0.061231948255006184,
          "backwards_tp": true,
          "ddown_factor": 0.3524033623126335,
          "ema_span_0": 141.37306410611455,
          "ema_span_1": 200.44078452756054,
          "enabled": true,
          "initial_eprice_ema_dist": -0.08645745351968748,
          "initial_qty_pct": 0.021331375201449426,
          "markup_range": 0.006781426765221229,
          "min_markup": 0.007341097716200876,
          "n_close_orders": 2,
          "rentry_pprice_dist": 0.032449705968001064,
          "rentry_pprice_dist_wallet_exposure_weighting": 2.7573284053902296,
          "wallet_exposure_limit": 1},
 "short": {"auto_unstuck_ema_dist": -0.028763507123225354,
           "auto_unstuck_wallet_exposure_threshold": 0.059880369237138714,
           "backwards_tp": true,
           "ddown_factor": 1.2237585982024086,
           "ema_span_0": 302.95632186097583,
           "ema_span_1": 979.4761571355333,
           "enabled": false,
           "initial_eprice_ema_dist": -0.03580500658477066,
           "initial_qty_pct": 0.017669153700697052,
           "markup_range": 0.014982472292578401,
           "min_markup": 0.006961548977498409,
           "n_close_orders": 13,
           "rentry_pprice_dist": 0.030635842684324874,
           "rentry_pprice_dist_wallet_exposure_weighting": 9.322492259452355,
           "wallet_exposure_limit": 1.0}}