{"config_name": "recursive_grid_0days",
 "logging_level": 0,
 "long": {"auto_unstuck_ema_dist": 0.0,
          "auto_unstuck_wallet_exposure_threshold": 0,
          "backwards_tp": false,
          "ddown_factor": 2.6654480655585693,
          "ema_span_0": 517.3441788954975,
          "ema_span_1": 930.9824709617261,
          "enabled": true,
          "initial_eprice_ema_dist": -0.1,
          "initial_qty_pct": 0.0023998952122314702,
          "markup_range": 0.033731518313224594,
          "min_markup": 0.009618347573954961,
          "n_close_orders": 4,
          "rentry_pprice_dist": 0.027905118917400752,
          "rentry_pprice_dist_wallet_exposure_weighting": 2.466341065767319,
          "wallet_exposure_limit": 0.2},
 "short": {"auto_unstuck_ema_dist": 0.05148067664648094,
           "auto_unstuck_wallet_exposure_threshold": 0.05937118016037452,
           "backwards_tp": false,
           "ddown_factor": 2.6068810060275167,
           "ema_span_0": 3249.255559095025,
           "ema_span_1": 7383.225802141513,
           "enabled": false,
           "initial_eprice_ema_dist": -0.017828749178326525,
           "initial_qty_pct": 0.015,
           "markup_range": 0.029428161779369633,
           "min_markup": 0.0010626173872206417,
           "n_close_orders": 7,
           "rentry_pprice_dist": 0.008627067797497546,
           "rentry_pprice_dist_wallet_exposure_weighting": 84.19503437522388,
           "wallet_exposure_limit": 0.1}}