{"config_name": "emas_0days",
 "long": {"delay_between_fills_minutes_close": 500,
          "delay_between_fills_minutes_entry": 454.23705475708977,
          "delay_weight_close": 101.2918988888397,
          "delay_weight_entry": 24.193410626434538,
          "ema_dist_lower": 0.0100402302384195,
          "ema_dist_upper": -0.09784780682322533,
          "ema_span_0": 71.36354990416997,
          "ema_span_1": 738.0479801225558,
          "enabled": true,
          "markup_range": 0.02301870436832149,
          "min_markup": 0.01962655459358494,
          "n_close_orders": 2,
          "qty_pct_close": 0.06441210754630922,
          "qty_pct_entry": 0.02508409666524841,
          "wallet_exposure_limit": 0.25,
          "we_multiplier_close": 51.95499517851872,
          "we_multiplier_entry": 27.36653429872786},
 "short": {"delay_between_fills_minutes_close": 1.0,
           "delay_between_fills_minutes_entry": 408.1816497154448,
           "delay_weight_close": 27.826851246642306,
           "delay_weight_entry": 85.83244949614266,
           "ema_dist_lower": -0.29034787599962353,
           "ema_dist_upper": -0.5868232513549864,
           "ema_span_0": 1396.7815449772436,
           "ema_span_1": 1792.100192042962,
           "enabled": false,
           "markup_range": 0.014444368599143602,
           "min_markup": 0.004155574307263611,
           "n_close_orders": 2,
           "qty_pct_close": 0.038664490799950234,
           "qty_pct_entry": 0.07068804390609981,
           "wallet_exposure_limit": 0.1,
           "we_multiplier_close": 2.777412869396983,
           "we_multiplier_entry": 60.47817301832406}}