{"config_name": "recursive_grid_0days",
 "logging_level": 0,
 "long": {"auto_unstuck_ema_dist": 0.09138849786469971,
          "auto_unstuck_wallet_exposure_threshold": 0.07088642509870488,
          "backwards_tp": false,
          "ddown_factor": 2.3779144799100234,
          "ema_span_0": 1123.5592982662565,
          "ema_span_1": 1168.0397377345848,
          "enabled": true,
          "initial_eprice_ema_dist": 0.006035826442333641,
          "initial_qty_pct": 0.015,
          "markup_range": 0.02645350926385148,
          "min_markup": 0.003654582333746226,
          "n_close_orders": 14,
          "rentry_pprice_dist": 0.022945653887491296,
          "rentry_pprice_dist_wallet_exposure_weighting": 1.1394570871532226,
          "wallet_exposure_limit": 0.1},
 "short": {"auto_unstuck_ema_dist": 0.09285791265406106,
           "auto_unstuck_wallet_exposure_threshold": 0.0630815478514641,
           "backwards_tp": false,
           "ddown_factor": 2.6767829514274317,
           "ema_span_0": 1118.5161034849061,
           "ema_span_1": 10080,
           "enabled": true,
           "initial_eprice_ema_dist": -0.05528020068891671,
           "initial_qty_pct": 0.015,
           "markup_range": 0.018048682681502667,
           "min_markup": 0.001997270938138102,
           "n_close_orders": 4,
           "rentry_pprice_dist": 0.031946964358252346,
           "rentry_pprice_dist_wallet_exposure_weighting": 8.640017749721181,
           "wallet_exposure_limit": 0.1}}