{"config_name": "emas_0days",
 "long": {"delay_between_fills_minutes_close": 4315.789862018133,
          "delay_between_fills_minutes_entry": 3093.2956940473423,
          "delay_weight_close": 7.45716248097892,
          "delay_weight_entry": 11.447985942776922,
          "ema_dist_lower": 0.005565414842609676,
          "ema_dist_upper": 0.007965615749804355,
          "ema_span_0": 1366.386160188803,
          "ema_span_1": 362.0023314623898,
          "enabled": true,
          "markup_range": 0.07,
          "min_markup": 0.06959263439797565,
          "n_close_orders": 3,
          "qty_pct_close": 0.05891073955399545,
          "qty_pct_entry": 0.02089798119949523,
          "wallet_exposure_limit": 1,
          "we_multiplier_close": 55.69759906692225,
          "we_multiplier_entry": 43.862864572397115},
 "short": {"delay_between_fills_minutes_close": 1516.7844734366547,
           "delay_between_fills_minutes_entry": 3706.7466518252354,
           "delay_weight_close": 9.75872461175474,
           "delay_weight_entry": 61.85663653107732,
           "ema_dist_lower": 0.013399225676695438,
           "ema_dist_upper": 0.003929518883366705,
           "ema_span_0": 466.21582335015194,
           "ema_span_1": 3774.1750531741577,
           "enabled": false,
           "markup_range": 0.04764019822749436,
           "min_markup": 0.02301288704153949,
           "n_close_orders": 3,
           "qty_pct_close": 0.07418493634609519,
           "qty_pct_entry": 0.06437577410387711,
           "wallet_exposure_limit": 1.0,
           "we_multiplier_close": 54.137371023800576,
           "we_multiplier_entry": 65.34431685720523}}