{"config_name": "clock_0days",
 "long": {"delay_between_fills_minutes_close": 338.30297770782227,
          "delay_between_fills_minutes_entry": 346.7245189477063,
          "delay_weight_close": 4.805046084594596,
          "delay_weight_entry": 25.233809762555314,
          "ema_dist_lower": 0,
          "ema_dist_upper": 0,
          "ema_span_0": 460.42675178317836,
          "ema_span_1": 247.94707059110573,
          "enabled": true,
          "markup_range": 0.03,
          "min_markup": 0.028854679068798753,
          "n_close_orders": 2,
          "qty_pct_close": 0.01753840312338178,
          "qty_pct_entry": 0.011374756548123024,
          "wallet_exposure_limit": 0.3,
          "we_multiplier_close": 48.29020562994606,
          "we_multiplier_entry": 27.770589559757084},
 "short": {"delay_between_fills_minutes_close": 15.550225307573253,
           "delay_between_fills_minutes_entry": 926.8123913634366,
           "delay_weight_close": 9.475506119096043,
           "delay_weight_entry": 8.522990529983993,
           "ema_dist_lower": 0.014573108280588267,
           "ema_dist_upper": 0.00027180364758338626,
           "ema_span_0": 1176.0339329713279,
           "ema_span_1": 1362.6805963417567,
           "enabled": false,
           "markup_range": 0.06658169297391388,
           "min_markup": 0.02339377903019741,
           "n_close_orders": 9,
           "qty_pct_close": 0.03338437571643515,
           "qty_pct_entry": 0.05701999899127813,
           "wallet_exposure_limit": 1.0,
           "we_multiplier_close": 9.707957461083758,
           "we_multiplier_entry": 40.289626062908546}}