{"config_name": "recursive_grid_0days",
 "logging_level": 0,
 "long": {"auto_unstuck_ema_dist": 0.05149853800314282,
          "auto_unstuck_wallet_exposure_threshold": 0.05113553661034305,
          "backwards_tp": false,
          "ddown_factor": 2.6756152151375923,
          "ema_span_0": 785.6623829455638,
          "ema_span_1": 1030.7473157747936,
          "enabled": false,
          "initial_eprice_ema_dist": -0.08065904278325953,
          "initial_qty_pct": 0.015,
          "markup_range": 0.01802109550937327,
          "min_markup": 0.003363026113128425,
          "n_close_orders": 8,
          "rentry_pprice_dist": 0.014458755102158053,
          "rentry_pprice_dist_wallet_exposure_weighting": 45.61959072389273,
          "wallet_exposure_limit": 0.1},
 "short": {"auto_unstuck_ema_dist": 0,
           "auto_unstuck_wallet_exposure_threshold": 0,
           "backwards_tp": false,
           "ddown_factor": 0.9010767786765845,
           "ema_span_0": 3565.7751586548175,
           "ema_span_1": 6694.50246631983,
           "enabled": true,
           "initial_eprice_ema_dist": -0.04694330096985072,
           "initial_qty_pct": 0.0021186135131766805,
           "markup_range": 0.025350600115760354,
           "min_markup": 0.019065352896995114,
           "n_close_orders": 5,
           "rentry_pprice_dist": 0.037490575234302104,
           "rentry_pprice_dist_wallet_exposure_weighting": 0,
           "wallet_exposure_limit": 0.2}}