{"config_name": "recursive_grid_0days",
 "logging_level": 0,
 "long": {"auto_unstuck_ema_dist": 0,
          "auto_unstuck_wallet_exposure_threshold": 0,
          "backwards_tp": false,
          "ddown_factor": 1.3445689826785732,
          "ema_span_0": 136.1949893166436,
          "ema_span_1": 623.0751884736703,
          "enabled": true,
          "initial_eprice_ema_dist": -0.1,
          "initial_qty_pct": 0.0016200068728282205,
          "markup_range": 0.0385220448931068,
          "min_markup": 0.014724251980064435,
          "n_close_orders": 4,
          "rentry_pprice_dist": 0.029122589573530745,
          "rentry_pprice_dist_wallet_exposure_weighting": 0,
          "wallet_exposure_limit": 0.2},
 "short": {"auto_unstuck_ema_dist": 0.042516903185021396,
           "auto_unstuck_wallet_exposure_threshold": 0.034069643824583655,
           "backwards_tp": true,
           "ddown_factor": 1.6251652242126695,
           "ema_span_0": 951.4616580232013,
           "ema_span_1": 4469.451546125232,
           "enabled": false,
           "initial_eprice_ema_dist": -0.03408273265758509,
           "initial_qty_pct": 0.015,
           "markup_range": 0.020027562397329793,
           "min_markup": 0.0010888686793944075,
           "n_close_orders": 16,
           "rentry_pprice_dist": 0.026029197465870988,
           "rentry_pprice_dist_wallet_exposure_weighting": 16.297712149049133,
           "wallet_exposure_limit": 0.1}}