{"config_name": "recursive_grid_0days",
 "logging_level": 0,
 "long": {"auto_unstuck_ema_dist": -0.006254865636403331,
          "auto_unstuck_wallet_exposure_threshold": 0.08253427460912394,
          "backwards_tp": true,
          "ddown_factor": 2.1651233680863604,
          "ema_span_0": 1364.4793045790627,
          "ema_span_1": 186.0043902169458,
          "enabled": true,
          "initial_eprice_ema_dist": 0.002611955692601369,
          "initial_qty_pct": 0.01,
          "markup_range": 0.003650057346156991,
          "min_markup": 0.0018318806165106756,
          "n_close_orders": 4,
          "rentry_pprice_dist": 0.028710694132932434,
          "rentry_pprice_dist_wallet_exposure_weighting": 1.5975711712435934,
          "wallet_exposure_limit": 0.2},
 "short": {"auto_unstuck_ema_dist": -0.04844240684916392,
           "auto_unstuck_wallet_exposure_threshold": 0.06280874467963185,
           "backwards_tp": true,
           "ddown_factor": 1.2540463800396489,
           "ema_span_0": 782.3854612644308,
           "ema_span_1": 1240.8133891959305,
           "enabled": false,
           "initial_eprice_ema_dist": -0.07256412961686812,
           "initial_qty_pct": 0.027696817102319228,
           "markup_range": 0.008192969951860387,
           "min_markup": 0.005020537980350405,
           "n_close_orders": 14,
           "rentry_pprice_dist": 0.04391453148519093,
           "rentry_pprice_dist_wallet_exposure_weighting": 12.137002493638722,
           "wallet_exposure_limit": 1.0}}