{"config_name": "recursive_grid_0days",
 "logging_level": 0,
 "long": {"auto_unstuck_ema_dist": 0,
          "auto_unstuck_wallet_exposure_threshold": 0,
          "backwards_tp": false,
          "ddown_factor": 2.4748769462968623,
          "ema_span_0": 292.62589611793135,
          "ema_span_1": 368.9755205613438,
          "enabled": true,
          "initial_eprice_ema_dist": -0.1,
          "initial_qty_pct": 0.0030991444524854743,
          "markup_range": 0.039953106822363305,
          "min_markup": 0.004247762545225229,
          "n_close_orders": 5,
          "rentry_pprice_dist": 0.02977373343291305,
          "rentry_pprice_dist_wallet_exposure_weighting": 0.9072610425112266,
          "wallet_exposure_limit": 0.2},
 "short": {"auto_unstuck_ema_dist": 0.07444864952528461,
           "auto_unstuck_wallet_exposure_threshold": 0.055392891977513965,
           "backwards_tp": false,
           "ddown_factor": 0.9037101791888258,
           "ema_span_0": 2150.1704575334397,
           "ema_span_1": 5743.621772741923,
           "enabled": false,
           "initial_eprice_ema_dist": -0.03774754447566754,
           "initial_qty_pct": 0.015,
           "markup_range": 0.008705311441693111,
           "min_markup": 0.0022481517152321277,
           "n_close_orders": 17,
           "rentry_pprice_dist": 0.012212251239046278,
           "rentry_pprice_dist_wallet_exposure_weighting": 35.70256681251845,
           "wallet_exposure_limit": 0.1}}