{"config_name": "recursive_grid_0days",
 "logging_level": 0,
 "long": {"auto_unstuck_ema_dist": 0,
          "auto_unstuck_wallet_exposure_threshold": 0.0,
          "backwards_tp": false,
          "ddown_factor": 1.9019445798472632,
          "ema_span_0": 35.84735096306893,
          "ema_span_1": 204.81434696123517,
          "enabled": true,
          "initial_eprice_ema_dist": -0.1,
          "initial_qty_pct": 0.0031507695082174762,
          "markup_range": 0.03564260145951166,
          "min_markup": 0.006554553598071115,
          "n_close_orders": 4,
          "rentry_pprice_dist": 0.03335080115292334,
          "rentry_pprice_dist_wallet_exposure_weighting": 0,
          "wallet_exposure_limit": 0.2},
 "short": {"auto_unstuck_ema_dist": 0.022480147657326307,
           "auto_unstuck_wallet_exposure_threshold": 0.022047438818258866,
           "backwards_tp": true,
           "ddown_factor": 0.29364563081830375,
           "ema_span_0": 663.4370943825479,
           "ema_span_1": 9239.009653826939,
           "enabled": false,
           "initial_eprice_ema_dist": -0.06909277896406965,
           "initial_qty_pct": 0.015,
           "markup_range": 0.005082380945005133,
           "min_markup": 0.003643899102150204,
           "n_close_orders": 19,
           "rentry_pprice_dist": 0.03556244239638972,
           "rentry_pprice_dist_wallet_exposure_weighting": 58.4034329354538,
           "wallet_exposure_limit": 0.1}}