{"config_name": "recursive_grid_0days",
 "logging_level": 0,
 "long": {"auto_unstuck_ema_dist": 0.003414662146351531,
          "auto_unstuck_wallet_exposure_threshold": 0.09001213154123372,
          "backwards_tp": true,
          "ddown_factor": 0.7952605040969767,
          "ema_span_0": 307.0606936731597,
          "ema_span_1": 661.7658179217273,
          "enabled": true,
          "initial_eprice_ema_dist": -0.04303974139407584,
          "initial_qty_pct": 0.012037962072937081,
          "markup_range": 0.0027097176728618846,
          "min_markup": 0.0047271769729031665,
          "n_close_orders": 16,
          "rentry_pprice_dist": 0.03751169208231031,
          "rentry_pprice_dist_wallet_exposure_weighting": 0.015079610424402623,
          "wallet_exposure_limit": 0.2},
 "short": {"auto_unstuck_ema_dist": 5.87607014775085e-05,
           "auto_unstuck_wallet_exposure_threshold": 0.0693569059868296,
           "backwards_tp": true,
           "ddown_factor": 1.9534405249238258,
           "ema_span_0": 1926.0821361758055,
           "ema_span_1": 3294.802940860318,
           "enabled": true,
           "initial_eprice_ema_dist": -0.06693890618127606,
           "initial_qty_pct": 0.02533495428960983,
           "markup_range": 0.002357754791396065,
           "min_markup": 0.003444108782623093,
           "n_close_orders": 16,
           "rentry_pprice_dist": 0.006219998998145022,
           "rentry_pprice_dist_wallet_exposure_weighting": 32.95753263567365,
           "wallet_exposure_limit": 0.1}}