{"config_name": "clock_0days",
 "long": {"backwards_tp": true,
          "delay_between_fills_minutes_close": 1433.6848972558585,
          "delay_between_fills_minutes_entry": 1440,
          "delay_weight_close": 0,
          "delay_weight_entry": 16.701737903014347,
          "ema_dist_close": 0.0021784265571244475,
          "ema_dist_entry": 0.003,
          "ema_span_0": 1440,
          "ema_span_1": 1440,
          "enabled": true,
          "markup_range": 0.007140347629049973,
          "min_markup": 0.006271195285966604,
          "n_close_orders": 3,
          "qty_pct_close": 0.01,
          "qty_pct_entry": 0.024097369886224983,
          "wallet_exposure_limit": 0.5,
          "we_multiplier_close": 0,
          "we_multiplier_entry": 0},
 "short": {"backwards_tp": true,
           "delay_between_fills_minutes_close": 527.6441095651026,
           "delay_between_fills_minutes_entry": 1265.046333872539,
           "delay_weight_close": 0.0,
           "delay_weight_entry": 1.1864873758040018,
           "ema_dist_close": -0.03558474839887168,
           "ema_dist_entry": -0.018032691130337404,
           "ema_span_0": 339.54073615100094,
           "ema_span_1": 513.5929244482365,
           "enabled": true,
           "markup_range": 0.03689682634961531,
           "min_markup": 0.00730749678619078,
           "n_close_orders": 13,
           "qty_pct_close": 0.030195577895304384,
           "qty_pct_entry": 0.06429793880897927,
           "wallet_exposure_limit": 0.25,
           "we_multiplier_close": 0,
           "we_multiplier_entry": 113.77037774639102}}