{"config_name": "clock_0days",
 "long": {"backwards_tp": true,
          "delay_between_fills_minutes_close": 1440,
          "delay_between_fills_minutes_entry": 1265.2373353178825,
          "delay_weight_close": 0,
          "delay_weight_entry": 13.111762694304998,
          "ema_dist_close": 0.0026031752815090076,
          "ema_dist_entry": 0.0016634504142171796,
          "ema_span_0": 1100.3703061435851,
          "ema_span_1": 5.170174418680644,
          "enabled": true,
          "markup_range": 0.039976585682831536,
          "min_markup": 0.008547008761068313,
          "n_close_orders": 6,
          "qty_pct_close": 0.025068203520529596,
          "qty_pct_entry": 0.01,
          "wallet_exposure_limit": 0.5,
          "we_multiplier_close": 0,
          "we_multiplier_entry": 4.320603941019064},
 "short": {"backwards_tp": true,
           "delay_between_fills_minutes_close": 1426.0074909260602,
           "delay_between_fills_minutes_entry": 1194.3223501676675,
           "delay_weight_close": 0.0,
           "delay_weight_entry": 8.454320135941432,
           "ema_dist_close": -0.015632182567243073,
           "ema_dist_entry": -0.0014092317952955665,
           "ema_span_0": 1440,
           "ema_span_1": 1367.4544273436604,
           "enabled": true,
           "markup_range": 0.01871190127523411,
           "min_markup": 0.009445073081249124,
           "n_close_orders": 13,
           "qty_pct_close": 0.010658416731175027,
           "qty_pct_entry": 0.016573948341681414,
           "wallet_exposure_limit": 0.25,
           "we_multiplier_close": 0,
           "we_multiplier_entry": 63.811233683777424}}