{"config_name": "clock_0days",
 "long": {"backwards_tp": true,
          "delay_between_fills_minutes_close": 1165.9523493285096,
          "delay_between_fills_minutes_entry": 924.9640467198453,
          "delay_weight_close": 0,
          "delay_weight_entry": 15.45110560817491,
          "ema_dist_close": 0.0004672427771704608,
          "ema_dist_entry": 0.003,
          "ema_span_0": 1060.3485565274814,
          "ema_span_1": 204.32586503236593,
          "enabled": true,
          "markup_range": 0.00777720045350167,
          "min_markup": 0.01,
          "n_close_orders": 15,
          "qty_pct_close": 0.019383868483171824,
          "qty_pct_entry": 0.01618147682358282,
          "wallet_exposure_limit": 0.5,
          "we_multiplier_close": 0,
          "we_multiplier_entry": 36.408321595135405},
 "short": {"backwards_tp": true,
           "delay_between_fills_minutes_close": 955.3836512540673,
           "delay_between_fills_minutes_entry": 1026.6078980169286,
           "delay_weight_close": 0,
           "delay_weight_entry": 8.98300290047669,
           "ema_dist_close": -0.023161307068726548,
           "ema_dist_entry": 0.003,
           "ema_span_0": 869.1625516528246,
           "ema_span_1": 243.94954348116414,
           "enabled": true,
           "markup_range": 0.026036801895687325,
           "min_markup": 0.004600381803759899,
           "n_close_orders": 12,
           "qty_pct_close": 0.011287331409406706,
           "qty_pct_entry": 0.02110574589618735,
           "wallet_exposure_limit": 0.25,
           "we_multiplier_close": 0,
           "we_multiplier_entry": 31.859815079268067}}