{"config_name": "clock_0days",
 "long": {"backwards_tp": true,
          "delay_between_fills_minutes_close": 586.7825282914297,
          "delay_between_fills_minutes_entry": 498.20702879072076,
          "delay_weight_close": 0,
          "delay_weight_entry": 21.40046638514424,
          "ema_dist_close": -0.0009031901648905993,
          "ema_dist_entry": 0.0028016543165077104,
          "ema_span_0": 1184.957230347227,
          "ema_span_1": 186.5568824754955,
          "enabled": true,
          "markup_range": 0.00417529413880683,
          "min_markup": 0.00623381946803676,
          "n_close_orders": 15,
          "qty_pct_close": 0.018133683602183127,
          "qty_pct_entry": 0.01591625235291624,
          "wallet_exposure_limit": 0.5,
          "we_multiplier_close": 0.0,
          "we_multiplier_entry": 66.69717325079355},
 "short": {"backwards_tp": true,
           "delay_between_fills_minutes_close": 1440,
           "delay_between_fills_minutes_entry": 805.4186040524753,
           "delay_weight_close": 0.0,
           "delay_weight_entry": 5.577238810609209,
           "ema_dist_close": -0.015940489046977542,
           "ema_dist_entry": 9.621993152557904e-05,
           "ema_span_0": 1297.172031671116,
           "ema_span_1": 1097.689444664438,
           "enabled": true,
           "markup_range": 0.018346830466923706,
           "min_markup": 0.008968060575202377,
           "n_close_orders": 7,
           "qty_pct_close": 0.011485069038669004,
           "qty_pct_entry": 0.01280381582815468,
           "wallet_exposure_limit": 0.25,
           "we_multiplier_close": 0,
           "we_multiplier_entry": 35.17047293002315}}