{"config_name": "clock_0days",
 "long": {"backwards_tp": true,
          "delay_between_fills_minutes_close": 1193.5680571382932,
          "delay_between_fills_minutes_entry": 1436.162646851343,
          "delay_weight_close": 0,
          "delay_weight_entry": 20.63034087445603,
          "ema_dist_close": -0.005811731100002459,
          "ema_dist_entry": -0.0017359745424171636,
          "ema_span_0": 316.3282628497783,
          "ema_span_1": 1009.8022326440039,
          "enabled": true,
          "markup_range": 0.00924469828984262,
          "min_markup": 0.007138885189069756,
          "n_close_orders": 3,
          "qty_pct_close": 0.039309327504900064,
          "qty_pct_entry": 0.01,
          "wallet_exposure_limit": 0.5,
          "we_multiplier_close": 0.0,
          "we_multiplier_entry": 159.44600572282926},
 "short": {"backwards_tp": true,
           "delay_between_fills_minutes_close": 936.2700323679759,
           "delay_between_fills_minutes_entry": 1103.3759193524581,
           "delay_weight_close": 0.0,
           "delay_weight_entry": 11.668282440417862,
           "ema_dist_close": -0.0014237237758635128,
           "ema_dist_entry": 0.0016993261002534316,
           "ema_span_0": 286.974377804821,
           "ema_span_1": 1333.558708343636,
           "enabled": true,
           "markup_range": 0.015942192149387097,
           "min_markup": 0.0047071097057020195,
           "n_close_orders": 11,
           "qty_pct_close": 0.010625906113839477,
           "qty_pct_entry": 0.022271293906062698,
           "wallet_exposure_limit": 0.25,
           "we_multiplier_close": 0,
           "we_multiplier_entry": 46.20809022800159}}