{"config_name": "clock_0days",
 "long": {"backwards_tp": true,
          "delay_between_fills_minutes_close": 907.1899794501192,
          "delay_between_fills_minutes_entry": 1251.3742090396765,
          "delay_weight_close": 0,
          "delay_weight_entry": 30.34760290287337,
          "ema_dist_close": -0.00956018256881808,
          "ema_dist_entry": 0.001872191788782528,
          "ema_span_0": 919.2958054802087,
          "ema_span_1": 860.737942104143,
          "enabled": true,
          "markup_range": 0.009792818527845991,
          "min_markup": 0.008789976921610647,
          "n_close_orders": 6,
          "qty_pct_close": 0.012825298950587923,
          "qty_pct_entry": 0.01,
          "wallet_exposure_limit": 0.5,
          "we_multiplier_close": 0,
          "we_multiplier_entry": 25.9998776327775},
 "short": {"backwards_tp": true,
           "delay_between_fills_minutes_close": 833.3323287202405,
           "delay_between_fills_minutes_entry": 1241.6906508932063,
           "delay_weight_close": 0.0,
           "delay_weight_entry": 19.056815431853153,
           "ema_dist_close": -0.0015709077064255876,
           "ema_dist_entry": 0.0026858815791035813,
           "ema_span_0": 129.9657102249405,
           "ema_span_1": 1417.3004205791365,
           "enabled": true,
           "markup_range": 0.01877920259945189,
           "min_markup": 0.01,
           "n_close_orders": 14,
           "qty_pct_close": 0.01,
           "qty_pct_entry": 0.01506487108498251,
           "wallet_exposure_limit": 0.25,
           "we_multiplier_close": 0,
           "we_multiplier_entry": 23.20802254257587}}