{"config_name": "clock_0days",
 "long": {"backwards_tp": true,
          "delay_between_fills_minutes_close": 1053.1577897239704,
          "delay_between_fills_minutes_entry": 1275.5481849294274,
          "delay_weight_close": 0,
          "delay_weight_entry": 23.569397284638967,
          "ema_dist_close": -0.013204300762084611,
          "ema_dist_entry": 0.0017432225294536806,
          "ema_span_0": 1170.2688139683917,
          "ema_span_1": 339.62359493581835,
          "enabled": true,
          "markup_range": 0.011544278863104588,
          "min_markup": 0.0018184823340374006,
          "n_close_orders": 2,
          "qty_pct_close": 0.011320898931128025,
          "qty_pct_entry": 0.01,
          "wallet_exposure_limit": 0.5,
          "we_multiplier_close": 0,
          "we_multiplier_entry": 190.24947296454346},
 "short": {"backwards_tp": true,
           "delay_between_fills_minutes_close": 1218.0791296736993,
           "delay_between_fills_minutes_entry": 922.8579820506942,
           "delay_weight_close": 0,
           "delay_weight_entry": 24.4679359619186,
           "ema_dist_close": -0.014168294526887108,
           "ema_dist_entry": 0.001676260651989928,
           "ema_span_0": 258.5480119710297,
           "ema_span_1": 1440,
           "enabled": true,
           "markup_range": 0.00995339858691622,
           "min_markup": 0.007505894795124928,
           "n_close_orders": 15,
           "qty_pct_close": 0.010310940331693452,
           "qty_pct_entry": 0.015571369744418513,
           "wallet_exposure_limit": 0.25,
           "we_multiplier_close": 0.0,
           "we_multiplier_entry": 49.27782164415914}}