{"config_name": "clock_0days",
 "long": {"backwards_tp": true,
          "delay_between_fills_minutes_close": 991.4486124017881,
          "delay_between_fills_minutes_entry": 1331.9562017172332,
          "delay_weight_close": 0,
          "delay_weight_entry": 33.63539663177873,
          "ema_dist_close": -0.007598185000193887,
          "ema_dist_entry": 0.00024485952460209434,
          "ema_span_0": 1126.9153940189135,
          "ema_span_1": 1000.1749068939773,
          "enabled": true,
          "markup_range": 0.00638164679249556,
          "min_markup": 0.006130441060328017,
          "n_close_orders": 3,
          "qty_pct_close": 0.021913614332792392,
          "qty_pct_entry": 0.01,
          "wallet_exposure_limit": 0.5,
          "we_multiplier_close": 0,
          "we_multiplier_entry": 45.05439061598637},
 "short": {"backwards_tp": true,
           "delay_between_fills_minutes_close": 1398.7013838038606,
           "delay_between_fills_minutes_entry": 772.6955115338286,
           "delay_weight_close": 0,
           "delay_weight_entry": 6.601808876489448,
           "ema_dist_close": -0.0015501770926743287,
           "ema_dist_entry": -0.0103195132377472,
           "ema_span_0": 893.9204174037881,
           "ema_span_1": 163.12166270265203,
           "enabled": true,
           "markup_range": 0.007705001587501453,
           "min_markup": 0.002704703750518613,
           "n_close_orders": 14,
           "qty_pct_close": 0.011273162149991188,
           "qty_pct_entry": 0.011618098080251573,
           "wallet_exposure_limit": 0.25,
           "we_multiplier_close": 0,
           "we_multiplier_entry": 145.54535821370288}}