{"config_name": "clock_0days",
 "long": {"backwards_tp": true,
          "delay_between_fills_minutes_close": 1396.9815567497722,
          "delay_between_fills_minutes_entry": 1130.7020518456306,
          "delay_weight_close": 0.0,
          "delay_weight_entry": 11.754768072192112,
          "ema_dist_close": 0.00013859103742226887,
          "ema_dist_entry": 0.003,
          "ema_span_0": 1377.6844965092432,
          "ema_span_1": 241.60133533452208,
          "enabled": true,
          "markup_range": 0.011191349124366685,
          "min_markup": 0.005942108036818921,
          "n_close_orders": 3,
          "qty_pct_close": 0.010901717521074031,
          "qty_pct_entry": 0.012030786658071922,
          "wallet_exposure_limit": 0.5,
          "we_multiplier_close": 0,
          "we_multiplier_entry": 51.83857023191242},
 "short": {"backwards_tp": true,
           "delay_between_fills_minutes_close": 956.2806178018201,
           "delay_between_fills_minutes_entry": 1236.165165793133,
           "delay_weight_close": 0,
           "delay_weight_entry": 7.305474593865956,
           "ema_dist_close": -0.0029577319919037574,
           "ema_dist_entry": -0.0019734222876015006,
           "ema_span_0": 312.4799332414374,
           "ema_span_1": 1201.0943183369352,
           "enabled": true,
           "markup_range": 0.014788361853189881,
           "min_markup": 0.005471400949310807,
           "n_close_orders": 7,
           "qty_pct_close": 0.012553890229731645,
           "qty_pct_entry": 0.016796430677487807,
           "wallet_exposure_limit": 0.25,
           "we_multiplier_close": 0.0,
           "we_multiplier_entry": 119.1994512623689}}