{"config_name": "recursive_grid_0days",
 "logging_level": 0,
 "long": {"auto_unstuck_ema_dist": 0,
          "auto_unstuck_wallet_exposure_threshold": 0,
          "backwards_tp": false,
          "ddown_factor": 2.1621780537596393,
          "ema_span_0": 357.5095288884172,
          "ema_span_1": 427.0257070857666,
          "enabled": true,
          "initial_eprice_ema_dist": -0.1,
          "initial_qty_pct": 0.0015790052891934108,
          "markup_range": 0.03405336717017999,
          "min_markup": 0.006082871515963975,
          "n_close_orders": 5,
          "rentry_pprice_dist": 0.031059533060094652,
          "rentry_pprice_dist_wallet_exposure_weighting": 0.0,
          "wallet_exposure_limit": 0.2},
 "short": {"auto_unstuck_ema_dist": 0.041918292977974156,
           "auto_unstuck_wallet_exposure_threshold": 0.041155584523998215,
           "backwards_tp": true,
           "ddown_factor": 1.2470203756065057,
           "ema_span_0": 819.669076446987,
           "ema_span_1": 2579.3125628612274,
           "enabled": false,
           "initial_eprice_ema_dist": -0.09685575716010238,
           "initial_qty_pct": 0.015,
           "markup_range": 0.0124567053653041,
           "min_markup": 0.0028497412498268626,
           "n_close_orders": 20,
           "rentry_pprice_dist": 0.018280391437355544,
           "rentry_pprice_dist_wallet_exposure_weighting": 70.98111979250423,
           "wallet_exposure_limit": 0.1}}