{"config_name": "emas_0days",
 "long": {"delay_between_fills_minutes_close": 2025.0387151665461,
          "delay_between_fills_minutes_entry": 3630.4599128798377,
          "delay_weight_close": -42.561228506227316,
          "delay_weight_entry": 13.080179060580688,
          "ema_dist_lower": 0.006993953989891833,
          "ema_dist_upper": 0.003208310977334576,
          "ema_span_0": 1091.717309872772,
          "ema_span_1": 1075.4426067122101,
          "enabled": true,
          "markup_range": 0.0682488216414095,
          "min_markup": 0.07,
          "n_close_orders": 2,
          "qty_pct_close": 0.0723967654164678,
          "qty_pct_entry": 0.008828271385093402,
          "wallet_exposure_limit": 1,
          "we_multiplier_close": 30.825939519923324,
          "we_multiplier_entry": 68.36917677205203},
 "short": {"delay_between_fills_minutes_close": 202.9254401701442,
           "delay_between_fills_minutes_entry": 4021.8087842598293,
           "delay_weight_close": -1.479196965839023,
           "delay_weight_entry": 17.80326735680182,
           "ema_dist_lower": 0.007134490155464588,
           "ema_dist_upper": 0.015061144117560533,
           "ema_span_0": 1358.068946681975,
           "ema_span_1": 2256.079881792759,
           "enabled": false,
           "markup_range": 0.005922036006056562,
           "min_markup": 0.006366818485071126,
           "n_close_orders": 11,
           "qty_pct_close": 0.02915546376947813,
           "qty_pct_entry": 0.00810571792860557,
           "wallet_exposure_limit": 1.0,
           "we_multiplier_close": 44.820479933061556,
           "we_multiplier_entry": 1.2749599467364237}}