{"config_name": "recursive_grid_0days",
 "logging_level": 0,
 "long": {"auto_unstuck_ema_dist": 0,
          "auto_unstuck_wallet_exposure_threshold": 0,
          "backwards_tp": false,
          "ddown_factor": 2.7875892334733843,
          "ema_span_0": 297.40860758782196,
          "ema_span_1": 342.7068923667452,
          "enabled": true,
          "initial_eprice_ema_dist": -0.1,
          "initial_qty_pct": 0.0022399692067455366,
          "markup_range": 0.039651568896629144,
          "min_markup": 0.009375659213460055,
          "n_close_orders": 5,
          "rentry_pprice_dist": 0.026243250198658225,
          "rentry_pprice_dist_wallet_exposure_weighting": 1.1855047120532611,
          "wallet_exposure_limit": 0.2},
 "short": {"auto_unstuck_ema_dist": 0.09202248021757659,
           "auto_unstuck_wallet_exposure_threshold": 0.047839565389715434,
           "backwards_tp": false,
           "ddown_factor": 0.9546209769510259,
           "ema_span_0": 525.6220577511767,
           "ema_span_1": 9530.914059872608,
           "enabled": false,
           "initial_eprice_ema_dist": -0.04571608301333399,
           "initial_qty_pct": 0.015,
           "markup_range": 0.02819299818114721,
           "min_markup": 0.0030157317990726503,
           "n_close_orders": 14,
           "rentry_pprice_dist": 0.04171369974768058,
           "rentry_pprice_dist_wallet_exposure_weighting": 40.13085683157739,
           "wallet_exposure_limit": 0.1}}