{"config_name": "clock_0days",
 "long": {"backwards_tp": true,
          "delay_between_fills_minutes_close": 1362.6227478553287,
          "delay_between_fills_minutes_entry": 807.1165139282441,
          "delay_weight_close": 90.17252804998498,
          "delay_weight_entry": 20.74151368870981,
          "ema_dist_close": -0.033017437309006914,
          "ema_dist_entry": 0.0023224066576436574,
          "ema_span_0": 1036.3508770404487,
          "ema_span_1": 993.3544188283291,
          "enabled": true,
          "markup_range": 0.059447052771856204,
          "min_markup": 0.00882429383980223,
          "n_close_orders": 11,
          "qty_pct_close": 0.059830265833281604,
          "qty_pct_entry": 0.01,
          "wallet_exposure_limit": 0.4,
          "we_multiplier_close": 2.2215983828704218,
          "we_multiplier_entry": 73.3337998805175},
 "short": {"backwards_tp": true,
           "delay_between_fills_minutes_close": 435.22786290239395,
           "delay_between_fills_minutes_entry": 740.6676915746398,
           "delay_weight_close": 94.45406409736454,
           "delay_weight_entry": 3.3584601547614668,
           "ema_dist_close": -0.03969622132267313,
           "ema_dist_entry": -0.0021880706234862005,
           "ema_span_0": 1211.6029785220585,
           "ema_span_1": 265.4069578165258,
           "enabled": false,
           "markup_range": 0.05818700181163484,
           "min_markup": 0.005916066652928564,
           "n_close_orders": 3,
           "qty_pct_close": 0.06749597531946036,
           "qty_pct_entry": 0.01834913159179898,
           "wallet_exposure_limit": 1.0,
           "we_multiplier_close": 52.217806847487665,
           "we_multiplier_entry": 80.36262491746368}}