{"config_name": "recursive_grid_0days",
 "logging_level": 0,
 "long": {"auto_unstuck_ema_dist": 0,
          "auto_unstuck_wallet_exposure_threshold": 0,
          "backwards_tp": false,
          "ddown_factor": 1.480465145457097,
          "ema_span_0": 37.96822774828724,
          "ema_span_1": 53.33354907338044,
          "enabled": true,
          "initial_eprice_ema_dist": -0.1,
          "initial_qty_pct": 0.0015940600831931555,
          "markup_range": 0.025288273381292515,
          "min_markup": 0.008920953968414115,
          "n_close_orders": 5,
          "rentry_pprice_dist": 0.025135058788520372,
          "rentry_pprice_dist_wallet_exposure_weighting": 3.02261987688102,
          "wallet_exposure_limit": 0.2},
 "short": {"auto_unstuck_ema_dist": 0.07522085343662299,
           "auto_unstuck_wallet_exposure_threshold": 0.019473342880835937,
           "backwards_tp": false,
           "ddown_factor": 0.582101298519938,
           "ema_span_0": 633.6132208206158,
           "ema_span_1": 4741.906495086284,
           "enabled": false,
           "initial_eprice_ema_dist": -0.08432034467612398,
           "initial_qty_pct": 0.015,
           "markup_range": 0.010165901844379915,
           "min_markup": 0.0034676109848902135,
           "n_close_orders": 4,
           "rentry_pprice_dist": 0.04630405331740357,
           "rentry_pprice_dist_wallet_exposure_weighting": 38.083597349110036,
           "wallet_exposure_limit": 0.1}}