{"config_name": "recursive_grid_0days",
 "logging_level": 0,
 "long": {"auto_unstuck_ema_dist": 0,
          "auto_unstuck_wallet_exposure_threshold": 0,
          "backwards_tp": false,
          "ddown_factor": 1.0712571800255912,
          "ema_span_0": 651.844815634157,
          "ema_span_1": 961.4092581155135,
          "enabled": true,
          "initial_eprice_ema_dist": -0.1,
          "initial_qty_pct": 0.0012653759907752464,
          "markup_range": 0.039034196852593926,
          "min_markup": 0.0051452422173253,
          "n_close_orders": 3,
          "rentry_pprice_dist": 0.04427374960798228,
          "rentry_pprice_dist_wallet_exposure_weighting": 0.0,
          "wallet_exposure_limit": 0.2},
 "short": {"auto_unstuck_ema_dist": 0.0969807227656663,
           "auto_unstuck_wallet_exposure_threshold": 0.05764922881330059,
           "backwards_tp": true,
           "ddown_factor": 0.5254209588885651,
           "ema_span_0": 2220.70462441783,
           "ema_span_1": 7050.637789258002,
           "enabled": false,
           "initial_eprice_ema_dist": -0.07951488693216555,
           "initial_qty_pct": 0.015,
           "markup_range": 0.005347744571271585,
           "min_markup": 0.002853172067822091,
           "n_close_orders": 14,
           "rentry_pprice_dist": 0.02534522065415319,
           "rentry_pprice_dist_wallet_exposure_weighting": 49.43874006965426,
           "wallet_exposure_limit": 0.1}}
