{"config_name": "emas_0days",
 "long": {"delay_between_fills_minutes_close": 4153.965331825242,
          "delay_between_fills_minutes_entry": 4308.203181320616,
          "delay_weight_close": 14.867483057920237,
          "delay_weight_entry": 12.545147258061379,
          "ema_dist_lower": 0.0005575502888828692,
          "ema_dist_upper": 0.013440144632058401,
          "ema_span_0": 1259.0357108530934,
          "ema_span_1": 1524.1455924334452,
          "enabled": true,
          "markup_range": 0.016250283561132246,
          "min_markup": 0.06817489137291582,
          "n_close_orders": 2,
          "qty_pct_close": 0.0595592791617119,
          "qty_pct_entry": 0.03251289746515299,
          "wallet_exposure_limit": 1,
          "we_multiplier_close": 14.986321447650663,
          "we_multiplier_entry": 61.33558436975971},
 "short": {"delay_between_fills_minutes_close": 459.88158525153364,
           "delay_between_fills_minutes_entry": 172.39404097537366,
           "delay_weight_close": 24.626135888988028,
           "delay_weight_entry": 44.34349896831938,
           "ema_dist_lower": 0.008706831262162555,
           "ema_dist_upper": 0.007644261709230904,
           "ema_span_0": 1169.933284508113,
           "ema_span_1": 273.95688802150477,
           "enabled": false,
           "markup_range": 0.041811188155322136,
           "min_markup": 0.03858941247918765,
           "n_close_orders": 6,
           "qty_pct_close": 0.06972084558949995,
           "qty_pct_entry": 0.034682378233220346,
           "wallet_exposure_limit": 1.0,
           "we_multiplier_close": 17.043530459629867,
           "we_multiplier_entry": 41.067275870315484}}