{"config_name": "recursive_grid_0days",
 "logging_level": 0,
 "long": {"auto_unstuck_ema_dist": 0.0,
          "auto_unstuck_wallet_exposure_threshold": 0,
          "backwards_tp": false,
          "ddown_factor": 1.3506618579062815,
          "ema_span_0": 274.65328473450245,
          "ema_span_1": 56.71645181993247,
          "enabled": true,
          "initial_eprice_ema_dist": -0.1,
          "initial_qty_pct": 0.005060083803530503,
          "markup_range": 0.032973997847756537,
          "min_markup": 0.005617416543476654,
          "n_close_orders": 5,
          "rentry_pprice_dist": 0.0321008838403047,
          "rentry_pprice_dist_wallet_exposure_weighting": 0,
          "wallet_exposure_limit": 1},
 "short": {"auto_unstuck_ema_dist": 0.047599863771220906,
           "auto_unstuck_wallet_exposure_threshold": 0.048982836296757835,
           "backwards_tp": false,
           "ddown_factor": 0.8578671854039174,
           "ema_span_0": 4179.0379114573825,
           "ema_span_1": 5515.081010561048,
           "enabled": false,
           "initial_eprice_ema_dist": -0.03643473778377959,
           "initial_qty_pct": 0.015,
           "markup_range": 0.0096187718068371,
           "min_markup": 0.0015715218961402466,
           "n_close_orders": 16,
           "rentry_pprice_dist": 0.04764237172071251,
           "rentry_pprice_dist_wallet_exposure_weighting": 52.00599126448673,
           "wallet_exposure_limit": 0.1}}