{"config_name": "clock_0days",
 "long": {"delay_between_fills_minutes_close": 312.17190757598314,
          "delay_between_fills_minutes_entry": 323.1126298674282,
          "delay_weight_close": 9.794992485189205,
          "delay_weight_entry": 18.592748615593717,
          "ema_dist_lower": -0.3723163615999912,
          "ema_dist_upper": -0.024610196647329528,
          "ema_span_0": 506.5870630154062,
          "ema_span_1": 1000,
          "enabled": true,
          "markup_range": 0.02541006153491324,
          "min_markup": 0.03,
          "n_close_orders": 5,
          "qty_pct_close": 0.015682203248634223,
          "qty_pct_entry": 0.01075595475260382,
          "wallet_exposure_limit": 0.3,
          "we_multiplier_close": 104.41606139923633,
          "we_multiplier_entry": 32.64568629062438},
 "short": {"delay_between_fills_minutes_close": 1371.5261502534843,
           "delay_between_fills_minutes_entry": 567.7806009030595,
           "delay_weight_close": 7.997691629353474,
           "delay_weight_entry": 2.3516347964006634,
           "ema_dist_lower": 0.018970766109180942,
           "ema_dist_upper": 0.0007920977512091532,
           "ema_span_0": 115.625659428468,
           "ema_span_1": 1234.7326258561382,
           "enabled": false,
           "markup_range": 0.06291636221662987,
           "min_markup": 0.0768706792148396,
           "n_close_orders": 9,
           "qty_pct_close": 0.09495670925228979,
           "qty_pct_entry": 0.045344299520291995,
           "wallet_exposure_limit": 1.0,
           "we_multiplier_close": 2.724460077804629,
           "we_multiplier_entry": 66.69031467084828}}