{"config_name": "recursive_grid_0days",
 "logging_level": 0,
 "long": {"auto_unstuck_ema_dist": -0.004531777355000814,
          "auto_unstuck_wallet_exposure_threshold": 0.03,
          "backwards_tp": true,
          "ddown_factor": 0.21104014023652842,
          "ema_span_0": 1003.8942573828506,
          "ema_span_1": 309.7826069987601,
          "enabled": true,
          "initial_eprice_ema_dist": -0.02472603369256436,
          "initial_qty_pct": 0.020672346371210966,
          "markup_range": 0.003502437509501678,
          "min_markup": 0.005758627632015789,
          "n_close_orders": 4,
          "rentry_pprice_dist": 0.028400389810367493,
          "rentry_pprice_dist_wallet_exposure_weighting": 3.5092737022918463,
          "wallet_exposure_limit": 0.2},
 "short": {"auto_unstuck_ema_dist": -0.07479393007808391,
           "auto_unstuck_wallet_exposure_threshold": 0.09257881782073234,
           "backwards_tp": true,
           "ddown_factor": 0.10259839747872104,
           "ema_span_0": 1248.9150006047976,
           "ema_span_1": 931.4524711270733,
           "enabled": false,
           "initial_eprice_ema_dist": -0.0020973577713968017,
           "initial_qty_pct": 0.049251292335779386,
           "markup_range": 0.053552045657879445,
           "min_markup": 0.005130318343330937,
           "n_close_orders": 8,
           "rentry_pprice_dist": 0.03741439116062461,
           "rentry_pprice_dist_wallet_exposure_weighting": 0.2910134615063531,
           "wallet_exposure_limit": 1.0}}