{"config_name": "clock_0days",
 "long": {"backwards_tp": true,
          "delay_between_fills_minutes_close": 93.41729217603465,
          "delay_between_fills_minutes_entry": 936.8114436573605,
          "delay_weight_close": 31.031753159632935,
          "delay_weight_entry": 11.175023616607406,
          "ema_dist_close": 0.0037313046154518015,
          "ema_dist_entry": 0.00816343904770747,
          "ema_span_0": 564.5275387063571,
          "ema_span_1": 883.9020477926485,
          "enabled": true,
          "markup_range": 0.09658190922812328,
          "min_markup": 0.08853153571735772,
          "n_close_orders": 6,
          "qty_pct_close": 0.5275689569350394,
          "qty_pct_entry": 0.014456547362622876,
          "wallet_exposure_limit": 0.4,
          "we_multiplier_close": 4.838144515382295,
          "we_multiplier_entry": 92.29644171265342},
 "short": {"backwards_tp": true,
           "delay_between_fills_minutes_close": 12.625667155271971,
           "delay_between_fills_minutes_entry": 257.7152907253021,
           "delay_weight_close": 20.935827974558162,
           "delay_weight_entry": 26.566045245183545,
           "ema_dist_close": -0.004442267314403232,
           "ema_dist_entry": -0.0114694289523542,
           "ema_span_0": 1142.1971818103282,
           "ema_span_1": 811.8343961794747,
           "enabled": false,
           "markup_range": 0.058336194258600926,
           "min_markup": 0.008592847552679283,
           "n_close_orders": 2,
           "qty_pct_close": 0.0924728785028889,
           "qty_pct_entry": 0.02225315420845679,
           "wallet_exposure_limit": 1.0,
           "we_multiplier_close": 51.29910885373937,
           "we_multiplier_entry": 79.9976114048316}}