{"config_name": "recursive_grid_0days",
 "logging_level": 0,
 "long": {"auto_unstuck_ema_dist": 0,
          "auto_unstuck_wallet_exposure_threshold": 0,
          "backwards_tp": false,
          "ddown_factor": 1.1499134201965422,
          "ema_span_0": 156.8934523995191,
          "ema_span_1": 60.16417326780199,
          "enabled": true,
          "initial_eprice_ema_dist": -0.1,
          "initial_qty_pct": 0.003877749307106532,
          "markup_range": 0.03745059883465933,
          "min_markup": 0.007286827947817345,
          "n_close_orders": 5,
          "rentry_pprice_dist": 0.04166867565058137,
          "rentry_pprice_dist_wallet_exposure_weighting": 0,
          "wallet_exposure_limit": 0.2},
 "short": {"auto_unstuck_ema_dist": 0.05449275161879715,
           "auto_unstuck_wallet_exposure_threshold": 0.0730877737598511,
           "backwards_tp": true,
           "ddown_factor": 2.315934190621161,
           "ema_span_0": 1260.0587412711725,
           "ema_span_1": 963.3263517250554,
           "enabled": false,
           "initial_eprice_ema_dist": -0.00987939304126692,
           "initial_qty_pct": 0.015,
           "markup_range": 0.02222084566346929,
           "min_markup": 0.0018853143907504484,
           "n_close_orders": 18,
           "rentry_pprice_dist": 0.00889475140944707,
           "rentry_pprice_dist_wallet_exposure_weighting": 82.87714080246825,
           "wallet_exposure_limit": 0.1}}
