{"config_name": "recursive_grid_0days",
 "logging_level": 0,
 "long": {"auto_unstuck_ema_dist": 0.0013769713113965232,
          "auto_unstuck_wallet_exposure_threshold": 0.07560455850935652,
          "backwards_tp": true,
          "ddown_factor": 1.8492863592524775,
          "ema_span_0": 3087.5302604873536,
          "ema_span_1": 1410.3755406287673,
          "enabled": true,
          "initial_eprice_ema_dist": -0.05396853098780492,
          "initial_qty_pct": 0.015,
          "markup_range": 0.004713589586733177,
          "min_markup": 0.0028670327940637508,
          "n_close_orders": 10,
          "rentry_pprice_dist": 0.0227081706910234,
          "rentry_pprice_dist_wallet_exposure_weighting": 25.68077832648352,
          "wallet_exposure_limit": 0.1},
 "short": {"auto_unstuck_ema_dist": 0.017329709822906467,
           "auto_unstuck_wallet_exposure_threshold": 0.057860442850033764,
           "backwards_tp": true,
           "ddown_factor": 1.6483819196226848,
           "ema_span_0": 2682.5034552718303,
           "ema_span_1": 10080,
           "enabled": true,
           "initial_eprice_ema_dist": -0.023003498019557655,
           "initial_qty_pct": 0.015,
           "markup_range": 0.008843958133117752,
           "min_markup": 0.003835009161996285,
           "n_close_orders": 14,
           "rentry_pprice_dist": 0.036972911149139975,
           "rentry_pprice_dist_wallet_exposure_weighting": 32.22511941009138,
           "wallet_exposure_limit": 0.1}}