{"config_name": "emas_0days",
 "long": {"delay_between_fills_minutes_close": 456.6030610330295,
          "delay_between_fills_minutes_entry": 157.25050531008085,
          "delay_weight_close": -88.68642955456029,
          "delay_weight_entry": 11.871265500685565,
          "ema_dist_lower": 0.017664301756339578,
          "ema_dist_upper": 0.014592594425632597,
          "ema_span_0": 297.7491933453536,
          "ema_span_1": 1386.4955507829288,
          "enabled": true,
          "markup_range": 0.03,
          "min_markup": 0.019868485083836006,
          "n_close_orders": 5,
          "qty_pct_close": 0.032979043097471405,
          "qty_pct_entry": 0.012976648118317025,
          "wallet_exposure_limit": 1,
          "we_multiplier_close": 108.57510035379637,
          "we_multiplier_entry": 10.071577667242048},
 "short": {"delay_between_fills_minutes_close": 3142.7250476294307,
           "delay_between_fills_minutes_entry": 1817.6534110943064,
           "delay_weight_close": -34.61726173785343,
           "delay_weight_entry": 60.80735420627736,
           "ema_dist_lower": 0.0006484410220070203,
           "ema_dist_upper": 0.014525392366145834,
           "ema_span_0": 1438.9799551283743,
           "ema_span_1": 2262.0752807641015,
           "enabled": false,
           "markup_range": 0.05466656956772002,
           "min_markup": 0.01194587172654647,
           "n_close_orders": 6,
           "qty_pct_close": 0.025041405524009824,
           "qty_pct_entry": 0.00664316578202106,
           "wallet_exposure_limit": 1.0,
           "we_multiplier_close": 69.31895701446093,
           "we_multiplier_entry": 18.596336220711006}}