{"config_name": "recursive_grid_0days",
 "logging_level": 0,
 "long": {"auto_unstuck_ema_dist": 0,
          "auto_unstuck_wallet_exposure_threshold": 0,
          "backwards_tp": false,
          "ddown_factor": 2.9035983707867996,
          "ema_span_0": 551.8108326737643,
          "ema_span_1": 177.5826109113215,
          "enabled": true,
          "initial_eprice_ema_dist": -0.1,
          "initial_qty_pct": 0.0017882287711474504,
          "markup_range": 0.03559542979748762,
          "min_markup": 0.006834436420569043,
          "n_close_orders": 5,
          "rentry_pprice_dist": 0.03666247924243636,
          "rentry_pprice_dist_wallet_exposure_weighting": 0,
          "wallet_exposure_limit": 0.2},
 "short": {"auto_unstuck_ema_dist": 0.07266334287079286,
           "auto_unstuck_wallet_exposure_threshold": 0.06347614228029073,
           "backwards_tp": true,
           "ddown_factor": 1.116486880944877,
           "ema_span_0": 2256.2741039040297,
           "ema_span_1": 9011.396511388955,
           "enabled": false,
           "initial_eprice_ema_dist": -0.09807525116122065,
           "initial_qty_pct": 0.015,
           "markup_range": 0.010575411836365168,
           "min_markup": 0.0031220583656854503,
           "n_close_orders": 11,
           "rentry_pprice_dist": 0.03307864029860034,
           "rentry_pprice_dist_wallet_exposure_weighting": 15.581624758288159,
           "wallet_exposure_limit": 0.1}}