{"config_name": "emas_0days",
 "long": {"delay_between_fills_minutes_close": 461.46509300802137,
          "delay_between_fills_minutes_entry": 207.49444262046472,
          "delay_weight_close": -72.18439227295059,
          "delay_weight_entry": 33.68172494473829,
          "ema_dist_lower": 0.013742429874084814,
          "ema_dist_upper": 0.0011790493640446392,
          "ema_span_0": 251.02166455418413,
          "ema_span_1": 159.4642153725523,
          "enabled": true,
          "markup_range": 0.008013777007003557,
          "min_markup": 0.0053759861423464134,
          "n_close_orders": 3,
          "qty_pct_close": 0.016856706558057072,
          "qty_pct_entry": 0.026280483845430275,
          "wallet_exposure_limit": 1,
          "we_multiplier_close": 14.208002902139913,
          "we_multiplier_entry": 41.87256674075534},
 "short": {"delay_between_fills_minutes_close": 220.04425480308433,
           "delay_between_fills_minutes_entry": 3090.5492266162264,
           "delay_weight_close": 38.40937354472196,
           "delay_weight_entry": 0.18978856757316032,
           "ema_dist_lower": 0.00147790467269582,
           "ema_dist_upper": 0.010580286001028276,
           "ema_span_0": 843.2327268146184,
           "ema_span_1": 3527.6098654253533,
           "enabled": false,
           "markup_range": 0.003564283327236191,
           "min_markup": 0.046405706660761145,
           "n_close_orders": 8,
           "qty_pct_close": 0.04420516453321505,
           "qty_pct_entry": 0.010947957132881743,
           "wallet_exposure_limit": 1.0,
           "we_multiplier_close": 39.901537199481126,
           "we_multiplier_entry": 48.5184048668509}}