{"config_name": "clock_0days",
 "long": {"backwards_tp": true,
          "delay_between_fills_minutes_close": 1381.9651178210374,
          "delay_between_fills_minutes_entry": 1309.311092681144,
          "delay_weight_close": 94.26727656928266,
          "delay_weight_entry": 19.95745589842114,
          "ema_dist_close": -0.0018638457107540568,
          "ema_dist_entry": 0.00100807780139906,
          "ema_span_0": 696.1285440739767,
          "ema_span_1": 796.3105265481659,
          "enabled": true,
          "markup_range": 0.05477345303978749,
          "min_markup": 0.00711521046740374,
          "n_close_orders": 13,
          "qty_pct_close": 0.08284292331501165,
          "qty_pct_entry": 0.011560094219909401,
          "wallet_exposure_limit": 0.4,
          "we_multiplier_close": 0.4254976927959636,
          "we_multiplier_entry": 96.96035077562145},
 "short": {"backwards_tp": true,
           "delay_between_fills_minutes_close": 1180.266253093679,
           "delay_between_fills_minutes_entry": 1014.8170641713901,
           "delay_weight_close": 64.39544653499296,
           "delay_weight_entry": 45.56687955456593,
           "ema_dist_close": -0.03858047781476129,
           "ema_dist_entry": -0.032300605844441006,
           "ema_span_0": 842.4097687227459,
           "ema_span_1": 581.697782274181,
           "enabled": false,
           "markup_range": 0.0031798669023734892,
           "min_markup": 0.006056795527316664,
           "n_close_orders": 11,
           "qty_pct_close": 0.09837096724408638,
           "qty_pct_entry": 0.04347682454747514,
           "wallet_exposure_limit": 1.0,
           "we_multiplier_close": 73.17540968922938,
           "we_multiplier_entry": 71.90900112222897}}