{"config_name": "clock_0days",
 "long": {"delay_between_fills_minutes_close": 428.63372764204064,
          "delay_between_fills_minutes_entry": 281.0070803537147,
          "delay_weight_close": 28.749540644171233,
          "delay_weight_entry": 20.016412731871227,
          "ema_dist_lower": 0.015789848097490823,
          "ema_dist_upper": 0.006820737040123797,
          "ema_span_0": 972.212691125176,
          "ema_span_1": 111.51593014391295,
          "enabled": true,
          "markup_range": 0.02382575653467633,
          "min_markup": 0.029904892377033535,
          "n_close_orders": 7,
          "qty_pct_close": 0.010948394586801165,
          "qty_pct_entry": 0.013419285437795166,
          "wallet_exposure_limit": 0.3,
          "we_multiplier_close": 0,
          "we_multiplier_entry": 33.82179066946338},
 "short": {"delay_between_fills_minutes_close": 1191.3070263898514,
           "delay_between_fills_minutes_entry": 581.312203819266,
           "delay_weight_close": 16.688584289312523,
           "delay_weight_entry": 5.571767174444098,
           "ema_dist_lower": 0.0024315963751493207,
           "ema_dist_upper": 0.005931524142222746,
           "ema_span_0": 1003.4019679347467,
           "ema_span_1": 2143.120384780106,
           "enabled": false,
           "markup_range": 0.0580862912402403,
           "min_markup": 0.007417604144652904,
           "n_close_orders": 4,
           "qty_pct_close": 0.03618721137768215,
           "qty_pct_entry": 0.06311012591912063,
           "wallet_exposure_limit": 1.0,
           "we_multiplier_close": 8.97028101306338,
           "we_multiplier_entry": 23.63113664375792}}