{"config_name": "emas_0days",
 "long": {"delay_between_fills_minutes_close": 365.1718142752674,
          "delay_between_fills_minutes_entry": 231.72451922547762,
          "delay_weight_close": 70.19497453184873,
          "delay_weight_entry": 12.658152555034798,
          "ema_dist_lower": -0.024754229808037348,
          "ema_dist_upper": -0.02455632318570211,
          "ema_span_0": 768.8768221453872,
          "ema_span_1": 3048.7319122116855,
          "enabled": true,
          "markup_range": 0.03,
          "min_markup": 0.0174279139465725,
          "n_close_orders": 3,
          "qty_pct_close": 0.019731757824461384,
          "qty_pct_entry": 0.009321487361218942,
          "wallet_exposure_limit": 0.25,
          "we_multiplier_close": 82.39479083056625,
          "we_multiplier_entry": 77.25236490704752},
 "short": {"delay_between_fills_minutes_close": 86.08310147651594,
           "delay_between_fills_minutes_entry": 112.38849155798493,
           "delay_weight_close": 149.19600804813484,
           "delay_weight_entry": 29.867939636705785,
           "ema_dist_lower": -0.5333070331772103,
           "ema_dist_upper": -0.18657439065152426,
           "ema_span_0": 594.219154062709,
           "ema_span_1": 670.1836118197923,
           "enabled": false,
           "markup_range": 0.016863419779038002,
           "min_markup": 0.01518743286252235,
           "n_close_orders": 2,
           "qty_pct_close": 0.051449752860652405,
           "qty_pct_entry": 0.053843426421713914,
           "wallet_exposure_limit": 0.1,
           "we_multiplier_close": 133.58753942372368,
           "we_multiplier_entry": 83.46447227165707}}