{"config_name": "recursive_grid_0days",
 "logging_level": 0,
 "long": {"auto_unstuck_ema_dist": 0.0,
          "auto_unstuck_wallet_exposure_threshold": 0.0,
          "backwards_tp": false,
          "ddown_factor": 1.3514253256893145,
          "ema_span_0": 642.2364404776603,
          "ema_span_1": 599.9645374478291,
          "enabled": true,
          "initial_eprice_ema_dist": -0.1,
          "initial_qty_pct": 0.0022885822425947047,
          "markup_range": 0.004836424706694473,
          "min_markup": 0.006547911438295529,
          "n_close_orders": 2,
          "rentry_pprice_dist": 0.0357584815440175,
          "rentry_pprice_dist_wallet_exposure_weighting": 0.0,
          "wallet_exposure_limit": 0.2},
 "short": {"auto_unstuck_ema_dist": 0.008996216325153763,
           "auto_unstuck_wallet_exposure_threshold": 0.05198828203990066,
           "backwards_tp": true,
           "ddown_factor": 0.06881848497919067,
           "ema_span_0": 707.3248988488151,
           "ema_span_1": 7501.492052461155,
           "enabled": false,
           "initial_eprice_ema_dist": -0.06492075098766104,
           "initial_qty_pct": 0.015,
           "markup_range": 0.03686554761348538,
           "min_markup": 0.001251512670143616,
           "n_close_orders": 16,
           "rentry_pprice_dist": 0.00696473678203339,
           "rentry_pprice_dist_wallet_exposure_weighting": 68.76150626832437,
           "wallet_exposure_limit": 0.1}}
