{"config_name": "clock_0days",
 "long": {"delay_between_fills_minutes_close": 689.4311971934369,
          "delay_between_fills_minutes_entry": 1308.739619847487,
          "delay_weight_close": 1.8474616859775974,
          "delay_weight_entry": 6.8909495700810615,
          "ema_dist_lower": 0.006455846124956042,
          "ema_dist_upper": 5.133087324114132e-05,
          "ema_span_0": 1273.0047101730277,
          "ema_span_1": 1175.214357362046,
          "enabled": true,
          "markup_range": 0.07794340892959659,
          "min_markup": 0.07332949845976189,
          "n_close_orders": 3,
          "qty_pct_close": 0.09314319813013379,
          "qty_pct_entry": 0.03380084892281995,
          "wallet_exposure_limit": 0.25,
          "we_multiplier_close": 2.182652968620255,
          "we_multiplier_entry": 27.03856100538846},
 "short": {"delay_between_fills_minutes_close": 102.48991334813556,
           "delay_between_fills_minutes_entry": 853.3204438345836,
           "delay_weight_close": 5.5637703922018495,
           "delay_weight_entry": 1.7128826077700654,
           "ema_dist_lower": 0.014081932349617703,
           "ema_dist_upper": 0.005500604947175865,
           "ema_span_0": 1216.966996470012,
           "ema_span_1": 95.2942122519852,
           "enabled": false,
           "markup_range": 0.07626222984884215,
           "min_markup": 0.035372665120507046,
           "n_close_orders": 12,
           "qty_pct_close": 0.09163283426555421,
           "qty_pct_entry": 0.06721429335796449,
           "wallet_exposure_limit": 1.0,
           "we_multiplier_close": 5.036096395506484,
           "we_multiplier_entry": 42.041289330206965}}