{"config_name": "emas_0days",
 "long": {"delay_between_fills_minutes_close": 2475.5197592529753,
          "delay_between_fills_minutes_entry": 3972.1919103856308,
          "delay_weight_close": 19.876997903772864,
          "delay_weight_entry": 9.770852151684595,
          "ema_dist_lower": 6.56042235245302e-05,
          "ema_dist_upper": 0.003785182873797053,
          "ema_span_0": 804.1659830815977,
          "ema_span_1": 1517.3938004456993,
          "enabled": true,
          "markup_range": 0.05007150646270871,
          "min_markup": 0.07,
          "n_close_orders": 16,
          "qty_pct_close": 0.07372881698008803,
          "qty_pct_entry": 0.02463847202526806,
          "wallet_exposure_limit": 1,
          "we_multiplier_close": 0,
          "we_multiplier_entry": 68.87544876744383},
 "short": {"delay_between_fills_minutes_close": 1679.6691582116835,
           "delay_between_fills_minutes_entry": 752.7826450535001,
           "delay_weight_close": 54.8454563150409,
           "delay_weight_entry": 65.0832031146365,
           "ema_dist_lower": 0.019381261229048995,
           "ema_dist_upper": 0.0035591598162055304,
           "ema_span_0": 926.7400123129439,
           "ema_span_1": 3373.510142599285,
           "enabled": false,
           "markup_range": 0.038717864522718616,
           "min_markup": 0.05132744026060535,
           "n_close_orders": 7,
           "qty_pct_close": 0.04722547664841242,
           "qty_pct_entry": 0.04475556419121931,
           "wallet_exposure_limit": 1.0,
           "we_multiplier_close": 67.88945252732526,
           "we_multiplier_entry": 28.50783752531769}}