{"config_name": "recursive_grid_0days",
 "logging_level": 0,
 "long": {"auto_unstuck_ema_dist": -0.005337061499575926,
          "auto_unstuck_wallet_exposure_threshold": 0.09704825167027212,
          "backwards_tp": true,
          "ddown_factor": 0.861237679714624,
          "ema_span_0": 386.85205817856473,
          "ema_span_1": 1181.8043489008533,
          "enabled": true,
          "initial_eprice_ema_dist": 0.01,
          "initial_qty_pct": 0.021570353954783916,
          "markup_range": 0.004876654949867982,
          "min_markup": 0.008189038675236453,
          "n_close_orders": 8,
          "rentry_pprice_dist": 0.020032756257955336,
          "rentry_pprice_dist_wallet_exposure_weighting": 2.519755707673203,
          "wallet_exposure_limit": 1},
 "short": {"auto_unstuck_ema_dist": -0.017863408576495904,
           "auto_unstuck_wallet_exposure_threshold": 0.07752207624262791,
           "backwards_tp": true,
           "ddown_factor": 2.5582144301578285,
           "ema_span_0": 599.6468726614665,
           "ema_span_1": 456.83515115471903,
           "enabled": false,
           "initial_eprice_ema_dist": -0.05760051767055899,
           "initial_qty_pct": 0.054063763414495224,
           "markup_range": 0.0027594453554122245,
           "min_markup": 0.007885438718092776,
           "n_close_orders": 12,
           "rentry_pprice_dist": 0.008420032807717836,
           "rentry_pprice_dist_wallet_exposure_weighting": 35.246426554790176,
           "wallet_exposure_limit": 1}}