{"config_name": "recursive_grid_0days",
 "logging_level": 0,
 "long": {"auto_unstuck_ema_dist": -0.00705367907697051,
          "auto_unstuck_wallet_exposure_threshold": 0.04445543790065828,
          "backwards_tp": true,
          "ddown_factor": 0.10602991622736554,
          "ema_span_0": 353.3334809489514,
          "ema_span_1": 687.8583753140031,
          "enabled": true,
          "initial_eprice_ema_dist": 0.009445780811565763,
          "initial_qty_pct": 0.1,
          "markup_range": 0.022819143569437053,
          "min_markup": 0.00831661989329361,
          "n_close_orders": 1,
          "rentry_pprice_dist": 0.005260637665433776,
          "rentry_pprice_dist_wallet_exposure_weighting": 6.041547588301923,
          "wallet_exposure_limit": 1},
 "short": {"auto_unstuck_ema_dist": -0.08567626258374544,
           "auto_unstuck_wallet_exposure_threshold": 0.09624434471916202,
           "backwards_tp": true,
           "ddown_factor": 1.8286145664574662,
           "ema_span_0": 624.6674115021159,
           "ema_span_1": 727.0560441290262,
           "enabled": false,
           "initial_eprice_ema_dist": -0.014599591824433655,
           "initial_qty_pct": 0.039622572008291744,
           "markup_range": 0.03573047221344302,
           "min_markup": 0.00928635748829492,
           "n_close_orders": 7,
           "rentry_pprice_dist": 0.0391083713182941,
           "rentry_pprice_dist_wallet_exposure_weighting": 17.978440255401274,
           "wallet_exposure_limit": 1.0}}