{"config_name": "recursive_grid_0days",
 "logging_level": 0,
 "long": {"auto_unstuck_ema_dist": -0.0005529126715608627,
          "auto_unstuck_wallet_exposure_threshold": 0.08376611423190004,
          "backwards_tp": true,
          "ddown_factor": 0.7591345128751541,
          "ema_span_0": 682.5480879486223,
          "ema_span_1": 413.41800967279346,
          "enabled": true,
          "initial_eprice_ema_dist": 0.0075253388229737615,
          "initial_qty_pct": 0.03659505828530372,
          "markup_range": 0.00538125449111161,
          "min_markup": 0.0054080246731595385,
          "n_close_orders": 14,
          "rentry_pprice_dist": 0.04090934771105322,
          "rentry_pprice_dist_wallet_exposure_weighting": 0.802598366998973,
          "wallet_exposure_limit": 1},
 "short": {"auto_unstuck_ema_dist": -0.07591805258882707,
           "auto_unstuck_wallet_exposure_threshold": 0.0888023723690719,
           "backwards_tp": true,
           "ddown_factor": 0.7492284489911889,
           "ema_span_0": 541.7006901503213,
           "ema_span_1": 393.37230383085415,
           "enabled": false,
           "initial_eprice_ema_dist": -0.006181186808879566,
           "initial_qty_pct": 0.08002229508576984,
           "markup_range": 0.0135755615317253,
           "min_markup": 0.008425004373295141,
           "n_close_orders": 9,
           "rentry_pprice_dist": 0.04156096373843453,
           "rentry_pprice_dist_wallet_exposure_weighting": 12.183828142805853,
           "wallet_exposure_limit": 1.0}}