{"config_name": "recursive_grid_0days",
 "logging_level": 0,
 "long": {"auto_unstuck_ema_dist": 0.001,
          "auto_unstuck_wallet_exposure_threshold": 0.051955552112956306,
          "backwards_tp": true,
          "ddown_factor": 1.3855015026306974,
          "ema_span_0": 575.3486518678543,
          "ema_span_1": 148.99435994469212,
          "enabled": true,
          "initial_eprice_ema_dist": 0.0069935056139394025,
          "initial_qty_pct": 0.017280406189302357,
          "markup_range": 0.003986560922559766,
          "min_markup": 0.0025138740735204082,
          "n_close_orders": 5,
          "rentry_pprice_dist": 0.027337054507566325,
          "rentry_pprice_dist_wallet_exposure_weighting": 1.2359450875234814,
          "wallet_exposure_limit": 1.0},
 "short": {"auto_unstuck_ema_dist": -0.09160582652653163,
           "auto_unstuck_wallet_exposure_threshold": 0.05400325808280129,
           "backwards_tp": true,
           "ddown_factor": 1.6017304092227451,
           "ema_span_0": 589.3896924215647,
           "ema_span_1": 175.9758950744399,
           "enabled": false,
           "initial_eprice_ema_dist": -0.005765045705309016,
           "initial_qty_pct": 0.07510928096374914,
           "markup_range": 0.013444814494645775,
           "min_markup": 0.007121828796802881,
           "n_close_orders": 12,
           "rentry_pprice_dist": 0.01808693940208387,
           "rentry_pprice_dist_wallet_exposure_weighting": 8.623678435652309,
           "wallet_exposure_limit": 1}}