{"config_name": "clock_0days",
 "long": {"delay_between_fills_minutes_close": 341.42872971106374,
          "delay_between_fills_minutes_entry": 346.9131485805981,
          "delay_weight_close": 26.78236374713216,
          "delay_weight_entry": 29.451934367295582,
          "ema_dist_lower": -0.0007722435198549994,
          "ema_dist_upper": -0.08648414256841314,
          "ema_span_0": 776.4549291884686,
          "ema_span_1": 667.3240800726061,
          "enabled": true,
          "markup_range": 0.027805151438820154,
          "min_markup": 0.02960992867603096,
          "n_close_orders": 3,
          "qty_pct_close": 0.010665679461931974,
          "qty_pct_entry": 0.010698062704848172,
          "wallet_exposure_limit": 0.3,
          "we_multiplier_close": 81.08643146805566,
          "we_multiplier_entry": 77.11266017838102},
 "short": {"delay_between_fills_minutes_close": 1125.4136338526687,
           "delay_between_fills_minutes_entry": 507.2299280487038,
           "delay_weight_close": 9.505453031798329,
           "delay_weight_entry": 4.2138328567574685,
           "ema_dist_lower": 0.013207891820587098,
           "ema_dist_upper": 0.010465772552089771,
           "ema_span_0": 378.10976508150003,
           "ema_span_1": 2826.4687438607616,
           "enabled": false,
           "markup_range": 0.00770649329252634,
           "min_markup": 0.027403143019489686,
           "n_close_orders": 16,
           "qty_pct_close": 0.0536921944251255,
           "qty_pct_entry": 0.03405003247753263,
           "wallet_exposure_limit": 1.0,
           "we_multiplier_close": 5.634328763984148,
           "we_multiplier_entry": 23.832905409085804}}