{"config_name": "emas_0days",
 "long": {"delay_between_fills_minutes_close": 412.1666104008585,
          "delay_between_fills_minutes_entry": 297.43118158154033,
          "delay_weight_close": 72.63573752583082,
          "delay_weight_entry": 33.70864725191725,
          "ema_dist_lower": 0.010840477366245826,
          "ema_dist_upper": -0.43053286064256335,
          "ema_span_0": 953.5982195923052,
          "ema_span_1": 619.0255331073128,
          "enabled": true,
          "markup_range": 0.01663149141460813,
          "min_markup": 0.018335482822736632,
          "n_close_orders": 4,
          "qty_pct_close": 0.010179829641813826,
          "qty_pct_entry": 0.015535650386553291,
          "wallet_exposure_limit": 0.25,
          "we_multiplier_close": 15.102335264121294,
          "we_multiplier_entry": 19.41300268775824},
 "short": {"delay_between_fills_minutes_close": 1.0,
           "delay_between_fills_minutes_entry": 140.27898800252012,
           "delay_weight_close": 70.37496346215634,
           "delay_weight_entry": 80.43854525390313,
           "ema_dist_lower": -0.15945192657849094,
           "ema_dist_upper": -0.0852893483395214,
           "ema_span_0": 461.63958533265037,
           "ema_span_1": 360.37539081003024,
           "enabled": false,
           "markup_range": 0.02618128814583894,
           "min_markup": 0.0017946126782369448,
           "n_close_orders": 3,
           "qty_pct_close": 0.025409689494863216,
           "qty_pct_entry": 0.008435239718325124,
           "wallet_exposure_limit": 0.1,
           "we_multiplier_close": 13.88222581331084,
           "we_multiplier_entry": 40.06842226656401}}