{"config_name": "clock_0days",
 "long": {"delay_between_fills_minutes_close": 281.9441853219672,
          "delay_between_fills_minutes_entry": 354.60088097311706,
          "delay_weight_close": 91.21907923405065,
          "delay_weight_entry": 36.75232897537163,
          "ema_dist_lower": -0.48126247835412184,
          "ema_dist_upper": -0.04054875787348415,
          "ema_span_0": 120.86763923053017,
          "ema_span_1": 387.1618703085008,
          "enabled": true,
          "markup_range": 0.020287780867074487,
          "min_markup": 0.025475355975508453,
          "n_close_orders": 3,
          "qty_pct_close": 0.018321516988952187,
          "qty_pct_entry": 0.011012819245839125,
          "wallet_exposure_limit": 0.3,
          "we_multiplier_close": 51.6072219253097,
          "we_multiplier_entry": 140.60566917562744},
 "short": {"delay_between_fills_minutes_close": 1345.892622098125,
           "delay_between_fills_minutes_entry": 243.6761653658872,
           "delay_weight_close": 5.486904453915558,
           "delay_weight_entry": 18.494034182806157,
           "ema_dist_lower": 0.01921164157296377,
           "ema_dist_upper": 0.00013666338589035654,
           "ema_span_0": 969.4997537572435,
           "ema_span_1": 1776.7449929583977,
           "enabled": false,
           "markup_range": 0.05366114446280695,
           "min_markup": 0.09714703069829386,
           "n_close_orders": 4,
           "qty_pct_close": 0.04809433774783651,
           "qty_pct_entry": 0.09197660285477241,
           "wallet_exposure_limit": 1.0,
           "we_multiplier_close": 5.508118563412433,
           "we_multiplier_entry": 7.704912287460724}}