{"config_name": "recursive_grid_0days",
 "logging_level": 0,
 "long": {"auto_unstuck_ema_dist": 0.005387797222288336,
          "auto_unstuck_wallet_exposure_threshold": 0.07617166922649493,
          "backwards_tp": true,
          "ddown_factor": 2.4566466796072817,
          "ema_span_0": 305.87732379605256,
          "ema_span_1": 3559.251878401411,
          "enabled": true,
          "initial_eprice_ema_dist": -0.031067719050166483,
          "initial_qty_pct": 0.015,
          "markup_range": 0.004399923779182235,
          "min_markup": 0.0031300848639491596,
          "n_close_orders": 16,
          "rentry_pprice_dist": 0.03796006412752828,
          "rentry_pprice_dist_wallet_exposure_weighting": 0.10898947023907847,
          "wallet_exposure_limit": 0.1},
 "short": {"auto_unstuck_ema_dist": 0.0015777381279368937,
           "auto_unstuck_wallet_exposure_threshold": 0.03232460622475817,
           "backwards_tp": true,
           "ddown_factor": 2.9606949804014193,
           "ema_span_0": 1829.9948921723724,
           "ema_span_1": 8211.535756207144,
           "enabled": true,
           "initial_eprice_ema_dist": -0.02667259468818061,
           "initial_qty_pct": 0.015,
           "markup_range": 0.005367108523194876,
           "min_markup": 0.002516200413926857,
           "n_close_orders": 12,
           "rentry_pprice_dist": 0.02013269623531413,
           "rentry_pprice_dist_wallet_exposure_weighting": 6.105656950755846,
           "wallet_exposure_limit": 0.1}}