{"config_name": "recursive_grid_0days",
 "logging_level": 0,
 "long": {"auto_unstuck_ema_dist": 0,
          "auto_unstuck_wallet_exposure_threshold": 0,
          "backwards_tp": false,
          "ddown_factor": 1.1217267088867553,
          "ema_span_0": 139.49154936396533,
          "ema_span_1": 135.38141566822014,
          "enabled": true,
          "initial_eprice_ema_dist": -0.06576666318995905,
          "initial_qty_pct": 0.0019059155474327033,
          "markup_range": 0.02774124217172116,
          "min_markup": 0.003821806240491784,
          "n_close_orders": 3,
          "rentry_pprice_dist": 0.02173911189800203,
          "rentry_pprice_dist_wallet_exposure_weighting": 0,
          "wallet_exposure_limit": 0.2},
 "short": {"auto_unstuck_ema_dist": 0.020385820635517388,
           "auto_unstuck_wallet_exposure_threshold": 0.05824726989316592,
           "backwards_tp": true,
           "ddown_factor": 0.5706986958056441,
           "ema_span_0": 2465.064333365377,
           "ema_span_1": 7369.394838172142,
           "enabled": false,
           "initial_eprice_ema_dist": -0.07392617901204453,
           "initial_qty_pct": 0.015,
           "markup_range": 0.007844484080007074,
           "min_markup": 0.0033432934496398837,
           "n_close_orders": 11,
           "rentry_pprice_dist": 0.03742528160289536,
           "rentry_pprice_dist_wallet_exposure_weighting": 65.37452017401301,
           "wallet_exposure_limit": 0.1}}