{"config_name": "recursive_grid_0days",
 "logging_level": 0,
 "long": {"auto_unstuck_ema_dist": 0,
          "auto_unstuck_wallet_exposure_threshold": 0,
          "backwards_tp": false,
          "ddown_factor": 1.668747963273599,
          "ema_span_0": 579.9808506124484,
          "ema_span_1": 629.5849324745676,
          "enabled": true,
          "initial_eprice_ema_dist": -0.1770019622320414,
          "initial_qty_pct": 0.0014638012827324202,
          "markup_range": 0.015089120345157477,
          "min_markup": 0.0021354485455082573,
          "n_close_orders": 2,
          "rentry_pprice_dist": 0.021257406196322617,
          "rentry_pprice_dist_wallet_exposure_weighting": 0,
          "wallet_exposure_limit": 0.2},
 "short": {"auto_unstuck_ema_dist": 0.002032950524611773,
           "auto_unstuck_wallet_exposure_threshold": 0.08897986291141084,
           "backwards_tp": true,
           "ddown_factor": 1.5432965345005378,
           "ema_span_0": 2986.552377346405,
           "ema_span_1": 5998.472651753247,
           "enabled": false,
           "initial_eprice_ema_dist": -0.04753170781801623,
           "initial_qty_pct": 0.015,
           "markup_range": 0.025642796697479223,
           "min_markup": 0.0016239460720079168,
           "n_close_orders": 8,
           "rentry_pprice_dist": 0.01578018958327856,
           "rentry_pprice_dist_wallet_exposure_weighting": 81.40420655082298,
           "wallet_exposure_limit": 0.1}}