{"config_name": "recursive_grid_0days",
 "logging_level": 0,
 "long": {"auto_unstuck_ema_dist": 0.001,
          "auto_unstuck_wallet_exposure_threshold": 0.1,
          "backwards_tp": true,
          "ddown_factor": 0.3207480318438814,
          "ema_span_0": 100,
          "ema_span_1": 100.47510317238017,
          "enabled": true,
          "initial_eprice_ema_dist": -0.04719491792509223,
          "initial_qty_pct": 0.010391718641477771,
          "markup_range": 0.003487239600362499,
          "min_markup": 0.002934814428408523,
          "n_close_orders": 5,
          "rentry_pprice_dist": 0.011110752918718962,
          "rentry_pprice_dist_wallet_exposure_weighting": 0,
          "wallet_exposure_limit": 0.2},
 "short": {"auto_unstuck_ema_dist": 0.016910327355982892,
           "auto_unstuck_wallet_exposure_threshold": 0.010612081888944299,
           "backwards_tp": true,
           "ddown_factor": 0.25659180728520053,
           "ema_span_0": 4024.7916196476235,
           "ema_span_1": 8892.847603199749,
           "enabled": false,
           "initial_eprice_ema_dist": -0.070280680531486,
           "initial_qty_pct": 0.015,
           "markup_range": 0.01538614141917582,
           "min_markup": 0.0022538730516104186,
           "n_close_orders": 18,
           "rentry_pprice_dist": 0.012858432897198506,
           "rentry_pprice_dist_wallet_exposure_weighting": 37.78493475292591,
           "wallet_exposure_limit": 0.1}}
