{"config_name": "clock_0days",
 "long": {"backwards_tp": true,
          "delay_between_fills_minutes_close": 1163.453156028687,
          "delay_between_fills_minutes_entry": 1151.1125609769279,
          "delay_weight_close": 71.52949206864143,
          "delay_weight_entry": 23.62858404019523,
          "ema_dist_close": -0.004007893182982528,
          "ema_dist_entry": 0.004,
          "ema_span_0": 1054.5267965084083,
          "ema_span_1": 1099.1091735390296,
          "enabled": true,
          "markup_range": 0.0032326908309314524,
          "min_markup": 0.009622382074886502,
          "n_close_orders": 6,
          "qty_pct_close": 0.030455224101841528,
          "qty_pct_entry": 0.01389733630059938,
          "wallet_exposure_limit": 0.4,
          "we_multiplier_close": 0.016852452469923066,
          "we_multiplier_entry": 68.54733751178942},
 "short": {"backwards_tp": true,
           "delay_between_fills_minutes_close": 491.67671657679796,
           "delay_between_fills_minutes_entry": 257.9440351950544,
           "delay_weight_close": 64.27948362437748,
           "delay_weight_entry": 65.70133638657273,
           "ema_dist_close": -0.035192687448129756,
           "ema_dist_entry": -0.025645402339471823,
           "ema_span_0": 724.8827997633808,
           "ema_span_1": 194.7837200622898,
           "enabled": false,
           "markup_range": 0.04170904159281181,
           "min_markup": 0.005728168109005045,
           "n_close_orders": 15,
           "qty_pct_close": 0.06705498454671548,
           "qty_pct_entry": 0.035946758461104955,
           "wallet_exposure_limit": 1.0,
           "we_multiplier_close": 20.268695890086818,
           "we_multiplier_entry": 39.19053188405647}}