{"config_name": "clock_0days",
 "long": {"delay_between_fills_minutes_close": 338.78575558949876,
          "delay_between_fills_minutes_entry": 347.5502915191713,
          "delay_weight_close": 139.8772716616268,
          "delay_weight_entry": 31.748770267008897,
          "ema_dist_lower": -0.013059742861941394,
          "ema_dist_upper": -0.07655500883960978,
          "ema_span_0": 937.0557257226864,
          "ema_span_1": 1000,
          "enabled": true,
          "markup_range": 0.026033827205512432,
          "min_markup": 0.013166686117315531,
          "n_close_orders": 4,
          "qty_pct_close": 0.01682140390080112,
          "qty_pct_entry": 0.01012548309166581,
          "wallet_exposure_limit": 0.3,
          "we_multiplier_close": 90.4319849958189,
          "we_multiplier_entry": 108.85476206345359},
 "short": {"delay_between_fills_minutes_close": 383.1530997968401,
           "delay_between_fills_minutes_entry": 818.2591251744747,
           "delay_weight_close": 11.133418572934614,
           "delay_weight_entry": 13.97008702246792,
           "ema_dist_lower": 0.01785080207688441,
           "ema_dist_upper": 0.009117855643980445,
           "ema_span_0": 424.2531333751172,
           "ema_span_1": 1855.8862778931784,
           "enabled": false,
           "markup_range": 0.08353660239871315,
           "min_markup": 0.04852385865171603,
           "n_close_orders": 13,
           "qty_pct_close": 0.05483474796083003,
           "qty_pct_entry": 0.025619572535522998,
           "wallet_exposure_limit": 1.0,
           "we_multiplier_close": 8.203103204187492,
           "we_multiplier_entry": 47.635971691158886}}