{"config_name": "recursive_grid_0days",
 "logging_level": 0,
 "long": {"auto_unstuck_ema_dist": -0.0010910065771012232,
          "auto_unstuck_wallet_exposure_threshold": 0.03087222734316871,
          "backwards_tp": true,
          "ddown_factor": 0.2243694545694025,
          "ema_span_0": 962.9098945751459,
          "ema_span_1": 1349.3045951356726,
          "enabled": true,
          "initial_eprice_ema_dist": -0.013767685096639979,
          "initial_qty_pct": 0.027705642277481735,
          "markup_range": 0.002503924229766372,
          "min_markup": 0.003607536064206061,
          "n_close_orders": 3,
          "rentry_pprice_dist": 0.04697440024800218,
          "rentry_pprice_dist_wallet_exposure_weighting": 5.389311602734381,
          "wallet_exposure_limit": 0.2},
 "short": {"auto_unstuck_ema_dist": -0.02095226517056087,
           "auto_unstuck_wallet_exposure_threshold": 0.05936561841144802,
           "backwards_tp": true,
           "ddown_factor": 2.31522411669899,
           "ema_span_0": 1319.1110125913162,
           "ema_span_1": 1271.5183461063953,
           "enabled": false,
           "initial_eprice_ema_dist": -0.09332636521229115,
           "initial_qty_pct": 0.06714185959975762,
           "markup_range": 0.0046009309424945456,
           "min_markup": 0.005179215626999211,
           "n_close_orders": 12,
           "rentry_pprice_dist": 0.023881963394427375,
           "rentry_pprice_dist_wallet_exposure_weighting": 15.608921886942076,
           "wallet_exposure_limit": 1.0}}