{"config_name": "clock_0days",
 "long": {"backwards_tp": true,
          "delay_between_fills_minutes_close": 1351.3405557358103,
          "delay_between_fills_minutes_entry": 670.7547886591351,
          "delay_weight_close": 0,
          "delay_weight_entry": 24.902577112676063,
          "ema_dist_close": -0.006892193393855765,
          "ema_dist_entry": 0.0018471428729904483,
          "ema_span_0": 1182.9471568520182,
          "ema_span_1": 266.9284110598926,
          "enabled": true,
          "markup_range": 0.0008088846814365595,
          "min_markup": 0.004613372815091481,
          "n_close_orders": 3,
          "qty_pct_close": 0.016205541104947943,
          "qty_pct_entry": 0.01474072440910145,
          "wallet_exposure_limit": 0.4,
          "we_multiplier_close": 0,
          "we_multiplier_entry": 93.63414277209102},
 "short": {"backwards_tp": true,
           "delay_between_fills_minutes_close": 952.3527559369179,
           "delay_between_fills_minutes_entry": 1392.4072838287566,
           "delay_weight_close": 0.0,
           "delay_weight_entry": 25.737653948491946,
           "ema_dist_close": -0.008558683187584406,
           "ema_dist_entry": -0.027858483769622227,
           "ema_span_0": 358.77921862620826,
           "ema_span_1": 1280.6064384811064,
           "enabled": false,
           "markup_range": 0.03568735659261478,
           "min_markup": 0.0063951223913110405,
           "n_close_orders": 10,
           "qty_pct_close": 0.04609705688526546,
           "qty_pct_entry": 0.014897561082704186,
           "wallet_exposure_limit": 1.0,
           "we_multiplier_close": 0.0,
           "we_multiplier_entry": 92.46086584856218}}