{"config_name": "recursive_grid_0days",
 "logging_level": 0,
 "long": {"auto_unstuck_ema_dist": 0.003,
          "auto_unstuck_wallet_exposure_threshold": 0.03313500040539437,
          "backwards_tp": true,
          "ddown_factor": 1,
          "ema_span_0": 1359.3774849894999,
          "ema_span_1": 1361.7676125141836,
          "enabled": true,
          "initial_eprice_ema_dist": -0.0005737490319343193,
          "initial_qty_pct": 0.030103351343943083,
          "markup_range": 0.0038592162611054788,
          "min_markup": 0.005331135012338086,
          "n_close_orders": 11,
          "rentry_pprice_dist": 0.02710665253588783,
          "rentry_pprice_dist_wallet_exposure_weighting": 0.8673325615796426,
          "wallet_exposure_limit": 0.2},
 "short": {"auto_unstuck_ema_dist": -0.030074572488978782,
           "auto_unstuck_wallet_exposure_threshold": 0.0830203341037884,
           "backwards_tp": true,
           "ddown_factor": 1.4655086547184546,
           "ema_span_0": 705.2086972807901,
           "ema_span_1": 690.4091119066857,
           "enabled": false,
           "initial_eprice_ema_dist": 0.0037418404974744884,
           "initial_qty_pct": 0.04502142383862571,
           "markup_range": 0.039956087701284296,
           "min_markup": 0.007291372573796063,
           "n_close_orders": 2,
           "rentry_pprice_dist": 0.025474538606239567,
           "rentry_pprice_dist_wallet_exposure_weighting": 13.617944403859571,
           "wallet_exposure_limit": 1.0}}