{"config_name": "recursive_grid_0days",
 "logging_level": 0,
 "long": {"auto_unstuck_ema_dist": 0.06361488135600309,
          "auto_unstuck_wallet_exposure_threshold": 0.09593162856925351,
          "backwards_tp": false,
          "ddown_factor": 1.997611638964549,
          "ema_span_0": 2083.017872577305,
          "ema_span_1": 7006.834694421713,
          "enabled": false,
          "initial_eprice_ema_dist": -0.019206763387974515,
          "initial_qty_pct": 0.015,
          "markup_range": 0.02660174935071639,
          "min_markup": 0.0033288727257732593,
          "n_close_orders": 17,
          "rentry_pprice_dist": 0.045353925801930595,
          "rentry_pprice_dist_wallet_exposure_weighting": 87.39326401433561,
          "wallet_exposure_limit": 0.1},
 "short": {"auto_unstuck_ema_dist": 0.030468127596643753,
           "auto_unstuck_wallet_exposure_threshold": 0.04911910649420798,
           "backwards_tp": false,
           "ddown_factor": 0.0844331683070294,
           "ema_span_0": 4201.299777910184,
           "ema_span_1": 4435.425035592539,
           "enabled": true,
           "initial_eprice_ema_dist": -0.06084171212929231,
           "initial_qty_pct": 0.0027960056722351294,
           "markup_range": 0.028784005569461948,
           "min_markup": 0.003840307944220486,
           "n_close_orders": 8,
           "rentry_pprice_dist": 0.028396452289805342,
           "rentry_pprice_dist_wallet_exposure_weighting": 0,
           "wallet_exposure_limit": 0.2}}