{"config_name": "recursive_grid_0days",
 "logging_level": 0,
 "long": {"auto_unstuck_ema_dist": 0,
          "auto_unstuck_wallet_exposure_threshold": 0,
          "backwards_tp": true,
          "ddown_factor": 2.5735816572183374,
          "ema_span_0": 540.8691659942895,
          "ema_span_1": 936.8967456447136,
          "enabled": true,
          "initial_eprice_ema_dist": -0.1,
          "initial_qty_pct": 0.0024423190605707143,
          "markup_range": 0.0018829150813215235,
          "min_markup": 0.0034477011735833873,
          "n_close_orders": 4,
          "rentry_pprice_dist": 0.03370836650127774,
          "rentry_pprice_dist_wallet_exposure_weighting": 0,
          "wallet_exposure_limit": 0.2},
 "short": {"auto_unstuck_ema_dist": 0.007914222248100828,
           "auto_unstuck_wallet_exposure_threshold": 0.05249647750219642,
           "backwards_tp": true,
           "ddown_factor": 1.3594609354961864,
           "ema_span_0": 1443.6486662567054,
           "ema_span_1": 6025.771057164289,
           "enabled": false,
           "initial_eprice_ema_dist": -0.07122415957374988,
           "initial_qty_pct": 0.015,
           "markup_range": 0.011664048825703877,
           "min_markup": 0.0034133494839473366,
           "n_close_orders": 15,
           "rentry_pprice_dist": 0.012304907331054044,
           "rentry_pprice_dist_wallet_exposure_weighting": 39.79783646352995,
           "wallet_exposure_limit": 0.1}}