{"config_name": "clock_0days",
 "long": {"backwards_tp": true,
          "delay_between_fills_minutes_close": 1440,
          "delay_between_fills_minutes_entry": 1394.6564680557562,
          "delay_weight_close": 140.9970709110788,
          "delay_weight_entry": 9.948516155372179,
          "ema_dist_close": 0.003,
          "ema_dist_entry": -0.00046314867485278566,
          "ema_span_0": 1440,
          "ema_span_1": 32.01963861909815,
          "enabled": true,
          "markup_range": 0.04,
          "min_markup": 0.00997086958497785,
          "n_close_orders": 6,
          "qty_pct_close": 0.01,
          "qty_pct_entry": 0.010717513470290882,
          "wallet_exposure_limit": 0.25,
          "we_multiplier_close": 0,
          "we_multiplier_entry": 39.02591565123629},
 "short": {"backwards_tp": true,
           "delay_between_fills_minutes_close": 1440,
           "delay_between_fills_minutes_entry": 620.8548609074832,
           "delay_weight_close": 102.88862591885479,
           "delay_weight_entry": 5.861346105986659,
           "ema_dist_close": 0.003,
           "ema_dist_entry": 0.0019114013870844087,
           "ema_span_0": 99.52633884928393,
           "ema_span_1": 1436.1080595213705,
           "enabled": true,
           "markup_range": 0.014334509083688303,
           "min_markup": 0.009773627062966039,
           "n_close_orders": 7,
           "qty_pct_close": 0.02346839170169201,
           "qty_pct_entry": 0.011370944291188756,
           "wallet_exposure_limit": 0.125,
           "we_multiplier_close": 0,
           "we_multiplier_entry": 46.23171576535213}}