{"config_name": "clock_0days",
 "long": {"backwards_tp": true,
          "delay_between_fills_minutes_close": 1026.9879798498785,
          "delay_between_fills_minutes_entry": 1030.046662115421,
          "delay_weight_close": 148.1805166430415,
          "delay_weight_entry": 12.923260705005063,
          "ema_dist_close": 0.003,
          "ema_dist_entry": -0.0005744392956176744,
          "ema_span_0": 990.9952821313245,
          "ema_span_1": 945.9395886162691,
          "enabled": true,
          "markup_range": 0.021618130898429063,
          "min_markup": 0.008409513263462544,
          "n_close_orders": 16,
          "qty_pct_close": 0.029574224590798857,
          "qty_pct_entry": 0.013783568577406246,
          "wallet_exposure_limit": 0.25,
          "we_multiplier_close": 0,
          "we_multiplier_entry": 120.02095724002777},
 "short": {"backwards_tp": true,
           "delay_between_fills_minutes_close": 1339.4841809620225,
           "delay_between_fills_minutes_entry": 951.6913419900378,
           "delay_weight_close": 48.76370135839827,
           "delay_weight_entry": 4.9932794651558865,
           "ema_dist_close": 0.002957385684586546,
           "ema_dist_entry": 0.002057116735433924,
           "ema_span_0": 1417.1803306716806,
           "ema_span_1": 980.1195004477048,
           "enabled": true,
           "markup_range": 0.0064062954278683035,
           "min_markup": 0.0038263101615146605,
           "n_close_orders": 16,
           "qty_pct_close": 0.016407099159325495,
           "qty_pct_entry": 0.02033132420508324,
           "wallet_exposure_limit": 0.125,
           "we_multiplier_close": 0,
           "we_multiplier_entry": 179.08882950634873}}