{"config_name": "clock_0days",
 "long": {"backwards_tp": true,
          "delay_between_fills_minutes_close": 1203.570070368554,
          "delay_between_fills_minutes_entry": 1146.7080205229247,
          "delay_weight_close": 122.72135625448439,
          "delay_weight_entry": 17.186856480536125,
          "ema_dist_close": 0.0023761361244057358,
          "ema_dist_entry": -0.001560014843209844,
          "ema_span_0": 1351.5738332670173,
          "ema_span_1": 242.49686608909425,
          "enabled": true,
          "markup_range": 0.0028626894814679535,
          "min_markup": 0.0066374544253116514,
          "n_close_orders": 12,
          "qty_pct_close": 0.027149833873146807,
          "qty_pct_entry": 0.021066734094838842,
          "wallet_exposure_limit": 0.25,
          "we_multiplier_close": 0,
          "we_multiplier_entry": 115.31939770088235},
 "short": {"backwards_tp": true,
           "delay_between_fills_minutes_close": 1436.6874189486316,
           "delay_between_fills_minutes_entry": 530.4463585963051,
           "delay_weight_close": 125.44626656476149,
           "delay_weight_entry": 11.035618602225034,
           "ema_dist_close": 0.002605602549419676,
           "ema_dist_entry": -0.00040885510195618163,
           "ema_span_0": 888.439116288959,
           "ema_span_1": 1414.0291255071693,
           "enabled": true,
           "markup_range": 0.018127552133405892,
           "min_markup": 0.009663558039400508,
           "n_close_orders": 8,
           "qty_pct_close": 0.013137702089626025,
           "qty_pct_entry": 0.010272634876390855,
           "wallet_exposure_limit": 0.125,
           "we_multiplier_close": 0,
           "we_multiplier_entry": 35.76880504572633}}