{"config_name": "clock_0days",
 "long": {"backwards_tp": true,
          "delay_between_fills_minutes_close": 757.9315614730631,
          "delay_between_fills_minutes_entry": 354.4919837764445,
          "delay_weight_close": 161.04431517120835,
          "delay_weight_entry": 7.658546059887936,
          "ema_dist_close": 0.003,
          "ema_dist_entry": -0.0031221272286905233,
          "ema_span_0": 264.04241932844803,
          "ema_span_1": 956.0974345733542,
          "enabled": true,
          "markup_range": 0.005158155749550429,
          "min_markup": 0.002146550092140257,
          "n_close_orders": 9,
          "qty_pct_close": 0.013775855805137413,
          "qty_pct_entry": 0.010938531367365814,
          "wallet_exposure_limit": 0.25,
          "we_multiplier_close": 0,
          "we_multiplier_entry": 29.364730814468107},
 "short": {"backwards_tp": true,
           "delay_between_fills_minutes_close": 1425.3007484853333,
           "delay_between_fills_minutes_entry": 953.4423427489417,
           "delay_weight_close": 148.3024969442388,
           "delay_weight_entry": 12.504179274789673,
           "ema_dist_close": 0.0014978874529670456,
           "ema_dist_entry": 0.0016173718314072857,
           "ema_span_0": 1226.602125864126,
           "ema_span_1": 1397.1654824656382,
           "enabled": true,
           "markup_range": 0.025208628917301305,
           "min_markup": 0.01,
           "n_close_orders": 14,
           "qty_pct_close": 0.01459646191088437,
           "qty_pct_entry": 0.01775796036662934,
           "wallet_exposure_limit": 0.125,
           "we_multiplier_close": 0,
           "we_multiplier_entry": 18.547164243546234}}