{"config_name": "clock_0days",
 "long": {"backwards_tp": true,
          "delay_between_fills_minutes_close": 1422.481823089925,
          "delay_between_fills_minutes_entry": 1114.7930166822207,
          "delay_weight_close": 165.057126891503,
          "delay_weight_entry": 19.051034306403068,
          "ema_dist_close": 0.002768324550838518,
          "ema_dist_entry": 0.0028373943530238693,
          "ema_span_0": 17.561543823254453,
          "ema_span_1": 440.17122813752815,
          "enabled": true,
          "markup_range": 0.0054934994225603415,
          "min_markup": 0.0035858941768347756,
          "n_close_orders": 2,
          "qty_pct_close": 0.011430683252891882,
          "qty_pct_entry": 0.021825348054107546,
          "wallet_exposure_limit": 0.25,
          "we_multiplier_close": 0,
          "we_multiplier_entry": 69.88642796800187},
 "short": {"backwards_tp": true,
           "delay_between_fills_minutes_close": 1228.2050927149367,
           "delay_between_fills_minutes_entry": 1192.4652707149967,
           "delay_weight_close": 137.16256199419783,
           "delay_weight_entry": 6.354708736606611,
           "ema_dist_close": 0.003,
           "ema_dist_entry": 0.00026494751900651704,
           "ema_span_0": 1015.1012719025088,
           "ema_span_1": 1338.9588448684249,
           "enabled": true,
           "markup_range": 0.003712433238298858,
           "min_markup": 0.005670891607282363,
           "n_close_orders": 5,
           "qty_pct_close": 0.020595205977326378,
           "qty_pct_entry": 0.017775747667486172,
           "wallet_exposure_limit": 0.125,
           "we_multiplier_close": 0.0,
           "we_multiplier_entry": 51.98516983111696}}