{"config_name": "clock_0days",
 "long": {"backwards_tp": true,
          "delay_between_fills_minutes_close": 1403.4005840542632,
          "delay_between_fills_minutes_entry": 1294.844339335213,
          "delay_weight_close": 136.61672922152837,
          "delay_weight_entry": 20.79508294056999,
          "ema_dist_close": -0.05,
          "ema_dist_entry": -0.009265983471476018,
          "ema_span_0": 1317.1409227071329,
          "ema_span_1": 1070.6845562424146,
          "enabled": true,
          "markup_range": 0.0035833021717220906,
          "min_markup": 0.00994084623054085,
          "n_close_orders": 7,
          "qty_pct_close": 0.012105011970392387,
          "qty_pct_entry": 0.017295339070832288,
          "wallet_exposure_limit": 0.25,
          "we_multiplier_close": 0,
          "we_multiplier_entry": 41.518596962590415},
 "short": {"backwards_tp": true,
           "delay_between_fills_minutes_close": 730.2006970208552,
           "delay_between_fills_minutes_entry": 1361.9211030186723,
           "delay_weight_close": 151.61878117098752,
           "delay_weight_entry": 13.932516574322962,
           "ema_dist_close": 0.0014576925179676553,
           "ema_dist_entry": 0.0010789236026993785,
           "ema_span_0": 945.2466979508501,
           "ema_span_1": 1306.4803634327757,
           "enabled": true,
           "markup_range": 0.01363415081565685,
           "min_markup": 0.009167306999669871,
           "n_close_orders": 8,
           "qty_pct_close": 0.04097107155883818,
           "qty_pct_entry": 0.02222653276095665,
           "wallet_exposure_limit": 0.125,
           "we_multiplier_close": 0,
           "we_multiplier_entry": 55.62084496335147}}