{"config_name": "clock_0days",
 "long": {"backwards_tp": true,
          "delay_between_fills_minutes_close": 1397.863534192783,
          "delay_between_fills_minutes_entry": 1327.3048343855771,
          "delay_weight_close": 131.1388385867821,
          "delay_weight_entry": 24.084395276855467,
          "ema_dist_close": -0.04902456770340482,
          "ema_dist_entry": 0.003,
          "ema_span_0": 622.5380304050101,
          "ema_span_1": 801.7953589428254,
          "enabled": true,
          "markup_range": 0.037803711822708114,
          "min_markup": 0.008290277582752196,
          "n_close_orders": 6,
          "qty_pct_close": 0.026043198269735675,
          "qty_pct_entry": 0.011102266661164198,
          "wallet_exposure_limit": 0.25,
          "we_multiplier_close": 0,
          "we_multiplier_entry": 92.90348330894743},
 "short": {"backwards_tp": true,
           "delay_between_fills_minutes_close": 1440,
           "delay_between_fills_minutes_entry": 1109.230332905056,
           "delay_weight_close": 154.7670050888075,
           "delay_weight_entry": 1.618749004771416,
           "ema_dist_close": -0.00426179546357018,
           "ema_dist_entry": -0.013361773110426009,
           "ema_span_0": 240.16980561556016,
           "ema_span_1": 1357.771979235603,
           "enabled": true,
           "markup_range": 0.004592679562493549,
           "min_markup": 0.003799780326298683,
           "n_close_orders": 14,
           "qty_pct_close": 0.017170617541961346,
           "qty_pct_entry": 0.029410237165686214,
           "wallet_exposure_limit": 0.125,
           "we_multiplier_close": 0,
           "we_multiplier_entry": 93.98101855973253}}