{"config_name": "clock_0days",
 "long": {"backwards_tp": true,
          "delay_between_fills_minutes_close": 1247.2118758733131,
          "delay_between_fills_minutes_entry": 997.3532067405731,
          "delay_weight_close": 148.48284730587585,
          "delay_weight_entry": 8.994632503070289,
          "ema_dist_close": 0.003,
          "ema_dist_entry": -0.0051601776083474256,
          "ema_span_0": 1293.5122780827846,
          "ema_span_1": 1183.7416471910312,
          "enabled": true,
          "markup_range": 0.0047421304888177005,
          "min_markup": 0.007207937528957496,
          "n_close_orders": 12,
          "qty_pct_close": 0.01955731717422505,
          "qty_pct_entry": 0.01788440063199424,
          "wallet_exposure_limit": 0.25,
          "we_multiplier_close": 0,
          "we_multiplier_entry": 67.05274613531573},
 "short": {"backwards_tp": true,
           "delay_between_fills_minutes_close": 1210.933906417887,
           "delay_between_fills_minutes_entry": 952.1330826062562,
           "delay_weight_close": 179.15339067307224,
           "delay_weight_entry": 2.4427991886648894,
           "ema_dist_close": -0.008079250881063087,
           "ema_dist_entry": -0.00012756255063833127,
           "ema_span_0": 1405.5608468207263,
           "ema_span_1": 92.93241311013705,
           "enabled": true,
           "markup_range": 0.018549293319509764,
           "min_markup": 0.0024784169826527814,
           "n_close_orders": 2,
           "qty_pct_close": 0.01990964741630163,
           "qty_pct_entry": 0.03462646576979181,
           "wallet_exposure_limit": 0.125,
           "we_multiplier_close": 0,
           "we_multiplier_entry": 137.3170661689286}}