{"config_name": "clock_0days",
 "long": {"backwards_tp": true,
          "delay_between_fills_minutes_close": 1378.0475875473644,
          "delay_between_fills_minutes_entry": 941.4299108351665,
          "delay_weight_close": 122.49674995443587,
          "delay_weight_entry": 14.602818490753258,
          "ema_dist_close": 0.0007324665118908954,
          "ema_dist_entry": -0.008762297781288998,
          "ema_span_0": 284.1327760226984,
          "ema_span_1": 1191.3842231201509,
          "enabled": true,
          "markup_range": 0.03667730002284443,
          "min_markup": 0.005718659672934926,
          "n_close_orders": 2,
          "qty_pct_close": 0.011776787206834664,
          "qty_pct_entry": 0.01717243726005553,
          "wallet_exposure_limit": 0.25,
          "we_multiplier_close": 0,
          "we_multiplier_entry": 13.323482579318565},
 "short": {"backwards_tp": true,
           "delay_between_fills_minutes_close": 1405.283580207235,
           "delay_between_fills_minutes_entry": 1403.2606675047211,
           "delay_weight_close": 163.12381630701148,
           "delay_weight_entry": 21.088891659068125,
           "ema_dist_close": 0.0025610164244274955,
           "ema_dist_entry": -0.0007505432678852038,
           "ema_span_0": 1343.1273215952615,
           "ema_span_1": 1440,
           "enabled": true,
           "markup_range": 0.003037514518982421,
           "min_markup": 0.0022029725000204696,
           "n_close_orders": 6,
           "qty_pct_close": 0.03328025050838542,
           "qty_pct_entry": 0.03148728670441311,
           "wallet_exposure_limit": 0.125,
           "we_multiplier_close": 0,
           "we_multiplier_entry": 129.64775916867885}}