{"config_name": "recursive_grid_0days",
 "logging_level": 0,
 "long": {"auto_unstuck_ema_dist": 0.0,
          "auto_unstuck_wallet_exposure_threshold": 0,
          "backwards_tp": false,
          "ddown_factor": 2.330156093399726,
          "ema_span_0": 11.27387435596404,
          "ema_span_1": 37.39931769025043,
          "enabled": true,
          "initial_eprice_ema_dist": -0.1,
          "initial_qty_pct": 0.0015795574997620279,
          "markup_range": 0.036275276562068935,
          "min_markup": 0.013076402967059855,
          "n_close_orders": 5,
          "rentry_pprice_dist": 0.027413880916706386,
          "rentry_pprice_dist_wallet_exposure_weighting": 0,
          "wallet_exposure_limit": 0.2},
 "short": {"auto_unstuck_ema_dist": 0.06678572874810139,
           "auto_unstuck_wallet_exposure_threshold": 0.08121135605035475,
           "backwards_tp": true,
           "ddown_factor": 1.7614361716132432,
           "ema_span_0": 2791.928937391821,
           "ema_span_1": 5762.142440009255,
           "enabled": false,
           "initial_eprice_ema_dist": -0.005035892909751066,
           "initial_qty_pct": 0.015,
           "markup_range": 0.026123064020431137,
           "min_markup": 0.0024284419647048984,
           "n_close_orders": 11,
           "rentry_pprice_dist": 0.006600707373940494,
           "rentry_pprice_dist_wallet_exposure_weighting": 31.159599629164735,
           "wallet_exposure_limit": 0.1}}