{"config_name": "recursive_grid_0days",
 "logging_level": 0,
 "long": {"auto_unstuck_ema_dist": 0.001,
          "auto_unstuck_wallet_exposure_threshold": 0.09335296762494301,
          "backwards_tp": true,
          "ddown_factor": 0.5495639771083382,
          "ema_span_0": 298.636975939573,
          "ema_span_1": 365.05194659380356,
          "enabled": true,
          "initial_eprice_ema_dist": -0.09414390476460582,
          "initial_qty_pct": 0.011490158397672093,
          "markup_range": 0.00188408640345553,
          "min_markup": 0.003556267207927258,
          "n_close_orders": 5,
          "rentry_pprice_dist": 0.02340020281828743,
          "rentry_pprice_dist_wallet_exposure_weighting": 0,
          "wallet_exposure_limit": 0.2},
 "short": {"auto_unstuck_ema_dist": 0.012644468102981355,
           "auto_unstuck_wallet_exposure_threshold": 0.054933828817684674,
           "backwards_tp": true,
           "ddown_factor": 0.4427136680300711,
           "ema_span_0": 3145.1573398081114,
           "ema_span_1": 3608.2452386820423,
           "enabled": false,
           "initial_eprice_ema_dist": -0.08460554232934447,
           "initial_qty_pct": 0.015,
           "markup_range": 0.01808581387578362,
           "min_markup": 0.0015323441565846304,
           "n_close_orders": 13,
           "rentry_pprice_dist": 0.03473724490207022,
           "rentry_pprice_dist_wallet_exposure_weighting": 86.82533039676099,
           "wallet_exposure_limit": 0.1}}