{"config_name": "clock_0days",
 "long": {"backwards_tp": true,
          "delay_between_fills_minutes_close": 38.19039890431509,
          "delay_between_fills_minutes_entry": 292.4395743114914,
          "delay_weight_close": 77.53607765952057,
          "delay_weight_entry": 18.76751814531869,
          "ema_dist_close": -0.00935200582642958,
          "ema_dist_entry": 0.006822854237479387,
          "ema_span_0": 307.7115422157264,
          "ema_span_1": 10,
          "enabled": true,
          "markup_range": 0.0,
          "min_markup": 0.03480695382711412,
          "n_close_orders": 16,
          "qty_pct_close": 0.8332855690364583,
          "qty_pct_entry": 0.01,
          "wallet_exposure_limit": 0.4,
          "we_multiplier_close": 1.3202986443444542,
          "we_multiplier_entry": 99.10513302966724},
 "short": {"backwards_tp": true,
           "delay_between_fills_minutes_close": 963.5544867575408,
           "delay_between_fills_minutes_entry": 972.4130973833325,
           "delay_weight_close": 46.841425025373916,
           "delay_weight_entry": 63.862214395040425,
           "ema_dist_close": -0.04510998871470664,
           "ema_dist_entry": -0.0036009106771998922,
           "ema_span_0": 1333.113436662435,
           "ema_span_1": 378.7879084514925,
           "enabled": false,
           "markup_range": 0.04904408896715759,
           "min_markup": 0.009874408113152072,
           "n_close_orders": 7,
           "qty_pct_close": 0.017855287939971837,
           "qty_pct_entry": 0.0483246924929494,
           "wallet_exposure_limit": 1.0,
           "we_multiplier_close": 60.73063527423733,
           "we_multiplier_entry": 14.768028796775035}}