{"config_name": "recursive_grid_0days",
 "logging_level": 0,
 "long": {"auto_unstuck_ema_dist": -0.006067604877354124,
          "auto_unstuck_wallet_exposure_threshold": 0.058627262468612204,
          "backwards_tp": false,
          "ddown_factor": 2.696360508271007,
          "ema_span_0": 1363.0413008510288,
          "ema_span_1": 630.4538434732899,
          "enabled": true,
          "initial_eprice_ema_dist": 0.0016067602523319401,
          "initial_qty_pct": 0.022514820292280177,
          "markup_range": 0.03447804986172381,
          "min_markup": 0.006741421791467696,
          "n_close_orders": 16,
          "rentry_pprice_dist": 0.03409791510766416,
          "rentry_pprice_dist_wallet_exposure_weighting": 2.030139278707376,
          "wallet_exposure_limit": 0.2},
 "short": {"auto_unstuck_ema_dist": -0.01344583991903052,
           "auto_unstuck_wallet_exposure_threshold": 0.07396603228661074,
           "backwards_tp": true,
           "ddown_factor": 0.8638402856378004,
           "ema_span_0": 1022.6721152375142,
           "ema_span_1": 967.6854396581908,
           "enabled": false,
           "initial_eprice_ema_dist": -0.0695192411959055,
           "initial_qty_pct": 0.05192113443122632,
           "markup_range": 0.006409759631823084,
           "min_markup": 0.003125735919943759,
           "n_close_orders": 5,
           "rentry_pprice_dist": 0.03842505012433867,
           "rentry_pprice_dist_wallet_exposure_weighting": 9.905071154676596,
           "wallet_exposure_limit": 1.0}}