{"config_name": "recursive_grid_0days",
 "logging_level": 0,
 "long": {"auto_unstuck_ema_dist": 0,
          "auto_unstuck_wallet_exposure_threshold": 0,
          "backwards_tp": false,
          "ddown_factor": 1.1606627670677017,
          "ema_span_0": 958.9604029916571,
          "ema_span_1": 96.68709352063578,
          "enabled": true,
          "initial_eprice_ema_dist": -0.1,
          "initial_qty_pct": 0.0028255589586959743,
          "markup_range": 0.022208463212857132,
          "min_markup": 0.00301865359398284,
          "n_close_orders": 3,
          "rentry_pprice_dist": 0.028262363563580667,
          "rentry_pprice_dist_wallet_exposure_weighting": 0,
          "wallet_exposure_limit": 0.2},
 "short": {"auto_unstuck_ema_dist": 0.03919720826216642,
           "auto_unstuck_wallet_exposure_threshold": 0.059442649372549436,
           "backwards_tp": true,
           "ddown_factor": 2.0213163531791754,
           "ema_span_0": 1958.4395972688149,
           "ema_span_1": 718.643954390127,
           "enabled": false,
           "initial_eprice_ema_dist": -0.0826903830889601,
           "initial_qty_pct": 0.015,
           "markup_range": 0.00284972891402706,
           "min_markup": 0.0010212729568511193,
           "n_close_orders": 17,
           "rentry_pprice_dist": 0.03165545435620739,
           "rentry_pprice_dist_wallet_exposure_weighting": 24.549022492227405,
           "wallet_exposure_limit": 0.1}}