{"config_name": "recursive_grid_0days",
 "logging_level": 0,
 "long": {"auto_unstuck_ema_dist": -0.0018115507886470933,
          "auto_unstuck_wallet_exposure_threshold": 0.07931175248074313,
          "backwards_tp": true,
          "ddown_factor": 2.0716376621700148,
          "ema_span_0": 141.59380786649362,
          "ema_span_1": 639.0416762315901,
          "enabled": true,
          "initial_eprice_ema_dist": 0.01,
          "initial_qty_pct": 0.01,
          "markup_range": 0.005371790360241658,
          "min_markup": 0.005470332881754103,
          "n_close_orders": 9,
          "rentry_pprice_dist": 0.02547984640531848,
          "rentry_pprice_dist_wallet_exposure_weighting": 0.0,
          "wallet_exposure_limit": 1},
 "short": {"auto_unstuck_ema_dist": -0.08935119220607537,
           "auto_unstuck_wallet_exposure_threshold": 0.04121084629771603,
           "backwards_tp": true,
           "ddown_factor": 0.8081262673572402,
           "ema_span_0": 470.74777177809676,
           "ema_span_1": 1370.7750379765887,
           "enabled": false,
           "initial_eprice_ema_dist": -0.014743814851807285,
           "initial_qty_pct": 0.01,
           "markup_range": 0.03456968551018181,
           "min_markup": 0.004518139697957101,
           "n_close_orders": 2,
           "rentry_pprice_dist": 0.04049584325244344,
           "rentry_pprice_dist_wallet_exposure_weighting": 15.077451626692287,
           "wallet_exposure_limit": 1}}