{"config_name": "recursive_grid_0days",
 "logging_level": 0,
 "long": {"auto_unstuck_ema_dist": -0.0010597428168313923,
          "auto_unstuck_wallet_exposure_threshold": 0.044568599632828734,
          "backwards_tp": true,
          "ddown_factor": 1.6713661688576051,
          "ema_span_0": 364.62137872881954,
          "ema_span_1": 736.8916019763799,
          "enabled": true,
          "initial_eprice_ema_dist": 0.01,
          "initial_qty_pct": 0.01,
          "markup_range": 0.007133357231679148,
          "min_markup": 0.005251769439861278,
          "n_close_orders": 5,
          "rentry_pprice_dist": 0.02450438880158522,
          "rentry_pprice_dist_wallet_exposure_weighting": 2.4700393446733444,
          "wallet_exposure_limit": 1.0},
 "short": {"auto_unstuck_ema_dist": -0.05798690487624264,
           "auto_unstuck_wallet_exposure_threshold": 0.06207780383503754,
           "backwards_tp": true,
           "ddown_factor": 0.41229826475498266,
           "ema_span_0": 116.54257298995533,
           "ema_span_1": 256.02750974423066,
           "enabled": false,
           "initial_eprice_ema_dist": -0.037579925816288336,
           "initial_qty_pct": 0.05278086969584745,
           "markup_range": 0.04344236024814794,
           "min_markup": 0.0022461536517566476,
           "n_close_orders": 4,
           "rentry_pprice_dist": 0.027323497405890955,
           "rentry_pprice_dist_wallet_exposure_weighting": 5.895595610923188,
           "wallet_exposure_limit": 1.0}}