{"config_name": "recursive_grid_0days",
 "logging_level": 0,
 "long": {"auto_unstuck_ema_dist": 0.07517756597941046,
          "auto_unstuck_wallet_exposure_threshold": 0.01367530791892997,
          "backwards_tp": false,
          "ddown_factor": 2.0331450897256356,
          "ema_span_0": 3315.580296755824,
          "ema_span_1": 1809.9993543937285,
          "enabled": false,
          "initial_eprice_ema_dist": -0.032313060280057565,
          "initial_qty_pct": 0.015,
          "markup_range": 0.004214443194201544,
          "min_markup": 0.0033023386594279044,
          "n_close_orders": 7,
          "rentry_pprice_dist": 0.045488281073115006,
          "rentry_pprice_dist_wallet_exposure_weighting": 13.529791952757195,
          "wallet_exposure_limit": 0.1},
 "short": {"auto_unstuck_ema_dist": 0,
           "auto_unstuck_wallet_exposure_threshold": 0,
           "backwards_tp": false,
           "ddown_factor": 2.6724136258267395,
           "ema_span_0": 880.9507772040931,
           "ema_span_1": 2808.6098732456203,
           "enabled": true,
           "initial_eprice_ema_dist": -0.07414153687813965,
           "initial_qty_pct": 0.0030073129171132003,
           "markup_range": 0.01790682217958042,
           "min_markup": 0.004527711238921922,
           "n_close_orders": 3,
           "rentry_pprice_dist": 0.028447653150940746,
           "rentry_pprice_dist_wallet_exposure_weighting": 0,
           "wallet_exposure_limit": 0.2}}