{"config_name": "clock_0days",
 "long": {"delay_between_fills_minutes_close": 359.7494238647268,
          "delay_between_fills_minutes_entry": 284.4838100013477,
          "delay_weight_close": 140.8002524258035,
          "delay_weight_entry": 23.632737413013736,
          "ema_dist_lower": 0,
          "ema_dist_upper": -0.058805986552335286,
          "ema_span_0": 526.6307392348047,
          "ema_span_1": 923.8152293343624,
          "enabled": true,
          "markup_range": 0.028656533804432546,
          "min_markup": 0.027569731007582875,
          "n_close_orders": 2,
          "qty_pct_close": 0.016216374603673308,
          "qty_pct_entry": 0.01,
          "wallet_exposure_limit": 0.3,
          "we_multiplier_close": 125.23804803050307,
          "we_multiplier_entry": 113.57725958329678},
 "short": {"delay_between_fills_minutes_close": 1111.047133996034,
           "delay_between_fills_minutes_entry": 1088.456901231641,
           "delay_weight_close": 8.47047307816668,
           "delay_weight_entry": 19.712276701938524,
           "ema_dist_lower": 0.019673513357586256,
           "ema_dist_upper": 0.018668860454848436,
           "ema_span_0": 1146.259714550138,
           "ema_span_1": 1396.7370765537003,
           "enabled": false,
           "markup_range": 0.08109896825105058,
           "min_markup": 0.007503287393825188,
           "n_close_orders": 15,
           "qty_pct_close": 0.031420476055972736,
           "qty_pct_entry": 0.08671998882128239,
           "wallet_exposure_limit": 1.0,
           "we_multiplier_close": 0.38448269050446626,
           "we_multiplier_entry": 17.24358729307478}}