{"config_name": "recursive_grid_0days",
 "logging_level": 0,
 "long": {"auto_unstuck_ema_dist": 0,
          "auto_unstuck_wallet_exposure_threshold": 0,
          "backwards_tp": false,
          "ddown_factor": 1.3719517451600873,
          "ema_span_0": 531.1699324480213,
          "ema_span_1": 927.6944839788324,
          "enabled": true,
          "initial_eprice_ema_dist": -0.1,
          "initial_qty_pct": 0.0017028664968364712,
          "markup_range": 0.028632967094154353,
          "min_markup": 0.013657343697496068,
          "n_close_orders": 5,
          "rentry_pprice_dist": 0.04132968434858652,
          "rentry_pprice_dist_wallet_exposure_weighting": 0,
          "wallet_exposure_limit": 0.2},
 "short": {"auto_unstuck_ema_dist": 0.0707568496478395,
           "auto_unstuck_wallet_exposure_threshold": 0.04489123597299118,
           "backwards_tp": true,
           "ddown_factor": 1.7297725612034252,
           "ema_span_0": 367.39424150894416,
           "ema_span_1": 3498.000512466238,
           "enabled": false,
           "initial_eprice_ema_dist": -0.07251794364456758,
           "initial_qty_pct": 0.015,
           "markup_range": 0.027638860955538042,
           "min_markup": 0.002361391151747919,
           "n_close_orders": 14,
           "rentry_pprice_dist": 0.010528961692712014,
           "rentry_pprice_dist_wallet_exposure_weighting": 11.24988084084151,
           "wallet_exposure_limit": 0.1}}
