{"config_name": "clock_0days",
 "long": {"backwards_tp": true,
          "delay_between_fills_minutes_close": 809.0230627918785,
          "delay_between_fills_minutes_entry": 441.209306918802,
          "delay_weight_close": 0,
          "delay_weight_entry": 34.83659295362156,
          "ema_dist_close": 0.0023623285186931634,
          "ema_dist_entry": -0.00955908439386898,
          "ema_span_0": 849.0099910616677,
          "ema_span_1": 725.9251084346441,
          "enabled": true,
          "markup_range": 0.002425772550174599,
          "min_markup": 0.0039858865927234356,
          "n_close_orders": 15,
          "qty_pct_close": 0.01648365756045435,
          "qty_pct_entry": 0.01,
          "wallet_exposure_limit": 0.4,
          "we_multiplier_close": 0,
          "we_multiplier_entry": 71.61536474001863},
 "short": {"backwards_tp": true,
           "delay_between_fills_minutes_close": 1001.5415133006368,
           "delay_between_fills_minutes_entry": 171.30616825548861,
           "delay_weight_close": 0.0,
           "delay_weight_entry": 97.49836385927388,
           "ema_dist_close": 0.002851670190992854,
           "ema_dist_entry": -0.0006912633084041608,
           "ema_span_0": 66.72839153122568,
           "ema_span_1": 1193.9292279562717,
           "enabled": false,
           "markup_range": 0.031397941872358226,
           "min_markup": 0.009381597481805504,
           "n_close_orders": 9,
           "qty_pct_close": 0.041506148727911564,
           "qty_pct_entry": 0.020391328740898815,
           "wallet_exposure_limit": 1.0,
           "we_multiplier_close": 0.0,
           "we_multiplier_entry": 51.26712939202586}}