{"config_name": "recursive_grid_0days",
 "logging_level": 0,
 "long": {"auto_unstuck_ema_dist": 0,
          "auto_unstuck_wallet_exposure_threshold": 0,
          "backwards_tp": false,
          "ddown_factor": 1.9625691741692652,
          "ema_span_0": 419.1196304869871,
          "ema_span_1": 80.17220248982954,
          "enabled": true,
          "initial_eprice_ema_dist": -0.1,
          "initial_qty_pct": 0.002788724325400144,
          "markup_range": 0.038949211921584924,
          "min_markup": 0.004351273355153022,
          "n_close_orders": 5,
          "rentry_pprice_dist": 0.023607395642427094,
          "rentry_pprice_dist_wallet_exposure_weighting": 0,
          "wallet_exposure_limit": 0.2},
 "short": {"auto_unstuck_ema_dist": 0.029362013386940722,
           "auto_unstuck_wallet_exposure_threshold": 0.07199717268405877,
           "backwards_tp": true,
           "ddown_factor": 0.7820929746399418,
           "ema_span_0": 378.2432647607019,
           "ema_span_1": 3008.999066083072,
           "enabled": false,
           "initial_eprice_ema_dist": -0.08056522193798618,
           "initial_qty_pct": 0.015,
           "markup_range": 0.025342326584292044,
           "min_markup": 0.0014932500618091917,
           "n_close_orders": 9,
           "rentry_pprice_dist": 0.0218436203203431,
           "rentry_pprice_dist_wallet_exposure_weighting": 22.542336104503775,
           "wallet_exposure_limit": 0.1}}