{"config_name": "recursive_grid_0days",
 "logging_level": 0,
 "long": {"auto_unstuck_ema_dist": 0.0,
          "auto_unstuck_wallet_exposure_threshold": 0,
          "backwards_tp": true,
          "ddown_factor": 2.9793210192483466,
          "ema_span_0": 18.789625793294608,
          "ema_span_1": 18.70377918936012,
          "enabled": true,
          "initial_eprice_ema_dist": -0.1,
          "initial_qty_pct": 0.002368532421919829,
          "markup_range": 0.035288362914282854,
          "min_markup": 0.006666094185622545,
          "n_close_orders": 1,
          "rentry_pprice_dist": 0.026438511129724805,
          "rentry_pprice_dist_wallet_exposure_weighting": 0,
          "wallet_exposure_limit": 0.2},
 "short": {"auto_unstuck_ema_dist": 0.0032796372849681443,
           "auto_unstuck_wallet_exposure_threshold": 0.04637309385530378,
           "backwards_tp": true,
           "ddown_factor": 2.2324838138508594,
           "ema_span_0": 3214.0429321901474,
           "ema_span_1": 7968.814170168293,
           "enabled": false,
           "initial_eprice_ema_dist": -0.02157826902431892,
           "initial_qty_pct": 0.015,
           "markup_range": 0.005264933609476651,
           "min_markup": 0.0010979637697582643,
           "n_close_orders": 10,
           "rentry_pprice_dist": 0.03899725552408962,
           "rentry_pprice_dist_wallet_exposure_weighting": 34.40844584039184,
           "wallet_exposure_limit": 0.1}}
