{"config_name": "recursive_grid_0days",
 "logging_level": 0,
 "long": {"auto_unstuck_ema_dist": 0.009970279615371062,
          "auto_unstuck_wallet_exposure_threshold": 0.07551814655811276,
          "backwards_tp": false,
          "ddown_factor": 0.7516623113893248,
          "ema_span_0": 2454.699694675473,
          "ema_span_1": 2990.0274430170243,
          "enabled": true,
          "initial_eprice_ema_dist": 0.009178529232034183,
          "initial_qty_pct": 0.015,
          "markup_range": 0.0235111594882807,
          "min_markup": 0.0012120896568193662,
          "n_close_orders": 5,
          "rentry_pprice_dist": 0.016897651789418447,
          "rentry_pprice_dist_wallet_exposure_weighting": 4.378239271395907,
          "wallet_exposure_limit": 0.1},
 "short": {"auto_unstuck_ema_dist": 0.008699191691406191,
           "auto_unstuck_wallet_exposure_threshold": 0.01768946603719285,
           "backwards_tp": false,
           "ddown_factor": 0.962810912869536,
           "ema_span_0": 766.9690260013672,
           "ema_span_1": 8181.3038610581825,
           "enabled": true,
           "initial_eprice_ema_dist": -0.043551388117608496,
           "initial_qty_pct": 0.015,
           "markup_range": 0.031899011146667246,
           "min_markup": 0.001340344511935477,
           "n_close_orders": 14,
           "rentry_pprice_dist": 0.029891909051581,
           "rentry_pprice_dist_wallet_exposure_weighting": 4.1707862834991944,
           "wallet_exposure_limit": 0.1}}