{"config_name": "emas_0days",
 "long": {"delay_between_fills_minutes_close": 1353.764412659347,
          "delay_between_fills_minutes_entry": 1378.3993420412144,
          "delay_weight_close": 62.45277184780079,
          "delay_weight_entry": 7.695723508583839,
          "ema_dist_lower": 0.001496835611758749,
          "ema_dist_upper": 0.008544988655032415,
          "ema_span_0": 636.2963434510948,
          "ema_span_1": 770.978803489617,
          "enabled": true,
          "markup_range": 0.06810499902294691,
          "min_markup": 0.06481777335412074,
          "n_close_orders": 7,
          "qty_pct_close": 0.046222039919543496,
          "qty_pct_entry": 0.018346559109218268,
          "wallet_exposure_limit": 1,
          "we_multiplier_close": 16.665054480526987,
          "we_multiplier_entry": 60.37107228654213},
 "short": {"delay_between_fills_minutes_close": 3135.378791296407,
           "delay_between_fills_minutes_entry": 3994.8362359706543,
           "delay_weight_close": 39.73044366890838,
           "delay_weight_entry": 16.264831939312952,
           "ema_dist_lower": 0.007675306897535255,
           "ema_dist_upper": 0.01152524504791653,
           "ema_span_0": 877.2025237045513,
           "ema_span_1": 452.0819248725618,
           "enabled": false,
           "markup_range": 0.039904825143593815,
           "min_markup": 0.03143002706087899,
           "n_close_orders": 3,
           "qty_pct_close": 0.05214578563662965,
           "qty_pct_entry": 0.07122585602522197,
           "wallet_exposure_limit": 1.0,
           "we_multiplier_close": 33.98311418484014,
           "we_multiplier_entry": 32.50118147562709}}