{"config_name": "clock_0days",
 "long": {"backwards_tp": true,
          "delay_between_fills_minutes_close": 39.027652020228004,
          "delay_between_fills_minutes_entry": 867.9382582249331,
          "delay_weight_close": 44.00107914897842,
          "delay_weight_entry": 25.62128958585976,
          "ema_dist_close": 0.002399886977004006,
          "ema_dist_entry": 0.01,
          "ema_span_0": 83.90205721899733,
          "ema_span_1": 392.0946204708122,
          "enabled": true,
          "markup_range": 0.01911722699161292,
          "min_markup": 0.009659825031138738,
          "n_close_orders": 14,
          "qty_pct_close": 0.780177684249333,
          "qty_pct_entry": 0.06435691632435991,
          "wallet_exposure_limit": 1,
          "we_multiplier_close": 5.720691838468571,
          "we_multiplier_entry": 49.53065160741984},
 "short": {"backwards_tp": true,
           "delay_between_fills_minutes_close": 174.73260772909669,
           "delay_between_fills_minutes_entry": 1123.9409408354045,
           "delay_weight_close": 67.71806537374846,
           "delay_weight_entry": 65.04477033513157,
           "ema_dist_close": -0.021857995642162946,
           "ema_dist_entry": -0.045194409009032294,
           "ema_span_0": 653.3110869395899,
           "ema_span_1": 1106.1226110246303,
           "enabled": false,
           "markup_range": 0.022153515983746777,
           "min_markup": 0.09334893005846882,
           "n_close_orders": 3,
           "qty_pct_close": 0.8554130914888114,
           "qty_pct_entry": 0.11299802945125019,
           "wallet_exposure_limit": 1,
           "we_multiplier_close": 4.733731046800453,
           "we_multiplier_entry": 3.6598183829513298}}