{"config_name": "clock_0days",
 "long": {"backwards_tp": true,
          "delay_between_fills_minutes_close": 156.9679289948052,
          "delay_between_fills_minutes_entry": 326.32225983871297,
          "delay_weight_close": 1.2259110005309706,
          "delay_weight_entry": 12.58708943282805,
          "ema_dist_close": 0.0015005806358520811,
          "ema_dist_entry": 0.005363343707333451,
          "ema_span_0": 467.63100448602233,
          "ema_span_1": 1061.1036868826195,
          "enabled": true,
          "markup_range": 0.03666001573358882,
          "min_markup": 0.08963089423684076,
          "n_close_orders": 5,
          "qty_pct_close": 0.1894355861331542,
          "qty_pct_entry": 0.010005727364522711,
          "wallet_exposure_limit": 1,
          "we_multiplier_close": 3.494566165370586,
          "we_multiplier_entry": 67.23079146069824},
 "short": {"backwards_tp": true,
           "delay_between_fills_minutes_close": 118.97225970235256,
           "delay_between_fills_minutes_entry": 34.551974283654005,
           "delay_weight_close": 45.37818281002471,
           "delay_weight_entry": 80.98603630523792,
           "ema_dist_close": -0.011320616449102781,
           "ema_dist_entry": -0.008395872542823889,
           "ema_span_0": 378.0965748351375,
           "ema_span_1": 72.58395037397769,
           "enabled": false,
           "markup_range": 0.052014378588269544,
           "min_markup": 0.08387095583023356,
           "n_close_orders": 5,
           "qty_pct_close": 0.3486610529781137,
           "qty_pct_entry": 0.4960791697509464,
           "wallet_exposure_limit": 1.0,
           "we_multiplier_close": 0.4626247976619424,
           "we_multiplier_entry": 2.9546302593321916}}