{"config_name": "clock_0days",
 "long": {"backwards_tp": true,
          "delay_between_fills_minutes_close": 113.17486979030835,
          "delay_between_fills_minutes_entry": 1122.4722667537205,
          "delay_weight_close": 24.13071245673348,
          "delay_weight_entry": 41.36171430200248,
          "ema_dist_close": -0.0065597996032183345,
          "ema_dist_entry": 0.006124284394574417,
          "ema_span_0": 73.4040438547353,
          "ema_span_1": 816.8474380696102,
          "enabled": true,
          "markup_range": 0.029206777142835642,
          "min_markup": 0.09817327874383205,
          "n_close_orders": 9,
          "qty_pct_close": 0.17662058466341027,
          "qty_pct_entry": 0.01,
          "wallet_exposure_limit": 1,
          "we_multiplier_close": 0.4117454360149997,
          "we_multiplier_entry": 92.4565945460077},
 "short": {"backwards_tp": true,
           "delay_between_fills_minutes_close": 35.08040650250126,
           "delay_between_fills_minutes_entry": 932.1545930963034,
           "delay_weight_close": 83.85344658455269,
           "delay_weight_entry": 83.9482298069161,
           "ema_dist_close": -0.005775870079384342,
           "ema_dist_entry": 0.0071518328000598555,
           "ema_span_0": 20.157858730379026,
           "ema_span_1": 1229.516238413404,
           "enabled": false,
           "markup_range": 0.04266335914788441,
           "min_markup": 0.07741025248216771,
           "n_close_orders": 2,
           "qty_pct_close": 0.34076109060437715,
           "qty_pct_entry": 0.5407973447497695,
           "wallet_exposure_limit": 1.0,
           "we_multiplier_close": 1.2859615581540884,
           "we_multiplier_entry": 72.39963557023947}}