{"config_name": "clock_0days",
 "long": {"backwards_tp": true,
          "delay_between_fills_minutes_close": 121.76366430966878,
          "delay_between_fills_minutes_entry": 1139.4489957327958,
          "delay_weight_close": 84.40132727602295,
          "delay_weight_entry": 12.185309533612353,
          "ema_dist_close": 0.008990478500483935,
          "ema_dist_entry": 0.01,
          "ema_span_0": 239.52480635639026,
          "ema_span_1": 1196.0008112916132,
          "enabled": true,
          "markup_range": 0.054485617884757115,
          "min_markup": 0.007600500201195603,
          "n_close_orders": 9,
          "qty_pct_close": 0.6724347518334067,
          "qty_pct_entry": 0.028384552457665583,
          "wallet_exposure_limit": 1.0,
          "we_multiplier_close": 5.466363860337476,
          "we_multiplier_entry": 95.23724679270732},
 "short": {"backwards_tp": true,
           "delay_between_fills_minutes_close": 170.3740122145673,
           "delay_between_fills_minutes_entry": 542.3024078882196,
           "delay_weight_close": 93.68186105609236,
           "delay_weight_entry": 60.84576938922751,
           "ema_dist_close": -0.044877567426086264,
           "ema_dist_entry": -0.03172234794712743,
           "ema_span_0": 347.06949620761634,
           "ema_span_1": 461.2322330895992,
           "enabled": false,
           "markup_range": 0.08750152687825156,
           "min_markup": 0.0954752950834517,
           "n_close_orders": 14,
           "qty_pct_close": 0.17849574824137357,
           "qty_pct_entry": 0.4414661893399462,
           "wallet_exposure_limit": 1.0,
           "we_multiplier_close": 9.054323467297639,
           "we_multiplier_entry": 10.517775484053649}}