{"config_name": "clock_0days",
 "long": {"backwards_tp": true,
          "delay_between_fills_minutes_close": 136.24802100802538,
          "delay_between_fills_minutes_entry": 1292.1523892892446,
          "delay_weight_close": 77.37908723292567,
          "delay_weight_entry": 8.974180805034079,
          "ema_dist_close": 0.008836071481115058,
          "ema_dist_entry": 0.009548899741135817,
          "ema_span_0": 137.70066190819378,
          "ema_span_1": 995.9588835651755,
          "enabled": true,
          "markup_range": 0.024963913169881988,
          "min_markup": 0.07040662125110529,
          "n_close_orders": 12,
          "qty_pct_close": 0.027198755850254393,
          "qty_pct_entry": 0.01,
          "wallet_exposure_limit": 1,
          "we_multiplier_close": 0,
          "we_multiplier_entry": 74.98696503839496},
 "short": {"backwards_tp": true,
           "delay_between_fills_minutes_close": 158.86311389451282,
           "delay_between_fills_minutes_entry": 882.0029178881773,
           "delay_weight_close": 26.309219138309103,
           "delay_weight_entry": 29.301074444806584,
           "ema_dist_close": -0.039548009187737564,
           "ema_dist_entry": -0.002362745212095806,
           "ema_span_0": 514.5484312771946,
           "ema_span_1": 371.66798797095964,
           "enabled": false,
           "markup_range": 0.08202932081016723,
           "min_markup": 0.018398573665872817,
           "n_close_orders": 14,
           "qty_pct_close": 0.9558212983175811,
           "qty_pct_entry": 0.5946164897071448,
           "wallet_exposure_limit": 1,
           "we_multiplier_close": 8.172320405709264,
           "we_multiplier_entry": 60.15869767406555}}