{"config_name": "clock_0days",
 "long": {"backwards_tp": true,
          "delay_between_fills_minutes_close": 155.3234138652104,
          "delay_between_fills_minutes_entry": 833.1358527401495,
          "delay_weight_close": 13.000064823386046,
          "delay_weight_entry": 19.21727000411151,
          "ema_dist_close": -0.0076467588455923115,
          "ema_dist_entry": 0.0057617584938002035,
          "ema_span_0": 304.3366129473949,
          "ema_span_1": 1257.470328562963,
          "enabled": true,
          "markup_range": 0.012671273456855887,
          "min_markup": 0.08156889424373504,
          "n_close_orders": 8,
          "qty_pct_close": 0.11704617658174724,
          "qty_pct_entry": 0.01,
          "wallet_exposure_limit": 1,
          "we_multiplier_close": 2.5169402399803675,
          "we_multiplier_entry": 93.19123709214185},
 "short": {"backwards_tp": true,
           "delay_between_fills_minutes_close": 15.256332254987472,
           "delay_between_fills_minutes_entry": 116.0606194261301,
           "delay_weight_close": 47.986855323000356,
           "delay_weight_entry": 20.015111921619777,
           "ema_dist_close": -0.003734133960696398,
           "ema_dist_entry": -0.0038496775556410845,
           "ema_span_0": 612.3626548713947,
           "ema_span_1": 1077.1171273262873,
           "enabled": false,
           "markup_range": 0.08991767487531097,
           "min_markup": 0.058359510872068567,
           "n_close_orders": 13,
           "qty_pct_close": 0.9624578308162333,
           "qty_pct_entry": 0.9724712750491122,
           "wallet_exposure_limit": 1,
           "we_multiplier_close": 4.878922008285703,
           "we_multiplier_entry": 37.37843158040109}}