{"config_name": "clock_0days",
 "long": {"backwards_tp": true,
          "delay_between_fills_minutes_close": 178.62438774411348,
          "delay_between_fills_minutes_entry": 842.2449049038252,
          "delay_weight_close": 8.548572861199506,
          "delay_weight_entry": 21.609619648545742,
          "ema_dist_close": -3.6392052826140394e-05,
          "ema_dist_entry": 0.00686431068133672,
          "ema_span_0": 695.7563041848756,
          "ema_span_1": 1393.8340842350392,
          "enabled": true,
          "markup_range": 0.030018725697748164,
          "min_markup": 0.011703471859216441,
          "n_close_orders": 2,
          "qty_pct_close": 0.27623410219783073,
          "qty_pct_entry": 0.012647370402117733,
          "wallet_exposure_limit": 1,
          "we_multiplier_close": 0.12503271726130466,
          "we_multiplier_entry": 92.05376657970548},
 "short": {"backwards_tp": true,
           "delay_between_fills_minutes_close": 99.43031170002003,
           "delay_between_fills_minutes_entry": 1274.2322357268679,
           "delay_weight_close": 4.198100127915505,
           "delay_weight_entry": 50.20788612230117,
           "ema_dist_close": -0.021632288650899317,
           "ema_dist_entry": -0.027666443215663628,
           "ema_span_0": 284.49339256558955,
           "ema_span_1": 838.0204001528475,
           "enabled": false,
           "markup_range": 0.014034298075517804,
           "min_markup": 0.065909036684294,
           "n_close_orders": 10,
           "qty_pct_close": 0.7459029750965644,
           "qty_pct_entry": 0.6685722149705352,
           "wallet_exposure_limit": 1,
           "we_multiplier_close": 9.513989583597422,
           "we_multiplier_entry": 84.99611413314636}}