{"config_name": "clock_0days",
 "long": {"backwards_tp": true,
          "delay_between_fills_minutes_close": 177.0613444110021,
          "delay_between_fills_minutes_entry": 464.2031763409889,
          "delay_weight_close": 19.270448434951255,
          "delay_weight_entry": 51.77107271181241,
          "ema_dist_close": -0.04699038154872345,
          "ema_dist_entry": 0.009239285284143868,
          "ema_span_0": 420.49675537920837,
          "ema_span_1": 23.789764289560058,
          "enabled": true,
          "markup_range": 0.09106521320989144,
          "min_markup": 0.09338267634079056,
          "n_close_orders": 5,
          "qty_pct_close": 0.7247313449568114,
          "qty_pct_entry": 0.011479681000811502,
          "wallet_exposure_limit": 1.0,
          "we_multiplier_close": 2.2912771980555116,
          "we_multiplier_entry": 100},
 "short": {"backwards_tp": true,
           "delay_between_fills_minutes_close": 112.50152709360412,
           "delay_between_fills_minutes_entry": 743.3101213681903,
           "delay_weight_close": 23.229272664973976,
           "delay_weight_entry": 9.57952887322474,
           "ema_dist_close": -0.0014374338997794542,
           "ema_dist_entry": -0.044357331862444234,
           "ema_span_0": 336.6828182539512,
           "ema_span_1": 71.75765625839631,
           "enabled": false,
           "markup_range": 0.041391814191863135,
           "min_markup": 0.09583103308770166,
           "n_close_orders": 7,
           "qty_pct_close": 0.31596890197048055,
           "qty_pct_entry": 0.6083474095133823,
           "wallet_exposure_limit": 1.0,
           "we_multiplier_close": 8.025486003203461,
           "we_multiplier_entry": 76.23621016301354}}