{"config_name": "clock_0days",
 "long": {"backwards_tp": true,
          "delay_between_fills_minutes_close": 155.34392827013653,
          "delay_between_fills_minutes_entry": 1241.1412177093696,
          "delay_weight_close": 22.48602271024197,
          "delay_weight_entry": 39.124318759389496,
          "ema_dist_close": -0.03467285332567587,
          "ema_dist_entry": 0.005002102045301773,
          "ema_span_0": 177.606177949501,
          "ema_span_1": 1414.7489180372845,
          "enabled": true,
          "markup_range": 0.014234818881713403,
          "min_markup": 0.045382827002994126,
          "n_close_orders": 9,
          "qty_pct_close": 0.9339077103834553,
          "qty_pct_entry": 0.010919634900057698,
          "wallet_exposure_limit": 1,
          "we_multiplier_close": 3.795215491527827,
          "we_multiplier_entry": 99.17631769664075},
 "short": {"backwards_tp": true,
           "delay_between_fills_minutes_close": 39.831697678779435,
           "delay_between_fills_minutes_entry": 1220.2208713312032,
           "delay_weight_close": 14.277369337069922,
           "delay_weight_entry": 94.95975915571006,
           "ema_dist_close": -0.020769106265858768,
           "ema_dist_entry": -0.012857822436848555,
           "ema_span_0": 452.9751961746865,
           "ema_span_1": 1272.338131267351,
           "enabled": false,
           "markup_range": 0.07666519705370473,
           "min_markup": 0.06450847616806295,
           "n_close_orders": 10,
           "qty_pct_close": 0.9806333375190287,
           "qty_pct_entry": 0.2509454178034947,
           "wallet_exposure_limit": 1.0,
           "we_multiplier_close": 2.5623070382030533,
           "we_multiplier_entry": 36.05149023290014}}