{"config_name": "clock_0days",
 "long": {"backwards_tp": true,
          "delay_between_fills_minutes_close": 175.68349040018646,
          "delay_between_fills_minutes_entry": 1251.5713977461426,
          "delay_weight_close": 47.31061824341842,
          "delay_weight_entry": 42.80119772351725,
          "ema_dist_close": -0.018463336824363373,
          "ema_dist_entry": 0.005646264416355062,
          "ema_span_0": 251.05686774018648,
          "ema_span_1": 838.2639104818372,
          "enabled": true,
          "markup_range": 0.019333640217386004,
          "min_markup": 0.032576130438691675,
          "n_close_orders": 2,
          "qty_pct_close": 0.7070395048283724,
          "qty_pct_entry": 0.014875059325492471,
          "wallet_exposure_limit": 1,
          "we_multiplier_close": 7.218652208281122,
          "we_multiplier_entry": 34.795989090211016},
 "short": {"backwards_tp": true,
           "delay_between_fills_minutes_close": 5.361048036364625,
           "delay_between_fills_minutes_entry": 1169.5436072744535,
           "delay_weight_close": 59.70216524803475,
           "delay_weight_entry": 73.86338007024784,
           "ema_dist_close": -0.03439405557148427,
           "ema_dist_entry": -0.019785054178334795,
           "ema_span_0": 337.09834437436103,
           "ema_span_1": 655.6136484775526,
           "enabled": false,
           "markup_range": 0.07941420147671455,
           "min_markup": 0.09803129045354379,
           "n_close_orders": 9,
           "qty_pct_close": 0.5843160818903375,
           "qty_pct_entry": 0.38936562195182006,
           "wallet_exposure_limit": 1,
           "we_multiplier_close": 1.8118254872599182,
           "we_multiplier_entry": 47.89401960337473}}