{"config_name": "clock_0days",
 "long": {"backwards_tp": true,
          "delay_between_fills_minutes_close": 70.5750283546408,
          "delay_between_fills_minutes_entry": 471.5376760943525,
          "delay_weight_close": 90.31095914313289,
          "delay_weight_entry": 25.25213956732385,
          "ema_dist_close": 0.0045191563225069975,
          "ema_dist_entry": 0.005319888337799514,
          "ema_span_0": 424.7835979345742,
          "ema_span_1": 1101.498580811929,
          "enabled": true,
          "markup_range": 0.01243643028879436,
          "min_markup": 0.02112421609468615,
          "n_close_orders": 11,
          "qty_pct_close": 0.46349421873461083,
          "qty_pct_entry": 0.01,
          "wallet_exposure_limit": 1,
          "we_multiplier_close": 0.3316768864321062,
          "we_multiplier_entry": 35.39380964723191},
 "short": {"backwards_tp": true,
           "delay_between_fills_minutes_close": 88.71691950290642,
           "delay_between_fills_minutes_entry": 396.07765767434836,
           "delay_weight_close": 35.32040909706367,
           "delay_weight_entry": 84.47293973360006,
           "ema_dist_close": -0.0005708259318998252,
           "ema_dist_entry": -0.014276438820905187,
           "ema_span_0": 527.5935232566034,
           "ema_span_1": 846.0119429981085,
           "enabled": false,
           "markup_range": 0.02090811095864883,
           "min_markup": 0.0032729242882163973,
           "n_close_orders": 8,
           "qty_pct_close": 0.9448489635561308,
           "qty_pct_entry": 0.7461971133192574,
           "wallet_exposure_limit": 1.0,
           "we_multiplier_close": 6.023737220612309,
           "we_multiplier_entry": 8.17604549962807}}