{"config_name": "clock_0days",
 "long": {"backwards_tp": true,
          "delay_between_fills_minutes_close": 161.77030658718633,
          "delay_between_fills_minutes_entry": 623.8167306001073,
          "delay_weight_close": 61.13999158090593,
          "delay_weight_entry": 19.457562535957795,
          "ema_dist_close": 0.00397055187434432,
          "ema_dist_entry": 0.007224024463438246,
          "ema_span_0": 657.2569160214196,
          "ema_span_1": 1042.4522504128208,
          "enabled": true,
          "markup_range": 0.008270699549547064,
          "min_markup": 0.01973931025792604,
          "n_close_orders": 2,
          "qty_pct_close": 0.7388602845420668,
          "qty_pct_entry": 0.012189571125981711,
          "wallet_exposure_limit": 1,
          "we_multiplier_close": 8.826892045655406,
          "we_multiplier_entry": 92.74821717081653},
 "short": {"backwards_tp": true,
           "delay_between_fills_minutes_close": 179.18712676736342,
           "delay_between_fills_minutes_entry": 1036.8591935439936,
           "delay_weight_close": 54.76879364917083,
           "delay_weight_entry": 69.560615179465,
           "ema_dist_close": -0.045780083239175276,
           "ema_dist_entry": -0.0003278919213825643,
           "ema_span_0": 180.19953037631078,
           "ema_span_1": 351.5344794955939,
           "enabled": false,
           "markup_range": 0.03325853647880302,
           "min_markup": 0.04328890044700848,
           "n_close_orders": 3,
           "qty_pct_close": 0.9804419999018266,
           "qty_pct_entry": 0.5470284025929608,
           "wallet_exposure_limit": 1.0,
           "we_multiplier_close": 4.6640145061409015,
           "we_multiplier_entry": 91.0616830800307}}