{"config_name": "clock_0days",
 "long": {"backwards_tp": true,
          "delay_between_fills_minutes_close": 142.11726392159457,
          "delay_between_fills_minutes_entry": 770.5757702062083,
          "delay_weight_close": 46.12662171152925,
          "delay_weight_entry": 30.948171337990036,
          "ema_dist_close": 0.006734672301109845,
          "ema_dist_entry": -0.0019753214752714476,
          "ema_span_0": 10,
          "ema_span_1": 692.9675292999132,
          "enabled": true,
          "markup_range": 0.05331066757450198,
          "min_markup": 0.036556480225435325,
          "n_close_orders": 2,
          "qty_pct_close": 0.7278044643685959,
          "qty_pct_entry": 0.01,
          "wallet_exposure_limit": 1,
          "we_multiplier_close": 6.681475710743166,
          "we_multiplier_entry": 17.728484228032965},
 "short": {"backwards_tp": true,
           "delay_between_fills_minutes_close": 65.1007162552235,
           "delay_between_fills_minutes_entry": 1379.076462318957,
           "delay_weight_close": 90.15043446530703,
           "delay_weight_entry": 26.680426354177,
           "ema_dist_close": -0.01404628699523109,
           "ema_dist_entry": -0.0016633857635451887,
           "ema_span_0": 206.8497445252321,
           "ema_span_1": 1175.4191484683063,
           "enabled": false,
           "markup_range": 0.062156364326683394,
           "min_markup": 0.017315029663692874,
           "n_close_orders": 12,
           "qty_pct_close": 0.5474276694772499,
           "qty_pct_entry": 0.4716168745135358,
           "wallet_exposure_limit": 1.0,
           "we_multiplier_close": 4.037208696908864,
           "we_multiplier_entry": 85.55751754203055}}