{"config_name": "clock_0days",
 "long": {"backwards_tp": true,
          "delay_between_fills_minutes_close": 108.1673725877302,
          "delay_between_fills_minutes_entry": 1117.2475042197127,
          "delay_weight_close": 15.563649338603325,
          "delay_weight_entry": 13.35348041140436,
          "ema_dist_close": -0.003708849835446877,
          "ema_dist_entry": 0.009913022261295723,
          "ema_span_0": 634.3402350693259,
          "ema_span_1": 803.4317011612538,
          "enabled": true,
          "markup_range": 0.03212703425571992,
          "min_markup": 0.08100859052117079,
          "n_close_orders": 11,
          "qty_pct_close": 0.3376811779747868,
          "qty_pct_entry": 0.016687628038766528,
          "wallet_exposure_limit": 1,
          "we_multiplier_close": 3.814964386560296,
          "we_multiplier_entry": 58.691875174820254},
 "short": {"backwards_tp": true,
           "delay_between_fills_minutes_close": 165.61928970506366,
           "delay_between_fills_minutes_entry": 918.5193945878152,
           "delay_weight_close": 27.718315605416755,
           "delay_weight_entry": 65.06762012306709,
           "ema_dist_close": -0.043511571466949985,
           "ema_dist_entry": -0.04366006235845176,
           "ema_span_0": 652.6655560300719,
           "ema_span_1": 1022.0364356976886,
           "enabled": false,
           "markup_range": 0.07551825277679941,
           "min_markup": 0.03358207134377034,
           "n_close_orders": 11,
           "qty_pct_close": 0.5577456810634095,
           "qty_pct_entry": 0.8852015578815374,
           "wallet_exposure_limit": 1.0,
           "we_multiplier_close": 8.164123472673484,
           "we_multiplier_entry": 35.93332549275286}}