{"config_name": "clock_0days",
 "long": {"backwards_tp": true,
          "delay_between_fills_minutes_close": 135.39969327659824,
          "delay_between_fills_minutes_entry": 672.6109296855775,
          "delay_weight_close": 37.584851645364544,
          "delay_weight_entry": 6.796028316918004,
          "ema_dist_close": 0.006044700775014798,
          "ema_dist_entry": 0.004115437696070369,
          "ema_span_0": 91.77079337010291,
          "ema_span_1": 1392.5813631996148,
          "enabled": true,
          "markup_range": 0.0335822129391355,
          "min_markup": 0.07532794453475287,
          "n_close_orders": 14,
          "qty_pct_close": 0.25859255986021445,
          "qty_pct_entry": 0.01,
          "wallet_exposure_limit": 1,
          "we_multiplier_close": 0.10911726711649022,
          "we_multiplier_entry": 74.57770940523493},
 "short": {"backwards_tp": true,
           "delay_between_fills_minutes_close": 139.3971574498364,
           "delay_between_fills_minutes_entry": 423.84372291903816,
           "delay_weight_close": 71.56372326780739,
           "delay_weight_entry": 88.40794066867697,
           "ema_dist_close": -0.0005870157251502556,
           "ema_dist_entry": -0.04514092582063555,
           "ema_span_0": 662.7185666927776,
           "ema_span_1": 10.06913435567174,
           "enabled": false,
           "markup_range": 0.08416237561867942,
           "min_markup": 0.09263052984742319,
           "n_close_orders": 4,
           "qty_pct_close": 0.6237604654721132,
           "qty_pct_entry": 0.2648668104813027,
           "wallet_exposure_limit": 1.0,
           "we_multiplier_close": 7.12518056533254,
           "we_multiplier_entry": 65.55504814767376}}