{"config_name": "clock_0days",
 "long": {"backwards_tp": true,
          "delay_between_fills_minutes_close": 169.18983020434686,
          "delay_between_fills_minutes_entry": 238.05263995035827,
          "delay_weight_close": 54.33308710102519,
          "delay_weight_entry": 34.55739307204764,
          "ema_dist_close": -0.04717933052881515,
          "ema_dist_entry": 0.008057560179344824,
          "ema_span_0": 204.01798207313772,
          "ema_span_1": 1252.600917911539,
          "enabled": true,
          "markup_range": 0.09736134144863412,
          "min_markup": 0.1,
          "n_close_orders": 3,
          "qty_pct_close": 0.9158905386078139,
          "qty_pct_entry": 0.01,
          "wallet_exposure_limit": 1,
          "we_multiplier_close": 2.178972732418687,
          "we_multiplier_entry": 70.77433729862457},
 "short": {"backwards_tp": true,
           "delay_between_fills_minutes_close": 44.03651362336208,
           "delay_between_fills_minutes_entry": 929.2369764392577,
           "delay_weight_close": 12.512131035853525,
           "delay_weight_entry": 11.224411335501438,
           "ema_dist_close": -0.012868953701132217,
           "ema_dist_entry": 0.008243298889097299,
           "ema_span_0": 437.3087939923211,
           "ema_span_1": 496.3015940511583,
           "enabled": false,
           "markup_range": 0.034863974447980894,
           "min_markup": 0.08823522414339202,
           "n_close_orders": 6,
           "qty_pct_close": 0.919491864046533,
           "qty_pct_entry": 0.2919047817449377,
           "wallet_exposure_limit": 1.0,
           "we_multiplier_close": 9.445375103926535,
           "we_multiplier_entry": 48.370090535986}}