{"config_name": "clock_0days",
 "long": {"backwards_tp": true,
          "delay_between_fills_minutes_close": 1.0,
          "delay_between_fills_minutes_entry": 384.7464407121168,
          "delay_weight_close": 54.13506363076694,
          "delay_weight_entry": 11.302175993931165,
          "ema_dist_close": -0.000639123235778625,
          "ema_dist_entry": 0.01,
          "ema_span_0": 131.50144291161246,
          "ema_span_1": 1307.8343452371264,
          "enabled": true,
          "markup_range": 0.06088391805460904,
          "min_markup": 0.05047415369345508,
          "n_close_orders": 15,
          "qty_pct_close": 0.39638241518825085,
          "qty_pct_entry": 0.02468298663498457,
          "wallet_exposure_limit": 1,
          "we_multiplier_close": 0.8341305820541578,
          "we_multiplier_entry": 52.92247780644311},
 "short": {"backwards_tp": true,
           "delay_between_fills_minutes_close": 103.46819011874581,
           "delay_between_fills_minutes_entry": 913.6149312580495,
           "delay_weight_close": 64.7521081315709,
           "delay_weight_entry": 72.88780175945324,
           "ema_dist_close": -0.030217938366469178,
           "ema_dist_entry": -0.017662577616913068,
           "ema_span_0": 620.6960502711298,
           "ema_span_1": 1118.770518775032,
           "enabled": false,
           "markup_range": 0.06422716572546174,
           "min_markup": 0.07176212814009227,
           "n_close_orders": 13,
           "qty_pct_close": 0.39898707697047264,
           "qty_pct_entry": 0.43346782432862924,
           "wallet_exposure_limit": 1.0,
           "we_multiplier_close": 1.9964034504921047,
           "we_multiplier_entry": 80.45679903977793}}