{"config_name": "clock_0days",
 "long": {"backwards_tp": true,
          "delay_between_fills_minutes_close": 149.4616221271584,
          "delay_between_fills_minutes_entry": 659.6424764127363,
          "delay_weight_close": 21.460947152087197,
          "delay_weight_entry": 23.237637220320977,
          "ema_dist_close": 0.0035231810015844242,
          "ema_dist_entry": 0.009701332941495574,
          "ema_span_0": 292.0097112055598,
          "ema_span_1": 998.9072277626617,
          "enabled": true,
          "markup_range": 0.03981852494778176,
          "min_markup": 0.085464602514895,
          "n_close_orders": 3,
          "qty_pct_close": 0.09575128961742772,
          "qty_pct_entry": 0.01,
          "wallet_exposure_limit": 1,
          "we_multiplier_close": 3.627509179107574,
          "we_multiplier_entry": 80.41414675615712},
 "short": {"backwards_tp": true,
           "delay_between_fills_minutes_close": 90.04030727064843,
           "delay_between_fills_minutes_entry": 766.778408893955,
           "delay_weight_close": 13.103182656210366,
           "delay_weight_entry": 66.26705923899524,
           "ema_dist_close": -0.04886009055062025,
           "ema_dist_entry": -0.017341138898522263,
           "ema_span_0": 608.8397373861326,
           "ema_span_1": 291.3644544542176,
           "enabled": false,
           "markup_range": 0.028849442307918895,
           "min_markup": 0.06226952755872966,
           "n_close_orders": 8,
           "qty_pct_close": 0.8112192225291299,
           "qty_pct_entry": 0.6051270733604329,
           "wallet_exposure_limit": 1.0,
           "we_multiplier_close": 1.7306076000353898,
           "we_multiplier_entry": 15.759253211678026}}