{"config_name": "clock_0days",
 "long": {"backwards_tp": true,
          "delay_between_fills_minutes_close": 159.38086399892325,
          "delay_between_fills_minutes_entry": 1131.5573763247023,
          "delay_weight_close": 0,
          "delay_weight_entry": 6.978823318525438,
          "ema_dist_close": 0.00920232902883862,
          "ema_dist_entry": -0.03556972983175979,
          "ema_span_0": 56.18162421566932,
          "ema_span_1": 1299.0654752400806,
          "enabled": true,
          "markup_range": 0.1,
          "min_markup": 0.09636002955044676,
          "n_close_orders": 14,
          "qty_pct_close": 0.06754763210553671,
          "qty_pct_entry": 0.01,
          "wallet_exposure_limit": 1.0,
          "we_multiplier_close": 0.8730554612070143,
          "we_multiplier_entry": 15.684250812054943},
 "short": {"backwards_tp": true,
           "delay_between_fills_minutes_close": 16.54154841615655,
           "delay_between_fills_minutes_entry": 1026.9444254383964,
           "delay_weight_close": 54.9160746358419,
           "delay_weight_entry": 22.197219820823978,
           "ema_dist_close": 0.003966111608157734,
           "ema_dist_entry": -0.011974543845449617,
           "ema_span_0": 104.5569480329698,
           "ema_span_1": 1272.0898780364605,
           "enabled": false,
           "markup_range": 0.07548020077388962,
           "min_markup": 0.01827474437861984,
           "n_close_orders": 2,
           "qty_pct_close": 0.6025052720412815,
           "qty_pct_entry": 0.05134936102913901,
           "wallet_exposure_limit": 1.0,
           "we_multiplier_close": 9.008659998290291,
           "we_multiplier_entry": 44.90205067146916}}