{"config_name": "clock_0days",
 "long": {"backwards_tp": true,
          "delay_between_fills_minutes_close": 75.05434656071814,
          "delay_between_fills_minutes_entry": 915.0646379957377,
          "delay_weight_close": 42.4852443416528,
          "delay_weight_entry": 16.13513475510292,
          "ema_dist_close": 0.007754956923746045,
          "ema_dist_entry": 0.01,
          "ema_span_0": 69.30573483471689,
          "ema_span_1": 1173.9434903567192,
          "enabled": true,
          "markup_range": 0.04012086952652983,
          "min_markup": 0.04111545021187205,
          "n_close_orders": 9,
          "qty_pct_close": 0.12539358031720832,
          "qty_pct_entry": 0.01,
          "wallet_exposure_limit": 1,
          "we_multiplier_close": 5.782445208302044,
          "we_multiplier_entry": 86.00571449809378},
 "short": {"backwards_tp": true,
           "delay_between_fills_minutes_close": 90.19284849646611,
           "delay_between_fills_minutes_entry": 1343.9040723485302,
           "delay_weight_close": 0.2745260062579691,
           "delay_weight_entry": 87.13307655900282,
           "ema_dist_close": 0.001867693402151073,
           "ema_dist_entry": -0.04713909585597785,
           "ema_span_0": 30.40317817313672,
           "ema_span_1": 25.055865125684697,
           "enabled": false,
           "markup_range": 0.0415853203589693,
           "min_markup": 0.008064197682136134,
           "n_close_orders": 7,
           "qty_pct_close": 0.18233618755192618,
           "qty_pct_entry": 0.7845684979216287,
           "wallet_exposure_limit": 1,
           "we_multiplier_close": 6.271102419228692,
           "we_multiplier_entry": 98.02986742593967}}