{"config_name": "clock_0days",
 "long": {"backwards_tp": true,
          "delay_between_fills_minutes_close": 153.08916436844697,
          "delay_between_fills_minutes_entry": 1388.254639190466,
          "delay_weight_close": 5.542719025842225,
          "delay_weight_entry": 30.57720147882506,
          "ema_dist_close": -5.561529028997874e-05,
          "ema_dist_entry": 0.004289706537901288,
          "ema_span_0": 22.8332077313838,
          "ema_span_1": 1366.2370929146227,
          "enabled": true,
          "markup_range": 0.051147070210029205,
          "min_markup": 0.01566718139861528,
          "n_close_orders": 13,
          "qty_pct_close": 0.115820190764635,
          "qty_pct_entry": 0.01,
          "wallet_exposure_limit": 1.0,
          "we_multiplier_close": 3.9906970468801797,
          "we_multiplier_entry": 96.2585692043598},
 "short": {"backwards_tp": true,
           "delay_between_fills_minutes_close": 33.58930779960841,
           "delay_between_fills_minutes_entry": 1119.1113522760359,
           "delay_weight_close": 86.44736157741055,
           "delay_weight_entry": 92.52414656130078,
           "ema_dist_close": -0.024780998759319283,
           "ema_dist_entry": 0.006712414424365397,
           "ema_span_0": 471.46917231944485,
           "ema_span_1": 921.2840872181561,
           "enabled": false,
           "markup_range": 0.09870733128738049,
           "min_markup": 0.041896716184828285,
           "n_close_orders": 7,
           "qty_pct_close": 0.9294247367862453,
           "qty_pct_entry": 0.14399769132925438,
           "wallet_exposure_limit": 1.0,
           "we_multiplier_close": 7.516292203690275,
           "we_multiplier_entry": 69.94314586291657}}