{"config_name": "clock_0days",
 "long": {"backwards_tp": true,
          "delay_between_fills_minutes_close": 171.70476432808633,
          "delay_between_fills_minutes_entry": 990.2422233263911,
          "delay_weight_close": 10.01661814375801,
          "delay_weight_entry": 5.364049793406052,
          "ema_dist_close": 0.0048115962795615965,
          "ema_dist_entry": -0.01626317795881419,
          "ema_span_0": 385.7198850571409,
          "ema_span_1": 1086.9420420048993,
          "enabled": true,
          "markup_range": 0.08445593434260122,
          "min_markup": 0.08187135200963296,
          "n_close_orders": 10,
          "qty_pct_close": 0.0189929820464775,
          "qty_pct_entry": 0.01,
          "wallet_exposure_limit": 1,
          "we_multiplier_close": 0.5672916234700528,
          "we_multiplier_entry": 30.875940797316836},
 "short": {"backwards_tp": true,
           "delay_between_fills_minutes_close": 169.21971772303291,
           "delay_between_fills_minutes_entry": 586.3903258070407,
           "delay_weight_close": 13.782776370058937,
           "delay_weight_entry": 28.692740986125987,
           "ema_dist_close": -0.041538860640594734,
           "ema_dist_entry": 0.0013573820692243735,
           "ema_span_0": 78.87867690093034,
           "ema_span_1": 25.60555137046299,
           "enabled": false,
           "markup_range": 0.03689702966468627,
           "min_markup": 0.08894292796593548,
           "n_close_orders": 3,
           "qty_pct_close": 0.14339364793335155,
           "qty_pct_entry": 0.324701672302339,
           "wallet_exposure_limit": 1.0,
           "we_multiplier_close": 5.877710310839532,
           "we_multiplier_entry": 89.684429118459}}