{"config_name": "clock_0days",
 "long": {"backwards_tp": true,
          "delay_between_fills_minutes_close": 172.35090155711407,
          "delay_between_fills_minutes_entry": 620.2736012044495,
          "delay_weight_close": 0,
          "delay_weight_entry": 15.285780350511574,
          "ema_dist_close": -0.025951109079037873,
          "ema_dist_entry": 0.01,
          "ema_span_0": 290.06794667814415,
          "ema_span_1": 574.7261112089019,
          "enabled": true,
          "markup_range": 0.09006766571371244,
          "min_markup": 0.09897345694340852,
          "n_close_orders": 12,
          "qty_pct_close": 0.13128329653712378,
          "qty_pct_entry": 0.01,
          "wallet_exposure_limit": 1,
          "we_multiplier_close": 0.1575033454734522,
          "we_multiplier_entry": 92.36131927877348},
 "short": {"backwards_tp": true,
           "delay_between_fills_minutes_close": 149.16066320871076,
           "delay_between_fills_minutes_entry": 1202.460888774124,
           "delay_weight_close": 94.50763465150114,
           "delay_weight_entry": 51.64660985610443,
           "ema_dist_close": -0.024603823523366986,
           "ema_dist_entry": -0.006704032810309617,
           "ema_span_0": 121.33498084678205,
           "ema_span_1": 319.34278629499494,
           "enabled": false,
           "markup_range": 0.03024278509667271,
           "min_markup": 0.028725183079311063,
           "n_close_orders": 2,
           "qty_pct_close": 0.3562150511178839,
           "qty_pct_entry": 0.9508144003560078,
           "wallet_exposure_limit": 1.0,
           "we_multiplier_close": 7.274883662448905,
           "we_multiplier_entry": 35.999966411810156}}