{"config_name": "clock_0days",
 "long": {"backwards_tp": true,
          "delay_between_fills_minutes_close": 77.12217609333511,
          "delay_between_fills_minutes_entry": 673.750610642387,
          "delay_weight_close": 47.718568614882194,
          "delay_weight_entry": 14.162003812481352,
          "ema_dist_close": 0.01,
          "ema_dist_entry": 0.008076356174619582,
          "ema_span_0": 61.287739803637564,
          "ema_span_1": 1422.498182630421,
          "enabled": true,
          "markup_range": 0.005240191802837817,
          "min_markup": 0.05645349124393557,
          "n_close_orders": 8,
          "qty_pct_close": 0.13098434122611588,
          "qty_pct_entry": 0.01,
          "wallet_exposure_limit": 1,
          "we_multiplier_close": 5.920092775803174,
          "we_multiplier_entry": 34.64299786634854},
 "short": {"backwards_tp": true,
           "delay_between_fills_minutes_close": 68.0173563369984,
           "delay_between_fills_minutes_entry": 593.2353653247839,
           "delay_weight_close": 55.5810308514252,
           "delay_weight_entry": 53.205553204762445,
           "ema_dist_close": -0.009467797569718973,
           "ema_dist_entry": -0.03424395322820935,
           "ema_span_0": 104.45442400399513,
           "ema_span_1": 428.6184241073189,
           "enabled": false,
           "markup_range": 0.09632612974206552,
           "min_markup": 0.049520902108117826,
           "n_close_orders": 11,
           "qty_pct_close": 0.1614704631143355,
           "qty_pct_entry": 0.32231484590008763,
           "wallet_exposure_limit": 1.0,
           "we_multiplier_close": 6.6753655370498866,
           "we_multiplier_entry": 43.956580768547795}}