{"config_name": "clock_0days",
 "long": {"backwards_tp": true,
          "delay_between_fills_minutes_close": 17.516791013911536,
          "delay_between_fills_minutes_entry": 1187.7892542325792,
          "delay_weight_close": 47.253324883858525,
          "delay_weight_entry": 13.219637188109289,
          "ema_dist_close": 0.01,
          "ema_dist_entry": 0.00870055808430752,
          "ema_span_0": 110.28379790922992,
          "ema_span_1": 850.8090653773451,
          "enabled": true,
          "markup_range": 0.019830282369748004,
          "min_markup": 0.06302192481994257,
          "n_close_orders": 14,
          "qty_pct_close": 0.16903749581246905,
          "qty_pct_entry": 0.013294236946601829,
          "wallet_exposure_limit": 1,
          "we_multiplier_close": 2.785278360681512,
          "we_multiplier_entry": 89.67060151376387},
 "short": {"backwards_tp": true,
           "delay_between_fills_minutes_close": 44.47025965212707,
           "delay_between_fills_minutes_entry": 220.09066143079647,
           "delay_weight_close": 46.36121739956006,
           "delay_weight_entry": 71.46785173643562,
           "ema_dist_close": -0.03821608860458378,
           "ema_dist_entry": -0.0006949493529581283,
           "ema_span_0": 305.19211201968864,
           "ema_span_1": 43.196037851367805,
           "enabled": false,
           "markup_range": 0.01151936323893057,
           "min_markup": 0.008163320223401447,
           "n_close_orders": 9,
           "qty_pct_close": 0.6075188696180321,
           "qty_pct_entry": 0.9760436805507864,
           "wallet_exposure_limit": 1.0,
           "we_multiplier_close": 5.073484331261619,
           "we_multiplier_entry": 26.742804143677322}}