{"config_name": "clock_0days",
 "long": {"backwards_tp": true,
          "delay_between_fills_minutes_close": 164.5359317891056,
          "delay_between_fills_minutes_entry": 639.6808786423102,
          "delay_weight_close": 31.548328033848904,
          "delay_weight_entry": 15.47443672234539,
          "ema_dist_close": -0.036655435885704114,
          "ema_dist_entry": 0.008568812453187814,
          "ema_span_0": 210.2980756174472,
          "ema_span_1": 619.7557346443718,
          "enabled": true,
          "markup_range": 0.07898462362288484,
          "min_markup": 0.08261199846735529,
          "n_close_orders": 16,
          "qty_pct_close": 0.07296572274435523,
          "qty_pct_entry": 0.01,
          "wallet_exposure_limit": 1,
          "we_multiplier_close": 0.26190647702951375,
          "we_multiplier_entry": 72.76748797480258},
 "short": {"backwards_tp": true,
           "delay_between_fills_minutes_close": 83.4379037304349,
           "delay_between_fills_minutes_entry": 575.8343270943074,
           "delay_weight_close": 37.57192823795397,
           "delay_weight_entry": 19.435949329068023,
           "ema_dist_close": -0.01727513505768325,
           "ema_dist_entry": -0.020783121202439636,
           "ema_span_0": 111.26886017411164,
           "ema_span_1": 863.0633935884489,
           "enabled": false,
           "markup_range": 0.03745968752447337,
           "min_markup": 0.014540577568009378,
           "n_close_orders": 10,
           "qty_pct_close": 0.675394096519761,
           "qty_pct_entry": 0.7443971661572913,
           "wallet_exposure_limit": 1,
           "we_multiplier_close": 2.118460217553869,
           "we_multiplier_entry": 75.42618269454273}}