{"config_name": "clock_0days",
 "long": {"backwards_tp": true,
          "delay_between_fills_minutes_close": 163.18431282330124,
          "delay_between_fills_minutes_entry": 919.3528860119005,
          "delay_weight_close": 47.788937427266305,
          "delay_weight_entry": 14.687976531011252,
          "ema_dist_close": 0.01,
          "ema_dist_entry": 0.006963300071372163,
          "ema_span_0": 665.4816696202589,
          "ema_span_1": 175.52388858262984,
          "enabled": true,
          "markup_range": 0.024428494878042516,
          "min_markup": 0.1,
          "n_close_orders": 9,
          "qty_pct_close": 0.16367054087497537,
          "qty_pct_entry": 0.012273238837588536,
          "wallet_exposure_limit": 1,
          "we_multiplier_close": 1.2593868796015566,
          "we_multiplier_entry": 95.36096911929982},
 "short": {"backwards_tp": true,
           "delay_between_fills_minutes_close": 77.90467146327106,
           "delay_between_fills_minutes_entry": 465.93282943971235,
           "delay_weight_close": 54.72081409209323,
           "delay_weight_entry": 6.423034954823381,
           "ema_dist_close": -0.011015690906828433,
           "ema_dist_entry": -0.048782075482153575,
           "ema_span_0": 670.8481100054958,
           "ema_span_1": 999.1245014075972,
           "enabled": false,
           "markup_range": 0.04458735512740641,
           "min_markup": 0.017049991940040886,
           "n_close_orders": 7,
           "qty_pct_close": 0.30268389044653665,
           "qty_pct_entry": 0.24519376443483534,
           "wallet_exposure_limit": 1.0,
           "we_multiplier_close": 7.965462480035107,
           "we_multiplier_entry": 13.02136151902642}}