{"config_name": "clock_0days",
 "long": {"backwards_tp": true,
          "delay_between_fills_minutes_close": 177.7107169966571,
          "delay_between_fills_minutes_entry": 238.31301244366787,
          "delay_weight_close": 7.000656942311023,
          "delay_weight_entry": 28.479665815352824,
          "ema_dist_close": -0.0027712023888598774,
          "ema_dist_entry": 0.008909520020688845,
          "ema_span_0": 272.54914505132047,
          "ema_span_1": 314.8423095732331,
          "enabled": true,
          "markup_range": 0.010847786586873484,
          "min_markup": 0.016646079845786053,
          "n_close_orders": 3,
          "qty_pct_close": 0.9412060898700632,
          "qty_pct_entry": 0.014379223388316044,
          "wallet_exposure_limit": 1,
          "we_multiplier_close": 3.8024018946578733,
          "we_multiplier_entry": 42.53066433920222},
 "short": {"backwards_tp": true,
           "delay_between_fills_minutes_close": 40.73101285370358,
           "delay_between_fills_minutes_entry": 25.119397141339924,
           "delay_weight_close": 41.00764565429604,
           "delay_weight_entry": 60.160192945420285,
           "ema_dist_close": -0.039612819581491404,
           "ema_dist_entry": -0.029845398002898548,
           "ema_span_0": 348.6520838153903,
           "ema_span_1": 694.8498699446263,
           "enabled": false,
           "markup_range": 0.07772973648163913,
           "min_markup": 0.06024922019275583,
           "n_close_orders": 9,
           "qty_pct_close": 0.5307270567164482,
           "qty_pct_entry": 0.3326256608813457,
           "wallet_exposure_limit": 1.0,
           "we_multiplier_close": 2.348000955744106,
           "we_multiplier_entry": 85.30697434091984}}