{"config_name": "clock_0days",
 "long": {"backwards_tp": true,
          "delay_between_fills_minutes_close": 162.75862116903957,
          "delay_between_fills_minutes_entry": 554.8923693781165,
          "delay_weight_close": 6.9062162750558755,
          "delay_weight_entry": 57.83091291229763,
          "ema_dist_close": 0.0023326505464860564,
          "ema_dist_entry": 0.007419836131660636,
          "ema_span_0": 697.5814486378246,
          "ema_span_1": 1360.542643731102,
          "enabled": true,
          "markup_range": 0.0017900062009293355,
          "min_markup": 0.004313563499760359,
          "n_close_orders": 8,
          "qty_pct_close": 0.043774755215002806,
          "qty_pct_entry": 0.01,
          "wallet_exposure_limit": 1,
          "we_multiplier_close": 5.071418414212824,
          "we_multiplier_entry": 58.12630811537126},
 "short": {"backwards_tp": true,
           "delay_between_fills_minutes_close": 134.01629173245908,
           "delay_between_fills_minutes_entry": 981.0850924587368,
           "delay_weight_close": 12.679334532388896,
           "delay_weight_entry": 93.63713495732726,
           "ema_dist_close": -0.020471687346875746,
           "ema_dist_entry": -0.029390155337820134,
           "ema_span_0": 166.56554524093363,
           "ema_span_1": 277.1314723912899,
           "enabled": false,
           "markup_range": 0.025812445782930363,
           "min_markup": 0.013353968361388774,
           "n_close_orders": 3,
           "qty_pct_close": 0.9721780603542491,
           "qty_pct_entry": 0.07097846974404713,
           "wallet_exposure_limit": 1.0,
           "we_multiplier_close": 1.8201963275338917,
           "we_multiplier_entry": 78.13234950078103}}