{"config_name": "clock_0days",
 "long": {"backwards_tp": true,
          "delay_between_fills_minutes_close": 180,
          "delay_between_fills_minutes_entry": 682.8042642324903,
          "delay_weight_close": 20.22865245081202,
          "delay_weight_entry": 21.00491492787427,
          "ema_dist_close": -0.039108071367706894,
          "ema_dist_entry": 0.008593465476971117,
          "ema_span_0": 18.82909333821715,
          "ema_span_1": 676.165694404535,
          "enabled": true,
          "markup_range": 0.03349000406068519,
          "min_markup": 0.06341672576507854,
          "n_close_orders": 13,
          "qty_pct_close": 0.024303188266163303,
          "qty_pct_entry": 0.01,
          "wallet_exposure_limit": 1,
          "we_multiplier_close": 1.2115915016687822,
          "we_multiplier_entry": 89.90758032587091},
 "short": {"backwards_tp": true,
           "delay_between_fills_minutes_close": 69.02105654911675,
           "delay_between_fills_minutes_entry": 278.65464248783735,
           "delay_weight_close": 62.241921183399775,
           "delay_weight_entry": 86.86873499769028,
           "ema_dist_close": -0.008117690321085058,
           "ema_dist_entry": 0.004616202018637702,
           "ema_span_0": 460.16320366749676,
           "ema_span_1": 124.80095699111716,
           "enabled": false,
           "markup_range": 0.0790253377710484,
           "min_markup": 0.03702145518772538,
           "n_close_orders": 4,
           "qty_pct_close": 0.09968289406671381,
           "qty_pct_entry": 0.8253949709721885,
           "wallet_exposure_limit": 1.0,
           "we_multiplier_close": 0.8587548238691745,
           "we_multiplier_entry": 2.1500429556562284}}