{"config_name": "clock_0days",
 "long": {"backwards_tp": true,
          "delay_between_fills_minutes_close": 72.82581428714226,
          "delay_between_fills_minutes_entry": 273.58564818413794,
          "delay_weight_close": 0.35194566938179683,
          "delay_weight_entry": 30.558897442848533,
          "ema_dist_close": -0.009383066883046262,
          "ema_dist_entry": 0.01,
          "ema_span_0": 48.63428169791084,
          "ema_span_1": 556.7265893577875,
          "enabled": true,
          "markup_range": 0.005951292630907581,
          "min_markup": 0.04128696984794342,
          "n_close_orders": 9,
          "qty_pct_close": 1.0,
          "qty_pct_entry": 0.019108067780480704,
          "wallet_exposure_limit": 1,
          "we_multiplier_close": 2.2431424613728708,
          "we_multiplier_entry": 100},
 "short": {"backwards_tp": true,
           "delay_between_fills_minutes_close": 98.11268826772897,
           "delay_between_fills_minutes_entry": 159.97694302710076,
           "delay_weight_close": 98.66367854332222,
           "delay_weight_entry": 47.61866247489277,
           "ema_dist_close": -0.004641783633187763,
           "ema_dist_entry": 0.0006735304568595696,
           "ema_span_0": 220.77333027566243,
           "ema_span_1": 122.34518386663241,
           "enabled": false,
           "markup_range": 0.01799862190043995,
           "min_markup": 0.04632078378113718,
           "n_close_orders": 5,
           "qty_pct_close": 0.17899965737894435,
           "qty_pct_entry": 0.8056693345832051,
           "wallet_exposure_limit": 1,
           "we_multiplier_close": 0.3355579353621152,
           "we_multiplier_entry": 15.343321976492064}}