{"config_name": "clock_0days",
 "long": {"backwards_tp": true,
          "delay_between_fills_minutes_close": 167.19295235369873,
          "delay_between_fills_minutes_entry": 1094.8291009520212,
          "delay_weight_close": 26.220482418226982,
          "delay_weight_entry": 8.618268394013262,
          "ema_dist_close": -0.0023782542768427785,
          "ema_dist_entry": 0.008564627609300076,
          "ema_span_0": 325.56804293611185,
          "ema_span_1": 1243.3201745476963,
          "enabled": true,
          "markup_range": 0.06864360950636993,
          "min_markup": 0.08225315662077154,
          "n_close_orders": 9,
          "qty_pct_close": 0.013926477664929486,
          "qty_pct_entry": 0.01,
          "wallet_exposure_limit": 1,
          "we_multiplier_close": 0.6838092953548224,
          "we_multiplier_entry": 85.30836169405625},
 "short": {"backwards_tp": true,
           "delay_between_fills_minutes_close": 75.36130250408355,
           "delay_between_fills_minutes_entry": 847.6664231854332,
           "delay_weight_close": 31.80980180044074,
           "delay_weight_entry": 39.62039051759785,
           "ema_dist_close": -0.039649579025339096,
           "ema_dist_entry": -0.025357809482424287,
           "ema_span_0": 606.2852071270935,
           "ema_span_1": 123.84781757306953,
           "enabled": false,
           "markup_range": 0.006303255765592897,
           "min_markup": 0.09701369956178071,
           "n_close_orders": 12,
           "qty_pct_close": 0.37164854284115834,
           "qty_pct_entry": 0.21300219103905876,
           "wallet_exposure_limit": 1.0,
           "we_multiplier_close": 5.824637872059332,
           "we_multiplier_entry": 66.12049809837816}}