{"config_name": "clock_0days",
 "long": {"backwards_tp": true,
          "delay_between_fills_minutes_close": 171.35678543413223,
          "delay_between_fills_minutes_entry": 1050.5518005506792,
          "delay_weight_close": 0.2698391595620131,
          "delay_weight_entry": 9.340170367106369,
          "ema_dist_close": 0.0010337576905578214,
          "ema_dist_entry": 0.002479875718702146,
          "ema_span_0": 465.42282325304546,
          "ema_span_1": 1364.7185457294174,
          "enabled": true,
          "markup_range": 0.059004620357784344,
          "min_markup": 0.04569252435556933,
          "n_close_orders": 4,
          "qty_pct_close": 0.037818842570824025,
          "qty_pct_entry": 0.01,
          "wallet_exposure_limit": 1,
          "we_multiplier_close": 0,
          "we_multiplier_entry": 62.205976085533536},
 "short": {"backwards_tp": true,
           "delay_between_fills_minutes_close": 70.47730237945386,
           "delay_between_fills_minutes_entry": 398.8092072515517,
           "delay_weight_close": 73.27349072343102,
           "delay_weight_entry": 65.68136204157497,
           "ema_dist_close": -0.04785758219881477,
           "ema_dist_entry": -0.04462821924245371,
           "ema_span_0": 678.6394449362181,
           "ema_span_1": 1185.9554144627837,
           "enabled": false,
           "markup_range": 0.05933727349157941,
           "min_markup": 0.038040562659882884,
           "n_close_orders": 9,
           "qty_pct_close": 0.9099434116053248,
           "qty_pct_entry": 0.15235932056077392,
           "wallet_exposure_limit": 1,
           "we_multiplier_close": 1.4771423646932211,
           "we_multiplier_entry": 61.29374895928363}}