{"config_name": "clock_0days",
 "long": {"backwards_tp": true,
          "delay_between_fills_minutes_close": 167.63420030664673,
          "delay_between_fills_minutes_entry": 1070.022860814882,
          "delay_weight_close": 74.67816333834813,
          "delay_weight_entry": 29.75487323181698,
          "ema_dist_close": -0.03976323833486944,
          "ema_dist_entry": 0.007599114356494696,
          "ema_span_0": 46.17424781192285,
          "ema_span_1": 1032.4833416410993,
          "enabled": true,
          "markup_range": 0.0019112342662740097,
          "min_markup": 0.04195381374388714,
          "n_close_orders": 13,
          "qty_pct_close": 0.9998447857683989,
          "qty_pct_entry": 0.01,
          "wallet_exposure_limit": 1,
          "we_multiplier_close": 1.8281099558348957,
          "we_multiplier_entry": 90.83976975628396},
 "short": {"backwards_tp": true,
           "delay_between_fills_minutes_close": 20.51727485094085,
           "delay_between_fills_minutes_entry": 913.1173959650364,
           "delay_weight_close": 71.09247108018681,
           "delay_weight_entry": 40.482787016554745,
           "ema_dist_close": -0.010307805203693766,
           "ema_dist_entry": -0.015099964337358593,
           "ema_span_0": 166.03716180511688,
           "ema_span_1": 708.8049823582355,
           "enabled": false,
           "markup_range": 0.03451960288446448,
           "min_markup": 0.0433013691743083,
           "n_close_orders": 14,
           "qty_pct_close": 0.030340466347019632,
           "qty_pct_entry": 0.6910909491693689,
           "wallet_exposure_limit": 1.0,
           "we_multiplier_close": 6.977099196908667,
           "we_multiplier_entry": 95.46127054503525}}