{"config_name": "clock_0days",
 "long": {"backwards_tp": true,
          "delay_between_fills_minutes_close": 171.59926503056369,
          "delay_between_fills_minutes_entry": 694.9387537686183,
          "delay_weight_close": 0.10348910001312106,
          "delay_weight_entry": 12.329172478858249,
          "ema_dist_close": 0.00511937956852482,
          "ema_dist_entry": -0.004894973758028578,
          "ema_span_0": 85.48331732850296,
          "ema_span_1": 1020.1309911990109,
          "enabled": true,
          "markup_range": 0.016877783829712133,
          "min_markup": 0.03844786500405679,
          "n_close_orders": 4,
          "qty_pct_close": 0.07756601789170708,
          "qty_pct_entry": 0.01,
          "wallet_exposure_limit": 1,
          "we_multiplier_close": 6.521969608946526,
          "we_multiplier_entry": 100},
 "short": {"backwards_tp": true,
           "delay_between_fills_minutes_close": 147.57274001845263,
           "delay_between_fills_minutes_entry": 113.40038856393119,
           "delay_weight_close": 62.19191955999553,
           "delay_weight_entry": 29.23432554966213,
           "ema_dist_close": -0.006851677650730775,
           "ema_dist_entry": -0.03265465416647445,
           "ema_span_0": 468.0412096965979,
           "ema_span_1": 1393.0479985128231,
           "enabled": false,
           "markup_range": 0.061047115537902076,
           "min_markup": 0.07156374028684058,
           "n_close_orders": 4,
           "qty_pct_close": 0.7753833763048703,
           "qty_pct_entry": 0.027771297681278492,
           "wallet_exposure_limit": 1.0,
           "we_multiplier_close": 0.17857643039549065,
           "we_multiplier_entry": 63.72968037963659}}