{"config_name": "clock_0days",
 "long": {"backwards_tp": true,
          "delay_between_fills_minutes_close": 75.63561325157204,
          "delay_between_fills_minutes_entry": 1138.2601823551042,
          "delay_weight_close": 24.805233410440884,
          "delay_weight_entry": 13.632757976349726,
          "ema_dist_close": 0.008759612699573623,
          "ema_dist_entry": 0.008226664854957095,
          "ema_span_0": 121.92978108365408,
          "ema_span_1": 1281.3983439488363,
          "enabled": true,
          "markup_range": 0.02219829803451121,
          "min_markup": 0.09344138487605459,
          "n_close_orders": 12,
          "qty_pct_close": 0.08110215386116199,
          "qty_pct_entry": 0.01,
          "wallet_exposure_limit": 1,
          "we_multiplier_close": 6.411912209135933,
          "we_multiplier_entry": 90.99153197240699},
 "short": {"backwards_tp": true,
           "delay_between_fills_minutes_close": 65.07997529949243,
           "delay_between_fills_minutes_entry": 424.67979004503394,
           "delay_weight_close": 35.7251656894671,
           "delay_weight_entry": 75.33751147402009,
           "ema_dist_close": 0.0029113633683086684,
           "ema_dist_entry": -0.02117139409535422,
           "ema_span_0": 562.5554945187687,
           "ema_span_1": 389.0560124945345,
           "enabled": false,
           "markup_range": 0.09394443633246424,
           "min_markup": 0.04449289021240644,
           "n_close_orders": 10,
           "qty_pct_close": 0.3737520228777891,
           "qty_pct_entry": 0.6880046162066293,
           "wallet_exposure_limit": 1.0,
           "we_multiplier_close": 6.212466193044259,
           "we_multiplier_entry": 30.43964212424346}}