{"config_name": "clock_0days",
 "long": {"backwards_tp": true,
          "delay_between_fills_minutes_close": 131.77182172848183,
          "delay_between_fills_minutes_entry": 84.03104039131603,
          "delay_weight_close": 28.796994100596947,
          "delay_weight_entry": 11.82247004486965,
          "ema_dist_close": -0.022151306681380344,
          "ema_dist_entry": 0.01,
          "ema_span_0": 123.46225921677944,
          "ema_span_1": 730.0436189405654,
          "enabled": true,
          "markup_range": 0.043779485741946275,
          "min_markup": 0.09810517156767377,
          "n_close_orders": 15,
          "qty_pct_close": 0.8138112853707675,
          "qty_pct_entry": 0.01964248918662917,
          "wallet_exposure_limit": 1.0,
          "we_multiplier_close": 7.481811453159017,
          "we_multiplier_entry": 71.53960002187095},
 "short": {"backwards_tp": true,
           "delay_between_fills_minutes_close": 58.28112076834678,
           "delay_between_fills_minutes_entry": 1164.7626762332125,
           "delay_weight_close": 35.731751971929995,
           "delay_weight_entry": 68.47774822024242,
           "ema_dist_close": 0.00480776994794152,
           "ema_dist_entry": -0.014779005602385119,
           "ema_span_0": 168.85307268650988,
           "ema_span_1": 149.05467626314487,
           "enabled": false,
           "markup_range": 0.03064383607993868,
           "min_markup": 0.05932686040068488,
           "n_close_orders": 7,
           "qty_pct_close": 0.1078279996214598,
           "qty_pct_entry": 0.6697197605979751,
           "wallet_exposure_limit": 1.0,
           "we_multiplier_close": 8.03198129001093,
           "we_multiplier_entry": 46.40859698335712}}