{"config_name": "clock_0days",
 "long": {"backwards_tp": true,
          "delay_between_fills_minutes_close": 157.1346843037441,
          "delay_between_fills_minutes_entry": 563.9657847216689,
          "delay_weight_close": 23.663813578594894,
          "delay_weight_entry": 15.90872012157033,
          "ema_dist_close": -0.0021752787380773892,
          "ema_dist_entry": 0.008035738588515643,
          "ema_span_0": 593.0139302214994,
          "ema_span_1": 36.33431877671079,
          "enabled": true,
          "markup_range": 0.015136207982185798,
          "min_markup": 0.09573829157887064,
          "n_close_orders": 8,
          "qty_pct_close": 0.24328953403811446,
          "qty_pct_entry": 0.01,
          "wallet_exposure_limit": 1,
          "we_multiplier_close": 0.020366812926143923,
          "we_multiplier_entry": 90.9383771711434},
 "short": {"backwards_tp": true,
           "delay_between_fills_minutes_close": 139.44602084058468,
           "delay_between_fills_minutes_entry": 233.9597376774142,
           "delay_weight_close": 73.56950229663987,
           "delay_weight_entry": 63.82394479465299,
           "ema_dist_close": -0.04838572084018962,
           "ema_dist_entry": -0.042336752770056274,
           "ema_span_0": 327.63584480955825,
           "ema_span_1": 443.01293959145147,
           "enabled": false,
           "markup_range": 0.06597265021994018,
           "min_markup": 0.03256069583634337,
           "n_close_orders": 9,
           "qty_pct_close": 0.7986340042422999,
           "qty_pct_entry": 0.5141445124858084,
           "wallet_exposure_limit": 1.0,
           "we_multiplier_close": 1.9811617986839891,
           "we_multiplier_entry": 19.447820978098996}}