{"config_name": "clock_0days",
 "long": {"backwards_tp": true,
          "delay_between_fills_minutes_close": 34.961451951794785,
          "delay_between_fills_minutes_entry": 370.88024343152745,
          "delay_weight_close": 8.482618447291502,
          "delay_weight_entry": 16.541244605786286,
          "ema_dist_close": 0.0022356116715843742,
          "ema_dist_entry": 0.001381196340882728,
          "ema_span_0": 574.6130657745459,
          "ema_span_1": 531.5807828371685,
          "enabled": true,
          "markup_range": 0.0048582439633088744,
          "min_markup": 0.08581977683028771,
          "n_close_orders": 12,
          "qty_pct_close": 0.13204461925097702,
          "qty_pct_entry": 0.01,
          "wallet_exposure_limit": 1,
          "we_multiplier_close": 4.08956455674897,
          "we_multiplier_entry": 91.1150490201357},
 "short": {"backwards_tp": true,
           "delay_between_fills_minutes_close": 96.94648318797657,
           "delay_between_fills_minutes_entry": 1224.3960223347624,
           "delay_weight_close": 24.910693655649197,
           "delay_weight_entry": 62.92263703633606,
           "ema_dist_close": -0.043613722738151284,
           "ema_dist_entry": -0.007804744173176448,
           "ema_span_0": 90.46747831529453,
           "ema_span_1": 874.7989050809018,
           "enabled": false,
           "markup_range": 0.014807196107912236,
           "min_markup": 0.04154675117818946,
           "n_close_orders": 8,
           "qty_pct_close": 0.7828553386533622,
           "qty_pct_entry": 0.6732429849843004,
           "wallet_exposure_limit": 1.0,
           "we_multiplier_close": 7.240762811966103,
           "we_multiplier_entry": 72.0543236994754}}