{"config_name": "clock_0days",
 "long": {"backwards_tp": true,
          "delay_between_fills_minutes_close": 27.807898515717827,
          "delay_between_fills_minutes_entry": 988.6678347463962,
          "delay_weight_close": 1.3302618725890736,
          "delay_weight_entry": 6.865698530741926,
          "ema_dist_close": 0.006209594785375081,
          "ema_dist_entry": 0.00210388262926222,
          "ema_span_0": 31.010786942142634,
          "ema_span_1": 1311.4015569787537,
          "enabled": true,
          "markup_range": 0.057558726921196644,
          "min_markup": 0.09360230466169726,
          "n_close_orders": 10,
          "qty_pct_close": 0.4454880596724443,
          "qty_pct_entry": 0.01,
          "wallet_exposure_limit": 1,
          "we_multiplier_close": 1.0474501934838083,
          "we_multiplier_entry": 90.97341241104503},
 "short": {"backwards_tp": true,
           "delay_between_fills_minutes_close": 41.07863056034958,
           "delay_between_fills_minutes_entry": 502.20221559893713,
           "delay_weight_close": 4.98647347204172,
           "delay_weight_entry": 85.91268552447137,
           "ema_dist_close": -0.027830166022761265,
           "ema_dist_entry": -0.01564341286081941,
           "ema_span_0": 593.4893444343736,
           "ema_span_1": 582.5383008434827,
           "enabled": false,
           "markup_range": 0.02154451979012987,
           "min_markup": 0.09641468142117046,
           "n_close_orders": 11,
           "qty_pct_close": 0.21218701909132745,
           "qty_pct_entry": 0.7791655268614082,
           "wallet_exposure_limit": 1.0,
           "we_multiplier_close": 4.495471599660444,
           "we_multiplier_entry": 44.49235832245333}}