{"config_name": "clock_0days",
 "long": {"backwards_tp": true,
          "delay_between_fills_minutes_close": 159.15753392733825,
          "delay_between_fills_minutes_entry": 540.5081810260999,
          "delay_weight_close": 30.822509722502375,
          "delay_weight_entry": 8.350445851402537,
          "ema_dist_close": 0.007316688247538052,
          "ema_dist_entry": 0.007900453105020381,
          "ema_span_0": 619.4888065111465,
          "ema_span_1": 1234.8282890190094,
          "enabled": true,
          "markup_range": 0.08532297467115034,
          "min_markup": 0.07781690820376772,
          "n_close_orders": 6,
          "qty_pct_close": 0.11045379846357409,
          "qty_pct_entry": 0.01,
          "wallet_exposure_limit": 1,
          "we_multiplier_close": 5.512963385265023,
          "we_multiplier_entry": 69.76597141350932},
 "short": {"backwards_tp": true,
           "delay_between_fills_minutes_close": 134.67316238802005,
           "delay_between_fills_minutes_entry": 649.44106301118,
           "delay_weight_close": 51.335593857062634,
           "delay_weight_entry": 48.1252214483041,
           "ema_dist_close": -0.027882578944370923,
           "ema_dist_entry": -0.026331095210014283,
           "ema_span_0": 468.44636202486157,
           "ema_span_1": 1082.639679554668,
           "enabled": false,
           "markup_range": 0.08162455325170823,
           "min_markup": 0.050877498753042025,
           "n_close_orders": 6,
           "qty_pct_close": 0.4662042357013073,
           "qty_pct_entry": 0.16238747655685196,
           "wallet_exposure_limit": 1.0,
           "we_multiplier_close": 2.134859271693733,
           "we_multiplier_entry": 50.89915261544833}}