{"config_name": "clock_0days",
 "long": {"backwards_tp": true,
          "delay_between_fills_minutes_close": 162.06492870645593,
          "delay_between_fills_minutes_entry": 959.5617787113927,
          "delay_weight_close": 0.29109670817195143,
          "delay_weight_entry": 8.0242611063607,
          "ema_dist_close": 0.009361608229458742,
          "ema_dist_entry": 0.004961402697449643,
          "ema_span_0": 62.8863671691857,
          "ema_span_1": 1434.6784529231093,
          "enabled": true,
          "markup_range": 0.05632138690319198,
          "min_markup": 0.07852897196387355,
          "n_close_orders": 4,
          "qty_pct_close": 0.14030675505421594,
          "qty_pct_entry": 0.015433727495822967,
          "wallet_exposure_limit": 1,
          "we_multiplier_close": 4.29223024853464,
          "we_multiplier_entry": 69.84081986988949},
 "short": {"backwards_tp": true,
           "delay_between_fills_minutes_close": 58.13890810988748,
           "delay_between_fills_minutes_entry": 693.4826721602286,
           "delay_weight_close": 85.4625324428697,
           "delay_weight_entry": 37.94813922608809,
           "ema_dist_close": -0.02006830162785577,
           "ema_dist_entry": -0.04183488916517027,
           "ema_span_0": 221.6941289124968,
           "ema_span_1": 439.5664152202247,
           "enabled": false,
           "markup_range": 0.039621223864612524,
           "min_markup": 0.08069638323985938,
           "n_close_orders": 11,
           "qty_pct_close": 0.801951638921628,
           "qty_pct_entry": 0.09408387099398816,
           "wallet_exposure_limit": 1.0,
           "we_multiplier_close": 3.664301812808297,
           "we_multiplier_entry": 61.41710698905102}}