{"config_name": "clock_0days",
 "long": {"backwards_tp": true,
          "delay_between_fills_minutes_close": 175.501298578946,
          "delay_between_fills_minutes_entry": 1111.7766685646443,
          "delay_weight_close": 72.02406837817492,
          "delay_weight_entry": 11.579167397775429,
          "ema_dist_close": 0.00426224071056427,
          "ema_dist_entry": 0.002561390696729348,
          "ema_span_0": 100.75718965959719,
          "ema_span_1": 853.3223104970739,
          "enabled": true,
          "markup_range": 0.03259046195729912,
          "min_markup": 0.09571108025328251,
          "n_close_orders": 7,
          "qty_pct_close": 0.15915750159217024,
          "qty_pct_entry": 0.014496061807891083,
          "wallet_exposure_limit": 1,
          "we_multiplier_close": 0.09689864499248677,
          "we_multiplier_entry": 100},
 "short": {"backwards_tp": true,
           "delay_between_fills_minutes_close": 134.2595524289265,
           "delay_between_fills_minutes_entry": 1264.9095056403487,
           "delay_weight_close": 36.53222880303773,
           "delay_weight_entry": 18.832357443992066,
           "ema_dist_close": -0.0036946189085589123,
           "ema_dist_entry": -0.03147248764669751,
           "ema_span_0": 285.89448464355456,
           "ema_span_1": 626.2882053271552,
           "enabled": false,
           "markup_range": 0.047603239982026015,
           "min_markup": 0.025559969299628008,
           "n_close_orders": 14,
           "qty_pct_close": 0.3856743173871496,
           "qty_pct_entry": 0.5000846355094739,
           "wallet_exposure_limit": 1,
           "we_multiplier_close": 5.233491513395311,
           "we_multiplier_entry": 73.69835533278727}}