{"config_name": "clock_0days",
 "long": {"backwards_tp": true,
          "delay_between_fills_minutes_close": 104.69413961512033,
          "delay_between_fills_minutes_entry": 457.6704385703026,
          "delay_weight_close": 29.299663798685675,
          "delay_weight_entry": 10.926761833073657,
          "ema_dist_close": 0.01,
          "ema_dist_entry": 0.005544969093397839,
          "ema_span_0": 291.1648220624645,
          "ema_span_1": 1276.8611356044662,
          "enabled": true,
          "markup_range": 0.09028897917702883,
          "min_markup": 0.09619361781554037,
          "n_close_orders": 14,
          "qty_pct_close": 0.38863865824136945,
          "qty_pct_entry": 0.023487892640671033,
          "wallet_exposure_limit": 1,
          "we_multiplier_close": 8.27355048585016,
          "we_multiplier_entry": 11.486132557897813},
 "short": {"backwards_tp": true,
           "delay_between_fills_minutes_close": 20.648445366168154,
           "delay_between_fills_minutes_entry": 616.1806170231184,
           "delay_weight_close": 58.70537891216501,
           "delay_weight_entry": 35.73941125218118,
           "ema_dist_close": -0.012662674643358143,
           "ema_dist_entry": -0.009453646291481745,
           "ema_span_0": 418.01464455941425,
           "ema_span_1": 855.228890337852,
           "enabled": false,
           "markup_range": 0.015467974132531093,
           "min_markup": 0.08548786322648462,
           "n_close_orders": 11,
           "qty_pct_close": 0.7959828154297957,
           "qty_pct_entry": 0.689929001345974,
           "wallet_exposure_limit": 1,
           "we_multiplier_close": 2.454059010611637,
           "we_multiplier_entry": 25.93524762632986}}