{"config_name": "clock_0days",
 "long": {"backwards_tp": true,
          "delay_between_fills_minutes_close": 63.647931439493235,
          "delay_between_fills_minutes_entry": 466.2061982775726,
          "delay_weight_close": 76.76070742105757,
          "delay_weight_entry": 18.05694468454409,
          "ema_dist_close": 0.01,
          "ema_dist_entry": -0.0005459410443713593,
          "ema_span_0": 324.9840730713696,
          "ema_span_1": 1108.3906270615141,
          "enabled": true,
          "markup_range": 0.012270073515009278,
          "min_markup": 0.005773046775654412,
          "n_close_orders": 10,
          "qty_pct_close": 0.2720260913314133,
          "qty_pct_entry": 0.011771193791570064,
          "wallet_exposure_limit": 1,
          "we_multiplier_close": 6.206165062647419,
          "we_multiplier_entry": 98.82126949354104},
 "short": {"backwards_tp": true,
           "delay_between_fills_minutes_close": 50.869460627472456,
           "delay_between_fills_minutes_entry": 72.01688595255646,
           "delay_weight_close": 42.142332375055915,
           "delay_weight_entry": 3.3809853808535184,
           "ema_dist_close": -0.04958551736832013,
           "ema_dist_entry": 0.005115193775673592,
           "ema_span_0": 549.0492247598385,
           "ema_span_1": 1414.574749315322,
           "enabled": false,
           "markup_range": 0.005591021794633744,
           "min_markup": 0.07535866665619377,
           "n_close_orders": 11,
           "qty_pct_close": 0.01780351137359422,
           "qty_pct_entry": 0.11969548188078973,
           "wallet_exposure_limit": 1.0,
           "we_multiplier_close": 9.219519565771469,
           "we_multiplier_entry": 70.46909717803625}}