{"config_name": "clock_0days",
 "long": {"backwards_tp": true,
          "delay_between_fills_minutes_close": 157.555798317168,
          "delay_between_fills_minutes_entry": 198.2127312256052,
          "delay_weight_close": 59.2081138511819,
          "delay_weight_entry": 18.678218221567214,
          "ema_dist_close": -0.016099216149184324,
          "ema_dist_entry": 0.007854782385701812,
          "ema_span_0": 188.8145305873373,
          "ema_span_1": 706.6586226252871,
          "enabled": true,
          "markup_range": 0.1,
          "min_markup": 0.08328122512187772,
          "n_close_orders": 2,
          "qty_pct_close": 0.8663517856367449,
          "qty_pct_entry": 0.01,
          "wallet_exposure_limit": 1,
          "we_multiplier_close": 7.22098094212858,
          "we_multiplier_entry": 91.58068398086196},
 "short": {"backwards_tp": true,
           "delay_between_fills_minutes_close": 106.15768460218867,
           "delay_between_fills_minutes_entry": 1268.38969098985,
           "delay_weight_close": 81.33280138559765,
           "delay_weight_entry": 62.188211781752216,
           "ema_dist_close": -0.010386432379937527,
           "ema_dist_entry": -0.03178553664914121,
           "ema_span_0": 286.11847906724796,
           "ema_span_1": 27.202174211819855,
           "enabled": false,
           "markup_range": 0.09162501500659614,
           "min_markup": 0.062279917078399444,
           "n_close_orders": 7,
           "qty_pct_close": 0.888896387006849,
           "qty_pct_entry": 0.5485982042892084,
           "wallet_exposure_limit": 1,
           "we_multiplier_close": 0.3994326879526222,
           "we_multiplier_entry": 49.45667105204171}}