{"config_name": "emas_0days",
 "long": {"delay_between_fills_minutes_close": 498.53162987586086,
          "delay_between_fills_minutes_entry": 329.2263159627522,
          "delay_weight_close": 87.29507326813862,
          "delay_weight_entry": 36.07405311310332,
          "ema_dist_lower": -0.8679841135719459,
          "ema_dist_upper": -0.11014708856508412,
          "ema_span_0": 1102.2709840759637,
          "ema_span_1": 3129.235333570302,
          "enabled": true,
          "markup_range": 0.0265280849239454,
          "min_markup": 0.019717597134632843,
          "n_close_orders": 2,
          "qty_pct_close": 0.059682390793071055,
          "qty_pct_entry": 0.007878518126737162,
          "wallet_exposure_limit": 0.25,
          "we_multiplier_close": 118.25287450452925,
          "we_multiplier_entry": 78.35625684061752},
 "short": {"delay_between_fills_minutes_close": 1.0,
           "delay_between_fills_minutes_entry": 1.0,
           "delay_weight_close": 15.849913274794318,
           "delay_weight_entry": 11.767532332155866,
           "ema_dist_lower": -0.13177297473829663,
           "ema_dist_upper": -0.9785731296685469,
           "ema_span_0": 468.25153741374265,
           "ema_span_1": 3082.839799410171,
           "enabled": false,
           "markup_range": 0.01441622565301695,
           "min_markup": 0.011405038111380678,
           "n_close_orders": 5,
           "qty_pct_close": 0.0642689768500214,
           "qty_pct_entry": 0.06429413425865992,
           "wallet_exposure_limit": 0.1,
           "we_multiplier_close": 136.3044822640859,
           "we_multiplier_entry": 63.83652800664032}}