{"config_name": "clock_0days",
 "long": {"backwards_tp": true,
          "delay_between_fills_minutes_close": 148.23378033238117,
          "delay_between_fills_minutes_entry": 887.730656652999,
          "delay_weight_close": 91.68211527561448,
          "delay_weight_entry": 31.69270179234562,
          "ema_dist_close": -0.03936809633946321,
          "ema_dist_entry": 0.00714674919180021,
          "ema_span_0": 600.578906940743,
          "ema_span_1": 595.4574104129565,
          "enabled": true,
          "markup_range": 0.021723119343212034,
          "min_markup": 0.08310835189001299,
          "n_close_orders": 1,
          "qty_pct_close": 0.03412901315603819,
          "qty_pct_entry": 0.01,
          "wallet_exposure_limit": 0.4,
          "we_multiplier_close": 0.043093714123448645,
          "we_multiplier_entry": 94.81178665768493},
 "short": {"backwards_tp": true,
           "delay_between_fills_minutes_close": 496.75647251572093,
           "delay_between_fills_minutes_entry": 126.79615404956888,
           "delay_weight_close": 13.411330845336431,
           "delay_weight_entry": 55.4489731640461,
           "ema_dist_close": -0.038976002735073983,
           "ema_dist_entry": -0.013168924217141526,
           "ema_span_0": 1343.428785613811,
           "ema_span_1": 1320.0765054099797,
           "enabled": false,
           "markup_range": 0.0029922232555343138,
           "min_markup": 0.0028077452556680947,
           "n_close_orders": 4,
           "qty_pct_close": 0.044141762818687216,
           "qty_pct_entry": 0.09766721450457772,
           "wallet_exposure_limit": 1.0,
           "we_multiplier_close": 80.87125235713826,
           "we_multiplier_entry": 90.34734366753199}}