{"config_name": "recursive_grid_0days",
 "logging_level": 0,
 "long": {"auto_unstuck_ema_dist": 0,
          "auto_unstuck_wallet_exposure_threshold": 0,
          "backwards_tp": false,
          "ddown_factor": 1.2334637061442904,
          "ema_span_0": 408.10272367839764,
          "ema_span_1": 205.04380868466825,
          "enabled": true,
          "initial_eprice_ema_dist": -0.1,
          "initial_qty_pct": 0.005729743940911744,
          "markup_range": 0.023995158786950896,
          "min_markup": 0.007028478451479914,
          "n_close_orders": 5,
          "rentry_pprice_dist": 0.03299593529561163,
          "rentry_pprice_dist_wallet_exposure_weighting": 0,
          "wallet_exposure_limit": 0.2},
 "short": {"auto_unstuck_ema_dist": 0.06665565705508839,
           "auto_unstuck_wallet_exposure_threshold": 0.012448792126649295,
           "backwards_tp": true,
           "ddown_factor": 1.2867926320577545,
           "ema_span_0": 3967.849380163851,
           "ema_span_1": 6997.790940795097,
           "enabled": false,
           "initial_eprice_ema_dist": -0.027601642541201038,
           "initial_qty_pct": 0.015,
           "markup_range": 0.0060807342343839116,
           "min_markup": 0.0024564762549303277,
           "n_close_orders": 9,
           "rentry_pprice_dist": 0.04327352263970213,
           "rentry_pprice_dist_wallet_exposure_weighting": 51.71631375017468,
           "wallet_exposure_limit": 0.1}}