{"config_name": "emas_0days",
 "long": {"delay_between_fills_minutes_close": 370.96426694437827,
          "delay_between_fills_minutes_entry": 367.026876611607,
          "delay_weight_close": 150,
          "delay_weight_entry": 40.1897384490036,
          "ema_dist_lower": 0.006321360969218135,
          "ema_dist_upper": -0.030592909819721906,
          "ema_span_0": 10,
          "ema_span_1": 460.1134909865943,
          "enabled": true,
          "markup_range": 0.016698614345550096,
          "min_markup": 0.018106811788502503,
          "n_close_orders": 4,
          "qty_pct_close": 0.03409084953448605,
          "qty_pct_entry": 0.01848038509864169,
          "wallet_exposure_limit": 0.25,
          "we_multiplier_close": 103.51469165754612,
          "we_multiplier_entry": 51.23875119591216},
 "short": {"delay_between_fills_minutes_close": 59.91277635256586,
           "delay_between_fills_minutes_entry": 1.0,
           "delay_weight_close": 72.70040754839442,
           "delay_weight_entry": 94.59312279328279,
           "ema_dist_lower": -0.7878047917971,
           "ema_dist_upper": -0.07880765895309239,
           "ema_span_0": 1353.2589292686596,
           "ema_span_1": 413.0704121902518,
           "enabled": false,
           "markup_range": 0.009536894004416163,
           "min_markup": 0.0037514407869478675,
           "n_close_orders": 5,
           "qty_pct_close": 0.0444621553535302,
           "qty_pct_entry": 0.021529237320928474,
           "wallet_exposure_limit": 0.1,
           "we_multiplier_close": 17.333308055267906,
           "we_multiplier_entry": 12.458758635254753}}