{"config_name": "recursive_grid_0days",
 "logging_level": 0,
 "long": {"auto_unstuck_ema_dist": 0.018060175687872257,
          "auto_unstuck_wallet_exposure_threshold": 0.04689267648018639,
          "backwards_tp": false,
          "ddown_factor": 3.87585226301881,
          "ema_span_0": 2785.163914265521,
          "ema_span_1": 2803.0786902111195,
          "enabled": true,
          "initial_eprice_ema_dist": -0.04257158216241519,
          "initial_qty_pct": 0.015,
          "markup_range": 0.015048081883872551,
          "min_markup": 0.0028344880153914863,
          "n_close_orders": 13,
          "rentry_pprice_dist": 0.04473135734595249,
          "rentry_pprice_dist_wallet_exposure_weighting": 1.6030299327703084,
          "wallet_exposure_limit": 0.1},
 "short": {"auto_unstuck_ema_dist": 0.018833698623308463,
           "auto_unstuck_wallet_exposure_threshold": 0.09360882190007816,
           "backwards_tp": false,
           "ddown_factor": 2.2019122479616136,
           "ema_span_0": 2681.492184620875,
           "ema_span_1": 7330.79012263806,
           "enabled": true,
           "initial_eprice_ema_dist": -0.013616115434411769,
           "initial_qty_pct": 0.015,
           "markup_range": 0.009079017718494202,
           "min_markup": 0.0020357813560376607,
           "n_close_orders": 12,
           "rentry_pprice_dist": 0.04075746253463357,
           "rentry_pprice_dist_wallet_exposure_weighting": 1.4006347495553357,
           "wallet_exposure_limit": 0.1}}