{"config_name": "clock_0days",
 "long": {"delay_between_fills_minutes_close": 852.1525502196401,
          "delay_between_fills_minutes_entry": 1335.0768532445773,
          "delay_weight_close": 1.4501841070284183,
          "delay_weight_entry": 7.202151195293589,
          "ema_dist_lower": 0.009636486208558335,
          "ema_dist_upper": 0.0153221918670715,
          "ema_span_0": 1440,
          "ema_span_1": 791.5564391181991,
          "enabled": true,
          "markup_range": 0.08615657849179763,
          "min_markup": 0.026780778175157838,
          "n_close_orders": 6,
          "qty_pct_close": 0.08797990832722581,
          "qty_pct_entry": 0.025329190792121408,
          "wallet_exposure_limit": 0.25,
          "we_multiplier_close": 2.8262109464301197,
          "we_multiplier_entry": 15.342128350825208},
 "short": {"delay_between_fills_minutes_close": 593.1146687319947,
           "delay_between_fills_minutes_entry": 687.0904780395471,
           "delay_weight_close": 4.250267070254097,
           "delay_weight_entry": 15.26341247612562,
           "ema_dist_lower": 0.017300742849925773,
           "ema_dist_upper": 0.014735195512864865,
           "ema_span_0": 96.64733146427695,
           "ema_span_1": 1827.8950369701008,
           "enabled": false,
           "markup_range": 0.05145490752432863,
           "min_markup": 0.07817576970171361,
           "n_close_orders": 12,
           "qty_pct_close": 0.04057812896664527,
           "qty_pct_entry": 0.09532446578674991,
           "wallet_exposure_limit": 1.0,
           "we_multiplier_close": 0.5083237508934446,
           "we_multiplier_entry": 64.45600839444533}}