{"config_name": "emas_0days",
 "long": {"delay_between_fills_minutes_close": 443.5101502621262,
          "delay_between_fills_minutes_entry": 362.408838824068,
          "delay_weight_close": 2.7407462607775077,
          "delay_weight_entry": 19.321496133055184,
          "ema_dist_lower": -0.40231401863234684,
          "ema_dist_upper": -0.0031984582446304664,
          "ema_span_0": 779.5760419756892,
          "ema_span_1": 1445.5967820011,
          "enabled": true,
          "markup_range": 0.027869868006132666,
          "min_markup": 0.017181004315062403,
          "n_close_orders": 3,
          "qty_pct_close": 0.06522802157310777,
          "qty_pct_entry": 0.0071606494596652415,
          "wallet_exposure_limit": 0.25,
          "we_multiplier_close": 8.461510369428014,
          "we_multiplier_entry": 8.42541366730389},
 "short": {"delay_between_fills_minutes_close": 1.0,
           "delay_between_fills_minutes_entry": 166.70177461975004,
           "delay_weight_close": 65.6924362881376,
           "delay_weight_entry": 51.44795290634363,
           "ema_dist_lower": -0.034053941013763356,
           "ema_dist_upper": -0.8100697174416565,
           "ema_span_0": 28.18413652746055,
           "ema_span_1": 1755.9232969715513,
           "enabled": false,
           "markup_range": 0.004614513408640858,
           "min_markup": 0.005045284191262754,
           "n_close_orders": 5,
           "qty_pct_close": 0.05872836749040152,
           "qty_pct_entry": 0.07167747611331565,
           "wallet_exposure_limit": 0.1,
           "we_multiplier_close": 124.37208051996367,
           "we_multiplier_entry": 143.91121697922176}}