{"config_name": "recursive_grid_0days",
 "logging_level": 0,
 "long": {"auto_unstuck_ema_dist": 0.003614382453404537,
          "auto_unstuck_wallet_exposure_threshold": 0.07184368924198657,
          "backwards_tp": true,
          "ddown_factor": 1.246215407511385,
          "ema_span_0": 429.0103548412099,
          "ema_span_1": 437.51237250108306,
          "enabled": true,
          "initial_eprice_ema_dist": -0.011953198170066336,
          "initial_qty_pct": 0.014983702832956667,
          "markup_range": 0.0049252385078638935,
          "min_markup": 0.0039716863165122586,
          "n_close_orders": 6,
          "rentry_pprice_dist": 0.03987024436287762,
          "rentry_pprice_dist_wallet_exposure_weighting": 0,
          "wallet_exposure_limit": 0.2},
 "short": {"auto_unstuck_ema_dist": 0.03215324181484012,
           "auto_unstuck_wallet_exposure_threshold": 0.040613220382022606,
           "backwards_tp": true,
           "ddown_factor": 2.8883755317484354,
           "ema_span_0": 1594.6050226231653,
           "ema_span_1": 7197.239357580952,
           "enabled": false,
           "initial_eprice_ema_dist": -0.029801617555853824,
           "initial_qty_pct": 0.015,
           "markup_range": 0.003574783932198825,
           "min_markup": 0.0024665408359799772,
           "n_close_orders": 20,
           "rentry_pprice_dist": 0.008996645276320372,
           "rentry_pprice_dist_wallet_exposure_weighting": 85.12034825291494,
           "wallet_exposure_limit": 0.1}}