{"config_name": "recursive_grid_0days",
 "logging_level": 0,
 "long": {"auto_unstuck_ema_dist": 0.014441237186030643,
          "auto_unstuck_wallet_exposure_threshold": 0.018334962224269554,
          "backwards_tp": false,
          "ddown_factor": 1.9075239751152304,
          "ema_span_0": 1987.9239976690583,
          "ema_span_1": 1317.3797589662554,
          "enabled": true,
          "initial_eprice_ema_dist": 0.008893431593490984,
          "initial_qty_pct": 0.015,
          "markup_range": 0.039313069583106014,
          "min_markup": 0.002850670723763482,
          "n_close_orders": 8,
          "rentry_pprice_dist": 0.048133384739583354,
          "rentry_pprice_dist_wallet_exposure_weighting": 0,
          "wallet_exposure_limit": 1.0},
 "short": {"auto_unstuck_ema_dist": 0.005797634645042393,
           "auto_unstuck_wallet_exposure_threshold": 0.09254261452350977,
           "backwards_tp": true,
           "ddown_factor": 3.8283362539383043,
           "ema_span_0": 620.8906300111018,
           "ema_span_1": 890.6995259444834,
           "enabled": false,
           "initial_eprice_ema_dist": -0.024536646187026043,
           "initial_qty_pct": 0.015,
           "markup_range": 0.03495250156724108,
           "min_markup": 0.0017723022587767016,
           "n_close_orders": 10,
           "rentry_pprice_dist": 0.04479727279767255,
           "rentry_pprice_dist_wallet_exposure_weighting": 57.05571422390063,
           "wallet_exposure_limit": 0.1}}