{"config_name": "recursive_grid_0days",
 "logging_level": 0,
 "long": {"auto_unstuck_ema_dist": 0,
          "auto_unstuck_wallet_exposure_threshold": 0,
          "backwards_tp": false,
          "ddown_factor": 2.9948598535452438,
          "ema_span_0": 46.898165082323125,
          "ema_span_1": 154.96631101902645,
          "enabled": true,
          "initial_eprice_ema_dist": -0.1,
          "initial_qty_pct": 0.0032112380026249345,
          "markup_range": 0.03841274333967762,
          "min_markup": 0.0069018553689686206,
          "n_close_orders": 5,
          "rentry_pprice_dist": 0.032979727866420686,
          "rentry_pprice_dist_wallet_exposure_weighting": 1.033122349196899,
          "wallet_exposure_limit": 0.2},
 "short": {"auto_unstuck_ema_dist": 0.016254204327857843,
           "auto_unstuck_wallet_exposure_threshold": 0.014564890230458226,
           "backwards_tp": false,
           "ddown_factor": 1.712885613261352,
           "ema_span_0": 3839.2496290465924,
           "ema_span_1": 456.92372281285714,
           "enabled": false,
           "initial_eprice_ema_dist": -0.0694462255640643,
           "initial_qty_pct": 0.015,
           "markup_range": 0.008972444446011345,
           "min_markup": 0.0032158610511472067,
           "n_close_orders": 8,
           "rentry_pprice_dist": 0.01439531132291692,
           "rentry_pprice_dist_wallet_exposure_weighting": 69.41285340663595,
           "wallet_exposure_limit": 0.1}}