{"config_name": "neat_grid_0days",
 "logging_level": 0,
 "long": {"auto_unstuck_ema_dist": 0.0349390809084279,
          "auto_unstuck_wallet_exposure_threshold": 0.06624404832699646,
          "backwards_tp": true,
          "ema_span_0": 1785.4876252407191,
          "ema_span_1": 1377.555617849917,
          "enabled": true,
          "eprice_exp_base": 1.128447030048503,
          "eqty_exp_base": 1.358949632667119,
          "grid_span": 0.1786708459625849,
          "initial_eprice_ema_dist": -0.00379703779464112,
          "initial_qty_pct": 0.01,
          "markup_range": 0.0027779548857374365,
          "max_n_entry_orders": 8,
          "min_markup": 0.002,
          "n_close_orders": 13,
          "wallet_exposure_limit": 0.2},
 "short": {"auto_unstuck_ema_dist": 0.05470564605897685,
           "auto_unstuck_wallet_exposure_threshold": 0.6,
           "backwards_tp": true,
           "ema_span_0": 2923.424723881899,
           "ema_span_1": 4259.09076575736,
           "enabled": true,
           "eprice_exp_base": 1.3797872887411229,
           "eqty_exp_base": 1.6218581533169767,
           "grid_span": 0.23084554273750318,
           "initial_eprice_ema_dist": -0.07966219324361586,
           "initial_qty_pct": 0.01,
           "markup_range": 0.00282489231699249,
           "max_n_entry_orders": 6,
           "min_markup": 0.002,
           "n_close_orders": 20,
           "wallet_exposure_limit": 0.1}}