{"config_name": "emas_0days",
 "long": {"delay_between_fills_minutes_close": 403.0121171226998,
          "delay_between_fills_minutes_entry": 151.60720743415038,
          "delay_weight_close": -75.68063978613023,
          "delay_weight_entry": 23.228924443648943,
          "ema_dist_lower": 0.010985137168363463,
          "ema_dist_upper": 0.008006172982153857,
          "ema_span_0": 1084.2290277518175,
          "ema_span_1": 1598.2181214504967,
          "enabled": true,
          "markup_range": 0.029611032566846593,
          "min_markup": 0.02,
          "n_close_orders": 2,
          "qty_pct_close": 0.03307013800147624,
          "qty_pct_entry": 0.01434441748085638,
          "wallet_exposure_limit": 1.0,
          "we_multiplier_close": 27.97665488338158,
          "we_multiplier_entry": 0},
 "short": {"delay_between_fills_minutes_close": 1032.3207412709205,
           "delay_between_fills_minutes_entry": 1367.1011857156755,
           "delay_weight_close": 44.024409691768724,
           "delay_weight_entry": 69.46779346849051,
           "ema_dist_lower": 0.019576710479525736,
           "ema_dist_upper": 0.013098249875982437,
           "ema_span_0": 592.6372403374152,
           "ema_span_1": 395.02486653683826,
           "enabled": false,
           "markup_range": 0.06312337782319445,
           "min_markup": 0.014437826571181589,
           "n_close_orders": 13,
           "qty_pct_close": 0.05587463707132993,
           "qty_pct_entry": 0.05488159981619829,
           "wallet_exposure_limit": 1.0,
           "we_multiplier_close": 49.452212805132795,
           "we_multiplier_entry": 41.59421715500938}}