{"config_name": "recursive_grid_0days",
 "logging_level": 0,
 "long": {"auto_unstuck_ema_dist": 0,
          "auto_unstuck_wallet_exposure_threshold": 0,
          "backwards_tp": false,
          "ddown_factor": 1.5193866382286634,
          "ema_span_0": 132.18209804187305,
          "ema_span_1": 174.12700509823867,
          "enabled": true,
          "initial_eprice_ema_dist": -0.0887842739098605,
          "initial_qty_pct": 0.002499348185294162,
          "markup_range": 0.036241448902137686,
          "min_markup": 0.015434148524822625,
          "n_close_orders": 4,
          "rentry_pprice_dist": 0.03620257304051766,
          "rentry_pprice_dist_wallet_exposure_weighting": 0,
          "wallet_exposure_limit": 0.2},
 "short": {"auto_unstuck_ema_dist": 0.07195119156210228,
           "auto_unstuck_wallet_exposure_threshold": 0.09199522407401267,
           "backwards_tp": true,
           "ddown_factor": 0.5407128145113753,
           "ema_span_0": 4285.57353623062,
           "ema_span_1": 7105.200660549925,
           "enabled": false,
           "initial_eprice_ema_dist": -0.09227909838495152,
           "initial_qty_pct": 0.015,
           "markup_range": 0.0026516597557459864,
           "min_markup": 0.0016295392801460823,
           "n_close_orders": 6,
           "rentry_pprice_dist": 0.044921385768204106,
           "rentry_pprice_dist_wallet_exposure_weighting": 48.850694973241055,
           "wallet_exposure_limit": 0.1}}