{"config_name": "recursive_grid_0days",
 "logging_level": 0,
 "long": {"auto_unstuck_ema_dist": 0,
          "auto_unstuck_wallet_exposure_threshold": 0,
          "backwards_tp": false,
          "ddown_factor": 1.4715317370541956,
          "ema_span_0": 526.8463740591573,
          "ema_span_1": 40.59347199038166,
          "enabled": true,
          "initial_eprice_ema_dist": -0.1,
          "initial_qty_pct": 0.001925826075004865,
          "markup_range": 0.02973578038669661,
          "min_markup": 0.01966845623231804,
          "n_close_orders": 5,
          "rentry_pprice_dist": 0.036601287403602946,
          "rentry_pprice_dist_wallet_exposure_weighting": 0,
          "wallet_exposure_limit": 0.2},
 "short": {"auto_unstuck_ema_dist": 0.005300274039247893,
           "auto_unstuck_wallet_exposure_threshold": 0.02388272565060771,
           "backwards_tp": true,
           "ddown_factor": 2.8338033837732435,
           "ema_span_0": 2290.369239066784,
           "ema_span_1": 3129.495960041256,
           "enabled": false,
           "initial_eprice_ema_dist": -0.09849023102261634,
           "initial_qty_pct": 0.015,
           "markup_range": 0.009543191289020769,
           "min_markup": 0.003779523228353275,
           "n_close_orders": 7,
           "rentry_pprice_dist": 0.030662648642605917,
           "rentry_pprice_dist_wallet_exposure_weighting": 39.765332894086725,
           "wallet_exposure_limit": 0.1}}