{"config_name": "clock_0days",
 "long": {"delay_between_fills_minutes_close": 250.32679960557934,
          "delay_between_fills_minutes_entry": 267.2946601301643,
          "delay_weight_close": 17.270998023073044,
          "delay_weight_entry": 30.7312334804909,
          "ema_dist_lower": -0.7342954758111758,
          "ema_dist_upper": -0.03054941921278534,
          "ema_span_0": 445.11523009187056,
          "ema_span_1": 939.7027463965254,
          "enabled": true,
          "markup_range": 0.02994571654974399,
          "min_markup": 0.015380964753510125,
          "n_close_orders": 4,
          "qty_pct_close": 0.016544815948060614,
          "qty_pct_entry": 0.01,
          "wallet_exposure_limit": 0.3,
          "we_multiplier_close": 75.32773687835842,
          "we_multiplier_entry": 110.47570694252657},
 "short": {"delay_between_fills_minutes_close": 986.7387645017077,
           "delay_between_fills_minutes_entry": 376.7523480507789,
           "delay_weight_close": 11.448031324374664,
           "delay_weight_entry": 6.808640839915531,
           "ema_dist_lower": 0.012108583387041452,
           "ema_dist_upper": 0.0038043672843166053,
           "ema_span_0": 210.10708513292363,
           "ema_span_1": 749.80190604266,
           "enabled": false,
           "markup_range": 0.09595798479170793,
           "min_markup": 0.09505189501975415,
           "n_close_orders": 13,
           "qty_pct_close": 0.03485431772146746,
           "qty_pct_entry": 0.030243783521819022,
           "wallet_exposure_limit": 1.0,
           "we_multiplier_close": 2.057455718269776,
           "we_multiplier_entry": 28.6811763770041}}