{"config_name": "recursive_grid_0days",
 "logging_level": 0,
 "long": {"auto_unstuck_ema_dist": 0.018778609375664567,
          "auto_unstuck_wallet_exposure_threshold": 0.08323945285509558,
          "backwards_tp": false,
          "ddown_factor": 1.796298346672269,
          "ema_span_0": 240,
          "ema_span_1": 5100.219666549554,
          "enabled": true,
          "initial_eprice_ema_dist": 0.01,
          "initial_qty_pct": 0.015,
          "markup_range": 0.029259211653966766,
          "min_markup": 0.0016115957517244175,
          "n_close_orders": 8,
          "rentry_pprice_dist": 0.025622559061408732,
          "rentry_pprice_dist_wallet_exposure_weighting": 9.307580312779342,
          "wallet_exposure_limit": 0.1},
 "short": {"auto_unstuck_ema_dist": 0.08324025789402136,
           "auto_unstuck_wallet_exposure_threshold": 0.019894424963810827,
           "backwards_tp": false,
           "ddown_factor": 0.3958406524402757,
           "ema_span_0": 1678.0292189470242,
           "ema_span_1": 2128.0420286729986,
           "enabled": true,
           "initial_eprice_ema_dist": -0.06542042687553687,
           "initial_qty_pct": 0.015,
           "markup_range": 0.027948084700592905,
           "min_markup": 0.0014357611674884834,
           "n_close_orders": 6,
           "rentry_pprice_dist": 0.01494603763092597,
           "rentry_pprice_dist_wallet_exposure_weighting": 14.885074173198097,
           "wallet_exposure_limit": 0.1}}