{"config_name": "neat_grid_0days",
 "logging_level": 0,
 "long": {"auto_unstuck_ema_dist": 0.01860193169654353,
          "auto_unstuck_wallet_exposure_threshold": 0.013386663767247172,
          "backwards_tp": true,
          "ema_span_0": 30.530827081948342,
          "ema_span_1": 10,
          "enabled": true,
          "eprice_exp_base": 1.1446447624654663,
          "eqty_exp_base": 1.7970718640485246,
          "grid_span": 0.16643020735113062,
          "initial_eprice_ema_dist": -0.08860941136981262,
          "initial_qty_pct": 0.01,
          "markup_range": 0.0023635369262403933,
          "max_n_entry_orders": 6,
          "min_markup": 0.002,
          "n_close_orders": 5,
          "wallet_exposure_limit": 0.2},
 "short": {"auto_unstuck_ema_dist": 0.02382701051323548,
           "auto_unstuck_wallet_exposure_threshold": 0.5991973366809169,
           "backwards_tp": true,
           "ema_span_0": 3261.6840446050546,
           "ema_span_1": 4335.498295582742,
           "enabled": true,
           "eprice_exp_base": 1.2280235130722754,
           "eqty_exp_base": 1.5901673231887599,
           "grid_span": 0.21657902506197868,
           "initial_eprice_ema_dist": -0.09108348999639725,
           "initial_qty_pct": 0.01,
           "markup_range": 0.0028780661293741736,
           "max_n_entry_orders": 6,
           "min_markup": 0.002,
           "n_close_orders": 10,
           "wallet_exposure_limit": 0.1}}