{"config_name": "clock_0days",
 "long": {"backwards_tp": true,
          "delay_between_fills_minutes_close": 1114.4788300548769,
          "delay_between_fills_minutes_entry": 719.5578705268692,
          "delay_weight_close": 0,
          "delay_weight_entry": 24.181542131993442,
          "ema_dist_close": -0.0472340618335778,
          "ema_dist_entry": 0.003,
          "ema_span_0": 802.8665959197825,
          "ema_span_1": 242.3895678907262,
          "enabled": true,
          "markup_range": 0.004972412461496887,
          "min_markup": 0.005223912408749186,
          "n_close_orders": 7,
          "qty_pct_close": 0.022366560646124925,
          "qty_pct_entry": 0.013429580225388493,
          "wallet_exposure_limit": 0.6,
          "we_multiplier_close": 0,
          "we_multiplier_entry": 104.36042050466558},
 "short": {"backwards_tp": true,
           "delay_between_fills_minutes_close": 1440,
           "delay_between_fills_minutes_entry": 1235.8670373104096,
           "delay_weight_close": 0,
           "delay_weight_entry": 16.378181400760035,
           "ema_dist_close": 0.003,
           "ema_dist_entry": 0.001326611112483989,
           "ema_span_0": 1286.0613900445876,
           "ema_span_1": 1284.3227413913276,
           "enabled": true,
           "markup_range": 0.014748272203889764,
           "min_markup": 0.005015626091974709,
           "n_close_orders": 14,
           "qty_pct_close": 0.03376945389534119,
           "qty_pct_entry": 0.018331578653644126,
           "wallet_exposure_limit": 0.18,
           "we_multiplier_close": 0,
           "we_multiplier_entry": 66.72794883798421}}