{"config_name": "clock_0days",
 "long": {"backwards_tp": true,
          "delay_between_fills_minutes_close": 394.78559192729307,
          "delay_between_fills_minutes_entry": 1359.7933139219442,
          "delay_weight_close": 0,
          "delay_weight_entry": 23.279439304543565,
          "ema_dist_close": -0.005641852550443858,
          "ema_dist_entry": 0.003,
          "ema_span_0": 1292.0518069261734,
          "ema_span_1": 449.12128805442376,
          "enabled": true,
          "markup_range": 0.016900145088492736,
          "min_markup": 0.009200574000833722,
          "n_close_orders": 13,
          "qty_pct_close": 0.022769450573837252,
          "qty_pct_entry": 0.012004607125687626,
          "wallet_exposure_limit": 0.6,
          "we_multiplier_close": 0,
          "we_multiplier_entry": 52.683347669199755},
 "short": {"backwards_tp": true,
           "delay_between_fills_minutes_close": 1155.599740925548,
           "delay_between_fills_minutes_entry": 737.5177744902069,
           "delay_weight_close": 0,
           "delay_weight_entry": 11.031916223840781,
           "ema_dist_close": 0.002554922770826312,
           "ema_dist_entry": 0.003,
           "ema_span_0": 1078.272726668473,
           "ema_span_1": 82.5628265567432,
           "enabled": true,
           "markup_range": 0.0035696315035524005,
           "min_markup": 0.007072577799500913,
           "n_close_orders": 5,
           "qty_pct_close": 0.018665442553732932,
           "qty_pct_entry": 0.01750527162171649,
           "wallet_exposure_limit": 0.18,
           "we_multiplier_close": 0,
           "we_multiplier_entry": 154.7596930032564}}