{"config_name": "clock_0days",
 "long": {"backwards_tp": true,
          "delay_between_fills_minutes_close": 991.8314042575138,
          "delay_between_fills_minutes_entry": 1440,
          "delay_weight_close": 0,
          "delay_weight_entry": 22.617628660044872,
          "ema_dist_close": -0.011297309247825097,
          "ema_dist_entry": 0.0023276112744534515,
          "ema_span_0": 939.4890176326827,
          "ema_span_1": 1399.0817430752088,
          "enabled": true,
          "markup_range": 0.019233353099654203,
          "min_markup": 0.005193631816371487,
          "n_close_orders": 3,
          "qty_pct_close": 0.04708098988900992,
          "qty_pct_entry": 0.01,
          "wallet_exposure_limit": 0.6,
          "we_multiplier_close": 0,
          "we_multiplier_entry": 23.47590485293372},
 "short": {"backwards_tp": true,
           "delay_between_fills_minutes_close": 1440,
           "delay_between_fills_minutes_entry": 1235.8670373104096,
           "delay_weight_close": 0,
           "delay_weight_entry": 16.378181400760035,
           "ema_dist_close": 0.003,
           "ema_dist_entry": 0.001326611112483989,
           "ema_span_0": 1286.0613900445876,
           "ema_span_1": 1284.3227413913276,
           "enabled": true,
           "markup_range": 0.014748272203889764,
           "min_markup": 0.005015626091974709,
           "n_close_orders": 14,
           "qty_pct_close": 0.03376945389534119,
           "qty_pct_entry": 0.018331578653644126,
           "wallet_exposure_limit": 0.18,
           "we_multiplier_close": 0,
           "we_multiplier_entry": 66.72794883798421}}