{"config_name": "clock_0days",
 "long": {"backwards_tp": true,
          "delay_between_fills_minutes_close": 1271.11693885649,
          "delay_between_fills_minutes_entry": 1037.3247774741978,
          "delay_weight_close": 0,
          "delay_weight_entry": 26.34875153942122,
          "ema_dist_close": -0.025324323238328943,
          "ema_dist_entry": 0.002127716077545981,
          "ema_span_0": 386.7644099826143,
          "ema_span_1": 525.5406209145427,
          "enabled": true,
          "markup_range": 0.004603207660175744,
          "min_markup": 0.006708492327228342,
          "n_close_orders": 15,
          "qty_pct_close": 0.01339325188679415,
          "qty_pct_entry": 0.011442077850874708,
          "wallet_exposure_limit": 0.6,
          "we_multiplier_close": 0,
          "we_multiplier_entry": 22.618790666965467},
 "short": {"backwards_tp": true,
           "delay_between_fills_minutes_close": 1132.7780620447177,
           "delay_between_fills_minutes_entry": 1188.229128670664,
           "delay_weight_close": 0,
           "delay_weight_entry": 10.929445362956457,
           "ema_dist_close": 0.001384784830818029,
           "ema_dist_entry": 0.00027522619968885697,
           "ema_span_0": 1033.0033118317606,
           "ema_span_1": 1223.3046946319478,
           "enabled": true,
           "markup_range": 0.018949967899147175,
           "min_markup": 0.009837252899750843,
           "n_close_orders": 2,
           "qty_pct_close": 0.012047814858456856,
           "qty_pct_entry": 0.011461791059138929,
           "wallet_exposure_limit": 0.18,
           "we_multiplier_close": 0,
           "we_multiplier_entry": 32.798807242152336}}