{"config_name": "clock_0days",
 "long": {"backwards_tp": true,
          "delay_between_fills_minutes_close": 991.8314042575138,
          "delay_between_fills_minutes_entry": 1440,
          "delay_weight_close": 0,
          "delay_weight_entry": 22.617628660044872,
          "ema_dist_close": -0.011297309247825097,
          "ema_dist_entry": 0.0023276112744534515,
          "ema_span_0": 939.4890176326827,
          "ema_span_1": 1399.0817430752088,
          "enabled": true,
          "markup_range": 0.019233353099654203,
          "min_markup": 0.005193631816371487,
          "n_close_orders": 3,
          "qty_pct_close": 0.04708098988900992,
          "qty_pct_entry": 0.01,
          "wallet_exposure_limit": 0.6,
          "we_multiplier_close": 0,
          "we_multiplier_entry": 23.47590485293372},
 "short": {"backwards_tp": true,
           "delay_between_fills_minutes_close": 1186.1630687181287,
           "delay_between_fills_minutes_entry": 1113.30833095533,
           "delay_weight_close": 0,
           "delay_weight_entry": 19.32616287299977,
           "ema_dist_close": 0.0021785149639603225,
           "ema_dist_entry": 0.00039326592083025716,
           "ema_span_0": 6.141436703593571,
           "ema_span_1": 1402.8365967367558,
           "enabled": true,
           "markup_range": 0.0010683118489769796,
           "min_markup": 0.006423315138552356,
           "n_close_orders": 8,
           "qty_pct_close": 0.039610020711725945,
           "qty_pct_entry": 0.015496504232095715,
           "wallet_exposure_limit": 0.18,
           "we_multiplier_close": 0,
           "we_multiplier_entry": 146.37411422817138}}