{"config_name": "clock_0days",
 "long": {"backwards_tp": true,
          "delay_between_fills_minutes_close": 1187.1622708318298,
          "delay_between_fills_minutes_entry": 1345.8459954876278,
          "delay_weight_close": 0,
          "delay_weight_entry": 16.158217678882963,
          "ema_dist_close": 0.0006586761259561,
          "ema_dist_entry": -0.0002784120610190361,
          "ema_span_0": 1139.6365266237854,
          "ema_span_1": 199.68597826298875,
          "enabled": true,
          "markup_range": 0.0021201485940004396,
          "min_markup": 0.0042882842519258255,
          "n_close_orders": 14,
          "qty_pct_close": 0.017024034101006315,
          "qty_pct_entry": 0.012209392698961617,
          "wallet_exposure_limit": 0.6,
          "we_multiplier_close": 0,
          "we_multiplier_entry": 73.92026598827043},
 "short": {"backwards_tp": true,
           "delay_between_fills_minutes_close": 1222.58703546962,
           "delay_between_fills_minutes_entry": 1189.879658020506,
           "delay_weight_close": 0,
           "delay_weight_entry": 15.06797621160764,
           "ema_dist_close": 0.003,
           "ema_dist_entry": 0.0014049283289814516,
           "ema_span_0": 1400.3184371905588,
           "ema_span_1": 37.82083273296957,
           "enabled": true,
           "markup_range": 0.003285510528706678,
           "min_markup": 0.002170513485342607,
           "n_close_orders": 10,
           "qty_pct_close": 0.014995064611210394,
           "qty_pct_entry": 0.038381197531105325,
           "wallet_exposure_limit": 0.18,
           "we_multiplier_close": 0,
           "we_multiplier_entry": 40.80839740445515}}