{"config_name": "clock_0days",
 "long": {"backwards_tp": true,
          "delay_between_fills_minutes_close": 1187.1622708318298,
          "delay_between_fills_minutes_entry": 1345.8459954876278,
          "delay_weight_close": 0,
          "delay_weight_entry": 16.158217678882963,
          "ema_dist_close": 0.0006586761259561,
          "ema_dist_entry": -0.0002784120610190361,
          "ema_span_0": 1139.6365266237854,
          "ema_span_1": 199.68597826298875,
          "enabled": true,
          "markup_range": 0.0021201485940004396,
          "min_markup": 0.0042882842519258255,
          "n_close_orders": 14,
          "qty_pct_close": 0.017024034101006315,
          "qty_pct_entry": 0.012209392698961617,
          "wallet_exposure_limit": 0.6,
          "we_multiplier_close": 0,
          "we_multiplier_entry": 73.92026598827043},
 "short": {"backwards_tp": true,
           "delay_between_fills_minutes_close": 1159.4493265440794,
           "delay_between_fills_minutes_entry": 693.3487935467867,
           "delay_weight_close": 0,
           "delay_weight_entry": 8.580228724421245,
           "ema_dist_close": 0.003,
           "ema_dist_entry": 0.0022378223320543475,
           "ema_span_0": 761.9046880245054,
           "ema_span_1": 1434.282999975826,
           "enabled": true,
           "markup_range": 0.0005429443572035954,
           "min_markup": 0.01,
           "n_close_orders": 6,
           "qty_pct_close": 0.017787764414202573,
           "qty_pct_entry": 0.024992145222866684,
           "wallet_exposure_limit": 0.18,
           "we_multiplier_close": 0,
           "we_multiplier_entry": 35.07944250566819}}