{"config_name": "clock_0days",
 "long": {"backwards_tp": true,
          "delay_between_fills_minutes_close": 944.5815627973889,
          "delay_between_fills_minutes_entry": 1062.6880323587272,
          "delay_weight_close": 0,
          "delay_weight_entry": 24.411261223823495,
          "ema_dist_close": -0.006516948827980479,
          "ema_dist_entry": 0.001046037298014967,
          "ema_span_0": 1233.570685181966,
          "ema_span_1": 1226.2983456302231,
          "enabled": true,
          "markup_range": 0.014724830720387523,
          "min_markup": 0.002863360447019855,
          "n_close_orders": 3,
          "qty_pct_close": 0.024506127499481223,
          "qty_pct_entry": 0.012184869297803286,
          "wallet_exposure_limit": 0.6,
          "we_multiplier_close": 0,
          "we_multiplier_entry": 19.104114032889},
 "short": {"backwards_tp": true,
           "delay_between_fills_minutes_close": 864.831541343067,
           "delay_between_fills_minutes_entry": 930.5667584408607,
           "delay_weight_close": 0,
           "delay_weight_entry": 3.170829458011938,
           "ema_dist_close": -0.0035088228257234887,
           "ema_dist_entry": 0.0016986743119450727,
           "ema_span_0": 1425.078306445024,
           "ema_span_1": 1423.0958336228125,
           "enabled": true,
           "markup_range": 0.00765151317561955,
           "min_markup": 0.008087942205679538,
           "n_close_orders": 15,
           "qty_pct_close": 0.015787775395234672,
           "qty_pct_entry": 0.023870236814862174,
           "wallet_exposure_limit": 0.18,
           "we_multiplier_close": 0,
           "we_multiplier_entry": 169.22441273611574}}