{"config_name": "clock_0days",
 "long": {"backwards_tp": true,
          "delay_between_fills_minutes_close": 1368.7172883667586,
          "delay_between_fills_minutes_entry": 1432.2098969767164,
          "delay_weight_close": 0,
          "delay_weight_entry": 18.493763317532963,
          "ema_dist_close": -0.005262478945419497,
          "ema_dist_entry": 0.0028417234334776045,
          "ema_span_0": 680.776014747868,
          "ema_span_1": 1328.3099125344927,
          "enabled": true,
          "markup_range": 0.01110142163972351,
          "min_markup": 0.007117340007209293,
          "n_close_orders": 16,
          "qty_pct_close": 0.013894238510750929,
          "qty_pct_entry": 0.011766779046756678,
          "wallet_exposure_limit": 0.6,
          "we_multiplier_close": 0,
          "we_multiplier_entry": 45.57936830021602},
 "short": {"backwards_tp": true,
           "delay_between_fills_minutes_close": 1172.484005964417,
           "delay_between_fills_minutes_entry": 535.5952963325067,
           "delay_weight_close": 0,
           "delay_weight_entry": 9.704971687659999,
           "ema_dist_close": -0.008036336379943006,
           "ema_dist_entry": 0.003,
           "ema_span_0": 1366.9563918345373,
           "ema_span_1": 1344.8521520598583,
           "enabled": true,
           "markup_range": 0.01140966558771848,
           "min_markup": 0.005425121088799685,
           "n_close_orders": 14,
           "qty_pct_close": 0.010391798094832354,
           "qty_pct_entry": 0.023088391890285945,
           "wallet_exposure_limit": 0.18,
           "we_multiplier_close": 0.0,
           "we_multiplier_entry": 23.16913928420146}}