{"config_name": "clock_0days",
 "long": {"backwards_tp": true,
          "delay_between_fills_minutes_close": 1288.5735363699491,
          "delay_between_fills_minutes_entry": 1001.6613839041969,
          "delay_weight_close": 0,
          "delay_weight_entry": 29.12841466124622,
          "ema_dist_close": 0.001399265039036834,
          "ema_dist_entry": -0.000677038209001431,
          "ema_span_0": 1368.3772833493083,
          "ema_span_1": 33.202479062477636,
          "enabled": true,
          "markup_range": 0.0053277767895354875,
          "min_markup": 0.007587770426935817,
          "n_close_orders": 7,
          "qty_pct_close": 0.014447191122936857,
          "qty_pct_entry": 0.012587827821517947,
          "wallet_exposure_limit": 0.6,
          "we_multiplier_close": 0,
          "we_multiplier_entry": 39.170448227112004},
 "short": {"backwards_tp": true,
           "delay_between_fills_minutes_close": 775.1778505896256,
           "delay_between_fills_minutes_entry": 1258.31484279046,
           "delay_weight_close": 0,
           "delay_weight_entry": 16.456776327705338,
           "ema_dist_close": 0.0005193895308843687,
           "ema_dist_entry": -0.0027175373054856367,
           "ema_span_0": 1198.6898064340967,
           "ema_span_1": 1008.2134198508822,
           "enabled": true,
           "markup_range": 0.00809983960960155,
           "min_markup": 0.006548477222589865,
           "n_close_orders": 6,
           "qty_pct_close": 0.015048216573127583,
           "qty_pct_entry": 0.02352768113920414,
           "wallet_exposure_limit": 0.18,
           "we_multiplier_close": 0,
           "we_multiplier_entry": 158.13812470441775}}