{"config_name": "clock_0days",
 "long": {"backwards_tp": true,
          "delay_between_fills_minutes_close": 769.2423630959587,
          "delay_between_fills_minutes_entry": 1307.1245102559133,
          "delay_weight_close": 0,
          "delay_weight_entry": 10.80146043460846,
          "ema_dist_close": 9.241815993404491e-05,
          "ema_dist_entry": 0.0028083312020664355,
          "ema_span_0": 645.504259721077,
          "ema_span_1": 1221.4255780307906,
          "enabled": true,
          "markup_range": 0.013507149392923926,
          "min_markup": 0.007255080410181329,
          "n_close_orders": 8,
          "qty_pct_close": 0.03218947826772905,
          "qty_pct_entry": 0.01,
          "wallet_exposure_limit": 0.6,
          "we_multiplier_close": 0,
          "we_multiplier_entry": 192.40341217898293},
 "short": {"backwards_tp": true,
           "delay_between_fills_minutes_close": 1373.3100266625056,
           "delay_between_fills_minutes_entry": 838.68660037627,
           "delay_weight_close": 0,
           "delay_weight_entry": 11.089018697925674,
           "ema_dist_close": 0.0009309602540139774,
           "ema_dist_entry": -0.003951099887387302,
           "ema_span_0": 1397.3378242539786,
           "ema_span_1": 22.369724621916493,
           "enabled": true,
           "markup_range": 0.004533994597850926,
           "min_markup": 0.00702611342580607,
           "n_close_orders": 11,
           "qty_pct_close": 0.011287517630278751,
           "qty_pct_entry": 0.010538258922377183,
           "wallet_exposure_limit": 0.18,
           "we_multiplier_close": 0,
           "we_multiplier_entry": 48.41682983890407}}