{"config_name": "clock_0days",
 "long": {"backwards_tp": true,
          "delay_between_fills_minutes_close": 1375.430483452832,
          "delay_between_fills_minutes_entry": 869.8581360232319,
          "delay_weight_close": 0,
          "delay_weight_entry": 19.48354642728122,
          "ema_dist_close": -0.03782999940437585,
          "ema_dist_entry": -0.0013047026799908083,
          "ema_span_0": 721.1266600770356,
          "ema_span_1": 902.1744455932356,
          "enabled": true,
          "markup_range": 0.004588383443448828,
          "min_markup": 0.005404367264143464,
          "n_close_orders": 14,
          "qty_pct_close": 0.01,
          "qty_pct_entry": 0.011864098898154748,
          "wallet_exposure_limit": 0.6,
          "we_multiplier_close": 0,
          "we_multiplier_entry": 96.06595871033517},
 "short": {"backwards_tp": true,
           "delay_between_fills_minutes_close": 1275.102555747739,
           "delay_between_fills_minutes_entry": 401.97954264251774,
           "delay_weight_close": 0,
           "delay_weight_entry": 9.452918497795737,
           "ema_dist_close": 0.00045738511335528787,
           "ema_dist_entry": -0.0014029721558351043,
           "ema_span_0": 159.83593304073918,
           "ema_span_1": 1180.3357171159548,
           "enabled": true,
           "markup_range": 0.00434031303690997,
           "min_markup": 0.0017243919820519767,
           "n_close_orders": 4,
           "qty_pct_close": 0.035320606565063424,
           "qty_pct_entry": 0.023232277966988554,
           "wallet_exposure_limit": 0.18,
           "we_multiplier_close": 0,
           "we_multiplier_entry": 34.373306712366734}}