{"config_name": "clock_0days",
 "long": {"backwards_tp": true,
          "delay_between_fills_minutes_close": 497.1384815107768,
          "delay_between_fills_minutes_entry": 1358.2095155844697,
          "delay_weight_close": 0,
          "delay_weight_entry": 14.615991445665932,
          "ema_dist_close": -0.030989819254969866,
          "ema_dist_entry": 0.003,
          "ema_span_0": 5,
          "ema_span_1": 1041.9152783962688,
          "enabled": true,
          "markup_range": 0.037996471545316636,
          "min_markup": 0.009463428081812804,
          "n_close_orders": 3,
          "qty_pct_close": 0.048917357122556016,
          "qty_pct_entry": 0.01,
          "wallet_exposure_limit": 0.6,
          "we_multiplier_close": 0,
          "we_multiplier_entry": 92.03871294547946},
 "short": {"backwards_tp": true,
           "delay_between_fills_minutes_close": 1354.3778197530266,
           "delay_between_fills_minutes_entry": 1266.2238939560646,
           "delay_weight_close": 0,
           "delay_weight_entry": 0.31716254737983385,
           "ema_dist_close": 0.002060701200362676,
           "ema_dist_entry": 0.0003288111829239525,
           "ema_span_0": 52.591370690309276,
           "ema_span_1": 1382.648840491976,
           "enabled": true,
           "markup_range": 0.009378137360761075,
           "min_markup": 0.006418643587340124,
           "n_close_orders": 2,
           "qty_pct_close": 0.012856696564938376,
           "qty_pct_entry": 0.02270456073621537,
           "wallet_exposure_limit": 0.18,
           "we_multiplier_close": 0,
           "we_multiplier_entry": 171.61558272426504}}