{"config_name": "clock_0days",
 "long": {"backwards_tp": true,
          "delay_between_fills_minutes_close": 805.4150816580734,
          "delay_between_fills_minutes_entry": 1205.4933350727265,
          "delay_weight_close": 0,
          "delay_weight_entry": 15.552108166175895,
          "ema_dist_close": 0.003,
          "ema_dist_entry": -0.016880429628290783,
          "ema_span_0": 875.8008358458507,
          "ema_span_1": 1414.1253653788174,
          "enabled": true,
          "markup_range": 0.02286444802715184,
          "min_markup": 0.009548012847745289,
          "n_close_orders": 2,
          "qty_pct_close": 0.014330279854864805,
          "qty_pct_entry": 0.01,
          "wallet_exposure_limit": 0.6,
          "we_multiplier_close": 0,
          "we_multiplier_entry": 3.539269146305039},
 "short": {"backwards_tp": true,
           "delay_between_fills_minutes_close": 1282.1867104351597,
           "delay_between_fills_minutes_entry": 1249.8918175980327,
           "delay_weight_close": 0,
           "delay_weight_entry": 11.730103067259707,
           "ema_dist_close": 0.003,
           "ema_dist_entry": 2.8173476184922917e-05,
           "ema_span_0": 1384.7095668116544,
           "ema_span_1": 565.9774713787581,
           "enabled": true,
           "markup_range": 0.011404847806329855,
           "min_markup": 0.009963648668208123,
           "n_close_orders": 12,
           "qty_pct_close": 0.01301719644394725,
           "qty_pct_entry": 0.01,
           "wallet_exposure_limit": 0.18,
           "we_multiplier_close": 0,
           "we_multiplier_entry": 106.42418316789264}}