{"config_name": "clock_0days",
 "long": {"backwards_tp": true,
          "delay_between_fills_minutes_close": 992.6188698316518,
          "delay_between_fills_minutes_entry": 1091.7943178980881,
          "delay_weight_close": 0,
          "delay_weight_entry": 21.923834087662012,
          "ema_dist_close": -0.015360789800271578,
          "ema_dist_entry": 0.0027999977041156267,
          "ema_span_0": 991.7932403288544,
          "ema_span_1": 1184.388687718027,
          "enabled": true,
          "markup_range": 0.010590185720908423,
          "min_markup": 0.007656881806587455,
          "n_close_orders": 5,
          "qty_pct_close": 0.039548408319796155,
          "qty_pct_entry": 0.01,
          "wallet_exposure_limit": 0.6,
          "we_multiplier_close": 0,
          "we_multiplier_entry": 168.9992072230547},
 "short": {"backwards_tp": true,
           "delay_between_fills_minutes_close": 823.8138704340856,
           "delay_between_fills_minutes_entry": 670.6303530948537,
           "delay_weight_close": 0,
           "delay_weight_entry": 5.984738047685058,
           "ema_dist_close": 0.0010741853299644126,
           "ema_dist_entry": 0.002230444202215215,
           "ema_span_0": 1403.6863356822514,
           "ema_span_1": 1303.3184503104794,
           "enabled": true,
           "markup_range": 0.00779344950011893,
           "min_markup": 0.008695714633627921,
           "n_close_orders": 14,
           "qty_pct_close": 0.013998866181948186,
           "qty_pct_entry": 0.018596785752964057,
           "wallet_exposure_limit": 0.18,
           "we_multiplier_close": 0,
           "we_multiplier_entry": 30.99803894582348}}