{"config_name": "clock_0days",
 "long": {"backwards_tp": true,
          "delay_between_fills_minutes_close": 1346.6926773461869,
          "delay_between_fills_minutes_entry": 1401.053174387508,
          "delay_weight_close": 0,
          "delay_weight_entry": 12.578733721554876,
          "ema_dist_close": 0.00023246479956374544,
          "ema_dist_entry": 0.00030398513173390574,
          "ema_span_0": 1440,
          "ema_span_1": 1440,
          "enabled": true,
          "markup_range": 0.014134105217362471,
          "min_markup": 0.009766129484636909,
          "n_close_orders": 8,
          "qty_pct_close": 0.01041424451297392,
          "qty_pct_entry": 0.01,
          "wallet_exposure_limit": 0.6,
          "we_multiplier_close": 0,
          "we_multiplier_entry": 21.538647832625163},
 "short": {"backwards_tp": true,
           "delay_between_fills_minutes_close": 1285.0284146490117,
           "delay_between_fills_minutes_entry": 829.073375236316,
           "delay_weight_close": 0,
           "delay_weight_entry": 5.920365151332823,
           "ema_dist_close": 0.00294421867981076,
           "ema_dist_entry": 0.0029014223467783633,
           "ema_span_0": 1440,
           "ema_span_1": 298.8921516345322,
           "enabled": true,
           "markup_range": 0.010341506749929112,
           "min_markup": 0.0030111660301066333,
           "n_close_orders": 4,
           "qty_pct_close": 0.02230602996617042,
           "qty_pct_entry": 0.0161374489587621,
           "wallet_exposure_limit": 0.18,
           "we_multiplier_close": 0,
           "we_multiplier_entry": 50.75139004358243}}