{"config_name": "clock_0days",
 "long": {"backwards_tp": true,
          "delay_between_fills_minutes_close": 432.3028265137783,
          "delay_between_fills_minutes_entry": 1127.339224544454,
          "delay_weight_close": 0,
          "delay_weight_entry": 15.246657032290214,
          "ema_dist_close": -0.006099382979253225,
          "ema_dist_entry": 0.003,
          "ema_span_0": 521.331743149393,
          "ema_span_1": 1311.0228586011708,
          "enabled": true,
          "markup_range": 0.032186371787638515,
          "min_markup": 0.009680591799633162,
          "n_close_orders": 2,
          "qty_pct_close": 0.0487123085728462,
          "qty_pct_entry": 0.011110690880075073,
          "wallet_exposure_limit": 0.6,
          "we_multiplier_close": 0,
          "we_multiplier_entry": 30.876644241535306},
 "short": {"backwards_tp": true,
           "delay_between_fills_minutes_close": 1344.7238718653966,
           "delay_between_fills_minutes_entry": 669.1950062556025,
           "delay_weight_close": 0,
           "delay_weight_entry": 5.828933931673316,
           "ema_dist_close": -0.0004433415897187028,
           "ema_dist_entry": -0.0028504340212907203,
           "ema_span_0": 1396.0083525629723,
           "ema_span_1": 1056.5784993627533,
           "enabled": true,
           "markup_range": 0.007349376800343688,
           "min_markup": 0.003423396430756227,
           "n_close_orders": 6,
           "qty_pct_close": 0.016357463852188954,
           "qty_pct_entry": 0.016425918393233565,
           "wallet_exposure_limit": 0.18,
           "we_multiplier_close": 0,
           "we_multiplier_entry": 62.17199577595908}}