{"config_name": "clock_0days",
 "long": {"backwards_tp": true,
          "delay_between_fills_minutes_close": 558.8940359011939,
          "delay_between_fills_minutes_entry": 1134.155179185592,
          "delay_weight_close": 0,
          "delay_weight_entry": 9.136830472269237,
          "ema_dist_close": -0.017909119442388457,
          "ema_dist_entry": 0.003,
          "ema_span_0": 557.182740045172,
          "ema_span_1": 1086.8652929379941,
          "enabled": true,
          "markup_range": 0.0390015160197698,
          "min_markup": 0.0066308539257142075,
          "n_close_orders": 8,
          "qty_pct_close": 0.013267823564207656,
          "qty_pct_entry": 0.02115941595908583,
          "wallet_exposure_limit": 0.6,
          "we_multiplier_close": 0,
          "we_multiplier_entry": 18.58772816246166},
 "short": {"backwards_tp": true,
           "delay_between_fills_minutes_close": 1440,
           "delay_between_fills_minutes_entry": 1235.8670373104096,
           "delay_weight_close": 0,
           "delay_weight_entry": 16.378181400760035,
           "ema_dist_close": 0.003,
           "ema_dist_entry": 0.001326611112483989,
           "ema_span_0": 1286.0613900445876,
           "ema_span_1": 1284.3227413913276,
           "enabled": true,
           "markup_range": 0.014748272203889764,
           "min_markup": 0.005015626091974709,
           "n_close_orders": 14,
           "qty_pct_close": 0.03376945389534119,
           "qty_pct_entry": 0.018331578653644126,
           "wallet_exposure_limit": 0.18,
           "we_multiplier_close": 0,
           "we_multiplier_entry": 66.72794883798421}}