{"config_name": "clock_0days",
 "long": {"backwards_tp": true,
          "delay_between_fills_minutes_close": 1346.6926773461869,
          "delay_between_fills_minutes_entry": 1401.053174387508,
          "delay_weight_close": 0,
          "delay_weight_entry": 12.578733721554876,
          "ema_dist_close": 0.00023246479956374544,
          "ema_dist_entry": 0.00030398513173390574,
          "ema_span_0": 1440,
          "ema_span_1": 1440,
          "enabled": true,
          "markup_range": 0.014134105217362471,
          "min_markup": 0.009766129484636909,
          "n_close_orders": 8,
          "qty_pct_close": 0.01041424451297392,
          "qty_pct_entry": 0.01,
          "wallet_exposure_limit": 0.6,
          "we_multiplier_close": 0,
          "we_multiplier_entry": 21.538647832625163},
 "short": {"backwards_tp": true,
           "delay_between_fills_minutes_close": 1324.5814762211764,
           "delay_between_fills_minutes_entry": 804.8471990626184,
           "delay_weight_close": 0,
           "delay_weight_entry": 5.232125638939415,
           "ema_dist_close": 0.002971289344870473,
           "ema_dist_entry": 0.003,
           "ema_span_0": 1440,
           "ema_span_1": 450.08038368484887,
           "enabled": true,
           "markup_range": 0.015042120325672793,
           "min_markup": 0.005750336320163581,
           "n_close_orders": 13,
           "qty_pct_close": 0.031713234135028585,
           "qty_pct_entry": 0.022929446213267222,
           "wallet_exposure_limit": 0.18,
           "we_multiplier_close": 0,
           "we_multiplier_entry": 16.920488716261076}}