{"config_name": "clock_0days",
 "long": {"backwards_tp": true,
          "delay_between_fills_minutes_close": 1114.4788300548769,
          "delay_between_fills_minutes_entry": 719.5578705268692,
          "delay_weight_close": 0,
          "delay_weight_entry": 24.181542131993442,
          "ema_dist_close": -0.0472340618335778,
          "ema_dist_entry": 0.003,
          "ema_span_0": 802.8665959197825,
          "ema_span_1": 242.3895678907262,
          "enabled": true,
          "markup_range": 0.004972412461496887,
          "min_markup": 0.005223912408749186,
          "n_close_orders": 7,
          "qty_pct_close": 0.022366560646124925,
          "qty_pct_entry": 0.013429580225388493,
          "wallet_exposure_limit": 0.6,
          "we_multiplier_close": 0,
          "we_multiplier_entry": 104.36042050466558},
 "short": {"backwards_tp": true,
           "delay_between_fills_minutes_close": 838.3558993218617,
           "delay_between_fills_minutes_entry": 1323.494112840421,
           "delay_weight_close": 0,
           "delay_weight_entry": 9.094015720483876,
           "ema_dist_close": -0.0020952870126116243,
           "ema_dist_entry": 0.001200113200314209,
           "ema_span_0": 1352.0946490363008,
           "ema_span_1": 1151.2256677043638,
           "enabled": true,
           "markup_range": 0.017424376185379287,
           "min_markup": 0.009907138166440704,
           "n_close_orders": 5,
           "qty_pct_close": 0.012510817423459497,
           "qty_pct_entry": 0.024494454342333164,
           "wallet_exposure_limit": 0.18,
           "we_multiplier_close": 0,
           "we_multiplier_entry": 53.49973935508511}}