{"config_name": "clock_0days",
 "long": {"backwards_tp": true,
          "delay_between_fills_minutes_close": 706.4494476043315,
          "delay_between_fills_minutes_entry": 951.6950031993014,
          "delay_weight_close": 0,
          "delay_weight_entry": 26.61594233338423,
          "ema_dist_close": 0.002703971304415153,
          "ema_dist_entry": 0.0002250731795262681,
          "ema_span_0": 1372.107787783475,
          "ema_span_1": 1339.0117424938585,
          "enabled": true,
          "markup_range": 0.00716795040368335,
          "min_markup": 0.0030517250194669384,
          "n_close_orders": 3,
          "qty_pct_close": 0.04933173208393924,
          "qty_pct_entry": 0.01,
          "wallet_exposure_limit": 0.6,
          "we_multiplier_close": 0,
          "we_multiplier_entry": 111.1575962648},
 "short": {"backwards_tp": true,
           "delay_between_fills_minutes_close": 772.3263452058733,
           "delay_between_fills_minutes_entry": 1261.0158693855813,
           "delay_weight_close": 0,
           "delay_weight_entry": 11.800186441314105,
           "ema_dist_close": 0.003,
           "ema_dist_entry": 0.0010293546721995546,
           "ema_span_0": 1440,
           "ema_span_1": 998.19446437356,
           "enabled": true,
           "markup_range": 0.018254528857668973,
           "min_markup": 0.004704332260142646,
           "n_close_orders": 13,
           "qty_pct_close": 0.011061731462059923,
           "qty_pct_entry": 0.013677326174536899,
           "wallet_exposure_limit": 0.18,
           "we_multiplier_close": 0,
           "we_multiplier_entry": 67.68395202236903}}