{"config_name": "clock_0days",
 "long": {"backwards_tp": true,
          "delay_between_fills_minutes_close": 480.5399581477715,
          "delay_between_fills_minutes_entry": 1372.6676380934255,
          "delay_weight_close": 0,
          "delay_weight_entry": 11.043649890462326,
          "ema_dist_close": -0.0001262701724076325,
          "ema_dist_entry": 0.0006174277062950919,
          "ema_span_0": 1440,
          "ema_span_1": 688.6440620003211,
          "enabled": true,
          "markup_range": 0.04,
          "min_markup": 0.009317821262150767,
          "n_close_orders": 5,
          "qty_pct_close": 0.030788859191907495,
          "qty_pct_entry": 0.01,
          "wallet_exposure_limit": 0.6,
          "we_multiplier_close": 0,
          "we_multiplier_entry": 45.288764265660575},
 "short": {"backwards_tp": true,
           "delay_between_fills_minutes_close": 1075.2471417225927,
           "delay_between_fills_minutes_entry": 1127.8228347970964,
           "delay_weight_close": 0,
           "delay_weight_entry": 12.396318167531973,
           "ema_dist_close": 0.00047583929704883327,
           "ema_dist_entry": -0.004681193517280854,
           "ema_span_0": 1275.9543359215522,
           "ema_span_1": 607.7390176611094,
           "enabled": true,
           "markup_range": 0.011047487810305833,
           "min_markup": 0.003013316043300661,
           "n_close_orders": 11,
           "qty_pct_close": 0.018811997685722618,
           "qty_pct_entry": 0.01389986918727323,
           "wallet_exposure_limit": 0.18,
           "we_multiplier_close": 0,
           "we_multiplier_entry": 180.7007289288682}}