{"config_name": "clock_0days",
 "long": {"backwards_tp": true,
          "delay_between_fills_minutes_close": 805.4150816580734,
          "delay_between_fills_minutes_entry": 1205.4933350727265,
          "delay_weight_close": 0.0,
          "delay_weight_entry": 15.552108166175895,
          "ema_dist_close": 0.003,
          "ema_dist_entry": -0.016880429628290783,
          "ema_span_0": 875.8008358458507,
          "ema_span_1": 1414.1253653788174,
          "enabled": true,
          "markup_range": 0.02286444802715184,
          "min_markup": 0.009548012847745289,
          "n_close_orders": 2,
          "qty_pct_close": 0.014330279854864805,
          "qty_pct_entry": 0.01,
          "wallet_exposure_limit": 0.6,
          "we_multiplier_close": 0,
          "we_multiplier_entry": 3.539269146305039},
 "short": {"backwards_tp": true,
           "delay_between_fills_minutes_close": 1380.5052842123514,
           "delay_between_fills_minutes_entry": 1270.6269752214446,
           "delay_weight_close": 0,
           "delay_weight_entry": 16.008881719684236,
           "ema_dist_close": 0.0024931764581864794,
           "ema_dist_entry": -0.0012722262515083701,
           "ema_span_0": 1393.2880052491857,
           "ema_span_1": 1355.2967472582386,
           "enabled": true,
           "markup_range": 0.0043241496574572885,
           "min_markup": 0.0025344522246656515,
           "n_close_orders": 6,
           "qty_pct_close": 0.03499615238093283,
           "qty_pct_entry": 0.0273924775224386,
           "wallet_exposure_limit": 0.18,
           "we_multiplier_close": 0,
           "we_multiplier_entry": 59.22077537217529}}