{"config_name": "clock_0days",
 "long": {"backwards_tp": true,
          "delay_between_fills_minutes_close": 603.8809954710495,
          "delay_between_fills_minutes_entry": 1156.354066302889,
          "delay_weight_close": 0,
          "delay_weight_entry": 10.033346306857405,
          "ema_dist_close": -0.0036701461374119525,
          "ema_dist_entry": 0.0023825749726385727,
          "ema_span_0": 1345.9632506358491,
          "ema_span_1": 1308.558017660185,
          "enabled": true,
          "markup_range": 0.03229771977328544,
          "min_markup": 0.009184423105080747,
          "n_close_orders": 5,
          "qty_pct_close": 0.01,
          "qty_pct_entry": 0.011359569297432108,
          "wallet_exposure_limit": 0.6,
          "we_multiplier_close": 0,
          "we_multiplier_entry": 34.207679559413236},
 "short": {"backwards_tp": true,
           "delay_between_fills_minutes_close": 812.1850489225151,
           "delay_between_fills_minutes_entry": 1312.1534556093163,
           "delay_weight_close": 0,
           "delay_weight_entry": 8.572160218526758,
           "ema_dist_close": -0.001456731116093331,
           "ema_dist_entry": -0.0028392794695675625,
           "ema_span_0": 1184.5891305335804,
           "ema_span_1": 1413.4898196734234,
           "enabled": true,
           "markup_range": 0.02544742336240107,
           "min_markup": 0.00956885545770276,
           "n_close_orders": 6,
           "qty_pct_close": 0.015632575491606033,
           "qty_pct_entry": 0.023073846157152036,
           "wallet_exposure_limit": 0.18,
           "we_multiplier_close": 0.0,
           "we_multiplier_entry": 25.313290111075577}}