{"config_name": "clock_0days",
 "long": {"backwards_tp": true,
          "delay_between_fills_minutes_close": 1122.5194187818483,
          "delay_between_fills_minutes_entry": 1012.539602374751,
          "delay_weight_close": 0,
          "delay_weight_entry": 13.681434334477748,
          "ema_dist_close": 0.002389184974932804,
          "ema_dist_entry": -0.0034864260270977224,
          "ema_span_0": 1214.180694065704,
          "ema_span_1": 1440,
          "enabled": true,
          "markup_range": 0.013530325747158416,
          "min_markup": 0.009660839866616859,
          "n_close_orders": 7,
          "qty_pct_close": 0.012883241795918243,
          "qty_pct_entry": 0.01,
          "wallet_exposure_limit": 0.6,
          "we_multiplier_close": 0,
          "we_multiplier_entry": 34.776952514211516},
 "short": {"backwards_tp": true,
           "delay_between_fills_minutes_close": 916.3059115533472,
           "delay_between_fills_minutes_entry": 298.5023014810374,
           "delay_weight_close": 0.0,
           "delay_weight_entry": 1.8785350479470155,
           "ema_dist_close": 0.001970975782255116,
           "ema_dist_entry": -0.006097141361382816,
           "ema_span_0": 1342.525031744864,
           "ema_span_1": 1411.286977192709,
           "enabled": true,
           "markup_range": 0.0023697782051366845,
           "min_markup": 0.0033239370743978936,
           "n_close_orders": 13,
           "qty_pct_close": 0.037730340634502764,
           "qty_pct_entry": 0.023394149004354957,
           "wallet_exposure_limit": 0.18,
           "we_multiplier_close": 0,
           "we_multiplier_entry": 33.41068470258064}}