{"config_name": "clock_0days",
 "long": {"backwards_tp": true,
          "delay_between_fills_minutes_close": 1412.2238345495189,
          "delay_between_fills_minutes_entry": 936.3894906785142,
          "delay_weight_close": 0,
          "delay_weight_entry": 23.468080498625053,
          "ema_dist_close": -0.020354008189595107,
          "ema_dist_entry": 0.0018363047119559388,
          "ema_span_0": 1254.5885362697668,
          "ema_span_1": 1322.8560108544395,
          "enabled": true,
          "markup_range": 0.0090338313865435,
          "min_markup": 0.007989548821904623,
          "n_close_orders": 14,
          "qty_pct_close": 0.015455335511603637,
          "qty_pct_entry": 0.01,
          "wallet_exposure_limit": 0.6,
          "we_multiplier_close": 0,
          "we_multiplier_entry": 11.379134518562868},
 "short": {"backwards_tp": true,
           "delay_between_fills_minutes_close": 1342.2143496093558,
           "delay_between_fills_minutes_entry": 854.213565913702,
           "delay_weight_close": 0,
           "delay_weight_entry": 9.502428677898415,
           "ema_dist_close": -0.0025085647626296526,
           "ema_dist_entry": 0.0026822434861880178,
           "ema_span_0": 1435.3573335257327,
           "ema_span_1": 368.8858632610676,
           "enabled": true,
           "markup_range": 0.003491817039431486,
           "min_markup": 0.009544591183273055,
           "n_close_orders": 8,
           "qty_pct_close": 0.011009043010511603,
           "qty_pct_entry": 0.015919489266942616,
           "wallet_exposure_limit": 0.18,
           "we_multiplier_close": 0,
           "we_multiplier_entry": 102.0473550220087}}