{"config_name": "clock_0days",
 "long": {"backwards_tp": true,
          "delay_between_fills_minutes_close": 267.83443524022493,
          "delay_between_fills_minutes_entry": 708.1300325492214,
          "delay_weight_close": 0,
          "delay_weight_entry": 17.368240993991314,
          "ema_dist_close": 0.00016277762192274704,
          "ema_dist_entry": 0.0027628631905969926,
          "ema_span_0": 1429.6488992799843,
          "ema_span_1": 43.138789704142724,
          "enabled": true,
          "markup_range": 0.008314534086813118,
          "min_markup": 0.0010230312185759629,
          "n_close_orders": 12,
          "qty_pct_close": 0.019948509807827745,
          "qty_pct_entry": 0.01829700845431897,
          "wallet_exposure_limit": 0.6,
          "we_multiplier_close": 0,
          "we_multiplier_entry": 144.6344423946846},
 "short": {"backwards_tp": true,
           "delay_between_fills_minutes_close": 1309.0587863635712,
           "delay_between_fills_minutes_entry": 648.8352968602624,
           "delay_weight_close": 0,
           "delay_weight_entry": 12.263928486853166,
           "ema_dist_close": 0.0017033123681645776,
           "ema_dist_entry": 0.0016085881405474897,
           "ema_span_0": 465.70855402270956,
           "ema_span_1": 1276.4104997861016,
           "enabled": true,
           "markup_range": 0.008633769597378493,
           "min_markup": 0.008564095426518759,
           "n_close_orders": 2,
           "qty_pct_close": 0.01027786341920139,
           "qty_pct_entry": 0.014351795144026807,
           "wallet_exposure_limit": 0.18,
           "we_multiplier_close": 0,
           "we_multiplier_entry": 30.970993882869955}}