{"config_name": "clock_0days",
 "long": {"backwards_tp": true,
          "delay_between_fills_minutes_close": 1144.9391815755039,
          "delay_between_fills_minutes_entry": 1177.7928802832905,
          "delay_weight_close": 0,
          "delay_weight_entry": 33.09187843247418,
          "ema_dist_close": 0.0004973919804598718,
          "ema_dist_entry": -0.0006635397055110942,
          "ema_span_0": 931.2882964631364,
          "ema_span_1": 1288.5297944021352,
          "enabled": true,
          "markup_range": 0.005248710187004408,
          "min_markup": 0.005866542429944162,
          "n_close_orders": 10,
          "qty_pct_close": 0.020056666047794134,
          "qty_pct_entry": 0.01,
          "wallet_exposure_limit": 0.6,
          "we_multiplier_close": 0,
          "we_multiplier_entry": 80.14370793374391},
 "short": {"backwards_tp": true,
           "delay_between_fills_minutes_close": 1201.5218883119278,
           "delay_between_fills_minutes_entry": 501.9972135657691,
           "delay_weight_close": 0,
           "delay_weight_entry": 8.433231277315391,
           "ema_dist_close": 0.002794329219940661,
           "ema_dist_entry": 0.002761947294739441,
           "ema_span_0": 1348.1744159669988,
           "ema_span_1": 374.1527864858565,
           "enabled": true,
           "markup_range": 0.0029787457709589083,
           "min_markup": 0.006987478001937736,
           "n_close_orders": 3,
           "qty_pct_close": 0.017124857483236482,
           "qty_pct_entry": 0.030487104772462425,
           "wallet_exposure_limit": 0.18,
           "we_multiplier_close": 0,
           "we_multiplier_entry": 27.675041579327747}}