{"config_name": "clock_0days",
 "long": {"backwards_tp": true,
          "delay_between_fills_minutes_close": 900.4441202954675,
          "delay_between_fills_minutes_entry": 1169.7290109546548,
          "delay_weight_close": 0,
          "delay_weight_entry": 8.155286513980819,
          "ema_dist_close": 0.003,
          "ema_dist_entry": -0.001468993406206231,
          "ema_span_0": 717.8755811960368,
          "ema_span_1": 1397.1588667708575,
          "enabled": true,
          "markup_range": 0.015017980814157042,
          "min_markup": 0.008561624848719524,
          "n_close_orders": 7,
          "qty_pct_close": 0.01,
          "qty_pct_entry": 0.012395735065166695,
          "wallet_exposure_limit": 0.6,
          "we_multiplier_close": 0,
          "we_multiplier_entry": 54.497684406830274},
 "short": {"backwards_tp": true,
           "delay_between_fills_minutes_close": 634.5169195120404,
           "delay_between_fills_minutes_entry": 1022.1995857114259,
           "delay_weight_close": 0,
           "delay_weight_entry": 12.795392312119278,
           "ema_dist_close": 0.0021606446778871234,
           "ema_dist_entry": -0.012332125788286654,
           "ema_span_0": 1028.8348342526383,
           "ema_span_1": 1067.3634945355666,
           "enabled": true,
           "markup_range": 0.0299193900062626,
           "min_markup": 0.008132626436725876,
           "n_close_orders": 3,
           "qty_pct_close": 0.02414468289292697,
           "qty_pct_entry": 0.01129578658147313,
           "wallet_exposure_limit": 0.18,
           "we_multiplier_close": 0.0,
           "we_multiplier_entry": 0.7720166578528748}}