{"config_name": "clock_0days",
 "long": {"backwards_tp": true,
          "delay_between_fills_minutes_close": 949.6195838300324,
          "delay_between_fills_minutes_entry": 1065.9581716104688,
          "delay_weight_close": 0,
          "delay_weight_entry": 14.655202159939059,
          "ema_dist_close": 0.003,
          "ema_dist_entry": -0.003474219504551215,
          "ema_span_0": 1334.6061426634317,
          "ema_span_1": 1230.9772052649373,
          "enabled": true,
          "markup_range": 0.006726013081187471,
          "min_markup": 0.005722901118085503,
          "n_close_orders": 11,
          "qty_pct_close": 0.01577449789066083,
          "qty_pct_entry": 0.01073691082155343,
          "wallet_exposure_limit": 0.6,
          "we_multiplier_close": 0,
          "we_multiplier_entry": 168.42139353449335},
 "short": {"backwards_tp": true,
           "delay_between_fills_minutes_close": 1378.438527556808,
           "delay_between_fills_minutes_entry": 1306.0906143776124,
           "delay_weight_close": 0,
           "delay_weight_entry": 20.049756120370166,
           "ema_dist_close": 0.003,
           "ema_dist_entry": 0.003,
           "ema_span_0": 531.3895493311821,
           "ema_span_1": 1342.399970894385,
           "enabled": true,
           "markup_range": 0.003560907918136373,
           "min_markup": 0.004411967059604047,
           "n_close_orders": 3,
           "qty_pct_close": 0.02136086369171019,
           "qty_pct_entry": 0.01074085139267116,
           "wallet_exposure_limit": 0.18,
           "we_multiplier_close": 0,
           "we_multiplier_entry": 185.00628029377782}}