{"config_name": "clock_0days",
 "long": {"backwards_tp": true,
          "delay_between_fills_minutes_close": 1208.2828388909654,
          "delay_between_fills_minutes_entry": 688.3989220074624,
          "delay_weight_close": 0,
          "delay_weight_entry": 25.428873153737165,
          "ema_dist_close": -0.0029800833270203888,
          "ema_dist_entry": 0.002145144645566888,
          "ema_span_0": 381.1524600754537,
          "ema_span_1": 984.3874767500414,
          "enabled": true,
          "markup_range": 0.0030371718758021356,
          "min_markup": 0.004716380442389837,
          "n_close_orders": 16,
          "qty_pct_close": 0.03485185790595208,
          "qty_pct_entry": 0.011009011907765738,
          "wallet_exposure_limit": 0.6,
          "we_multiplier_close": 0,
          "we_multiplier_entry": 164.1619753343168},
 "short": {"backwards_tp": true,
           "delay_between_fills_minutes_close": 1354.3778197530266,
           "delay_between_fills_minutes_entry": 1266.2238939560646,
           "delay_weight_close": 0,
           "delay_weight_entry": 0.31716254737983385,
           "ema_dist_close": 0.002060701200362676,
           "ema_dist_entry": 0.0003288111829239525,
           "ema_span_0": 52.591370690309276,
           "ema_span_1": 1382.648840491976,
           "enabled": true,
           "markup_range": 0.009378137360761075,
           "min_markup": 0.006418643587340124,
           "n_close_orders": 2,
           "qty_pct_close": 0.012856696564938376,
           "qty_pct_entry": 0.02270456073621537,
           "wallet_exposure_limit": 0.18,
           "we_multiplier_close": 0.0,
           "we_multiplier_entry": 171.61558272426504}}