{"config_name": "recursive_grid_0days",
 "logging_level": 0,
 "long": {"auto_unstuck_ema_dist": 0.0026729393289833835,
          "auto_unstuck_wallet_exposure_threshold": 0.0359681077829087,
          "backwards_tp": false,
          "ddown_factor": 1.4247891807655786,
          "ema_span_0": 10.09042533862203,
          "ema_span_1": 1386.565071629646,
          "enabled": true,
          "initial_eprice_ema_dist": -0.0003452354474743186,
          "initial_qty_pct": 0.02602338209750012,
          "markup_range": 0.03376416511673958,
          "min_markup": 0.006817705452364364,
          "n_close_orders": 14,
          "rentry_pprice_dist": 0.032892954521733825,
          "rentry_pprice_dist_wallet_exposure_weighting": 0.5697569880667381,
          "wallet_exposure_limit": 0.2},
 "short": {"auto_unstuck_ema_dist": -0.03918900653872888,
           "auto_unstuck_wallet_exposure_threshold": 0.05904886799454301,
           "backwards_tp": true,
           "ddown_factor": 0.6929554825434636,
           "ema_span_0": 920.5184286318778,
           "ema_span_1": 859.1996795215448,
           "enabled": false,
           "initial_eprice_ema_dist": -0.0951418376119812,
           "initial_qty_pct": 0.08997365879304016,
           "markup_range": 0.02050178625046109,
           "min_markup": 0.008115695546206406,
           "n_close_orders": 15,
           "rentry_pprice_dist": 0.013968100179915222,
           "rentry_pprice_dist_wallet_exposure_weighting": 17.870683019587567,
           "wallet_exposure_limit": 1.0}}