{"config_name": "clock_0days",
 "long": {"delay_between_fills_minutes_close": 360,
          "delay_between_fills_minutes_entry": 226.3324569194975,
          "delay_weight_close": 115.78185308765084,
          "delay_weight_entry": 31.5459993579909,
          "ema_dist_lower": 0,
          "ema_dist_upper": -0.055498819965510746,
          "ema_span_0": 873.0323261658328,
          "ema_span_1": 30.422101526571286,
          "enabled": true,
          "markup_range": 0.02118645854183999,
          "min_markup": 0.02124531476746715,
          "n_close_orders": 5,
          "qty_pct_close": 0.011409928809140853,
          "qty_pct_entry": 0.01096872179856851,
          "wallet_exposure_limit": 0.3,
          "we_multiplier_close": 24.286064627241245,
          "we_multiplier_entry": 51.0357020000271},
 "short": {"delay_between_fills_minutes_close": 1076.599592047405,
           "delay_between_fills_minutes_entry": 82.43666822237773,
           "delay_weight_close": 14.171179658680622,
           "delay_weight_entry": 6.3799203106824525,
           "ema_dist_lower": 0.0008686355931941226,
           "ema_dist_upper": 0.013168709754639706,
           "ema_span_0": 1008.8683545941736,
           "ema_span_1": 1358.5196496112294,
           "enabled": false,
           "markup_range": 0.057240845044690486,
           "min_markup": 0.07420584769670797,
           "n_close_orders": 11,
           "qty_pct_close": 0.07532721472229954,
           "qty_pct_entry": 0.06562963841989049,
           "wallet_exposure_limit": 1.0,
           "we_multiplier_close": 3.187189791111622,
           "we_multiplier_entry": 65.74248386405549}}