{"config_name": "recursive_grid_0days",
 "logging_level": 0,
 "long": {"auto_unstuck_ema_dist": 0,
          "auto_unstuck_wallet_exposure_threshold": 0,
          "backwards_tp": false,
          "ddown_factor": 1.761214301614166,
          "ema_span_0": 307.23535434710016,
          "ema_span_1": 159.474292827655,
          "enabled": true,
          "initial_eprice_ema_dist": -0.1,
          "initial_qty_pct": 0.004481236865150996,
          "markup_range": 0.03806417061874184,
          "min_markup": 0.004662111602556066,
          "n_close_orders": 5,
          "rentry_pprice_dist": 0.03665212317749405,
          "rentry_pprice_dist_wallet_exposure_weighting": 0,
          "wallet_exposure_limit": 0.2},
 "short": {"auto_unstuck_ema_dist": 0.03368526738737685,
           "auto_unstuck_wallet_exposure_threshold": 0.08975268660187416,
           "backwards_tp": true,
           "ddown_factor": 0.31036991094667216,
           "ema_span_0": 1306.9781385686372,
           "ema_span_1": 4944.957854133411,
           "enabled": false,
           "initial_eprice_ema_dist": -0.09285220498578861,
           "initial_qty_pct": 0.015,
           "markup_range": 0.024182969857617097,
           "min_markup": 0.0017183655599834159,
           "n_close_orders": 5,
           "rentry_pprice_dist": 0.01272909255979984,
           "rentry_pprice_dist_wallet_exposure_weighting": 71.94366209366942,
           "wallet_exposure_limit": 0.1}}