{"config_name": "recursive_grid_0days",
 "logging_level": 0,
 "long": {"auto_unstuck_ema_dist": 0.0869436017233879,
          "auto_unstuck_wallet_exposure_threshold": 0.09011294303161803,
          "backwards_tp": false,
          "ddown_factor": 2.7856633300736413,
          "ema_span_0": 628.8750818689,
          "ema_span_1": 1700.819104774939,
          "enabled": true,
          "initial_eprice_ema_dist": -0.008637316002923905,
          "initial_qty_pct": 0.015,
          "markup_range": 0.03,
          "min_markup": 0.0039272621248794114,
          "n_close_orders": 12,
          "rentry_pprice_dist": 0.027519465084969462,
          "rentry_pprice_dist_wallet_exposure_weighting": 2.9808056264843477,
          "wallet_exposure_limit": 0.1},
 "short": {"auto_unstuck_ema_dist": 0.001,
           "auto_unstuck_wallet_exposure_threshold": 0.09097670702988964,
           "backwards_tp": false,
           "ddown_factor": 1.9679259830439315,
           "ema_span_0": 1933.728462419789,
           "ema_span_1": 1732.7660696593807,
           "enabled": true,
           "initial_eprice_ema_dist": -0.015653367612218343,
           "initial_qty_pct": 0.015,
           "markup_range": 0.004211196688939643,
           "min_markup": 0.003576886046883488,
           "n_close_orders": 11,
           "rentry_pprice_dist": 0.01337767868523489,
           "rentry_pprice_dist_wallet_exposure_weighting": 5.039820656035063,
           "wallet_exposure_limit": 0.1}}