{"config_name": "clock_0days",
 "long": {"backwards_tp": true,
          "delay_between_fills_minutes_close": 1355.351484396302,
          "delay_between_fills_minutes_entry": 1392.698552938214,
          "delay_weight_close": 0,
          "delay_weight_entry": 17.125174216873134,
          "ema_dist_close": -0.004080731962207882,
          "ema_dist_entry": 0.003,
          "ema_span_0": 521.2613164738067,
          "ema_span_1": 129.17168225145213,
          "enabled": true,
          "markup_range": 0.00034148252092388323,
          "min_markup": 0.0032659497204613522,
          "n_close_orders": 11,
          "qty_pct_close": 0.013612493884160078,
          "qty_pct_entry": 0.040922609129115335,
          "wallet_exposure_limit": 0.4,
          "we_multiplier_close": 0,
          "we_multiplier_entry": 77.97144252659619},
 "short": {"backwards_tp": true,
           "delay_between_fills_minutes_close": 1435.1428019551504,
           "delay_between_fills_minutes_entry": 761.9461478342075,
           "delay_weight_close": 0.0,
           "delay_weight_entry": 33.70860936778549,
           "ema_dist_close": 0.0013831932171187548,
           "ema_dist_entry": -0.02850520790500243,
           "ema_span_0": 1424.8591640719023,
           "ema_span_1": 1168.9989206343973,
           "enabled": false,
           "markup_range": 0.01992448169586633,
           "min_markup": 0.006289687709458134,
           "n_close_orders": 7,
           "qty_pct_close": 0.035236086733506256,
           "qty_pct_entry": 0.07092867095976028,
           "wallet_exposure_limit": 1.0,
           "we_multiplier_close": 0.0,
           "we_multiplier_entry": 55.61144736390746}}