{"config_name": "recursive_grid_0days",
 "logging_level": 0,
 "long": {"auto_unstuck_ema_dist": 0.002626150123807146,
          "auto_unstuck_wallet_exposure_threshold": 0.031793887059210484,
          "backwards_tp": false,
          "ddown_factor": 1.6013126767654857,
          "ema_span_0": 1034.5834204876596,
          "ema_span_1": 1305.3942234974097,
          "enabled": true,
          "initial_eprice_ema_dist": -0.0024271900144262467,
          "initial_qty_pct": 0.017313922601072246,
          "markup_range": 0.05521935528791274,
          "min_markup": 0.003406841965776328,
          "n_close_orders": 8,
          "rentry_pprice_dist": 0.03997729612953407,
          "rentry_pprice_dist_wallet_exposure_weighting": 1.9071105179628267,
          "wallet_exposure_limit": 0.2},
 "short": {"auto_unstuck_ema_dist": -0.06678464943735013,
           "auto_unstuck_wallet_exposure_threshold": 0.08393930562308113,
           "backwards_tp": true,
           "ddown_factor": 2.16761302638163,
           "ema_span_0": 184.23218148335988,
           "ema_span_1": 463.2456389247103,
           "enabled": false,
           "initial_eprice_ema_dist": -0.03980360379133319,
           "initial_qty_pct": 0.026013101706983406,
           "markup_range": 0.022145791160453423,
           "min_markup": 0.006437873052098524,
           "n_close_orders": 8,
           "rentry_pprice_dist": 0.0182493361930904,
           "rentry_pprice_dist_wallet_exposure_weighting": 11.446455580150108,
           "wallet_exposure_limit": 1.0}}