{"config_name": "recursive_grid_0days",
 "logging_level": 0,
 "long": {"auto_unstuck_ema_dist": 0,
          "auto_unstuck_wallet_exposure_threshold": 0,
          "backwards_tp": false,
          "ddown_factor": 1.560441828082316,
          "ema_span_0": 94.52477328408338,
          "ema_span_1": 435.3819765088711,
          "enabled": true,
          "initial_eprice_ema_dist": -0.1,
          "initial_qty_pct": 0.003477954502085547,
          "markup_range": 0.0358631386552445,
          "min_markup": 0.014777985256564036,
          "n_close_orders": 5,
          "rentry_pprice_dist": 0.03910147261099051,
          "rentry_pprice_dist_wallet_exposure_weighting": 0,
          "wallet_exposure_limit": 1},
 "short": {"auto_unstuck_ema_dist": 0.02322147645117892,
           "auto_unstuck_wallet_exposure_threshold": 0.06404961824388172,
           "backwards_tp": false,
           "ddown_factor": 1.8697649699101688,
           "ema_span_0": 1069.9903845159401,
           "ema_span_1": 245.91407845244484,
           "enabled": false,
           "initial_eprice_ema_dist": -0.08096736750662135,
           "initial_qty_pct": 0.015,
           "markup_range": 0.01350992689246613,
           "min_markup": 0.003576923224251607,
           "n_close_orders": 13,
           "rentry_pprice_dist": 0.006262275989090046,
           "rentry_pprice_dist_wallet_exposure_weighting": 73.28359547531188,
           "wallet_exposure_limit": 0.1}}