{"config_name": "recursive_grid_0days",
 "logging_level": 0,
 "long": {"auto_unstuck_ema_dist": -0.020238909648024613,
          "auto_unstuck_wallet_exposure_threshold": 0.03344978936023688,
          "backwards_tp": true,
          "ddown_factor": 0.17088453328058179,
          "ema_span_0": 716.2851321107999,
          "ema_span_1": 237.32301201028167,
          "enabled": true,
          "initial_eprice_ema_dist": 0.0004727055313686365,
          "initial_qty_pct": 0.04751101546007815,
          "markup_range": 0.0010582941125498702,
          "min_markup": 0.008772002486928185,
          "n_close_orders": 4,
          "rentry_pprice_dist": 0.022726984188954646,
          "rentry_pprice_dist_wallet_exposure_weighting": 3.0555518892823335,
          "wallet_exposure_limit": 1},
 "short": {"auto_unstuck_ema_dist": -0.05322334346580063,
           "auto_unstuck_wallet_exposure_threshold": 0.03448710773837149,
           "backwards_tp": true,
           "ddown_factor": 1.2109725359346464,
           "ema_span_0": 102.27396818794607,
           "ema_span_1": 1345.8776060259377,
           "enabled": false,
           "initial_eprice_ema_dist": -0.08212000067169939,
           "initial_qty_pct": 0.039422319446829925,
           "markup_range": 0.012841194309356246,
           "min_markup": 0.0063842417495896505,
           "n_close_orders": 9,
           "rentry_pprice_dist": 0.005413067304713765,
           "rentry_pprice_dist_wallet_exposure_weighting": 3.070830230606685,
           "wallet_exposure_limit": 1}}