{"config_name": "recursive_grid_0days",
 "logging_level": 0,
 "long": {"auto_unstuck_ema_dist": -0.01760245149614783,
          "auto_unstuck_wallet_exposure_threshold": 0.051941995775504415,
          "backwards_tp": true,
          "ddown_factor": 2.753308200146027,
          "ema_span_0": 145.13123199889813,
          "ema_span_1": 1431.8183756328,
          "enabled": true,
          "initial_eprice_ema_dist": 0.006371798399614731,
          "initial_qty_pct": 0.02437883631320405,
          "markup_range": 0.035232853045956566,
          "min_markup": 0.00986751532062499,
          "n_close_orders": 9,
          "rentry_pprice_dist": 0.028483055071672984,
          "rentry_pprice_dist_wallet_exposure_weighting": 1.1936439121807085,
          "wallet_exposure_limit": 1},
 "short": {"auto_unstuck_ema_dist": -0.009922451154678977,
           "auto_unstuck_wallet_exposure_threshold": 0.09351276696032314,
           "backwards_tp": true,
           "ddown_factor": 1.39904493277076,
           "ema_span_0": 503.1909283113048,
           "ema_span_1": 1224.9210280005238,
           "enabled": false,
           "initial_eprice_ema_dist": -0.0629896041866334,
           "initial_qty_pct": 0.04489538272578071,
           "markup_range": 0.05918313422356128,
           "min_markup": 0.0030277533003845157,
           "n_close_orders": 7,
           "rentry_pprice_dist": 0.04983649776260797,
           "rentry_pprice_dist_wallet_exposure_weighting": 32.23022500724312,
           "wallet_exposure_limit": 1.0}}