{"config_name": "recursive_grid_0days",
 "logging_level": 0,
 "long": {"auto_unstuck_ema_dist": 0,
          "auto_unstuck_wallet_exposure_threshold": 0,
          "backwards_tp": false,
          "ddown_factor": 1.617404737090137,
          "ema_span_0": 34.26052957840122,
          "ema_span_1": 42.75169384913192,
          "enabled": true,
          "initial_eprice_ema_dist": -0.1,
          "initial_qty_pct": 0.005324415222592229,
          "markup_range": 0.03646907668526738,
          "min_markup": 0.010809902016639684,
          "n_close_orders": 4,
          "rentry_pprice_dist": 0.029962078267723034,
          "rentry_pprice_dist_wallet_exposure_weighting": 0,
          "wallet_exposure_limit": 0.2},
 "short": {"auto_unstuck_ema_dist": 0.019329419453443814,
           "auto_unstuck_wallet_exposure_threshold": 0.011054629178253459,
           "backwards_tp": true,
           "ddown_factor": 2.139722486499636,
           "ema_span_0": 3507.5942253232465,
           "ema_span_1": 6259.525841960959,
           "enabled": false,
           "initial_eprice_ema_dist": -0.03583058751563277,
           "initial_qty_pct": 0.015,
           "markup_range": 0.008768934364752352,
           "min_markup": 0.0014022527529901974,
           "n_close_orders": 18,
           "rentry_pprice_dist": 0.018671129976135674,
           "rentry_pprice_dist_wallet_exposure_weighting": 7.010869541520687,
           "wallet_exposure_limit": 0.1}}