{"config_name": "recursive_grid_0days",
 "logging_level": 0,
 "long": {"auto_unstuck_ema_dist": 0,
          "auto_unstuck_wallet_exposure_threshold": 0,
          "backwards_tp": false,
          "ddown_factor": 1.5938415267647694,
          "ema_span_0": 54.476514961620914,
          "ema_span_1": 169.5583387029811,
          "enabled": true,
          "initial_eprice_ema_dist": -0.1,
          "initial_qty_pct": 0.0032456655905734972,
          "markup_range": 0.03761684799861714,
          "min_markup": 0.004331331353798337,
          "n_close_orders": 4,
          "rentry_pprice_dist": 0.03106082285010793,
          "rentry_pprice_dist_wallet_exposure_weighting": 0,
          "wallet_exposure_limit": 0.2},
 "short": {"auto_unstuck_ema_dist": 0.06591104467354787,
           "auto_unstuck_wallet_exposure_threshold": 0.0474346068142888,
           "backwards_tp": true,
           "ddown_factor": 2.8547194572729557,
           "ema_span_0": 2445.6046347787124,
           "ema_span_1": 2301.1092233642635,
           "enabled": false,
           "initial_eprice_ema_dist": -0.07173400859011453,
           "initial_qty_pct": 0.015,
           "markup_range": 0.025954579245493534,
           "min_markup": 0.0028138108727320224,
           "n_close_orders": 8,
           "rentry_pprice_dist": 0.03189022235264064,
           "rentry_pprice_dist_wallet_exposure_weighting": 21.173349756659285,
           "wallet_exposure_limit": 0.1}}