{"config_name": "recursive_grid_0days",
 "logging_level": 0,
 "long": {"auto_unstuck_ema_dist": 0,
          "auto_unstuck_wallet_exposure_threshold": 0.0,
          "backwards_tp": false,
          "ddown_factor": 2.433155559783804,
          "ema_span_0": 435.14609130000383,
          "ema_span_1": 188.34665791553596,
          "enabled": true,
          "initial_eprice_ema_dist": -0.017806084393528314,
          "initial_qty_pct": 0.004836636958016494,
          "markup_range": 0.017224109097136238,
          "min_markup": 0.004857631290462815,
          "n_close_orders": 5,
          "rentry_pprice_dist": 0.03217079498869987,
          "rentry_pprice_dist_wallet_exposure_weighting": 0,
          "wallet_exposure_limit": 0.2},
 "short": {"auto_unstuck_ema_dist": 0.04432773605471973,
           "auto_unstuck_wallet_exposure_threshold": 0.03622481323482366,
           "backwards_tp": true,
           "ddown_factor": 1.096763513043509,
           "ema_span_0": 2348.006270943026,
           "ema_span_1": 351.11011128865505,
           "enabled": false,
           "initial_eprice_ema_dist": -0.024786213093385537,
           "initial_qty_pct": 0.015,
           "markup_range": 0.02338773812662006,
           "min_markup": 0.00233735658124153,
           "n_close_orders": 12,
           "rentry_pprice_dist": 0.01767801498529883,
           "rentry_pprice_dist_wallet_exposure_weighting": 11.915322047101686,
           "wallet_exposure_limit": 0.1}}