{"config_name": "recursive_grid_0days",
 "logging_level": 0,
 "long": {"auto_unstuck_ema_dist": 0,
          "auto_unstuck_wallet_exposure_threshold": 0,
          "backwards_tp": false,
          "ddown_factor": 1.7589384020258734,
          "ema_span_0": 41.62553543183339,
          "ema_span_1": 109.4522102178076,
          "enabled": true,
          "initial_eprice_ema_dist": -0.1,
          "initial_qty_pct": 0.003176216440990235,
          "markup_range": 0.03780334139997852,
          "min_markup": 0.004320819601197494,
          "n_close_orders": 5,
          "rentry_pprice_dist": 0.024400793034175007,
          "rentry_pprice_dist_wallet_exposure_weighting": 0,
          "wallet_exposure_limit": 0.2},
 "short": {"auto_unstuck_ema_dist": 0.07974098652558709,
           "auto_unstuck_wallet_exposure_threshold": 0.050669988494336037,
           "backwards_tp": true,
           "ddown_factor": 0.14570343383562184,
           "ema_span_0": 3342.3240172137253,
           "ema_span_1": 3846.685420958873,
           "enabled": false,
           "initial_eprice_ema_dist": -0.0655439255271182,
           "initial_qty_pct": 0.015,
           "markup_range": 0.024482218256760703,
           "min_markup": 0.003741242907474625,
           "n_close_orders": 17,
           "rentry_pprice_dist": 0.04392947197792777,
           "rentry_pprice_dist_wallet_exposure_weighting": 30.971823819129092,
           "wallet_exposure_limit": 0.1}}