{"config_name": "emas_0days",
 "long": {"delay_between_fills_minutes_close": 4262.261229079239,
          "delay_between_fills_minutes_entry": 2798.7875803067946,
          "delay_weight_close": 5.7809589878268275,
          "delay_weight_entry": 12.996971471754751,
          "ema_dist_lower": 0.015227982622830094,
          "ema_dist_upper": 0.011639854811068849,
          "ema_span_0": 1398.0760307558498,
          "ema_span_1": 1447.0411479699594,
          "enabled": true,
          "markup_range": 0.04975273272109491,
          "min_markup": 0.07,
          "n_close_orders": 6,
          "qty_pct_close": 0.07248228006582891,
          "qty_pct_entry": 0.014975092119683647,
          "wallet_exposure_limit": 1,
          "we_multiplier_close": 62.53009430745719,
          "we_multiplier_entry": 28.479427799247212},
 "short": {"delay_between_fills_minutes_close": 367.73634815910896,
           "delay_between_fills_minutes_entry": 3524.5146240994436,
           "delay_weight_close": -68.27420017282543,
           "delay_weight_entry": 15.431392923812872,
           "ema_dist_lower": 0.0034248577368613375,
           "ema_dist_upper": 0.01300756751761329,
           "ema_span_0": 726.7357590822885,
           "ema_span_1": 610.5679445342299,
           "enabled": false,
           "markup_range": 0.0630928232749199,
           "min_markup": 0.04587069192530408,
           "n_close_orders": 5,
           "qty_pct_close": 0.018374849924140273,
           "qty_pct_entry": 0.05746862576905467,
           "wallet_exposure_limit": 1.0,
           "we_multiplier_close": 21.33461772939747,
           "we_multiplier_entry": 59.90273470167152}}