{"config_name": "clock_0days",
 "long": {"backwards_tp": true,
          "delay_between_fills_minutes_close": 840.4035346750768,
          "delay_between_fills_minutes_entry": 1295.1386151722681,
          "delay_weight_close": 0,
          "delay_weight_entry": 7.55785155770552,
          "ema_dist_close": -0.0012118954565403985,
          "ema_dist_entry": -0.0010653008862003264,
          "ema_span_0": 898.7010967052662,
          "ema_span_1": 984.6061674443893,
          "enabled": true,
          "markup_range": 0.02446847215978288,
          "min_markup": 0.008697699440005029,
          "n_close_orders": 13,
          "qty_pct_close": 0.010461261498171058,
          "qty_pct_entry": 0.010998144441901246,
          "wallet_exposure_limit": 0.4,
          "we_multiplier_close": 0,
          "we_multiplier_entry": 77.00534368287292},
 "short": {"backwards_tp": true,
           "delay_between_fills_minutes_close": 654.889540053987,
           "delay_between_fills_minutes_entry": 963.9720215722645,
           "delay_weight_close": 0.0,
           "delay_weight_entry": 85.18255204530163,
           "ema_dist_close": -0.008086508419177458,
           "ema_dist_entry": -0.03993220711354191,
           "ema_span_0": 372.21410662453565,
           "ema_span_1": 1257.902777289235,
           "enabled": false,
           "markup_range": 0.03549542871130282,
           "min_markup": 0.003457793227610755,
           "n_close_orders": 15,
           "qty_pct_close": 0.013346071948121438,
           "qty_pct_entry": 0.03960589871768054,
           "wallet_exposure_limit": 1.0,
           "we_multiplier_close": 0.0,
           "we_multiplier_entry": 53.89478717855615}}