{"config_name": "recursive_grid_0days",
 "logging_level": 0,
 "long": {"auto_unstuck_ema_dist": 0.003,
          "auto_unstuck_wallet_exposure_threshold": 0.03914753569202967,
          "backwards_tp": false,
          "ddown_factor": 0.5230500378053107,
          "ema_span_0": 387.73250174923515,
          "ema_span_1": 1143.5026956833588,
          "enabled": true,
          "initial_eprice_ema_dist": -0.04087225271107254,
          "initial_qty_pct": 0.018256928478604037,
          "markup_range": 0.05451830409173803,
          "min_markup": 0.007532438801342491,
          "n_close_orders": 7,
          "rentry_pprice_dist": 0.03646550631406071,
          "rentry_pprice_dist_wallet_exposure_weighting": 0.7109278678829122,
          "wallet_exposure_limit": 0.2},
 "short": {"auto_unstuck_ema_dist": -0.09060852143935853,
           "auto_unstuck_wallet_exposure_threshold": 0.07714136524207141,
           "backwards_tp": true,
           "ddown_factor": 0.728911771062546,
           "ema_span_0": 434.61911327667957,
           "ema_span_1": 606.4497428514021,
           "enabled": false,
           "initial_eprice_ema_dist": -0.09424795798154305,
           "initial_qty_pct": 0.09790183489184412,
           "markup_range": 0.03573865192712121,
           "min_markup": 0.007285197016912024,
           "n_close_orders": 14,
           "rentry_pprice_dist": 0.028977550655868056,
           "rentry_pprice_dist_wallet_exposure_weighting": 16.503537561642126,
           "wallet_exposure_limit": 1.0}}