{"config_name": "recursive_grid_0days",
 "logging_level": 0,
 "long": {"auto_unstuck_ema_dist": 0,
          "auto_unstuck_wallet_exposure_threshold": 0,
          "backwards_tp": false,
          "ddown_factor": 2.424487647581633,
          "ema_span_0": 880.6644309567679,
          "ema_span_1": 543.2834370927213,
          "enabled": true,
          "initial_eprice_ema_dist": -0.4691990624440491,
          "initial_qty_pct": 0.003177967446597965,
          "markup_range": 0.030350935272294672,
          "min_markup": 0.0026427136659878253,
          "n_close_orders": 5,
          "rentry_pprice_dist": 0.02756301247480709,
          "rentry_pprice_dist_wallet_exposure_weighting": 0,
          "wallet_exposure_limit": 0.2},
 "short": {"auto_unstuck_ema_dist": 0.05237777606938603,
           "auto_unstuck_wallet_exposure_threshold": 0.0827302024689308,
           "backwards_tp": true,
           "ddown_factor": 2.970248461729242,
           "ema_span_0": 1301.2501985650129,
           "ema_span_1": 3412.097903068597,
           "enabled": false,
           "initial_eprice_ema_dist": -0.037713055177112834,
           "initial_qty_pct": 0.015,
           "markup_range": 0.011575132671976485,
           "min_markup": 0.0018599151471341475,
           "n_close_orders": 7,
           "rentry_pprice_dist": 0.028644990531118106,
           "rentry_pprice_dist_wallet_exposure_weighting": 64.40328045613357,
           "wallet_exposure_limit": 0.1}}