{"config_name": "clock_0days",
 "long": {"backwards_tp": true,
          "delay_between_fills_minutes_close": 960.5508789926307,
          "delay_between_fills_minutes_entry": 1391.861960848596,
          "delay_weight_close": 0.0,
          "delay_weight_entry": 8.626371476288039,
          "ema_dist_close": -0.0008023755237072578,
          "ema_dist_entry": 0.0011150268217438668,
          "ema_span_0": 1170.0206729724628,
          "ema_span_1": 1262.9874855531102,
          "enabled": true,
          "markup_range": 0.03503340434049281,
          "min_markup": 0.00880172165449825,
          "n_close_orders": 13,
          "qty_pct_close": 0.0177362315362726,
          "qty_pct_entry": 0.010046991837971395,
          "wallet_exposure_limit": 0.4,
          "we_multiplier_close": 0,
          "we_multiplier_entry": 47.89551343479299},
 "short": {"backwards_tp": true,
           "delay_between_fills_minutes_close": 712.00567359562,
           "delay_between_fills_minutes_entry": 409.52019225019586,
           "delay_weight_close": 0.0,
           "delay_weight_entry": 18.759958486189966,
           "ema_dist_close": -0.0027058684308202867,
           "ema_dist_entry": -0.038887818341407004,
           "ema_span_0": 818.3809043966601,
           "ema_span_1": 301.03431184247785,
           "enabled": false,
           "markup_range": 0.026529509696676504,
           "min_markup": 0.001588301778790657,
           "n_close_orders": 10,
           "qty_pct_close": 0.03929189418016533,
           "qty_pct_entry": 0.05188365115423142,
           "wallet_exposure_limit": 1.0,
           "we_multiplier_close": 0.0,
           "we_multiplier_entry": 48.82241358147512}}