{"config_name": "emas_0days",
 "long": {"delay_between_fills_minutes_close": 239.30089702167172,
          "delay_between_fills_minutes_entry": 455.9424168976054,
          "delay_weight_close": 114.54935914281148,
          "delay_weight_entry": 18.347280870089218,
          "ema_dist_lower": -0.7886736468731265,
          "ema_dist_upper": -0.007777376490231039,
          "ema_span_0": 506.7864538210464,
          "ema_span_1": 4000,
          "enabled": true,
          "markup_range": 0.023431170841344592,
          "min_markup": 0.02,
          "n_close_orders": 4,
          "qty_pct_close": 0.018682655107115358,
          "qty_pct_entry": 0.007609526199844062,
          "wallet_exposure_limit": 0.25,
          "we_multiplier_close": 18.057995057040454,
          "we_multiplier_entry": 46.69403344077753},
 "short": {"delay_between_fills_minutes_close": 1.0,
           "delay_between_fills_minutes_entry": 1.0,
           "delay_weight_close": 13.340121102995425,
           "delay_weight_entry": 65.54674015298336,
           "ema_dist_lower": -0.8639519405180561,
           "ema_dist_upper": -0.3080813195304807,
           "ema_span_0": 1393.818671912351,
           "ema_span_1": 418.3453928328951,
           "enabled": false,
           "markup_range": 0.01615136215401982,
           "min_markup": 0.017963170158967,
           "n_close_orders": 3,
           "qty_pct_close": 0.005814342208147365,
           "qty_pct_entry": 0.06685592026038491,
           "wallet_exposure_limit": 0.1,
           "we_multiplier_close": 103.160180899144,
           "we_multiplier_entry": 26.60721618776489}}