{"config_name": "neat_grid_0days",
 "logging_level": 0,
 "long": {"auto_unstuck_ema_dist": 0.05932533586884172,
          "auto_unstuck_wallet_exposure_threshold": 0.5822317762528029,
          "backwards_tp": true,
          "ema_span_0": 900.837097127878,
          "ema_span_1": 547.8564435988599,
          "enabled": true,
          "eprice_exp_base": 1.2858275243566377,
          "eqty_exp_base": 1.0532719871806138,
          "grid_span": 0.27342495528370875,
          "initial_eprice_ema_dist": -0.002149126319414442,
          "initial_qty_pct": 0.01,
          "markup_range": 0.002877860108136932,
          "max_n_entry_orders": 6,
          "min_markup": 0.002,
          "n_close_orders": 14,
          "wallet_exposure_limit": 0.2},
 "short": {"auto_unstuck_ema_dist": 0.048155374347695824,
           "auto_unstuck_wallet_exposure_threshold": 0.019273665006860872,
           "backwards_tp": true,
           "ema_span_0": 2639.4476885735853,
           "ema_span_1": 6274.757631947798,
           "enabled": true,
           "eprice_exp_base": 1.2069625974200038,
           "eqty_exp_base": 1.008209393011845,
           "grid_span": 0.26931453359025925,
           "initial_eprice_ema_dist": -0.05998410969757121,
           "initial_qty_pct": 0.01,
           "markup_range": 0.002882436380247033,
           "max_n_entry_orders": 8,
           "min_markup": 0.002,
           "n_close_orders": 11,
           "wallet_exposure_limit": 0.1}}