{"config_name": "recursive_grid_0days",
 "logging_level": 0,
 "long": {"auto_unstuck_ema_dist": 0.0,
          "auto_unstuck_wallet_exposure_threshold": 0,
          "backwards_tp": false,
          "ddown_factor": 2.4638388738499835,
          "ema_span_0": 953.5118731806838,
          "ema_span_1": 916.4794761828115,
          "enabled": true,
          "initial_eprice_ema_dist": -0.050573767622468714,
          "initial_qty_pct": 0.0022167866222518127,
          "markup_range": 0.03937549557745924,
          "min_markup": 0.004400901371148458,
          "n_close_orders": 4,
          "rentry_pprice_dist": 0.029693347120921074,
          "rentry_pprice_dist_wallet_exposure_weighting": 0,
          "wallet_exposure_limit": 0.2},
 "short": {"auto_unstuck_ema_dist": 0.018810777981781174,
           "auto_unstuck_wallet_exposure_threshold": 0.0550923622721102,
           "backwards_tp": true,
           "ddown_factor": 1.4009007708294288,
           "ema_span_0": 4199.166340292315,
           "ema_span_1": 5859.315007719551,
           "enabled": false,
           "initial_eprice_ema_dist": 4.945133412018188e-05,
           "initial_qty_pct": 0.015,
           "markup_range": 0.020412181784611173,
           "min_markup": 0.002554644584773861,
           "n_close_orders": 11,
           "rentry_pprice_dist": 0.028314113687624164,
           "rentry_pprice_dist_wallet_exposure_weighting": 4.310054300298646,
           "wallet_exposure_limit": 0.1}}