{"config_name": "recursive_grid_0days",
 "logging_level": 0,
 "long": {"auto_unstuck_ema_dist": -0.0009558682065226257,
          "auto_unstuck_wallet_exposure_threshold": 0.0304048196295099,
          "backwards_tp": true,
          "ddown_factor": 1.755816216727329,
          "ema_span_0": 1306.2549292796648,
          "ema_span_1": 553.630446946895,
          "enabled": true,
          "initial_eprice_ema_dist": 0.004,
          "initial_qty_pct": 0.02607073286497812,
          "markup_range": 0.005120891857161256,
          "min_markup": 0.00570737346616389,
          "n_close_orders": 5,
          "rentry_pprice_dist": 0.04876190534704647,
          "rentry_pprice_dist_wallet_exposure_weighting": 0.343199353272965,
          "wallet_exposure_limit": 0.2},
 "short": {"auto_unstuck_ema_dist": 0.0007575527119967757,
           "auto_unstuck_wallet_exposure_threshold": 0.09059360675420564,
           "backwards_tp": true,
           "ddown_factor": 2.6145681411762483,
           "ema_span_0": 969.1543700083158,
           "ema_span_1": 571.1583954961702,
           "enabled": false,
           "initial_eprice_ema_dist": -0.04161358233621022,
           "initial_qty_pct": 0.07014523610043753,
           "markup_range": 0.040276038229291246,
           "min_markup": 0.004989755672791402,
           "n_close_orders": 15,
           "rentry_pprice_dist": 0.03383096485426105,
           "rentry_pprice_dist_wallet_exposure_weighting": 11.366891063827518,
           "wallet_exposure_limit": 1.0}}