{"config_name": "clock_0days",
 "long": {"backwards_tp": true,
          "delay_between_fills_minutes_close": 1337.2556429617835,
          "delay_between_fills_minutes_entry": 1234.9074883138821,
          "delay_weight_close": 58.233307317077276,
          "delay_weight_entry": 15.99602790865321,
          "ema_dist_close": -0.04141723577406657,
          "ema_dist_entry": -0.0037725983650141017,
          "ema_span_0": 1036.5322560701873,
          "ema_span_1": 520.2094619589412,
          "enabled": true,
          "markup_range": 0.035349366066399705,
          "min_markup": 0.00957210130575339,
          "n_close_orders": 13,
          "qty_pct_close": 0.07093182684888774,
          "qty_pct_entry": 0.012242682861191194,
          "wallet_exposure_limit": 0.4,
          "we_multiplier_close": 0,
          "we_multiplier_entry": 96.81833297489901},
 "short": {"backwards_tp": true,
           "delay_between_fills_minutes_close": 360.7387872769671,
           "delay_between_fills_minutes_entry": 1027.7840080586702,
           "delay_weight_close": 43.84142372115479,
           "delay_weight_entry": 47.98362644976738,
           "ema_dist_close": -0.040217950241842264,
           "ema_dist_entry": -0.03607464104402244,
           "ema_span_0": 992.8437875855501,
           "ema_span_1": 510.09560244956344,
           "enabled": false,
           "markup_range": 0.046551349977545335,
           "min_markup": 0.00953152476333655,
           "n_close_orders": 10,
           "qty_pct_close": 0.08134883838465592,
           "qty_pct_entry": 0.035246769246234246,
           "wallet_exposure_limit": 1.0,
           "we_multiplier_close": 37.80596531135082,
           "we_multiplier_entry": 62.335658840990874}}