{"config_name": "recursive_grid_0days",
 "logging_level": 0,
 "long": {"auto_unstuck_ema_dist": -0.01548673020149941,
          "auto_unstuck_wallet_exposure_threshold": 0.06417846615576528,
          "backwards_tp": true,
          "ddown_factor": 1.8321085818748923,
          "ema_span_0": 354.10627176235204,
          "ema_span_1": 1312.513287479291,
          "enabled": true,
          "initial_eprice_ema_dist": 0.0044504696917173105,
          "initial_qty_pct": 0.014424144406842235,
          "markup_range": 0.0016953662411584693,
          "min_markup": 0.007392564432712041,
          "n_close_orders": 15,
          "rentry_pprice_dist": 0.012214111729800692,
          "rentry_pprice_dist_wallet_exposure_weighting": 8.575265678076928,
          "wallet_exposure_limit": 1},
 "short": {"auto_unstuck_ema_dist": -0.0015721411470544233,
           "auto_unstuck_wallet_exposure_threshold": 0.08322947703354618,
           "backwards_tp": true,
           "ddown_factor": 2.8244756215784284,
           "ema_span_0": 416.46411915312495,
           "ema_span_1": 373.9358759297635,
           "enabled": false,
           "initial_eprice_ema_dist": -0.0157502710033285,
           "initial_qty_pct": 0.02937310228245374,
           "markup_range": 0.027921688520721678,
           "min_markup": 0.0048910776515240255,
           "n_close_orders": 9,
           "rentry_pprice_dist": 0.02641532894758957,
           "rentry_pprice_dist_wallet_exposure_weighting": 33.20538973371223,
           "wallet_exposure_limit": 1.0}}