{"config_name": "recursive_grid_0days",
 "logging_level": 0,
 "long": {"auto_unstuck_ema_dist": -0.0018337280201481568,
          "auto_unstuck_wallet_exposure_threshold": 0.036284146146998285,
          "backwards_tp": true,
          "ddown_factor": 1.9531445849964382,
          "ema_span_0": 455.849086294871,
          "ema_span_1": 561.0300725487369,
          "enabled": true,
          "initial_eprice_ema_dist": 0.0013249044455412862,
          "initial_qty_pct": 0.012253071560897468,
          "markup_range": 0.005607256006149683,
          "min_markup": 0.00788480652347842,
          "n_close_orders": 2,
          "rentry_pprice_dist": 0.03299769041776687,
          "rentry_pprice_dist_wallet_exposure_weighting": 0.611828248734345,
          "wallet_exposure_limit": 1},
 "short": {"auto_unstuck_ema_dist": -0.026509247700901198,
           "auto_unstuck_wallet_exposure_threshold": 0.0903004792340272,
           "backwards_tp": true,
           "ddown_factor": 0.52726213890322,
           "ema_span_0": 541.5979311811759,
           "ema_span_1": 844.0518694135195,
           "enabled": false,
           "initial_eprice_ema_dist": -0.054817953810099844,
           "initial_qty_pct": 0.04352838968479769,
           "markup_range": 0.0038411929302135284,
           "min_markup": 0.002968994244918917,
           "n_close_orders": 7,
           "rentry_pprice_dist": 0.03151882652392439,
           "rentry_pprice_dist_wallet_exposure_weighting": 3.227003911060655,
           "wallet_exposure_limit": 1.0}}