{"config_name": "recursive_grid_0days",
 "logging_level": 0,
 "long": {"auto_unstuck_ema_dist": -0.013726654540129918,
          "auto_unstuck_wallet_exposure_threshold": 0.037661634245168794,
          "backwards_tp": true,
          "ddown_factor": 0.6328111519243824,
          "ema_span_0": 531.4219894640066,
          "ema_span_1": 693.7626160390079,
          "enabled": true,
          "initial_eprice_ema_dist": -0.08914536382705367,
          "initial_qty_pct": 0.019838436443617158,
          "markup_range": 0.002458593667441138,
          "min_markup": 0.004816890004112615,
          "n_close_orders": 13,
          "rentry_pprice_dist": 0.03767361746501443,
          "rentry_pprice_dist_wallet_exposure_weighting": 1.7092313605250213,
          "wallet_exposure_limit": 1},
 "short": {"auto_unstuck_ema_dist": -0.03413969429271503,
           "auto_unstuck_wallet_exposure_threshold": 0.04055589084173736,
           "backwards_tp": true,
           "ddown_factor": 2.4400845600348253,
           "ema_span_0": 485.45883919485374,
           "ema_span_1": 487.84284551243553,
           "enabled": false,
           "initial_eprice_ema_dist": -0.010925238810144844,
           "initial_qty_pct": 0.037088759431423854,
           "markup_range": 0.004102716220817994,
           "min_markup": 0.003985881977790708,
           "n_close_orders": 8,
           "rentry_pprice_dist": 0.043215934106149045,
           "rentry_pprice_dist_wallet_exposure_weighting": 6.568621456167256,
           "wallet_exposure_limit": 1}}