{"config_name": "recursive_grid_0days",
 "logging_level": 0,
 "long": {"auto_unstuck_ema_dist": 0.00043175046130839475,
          "auto_unstuck_wallet_exposure_threshold": 0.09727438017784928,
          "backwards_tp": true,
          "ddown_factor": 1.0162084185080962,
          "ema_span_0": 492.9019414133025,
          "ema_span_1": 1166.455848378121,
          "enabled": true,
          "initial_eprice_ema_dist": 0.002503563131449114,
          "initial_qty_pct": 0.010682456205482853,
          "markup_range": 0.0031154099044733855,
          "min_markup": 0.006159042493559229,
          "n_close_orders": 1,
          "rentry_pprice_dist": 0.031159091803084196,
          "rentry_pprice_dist_wallet_exposure_weighting": 0.9344558050152562,
          "wallet_exposure_limit": 1},
 "short": {"auto_unstuck_ema_dist": -0.04837835716211468,
           "auto_unstuck_wallet_exposure_threshold": 0.06475396940629331,
           "backwards_tp": true,
           "ddown_factor": 2.1895780481665157,
           "ema_span_0": 691.5548017929441,
           "ema_span_1": 548.9520592459706,
           "enabled": false,
           "initial_eprice_ema_dist": 0.004056044862694647,
           "initial_qty_pct": 0.0969197887791228,
           "markup_range": 0.028483305074800794,
           "min_markup": 0.0014349329075687724,
           "n_close_orders": 13,
           "rentry_pprice_dist": 0.04096378908211423,
           "rentry_pprice_dist_wallet_exposure_weighting": 29.640850057674292,
           "wallet_exposure_limit": 1.0}}