{"config_name": "recursive_grid_0days",
 "logging_level": 0,
 "long": {"auto_unstuck_ema_dist": -0.002068664038942518,
          "auto_unstuck_wallet_exposure_threshold": 0.06199209685094037,
          "backwards_tp": true,
          "ddown_factor": 2.9486032520862717,
          "ema_span_0": 269.24593177565805,
          "ema_span_1": 456.8208358357271,
          "enabled": true,
          "initial_eprice_ema_dist": 0.008968195011688523,
          "initial_qty_pct": 0.01587761952803184,
          "markup_range": 0.025482591644166847,
          "min_markup": 0.009399879072366831,
          "n_close_orders": 2,
          "rentry_pprice_dist": 0.02607914364915702,
          "rentry_pprice_dist_wallet_exposure_weighting": 0.883583549003488,
          "wallet_exposure_limit": 1.0},
 "short": {"auto_unstuck_ema_dist": -0.06938346501249064,
           "auto_unstuck_wallet_exposure_threshold": 0.0787976566430928,
           "backwards_tp": true,
           "ddown_factor": 1.9782679668283407,
           "ema_span_0": 436.89893257361035,
           "ema_span_1": 852.7184619257565,
           "enabled": false,
           "initial_eprice_ema_dist": -0.041241997240889554,
           "initial_qty_pct": 0.0371417210969452,
           "markup_range": 0.021558404085911087,
           "min_markup": 0.005284721165684345,
           "n_close_orders": 4,
           "rentry_pprice_dist": 0.022326938215973115,
           "rentry_pprice_dist_wallet_exposure_weighting": 33.82431579913077,
           "wallet_exposure_limit": 1.0}}