{"config_name": "recursive_grid_0days",
 "logging_level": 0,
 "long": {"auto_unstuck_ema_dist": 0.001,
          "auto_unstuck_wallet_exposure_threshold": 0.057897816709059344,
          "backwards_tp": true,
          "ddown_factor": 2.9982710831120203,
          "ema_span_0": 223.6463073162631,
          "ema_span_1": 300.9990456068826,
          "enabled": true,
          "initial_eprice_ema_dist": 0.006177428529166438,
          "initial_qty_pct": 0.011053394453991611,
          "markup_range": 0.005658485004585634,
          "min_markup": 0.0028292798131543057,
          "n_close_orders": 2,
          "rentry_pprice_dist": 0.022381265090628804,
          "rentry_pprice_dist_wallet_exposure_weighting": 0.0,
          "wallet_exposure_limit": 1},
 "short": {"auto_unstuck_ema_dist": 0.0008451258464689249,
           "auto_unstuck_wallet_exposure_threshold": 0.08111265898977951,
           "backwards_tp": true,
           "ddown_factor": 2.240259110761389,
           "ema_span_0": 701.6341330627741,
           "ema_span_1": 1018.8887706935722,
           "enabled": false,
           "initial_eprice_ema_dist": -0.02668100017928983,
           "initial_qty_pct": 0.08252506958701297,
           "markup_range": 0.0026772088532425985,
           "min_markup": 0.008339545191735055,
           "n_close_orders": 3,
           "rentry_pprice_dist": 0.02330296345813759,
           "rentry_pprice_dist_wallet_exposure_weighting": 1.7831930703247245,
           "wallet_exposure_limit": 1.0}}