{"config_name": "recursive_grid_0days",
 "logging_level": 0,
 "long": {"auto_unstuck_ema_dist": -0.004976143654534564,
          "auto_unstuck_wallet_exposure_threshold": 0.04104963529282575,
          "backwards_tp": true,
          "ddown_factor": 2.574582944764964,
          "ema_span_0": 593.7516975701097,
          "ema_span_1": 749.5636139260497,
          "enabled": true,
          "initial_eprice_ema_dist": 0.005149732003824296,
          "initial_qty_pct": 0.02274578249078526,
          "markup_range": 0.0021240142101669615,
          "min_markup": 0.0032383915362535955,
          "n_close_orders": 8,
          "rentry_pprice_dist": 0.0332294937923862,
          "rentry_pprice_dist_wallet_exposure_weighting": 0.456199285477905,
          "wallet_exposure_limit": 1},
 "short": {"auto_unstuck_ema_dist": -0.0005050739711186109,
           "auto_unstuck_wallet_exposure_threshold": 0.0327604381070762,
           "backwards_tp": true,
           "ddown_factor": 1.4150022160609381,
           "ema_span_0": 507.586364509532,
           "ema_span_1": 138.21644770570714,
           "enabled": false,
           "initial_eprice_ema_dist": -0.020713514602537994,
           "initial_qty_pct": 0.09714007268368291,
           "markup_range": 0.04379996785687127,
           "min_markup": 0.0011452740718059318,
           "n_close_orders": 2,
           "rentry_pprice_dist": 0.03504374284125238,
           "rentry_pprice_dist_wallet_exposure_weighting": 10.091846870387462,
           "wallet_exposure_limit": 1.0}}