{"config_name": "recursive_grid_0days",
 "logging_level": 0,
 "long": {"auto_unstuck_ema_dist": -0.07549262256190288,
          "auto_unstuck_wallet_exposure_threshold": 0.05849012491150048,
          "backwards_tp": true,
          "ddown_factor": 0.5936521222890837,
          "ema_span_0": 156.6638440724504,
          "ema_span_1": 687.8035967330917,
          "enabled": true,
          "initial_eprice_ema_dist": -0.03172260708998433,
          "initial_qty_pct": 0.01,
          "markup_range": 0.049354083683975924,
          "min_markup": 0.009280970285046895,
          "n_close_orders": 1,
          "rentry_pprice_dist": 0.02309483690468451,
          "rentry_pprice_dist_wallet_exposure_weighting": 2.9653358379997194,
          "wallet_exposure_limit": 1},
 "short": {"auto_unstuck_ema_dist": -0.023358601437534557,
           "auto_unstuck_wallet_exposure_threshold": 0.05203929643139617,
           "backwards_tp": true,
           "ddown_factor": 0.3088099440643247,
           "ema_span_0": 277.6721489545944,
           "ema_span_1": 1347.5082124113144,
           "enabled": false,
           "initial_eprice_ema_dist": -0.012441127941527963,
           "initial_qty_pct": 0.07364250340620501,
           "markup_range": 0.04483825916075249,
           "min_markup": 0.006320074387894762,
           "n_close_orders": 16,
           "rentry_pprice_dist": 0.026104561851321494,
           "rentry_pprice_dist_wallet_exposure_weighting": 26.317069459997867,
           "wallet_exposure_limit": 1.0}}