{"config_name": "recursive_grid_0days",
 "logging_level": 0,
 "long": {"auto_unstuck_ema_dist": -0.027562052775835733,
          "auto_unstuck_wallet_exposure_threshold": 0.08060529334874354,
          "backwards_tp": true,
          "ddown_factor": 0.34091685412698913,
          "ema_span_0": 325.6247029427405,
          "ema_span_1": 253.74314929889732,
          "enabled": true,
          "initial_eprice_ema_dist": 0.00545090578236155,
          "initial_qty_pct": 0.01868288672499043,
          "markup_range": 0.0006415319638081365,
          "min_markup": 0.0019818134291690248,
          "n_close_orders": 2,
          "rentry_pprice_dist": 0.008169036804424872,
          "rentry_pprice_dist_wallet_exposure_weighting": 4.360869733273187,
          "wallet_exposure_limit": 1},
 "short": {"auto_unstuck_ema_dist": -0.03845243061896054,
           "auto_unstuck_wallet_exposure_threshold": 0.0455004570665863,
           "backwards_tp": true,
           "ddown_factor": 1.6237400393695147,
           "ema_span_0": 393.8483663796411,
           "ema_span_1": 273.1254001379916,
           "enabled": false,
           "initial_eprice_ema_dist": -0.06291209901512224,
           "initial_qty_pct": 0.036211447250803115,
           "markup_range": 0.05482928214221466,
           "min_markup": 0.00653313224024077,
           "n_close_orders": 9,
           "rentry_pprice_dist": 0.013640668023399832,
           "rentry_pprice_dist_wallet_exposure_weighting": 32.19819270434487,
           "wallet_exposure_limit": 1.0}}