{"config_name": "recursive_grid_0days",
 "logging_level": 0,
 "long": {"auto_unstuck_ema_dist": -0.0022593849815897927,
          "auto_unstuck_wallet_exposure_threshold": 0.09732366576524289,
          "backwards_tp": true,
          "ddown_factor": 2.374668472645089,
          "ema_span_0": 56.83919867732695,
          "ema_span_1": 1355.7442823336953,
          "enabled": true,
          "initial_eprice_ema_dist": 0.005505431793671883,
          "initial_qty_pct": 0.043045045583102605,
          "markup_range": 0.006602619232690752,
          "min_markup": 0.009805736374043254,
          "n_close_orders": 11,
          "rentry_pprice_dist": 0.03690924933752125,
          "rentry_pprice_dist_wallet_exposure_weighting": 0.49725193240127274,
          "wallet_exposure_limit": 1.0},
 "short": {"auto_unstuck_ema_dist": -0.04418638889161562,
           "auto_unstuck_wallet_exposure_threshold": 0.053187301603856325,
           "backwards_tp": true,
           "ddown_factor": 2.0263528832185513,
           "ema_span_0": 678.0295239738787,
           "ema_span_1": 144.3408871059083,
           "enabled": false,
           "initial_eprice_ema_dist": -0.047194885104078946,
           "initial_qty_pct": 0.02329396699908702,
           "markup_range": 0.04008972190244491,
           "min_markup": 0.0033753574053911146,
           "n_close_orders": 3,
           "rentry_pprice_dist": 0.03610270138900223,
           "rentry_pprice_dist_wallet_exposure_weighting": 25.58402692226486,
           "wallet_exposure_limit": 1.0}}