{"config_name": "recursive_grid_0days",
 "logging_level": 0,
 "long": {"auto_unstuck_ema_dist": -0.014264489230865093,
          "auto_unstuck_wallet_exposure_threshold": 0.07270976290328622,
          "backwards_tp": true,
          "ddown_factor": 0.45645585757556845,
          "ema_span_0": 121.31930093146178,
          "ema_span_1": 879.777389250107,
          "enabled": true,
          "initial_eprice_ema_dist": -0.002510852039952868,
          "initial_qty_pct": 0.021026730637908806,
          "markup_range": 0.006108567690730207,
          "min_markup": 0.007882273743539081,
          "n_close_orders": 6,
          "rentry_pprice_dist": 0.03355846262004112,
          "rentry_pprice_dist_wallet_exposure_weighting": 0.0,
          "wallet_exposure_limit": 1},
 "short": {"auto_unstuck_ema_dist": -0.09105030134694606,
           "auto_unstuck_wallet_exposure_threshold": 0.08794992126211754,
           "backwards_tp": true,
           "ddown_factor": 2.5886089512720534,
           "ema_span_0": 72.66389227201586,
           "ema_span_1": 893.94681141137,
           "enabled": false,
           "initial_eprice_ema_dist": -0.017780307997998582,
           "initial_qty_pct": 0.07734185124397881,
           "markup_range": 0.04862218495220065,
           "min_markup": 0.00998357680864748,
           "n_close_orders": 7,
           "rentry_pprice_dist": 0.039584767625851176,
           "rentry_pprice_dist_wallet_exposure_weighting": 2.470430826757153,
           "wallet_exposure_limit": 1.0}}