{"config_name": "recursive_grid_0days",
 "logging_level": 0,
 "long": {"auto_unstuck_ema_dist": 0.001,
          "auto_unstuck_wallet_exposure_threshold": 0.040045655775119086,
          "backwards_tp": true,
          "ddown_factor": 0.3076682162186336,
          "ema_span_0": 289.2729011636464,
          "ema_span_1": 341.88825221086074,
          "enabled": true,
          "initial_eprice_ema_dist": 0.0018134895897538878,
          "initial_qty_pct": 0.012502593299658856,
          "markup_range": 0.0079391721540321,
          "min_markup": 0.007713550849517313,
          "n_close_orders": 1,
          "rentry_pprice_dist": 0.016051980106285384,
          "rentry_pprice_dist_wallet_exposure_weighting": 0.7009045771076439,
          "wallet_exposure_limit": 1.0},
 "short": {"auto_unstuck_ema_dist": -0.03938950836081516,
           "auto_unstuck_wallet_exposure_threshold": 0.042708166987549395,
           "backwards_tp": true,
           "ddown_factor": 2.3456334570712563,
           "ema_span_0": 226.6982550490147,
           "ema_span_1": 659.8629725833816,
           "enabled": false,
           "initial_eprice_ema_dist": -0.031195959231206202,
           "initial_qty_pct": 0.08782732937347447,
           "markup_range": 0.04717317377648667,
           "min_markup": 0.006768720709218272,
           "n_close_orders": 15,
           "rentry_pprice_dist": 0.006363665898899832,
           "rentry_pprice_dist_wallet_exposure_weighting": 11.501932591799392,
           "wallet_exposure_limit": 1}}