{"config_name": "recursive_grid_0days",
 "logging_level": 0,
 "long": {"auto_unstuck_ema_dist": -0.007180250893865177,
          "auto_unstuck_wallet_exposure_threshold": 0.03096765524389165,
          "backwards_tp": true,
          "ddown_factor": 1.1300281978762128,
          "ema_span_0": 170.6108139552472,
          "ema_span_1": 302.43731097257927,
          "enabled": true,
          "initial_eprice_ema_dist": 0.01,
          "initial_qty_pct": 0.02124393459410134,
          "markup_range": 0.002003908672281089,
          "min_markup": 0.0076414464611990794,
          "n_close_orders": 1,
          "rentry_pprice_dist": 0.02022456624517399,
          "rentry_pprice_dist_wallet_exposure_weighting": 0.8019280031358378,
          "wallet_exposure_limit": 1},
 "short": {"auto_unstuck_ema_dist": -0.07288484769207608,
           "auto_unstuck_wallet_exposure_threshold": 0.037863593824870166,
           "backwards_tp": true,
           "ddown_factor": 0.7918845131090327,
           "ema_span_0": 306.88030785999666,
           "ema_span_1": 264.08159527193357,
           "enabled": false,
           "initial_eprice_ema_dist": -0.08733832652327839,
           "initial_qty_pct": 0.09057711280282364,
           "markup_range": 0.004197710834954862,
           "min_markup": 0.004608399316670027,
           "n_close_orders": 2,
           "rentry_pprice_dist": 0.02727432580722679,
           "rentry_pprice_dist_wallet_exposure_weighting": 2.223788219840359,
           "wallet_exposure_limit": 1.0}}