{"config_name": "recursive_grid_0days",
 "logging_level": 0,
 "long": {"auto_unstuck_ema_dist": -0.031376306380105044,
          "auto_unstuck_wallet_exposure_threshold": 0.032466313956135084,
          "backwards_tp": true,
          "ddown_factor": 1.716689957326437,
          "ema_span_0": 271.2064309301921,
          "ema_span_1": 246.0567549935775,
          "enabled": true,
          "initial_eprice_ema_dist": 0.0063238601532798885,
          "initial_qty_pct": 0.01629810250924499,
          "markup_range": 0.002247270942758766,
          "min_markup": 0.0043113392436741945,
          "n_close_orders": 3,
          "rentry_pprice_dist": 0.04157576145324048,
          "rentry_pprice_dist_wallet_exposure_weighting": 0.0,
          "wallet_exposure_limit": 1},
 "short": {"auto_unstuck_ema_dist": -0.020454330856880643,
           "auto_unstuck_wallet_exposure_threshold": 0.0474425193728909,
           "backwards_tp": true,
           "ddown_factor": 2.4134761916092597,
           "ema_span_0": 393.49912250653085,
           "ema_span_1": 1332.1784286232191,
           "enabled": false,
           "initial_eprice_ema_dist": -0.02485380850470509,
           "initial_qty_pct": 0.06255245052299604,
           "markup_range": 0.0023799880660980975,
           "min_markup": 0.0018230494785180338,
           "n_close_orders": 4,
           "rentry_pprice_dist": 0.02774323853668018,
           "rentry_pprice_dist_wallet_exposure_weighting": 37.817988841965715,
           "wallet_exposure_limit": 1.0}}