{"config_name": "recursive_grid_0days",
 "logging_level": 0,
 "long": {"auto_unstuck_ema_dist": -0.0013240915403994035,
          "auto_unstuck_wallet_exposure_threshold": 0.04882919579551201,
          "backwards_tp": true,
          "ddown_factor": 0.8542803958839145,
          "ema_span_0": 210.20193107352338,
          "ema_span_1": 836.9800374389548,
          "enabled": true,
          "initial_eprice_ema_dist": 0.0064638012288977835,
          "initial_qty_pct": 0.02449243037404024,
          "markup_range": 0.01119747759366985,
          "min_markup": 0.009213433577242091,
          "n_close_orders": 1,
          "rentry_pprice_dist": 0.0373422965772603,
          "rentry_pprice_dist_wallet_exposure_weighting": 0.6694813446830832,
          "wallet_exposure_limit": 1},
 "short": {"auto_unstuck_ema_dist": -0.038304438145500566,
           "auto_unstuck_wallet_exposure_threshold": 0.071033441445572,
           "backwards_tp": true,
           "ddown_factor": 1.39403265833379,
           "ema_span_0": 470.69216993446327,
           "ema_span_1": 891.0053908559428,
           "enabled": false,
           "initial_eprice_ema_dist": -0.07654995921503888,
           "initial_qty_pct": 0.04734471845819262,
           "markup_range": 0.05104537215989854,
           "min_markup": 0.008688375465526156,
           "n_close_orders": 15,
           "rentry_pprice_dist": 0.04613291956755476,
           "rentry_pprice_dist_wallet_exposure_weighting": 14.001507404809551,
           "wallet_exposure_limit": 1.0}}