{"config_name": "recursive_grid_0days",
 "logging_level": 0,
 "long": {"auto_unstuck_ema_dist": -0.01815989916992433,
          "auto_unstuck_wallet_exposure_threshold": 0.09302443047257522,
          "backwards_tp": true,
          "ddown_factor": 1.6057635922169482,
          "ema_span_0": 479.6712397346211,
          "ema_span_1": 1287.8503721749576,
          "enabled": true,
          "initial_eprice_ema_dist": -0.007344736119715263,
          "initial_qty_pct": 0.06997610299891063,
          "markup_range": 0.004420988896427626,
          "min_markup": 0.008273829685466746,
          "n_close_orders": 1,
          "rentry_pprice_dist": 0.021090050943049096,
          "rentry_pprice_dist_wallet_exposure_weighting": 6.33634468335263,
          "wallet_exposure_limit": 1},
 "short": {"auto_unstuck_ema_dist": -0.06861407203417252,
           "auto_unstuck_wallet_exposure_threshold": 0.09344349069854621,
           "backwards_tp": true,
           "ddown_factor": 1.1172830535879021,
           "ema_span_0": 65.60136406437181,
           "ema_span_1": 591.2215110653589,
           "enabled": false,
           "initial_eprice_ema_dist": -0.023946148209449514,
           "initial_qty_pct": 0.03857151143988271,
           "markup_range": 0.03931788396162392,
           "min_markup": 0.004814089571298351,
           "n_close_orders": 12,
           "rentry_pprice_dist": 0.03213784947047697,
           "rentry_pprice_dist_wallet_exposure_weighting": 36.25705893670877,
           "wallet_exposure_limit": 1.0}}