{"config_name": "recursive_grid_0days",
 "logging_level": 0,
 "long": {"auto_unstuck_ema_dist": -0.005323048462583848,
          "auto_unstuck_wallet_exposure_threshold": 0.08290008758774384,
          "backwards_tp": true,
          "ddown_factor": 2.4804246785638555,
          "ema_span_0": 632.9398122492586,
          "ema_span_1": 1051.2851894530393,
          "enabled": true,
          "initial_eprice_ema_dist": -0.0015161175857861158,
          "initial_qty_pct": 0.01,
          "markup_range": 0.0024758920088403602,
          "min_markup": 0.0014124976223556895,
          "n_close_orders": 10,
          "rentry_pprice_dist": 0.018556639449166634,
          "rentry_pprice_dist_wallet_exposure_weighting": 2.2767949441445494,
          "wallet_exposure_limit": 1.0},
 "short": {"auto_unstuck_ema_dist": -0.08558832698530376,
           "auto_unstuck_wallet_exposure_threshold": 0.04426352311437426,
           "backwards_tp": true,
           "ddown_factor": 0.5489715033597253,
           "ema_span_0": 126.80551416844654,
           "ema_span_1": 1314.8996130799135,
           "enabled": false,
           "initial_eprice_ema_dist": -0.07134410912043154,
           "initial_qty_pct": 0.020025360946242264,
           "markup_range": 0.0026079209464679185,
           "min_markup": 0.0018915250208056476,
           "n_close_orders": 12,
           "rentry_pprice_dist": 0.03312778892976439,
           "rentry_pprice_dist_wallet_exposure_weighting": 14.02799116094737,
           "wallet_exposure_limit": 1.0}}