{"config_name": "recursive_grid_0days",
 "logging_level": 0,
 "long": {"auto_unstuck_ema_dist": -0.013472423308817861,
          "auto_unstuck_wallet_exposure_threshold": 0.03334281534831088,
          "backwards_tp": true,
          "ddown_factor": 2.9870218152796477,
          "ema_span_0": 425.1165116512502,
          "ema_span_1": 337.60852598560683,
          "enabled": true,
          "initial_eprice_ema_dist": 0.005966449314031821,
          "initial_qty_pct": 0.028810940248319546,
          "markup_range": 0.028687759217305764,
          "min_markup": 0.00973084171646379,
          "n_close_orders": 5,
          "rentry_pprice_dist": 0.015299384735485633,
          "rentry_pprice_dist_wallet_exposure_weighting": 4.163126420014663,
          "wallet_exposure_limit": 1},
 "short": {"auto_unstuck_ema_dist": -0.07960384018987836,
           "auto_unstuck_wallet_exposure_threshold": 0.05245322650862917,
           "backwards_tp": true,
           "ddown_factor": 1.0644564109679677,
           "ema_span_0": 347.0346644295683,
           "ema_span_1": 1274.6602880899793,
           "enabled": false,
           "initial_eprice_ema_dist": -0.02019315470573413,
           "initial_qty_pct": 0.08952087301349416,
           "markup_range": 0.055814503460952895,
           "min_markup": 0.006205189080298042,
           "n_close_orders": 2,
           "rentry_pprice_dist": 0.04252596998104957,
           "rentry_pprice_dist_wallet_exposure_weighting": 5.2186434032350615,
           "wallet_exposure_limit": 1.0}}