{"config_name": "recursive_grid_0days",
 "logging_level": 0,
 "long": {"auto_unstuck_ema_dist": -0.05912046375028502,
          "auto_unstuck_wallet_exposure_threshold": 0.044699121003521095,
          "backwards_tp": true,
          "ddown_factor": 2.8007046024955913,
          "ema_span_0": 339.5711571050196,
          "ema_span_1": 93.2281668805969,
          "enabled": true,
          "initial_eprice_ema_dist": -0.021996565508234502,
          "initial_qty_pct": 0.08732604216688086,
          "markup_range": 0.0031139321392978435,
          "min_markup": 0.0036432138811552917,
          "n_close_orders": 6,
          "rentry_pprice_dist": 0.005,
          "rentry_pprice_dist_wallet_exposure_weighting": 0.0,
          "wallet_exposure_limit": 1.0},
 "short": {"auto_unstuck_ema_dist": -0.053852500120002235,
           "auto_unstuck_wallet_exposure_threshold": 0.09762914237264653,
           "backwards_tp": true,
           "ddown_factor": 1.714322298151779,
           "ema_span_0": 400.6839179932733,
           "ema_span_1": 315.88089457579946,
           "enabled": false,
           "initial_eprice_ema_dist": -0.07578418761426264,
           "initial_qty_pct": 0.014826918612960972,
           "markup_range": 0.02614425641982306,
           "min_markup": 0.0010743836280346125,
           "n_close_orders": 4,
           "rentry_pprice_dist": 0.049130264766862775,
           "rentry_pprice_dist_wallet_exposure_weighting": 14.232458792219992,
           "wallet_exposure_limit": 1}}