{"config_name": "recursive_grid_0days",
 "logging_level": 0,
 "long": {"auto_unstuck_ema_dist": -0.008108350088308094,
          "auto_unstuck_wallet_exposure_threshold": 0.06931143727586173,
          "backwards_tp": true,
          "ddown_factor": 1.0940078716539363,
          "ema_span_0": 529.399406137602,
          "ema_span_1": 1017.4590119447927,
          "enabled": true,
          "initial_eprice_ema_dist": 0.00820749228169466,
          "initial_qty_pct": 0.02683221784328025,
          "markup_range": 0.007297867859045009,
          "min_markup": 0.00531377216107821,
          "n_close_orders": 2,
          "rentry_pprice_dist": 0.02802173796461888,
          "rentry_pprice_dist_wallet_exposure_weighting": 2.034227966802086,
          "wallet_exposure_limit": 1},
 "short": {"auto_unstuck_ema_dist": -0.034123143194870836,
           "auto_unstuck_wallet_exposure_threshold": 0.049785723271815935,
           "backwards_tp": true,
           "ddown_factor": 1.9492326957315,
           "ema_span_0": 456.9768772226295,
           "ema_span_1": 957.3389753202845,
           "enabled": false,
           "initial_eprice_ema_dist": -0.09310076089251462,
           "initial_qty_pct": 0.04485481948135139,
           "markup_range": 0.021082012339449875,
           "min_markup": 0.004181810537964316,
           "n_close_orders": 1,
           "rentry_pprice_dist": 0.04644958196352863,
           "rentry_pprice_dist_wallet_exposure_weighting": 16.97535453241302,
           "wallet_exposure_limit": 1}}