{"config_name": "recursive_grid_0days",
 "logging_level": 0,
 "long": {"auto_unstuck_ema_dist": -0.03761547210980687,
          "auto_unstuck_wallet_exposure_threshold": 0.04602968403891012,
          "backwards_tp": true,
          "ddown_factor": 2.85100203133871,
          "ema_span_0": 212.74070206261595,
          "ema_span_1": 1198.1378956357803,
          "enabled": true,
          "initial_eprice_ema_dist": 0.006254374462747583,
          "initial_qty_pct": 0.09505506205627247,
          "markup_range": 0.014977879343744987,
          "min_markup": 0.006919865135213441,
          "n_close_orders": 16,
          "rentry_pprice_dist": 0.016660194427550633,
          "rentry_pprice_dist_wallet_exposure_weighting": 6.187726191283595,
          "wallet_exposure_limit": 1},
 "short": {"auto_unstuck_ema_dist": -0.04653068759701429,
           "auto_unstuck_wallet_exposure_threshold": 0.08503469786456833,
           "backwards_tp": true,
           "ddown_factor": 0.6008545786849387,
           "ema_span_0": 635.4485520007282,
           "ema_span_1": 1393.0771805537145,
           "enabled": false,
           "initial_eprice_ema_dist": -0.04638537768809656,
           "initial_qty_pct": 0.03325902570760256,
           "markup_range": 0.010912523530930925,
           "min_markup": 0.00889983323374342,
           "n_close_orders": 4,
           "rentry_pprice_dist": 0.018207784152752957,
           "rentry_pprice_dist_wallet_exposure_weighting": 5.668352380831698,
           "wallet_exposure_limit": 1.0}}