{"config_name": "recursive_grid_0days",
 "logging_level": 0,
 "long": {"auto_unstuck_ema_dist": -0.03096326655496011,
          "auto_unstuck_wallet_exposure_threshold": 0.05055700600812546,
          "backwards_tp": true,
          "ddown_factor": 2.524864882210751,
          "ema_span_0": 486.6270302529751,
          "ema_span_1": 1067.983413961987,
          "enabled": true,
          "initial_eprice_ema_dist": 0.01,
          "initial_qty_pct": 0.017975447300679293,
          "markup_range": 0.0006139926526461337,
          "min_markup": 0.0034602329196315087,
          "n_close_orders": 1,
          "rentry_pprice_dist": 0.008470307914088405,
          "rentry_pprice_dist_wallet_exposure_weighting": 9.941151795972011,
          "wallet_exposure_limit": 1},
 "short": {"auto_unstuck_ema_dist": -0.030024012981559503,
           "auto_unstuck_wallet_exposure_threshold": 0.07897398731946853,
           "backwards_tp": true,
           "ddown_factor": 2.684814896161198,
           "ema_span_0": 21.21866049697649,
           "ema_span_1": 1225.1504529478416,
           "enabled": false,
           "initial_eprice_ema_dist": -0.05066902575062815,
           "initial_qty_pct": 0.09948906169528479,
           "markup_range": 0.0429840093447413,
           "min_markup": 0.009452613317729695,
           "n_close_orders": 7,
           "rentry_pprice_dist": 0.014016141106866619,
           "rentry_pprice_dist_wallet_exposure_weighting": 30.906725970455998,
           "wallet_exposure_limit": 1.0}}