{"config_name": "recursive_grid_0days",
 "logging_level": 0,
 "long": {"auto_unstuck_ema_dist": -0.010094834955243598,
          "auto_unstuck_wallet_exposure_threshold": 0.052547885730289234,
          "backwards_tp": true,
          "ddown_factor": 1.11290728782849,
          "ema_span_0": 285.1842327477735,
          "ema_span_1": 1235.867800384246,
          "enabled": true,
          "initial_eprice_ema_dist": 0.01,
          "initial_qty_pct": 0.01271135590435598,
          "markup_range": 0.005020260206630489,
          "min_markup": 0.005541297103937423,
          "n_close_orders": 2,
          "rentry_pprice_dist": 0.022511809141008483,
          "rentry_pprice_dist_wallet_exposure_weighting": 0.8265271095050835,
          "wallet_exposure_limit": 1},
 "short": {"auto_unstuck_ema_dist": -0.026298036838058717,
           "auto_unstuck_wallet_exposure_threshold": 0.058546533282938455,
           "backwards_tp": true,
           "ddown_factor": 0.29995711951832194,
           "ema_span_0": 412.60205856987363,
           "ema_span_1": 244.55998248518688,
           "enabled": false,
           "initial_eprice_ema_dist": -0.015324745828064895,
           "initial_qty_pct": 0.05760702305273816,
           "markup_range": 0.012208596890829078,
           "min_markup": 0.008577458212531835,
           "n_close_orders": 2,
           "rentry_pprice_dist": 0.009342964493117256,
           "rentry_pprice_dist_wallet_exposure_weighting": 15.237900664313244,
           "wallet_exposure_limit": 1.0}}