{"config_name": "recursive_grid_0days",
 "logging_level": 0,
 "long": {"auto_unstuck_ema_dist": -0.017838857413586387,
          "auto_unstuck_wallet_exposure_threshold": 0.05876209623868748,
          "backwards_tp": true,
          "ddown_factor": 2.1583354601729643,
          "ema_span_0": 359.2833963621711,
          "ema_span_1": 1347.341331381436,
          "enabled": true,
          "initial_eprice_ema_dist": 0.0035874795469394245,
          "initial_qty_pct": 0.021559531131340133,
          "markup_range": 0.0031786663887455662,
          "min_markup": 0.005425282283087101,
          "n_close_orders": 12,
          "rentry_pprice_dist": 0.03763284883517246,
          "rentry_pprice_dist_wallet_exposure_weighting": 2.963420882656096,
          "wallet_exposure_limit": 1},
 "short": {"auto_unstuck_ema_dist": -0.03128491895029971,
           "auto_unstuck_wallet_exposure_threshold": 0.0927814704006192,
           "backwards_tp": true,
           "ddown_factor": 2.8557495245105184,
           "ema_span_0": 362.11095958411534,
           "ema_span_1": 497.84829658914424,
           "enabled": false,
           "initial_eprice_ema_dist": -0.008558769237177688,
           "initial_qty_pct": 0.09865728159848666,
           "markup_range": 0.05806444202714675,
           "min_markup": 0.0058384629789356044,
           "n_close_orders": 2,
           "rentry_pprice_dist": 0.04904149146547236,
           "rentry_pprice_dist_wallet_exposure_weighting": 21.28205118553398,
           "wallet_exposure_limit": 1.0}}