{"config_name": "recursive_grid_0days",
 "logging_level": 0,
 "long": {"auto_unstuck_ema_dist": -0.0013067068246058894,
          "auto_unstuck_wallet_exposure_threshold": 0.05914013545720965,
          "backwards_tp": true,
          "ddown_factor": 1.4978175185055673,
          "ema_span_0": 97.06446246495706,
          "ema_span_1": 748.2390251059231,
          "enabled": true,
          "initial_eprice_ema_dist": -0.005682035313824923,
          "initial_qty_pct": 0.013618415823277297,
          "markup_range": 0.004548599009306014,
          "min_markup": 0.006093229861237273,
          "n_close_orders": 14,
          "rentry_pprice_dist": 0.029591387981776615,
          "rentry_pprice_dist_wallet_exposure_weighting": 2.8938963846416392,
          "wallet_exposure_limit": 1},
 "short": {"auto_unstuck_ema_dist": -0.038109695258477815,
           "auto_unstuck_wallet_exposure_threshold": 0.07933008662739102,
           "backwards_tp": true,
           "ddown_factor": 2.777763985827253,
           "ema_span_0": 200.67935921864628,
           "ema_span_1": 24.022570005487797,
           "enabled": false,
           "initial_eprice_ema_dist": -0.01743468805282769,
           "initial_qty_pct": 0.05281674214189229,
           "markup_range": 0.02311959404857194,
           "min_markup": 0.0017142051281360286,
           "n_close_orders": 15,
           "rentry_pprice_dist": 0.029996987932685636,
           "rentry_pprice_dist_wallet_exposure_weighting": 20.932847536614403,
           "wallet_exposure_limit": 1.0}}