{"config_name": "recursive_grid_0days",
 "logging_level": 0,
 "long": {"auto_unstuck_ema_dist": -0.0014006591302512929,
          "auto_unstuck_wallet_exposure_threshold": 0.05340143275224746,
          "backwards_tp": true,
          "ddown_factor": 2.7562587066391253,
          "ema_span_0": 658.9098116214979,
          "ema_span_1": 43.31260186574562,
          "enabled": true,
          "initial_eprice_ema_dist": 0.0055179443554922965,
          "initial_qty_pct": 0.01729262757235565,
          "markup_range": 0.011217347823254698,
          "min_markup": 0.0027514088220267348,
          "n_close_orders": 1,
          "rentry_pprice_dist": 0.021960098985010154,
          "rentry_pprice_dist_wallet_exposure_weighting": 0.12081189148391192,
          "wallet_exposure_limit": 1},
 "short": {"auto_unstuck_ema_dist": -0.06663027409123178,
           "auto_unstuck_wallet_exposure_threshold": 0.0565591260242817,
           "backwards_tp": true,
           "ddown_factor": 0.6937687148568816,
           "ema_span_0": 40.0497048272848,
           "ema_span_1": 17.73460519631788,
           "enabled": false,
           "initial_eprice_ema_dist": -0.052181761851676084,
           "initial_qty_pct": 0.052814153085361866,
           "markup_range": 0.047639351922804045,
           "min_markup": 0.001721258629408826,
           "n_close_orders": 3,
           "rentry_pprice_dist": 0.03561845213857015,
           "rentry_pprice_dist_wallet_exposure_weighting": 38.55948314288868,
           "wallet_exposure_limit": 1}}