{"config_name": "recursive_grid_0days",
 "logging_level": 0,
 "long": {"auto_unstuck_ema_dist": -0.02222696075597702,
          "auto_unstuck_wallet_exposure_threshold": 0.032191068205767066,
          "backwards_tp": true,
          "ddown_factor": 0.18207924809342108,
          "ema_span_0": 83.12048947157847,
          "ema_span_1": 1094.7360427008455,
          "enabled": true,
          "initial_eprice_ema_dist": 0.004807669603067348,
          "initial_qty_pct": 0.022186519742938757,
          "markup_range": 0.003924019621927197,
          "min_markup": 0.004040978251837548,
          "n_close_orders": 3,
          "rentry_pprice_dist": 0.02415536741703011,
          "rentry_pprice_dist_wallet_exposure_weighting": 3.1788719810035557,
          "wallet_exposure_limit": 1},
 "short": {"auto_unstuck_ema_dist": -0.06772774447415976,
           "auto_unstuck_wallet_exposure_threshold": 0.08952338578611038,
           "backwards_tp": true,
           "ddown_factor": 0.6817496497398464,
           "ema_span_0": 133.64786889062185,
           "ema_span_1": 354.07300322348283,
           "enabled": false,
           "initial_eprice_ema_dist": 0.008739400178830778,
           "initial_qty_pct": 0.06564747946607594,
           "markup_range": 0.03411516706055785,
           "min_markup": 0.001914617458181723,
           "n_close_orders": 8,
           "rentry_pprice_dist": 0.026383611095502624,
           "rentry_pprice_dist_wallet_exposure_weighting": 27.912317269272588,
           "wallet_exposure_limit": 1}}