{"config_name": "recursive_grid_0days",
 "logging_level": 0,
 "long": {"auto_unstuck_ema_dist": -0.022175149670475312,
          "auto_unstuck_wallet_exposure_threshold": 0.03642396062068026,
          "backwards_tp": true,
          "ddown_factor": 1.0515228273762747,
          "ema_span_0": 232.11782808438633,
          "ema_span_1": 1407.3313570950536,
          "enabled": true,
          "initial_eprice_ema_dist": 0.01,
          "initial_qty_pct": 0.023393625856010892,
          "markup_range": 0.014112374527823159,
          "min_markup": 0.006870573298088933,
          "n_close_orders": 8,
          "rentry_pprice_dist": 0.03237411430026847,
          "rentry_pprice_dist_wallet_exposure_weighting": 1.740392591867379,
          "wallet_exposure_limit": 1},
 "short": {"auto_unstuck_ema_dist": -0.061907600810688065,
           "auto_unstuck_wallet_exposure_threshold": 0.09665766302330031,
           "backwards_tp": true,
           "ddown_factor": 2.878494778618988,
           "ema_span_0": 353.5802927187654,
           "ema_span_1": 1292.0701468059408,
           "enabled": false,
           "initial_eprice_ema_dist": -0.05961331989677084,
           "initial_qty_pct": 0.06602267515598864,
           "markup_range": 0.022144583559337842,
           "min_markup": 0.004074663518882434,
           "n_close_orders": 11,
           "rentry_pprice_dist": 0.019536498663047148,
           "rentry_pprice_dist_wallet_exposure_weighting": 11.230170668940513,
           "wallet_exposure_limit": 1.0}}