{"config_name": "recursive_grid_0days",
 "logging_level": 0,
 "long": {"auto_unstuck_ema_dist": -0.002983747316189234,
          "auto_unstuck_wallet_exposure_threshold": 0.04190940595917874,
          "backwards_tp": true,
          "ddown_factor": 2.189814408787727,
          "ema_span_0": 464.6336291133119,
          "ema_span_1": 806.7165497432508,
          "enabled": true,
          "initial_eprice_ema_dist": -0.0033282555173449946,
          "initial_qty_pct": 0.016864992400242855,
          "markup_range": 0.0012179880416828828,
          "min_markup": 0.003748378384493764,
          "n_close_orders": 6,
          "rentry_pprice_dist": 0.02962405302064953,
          "rentry_pprice_dist_wallet_exposure_weighting": 0.2326821363890198,
          "wallet_exposure_limit": 1},
 "short": {"auto_unstuck_ema_dist": -0.09837136750593982,
           "auto_unstuck_wallet_exposure_threshold": 0.08221022475871745,
           "backwards_tp": true,
           "ddown_factor": 1.5275162969475193,
           "ema_span_0": 357.39306990241823,
           "ema_span_1": 1228.1466031013704,
           "enabled": false,
           "initial_eprice_ema_dist": -0.07639409692652746,
           "initial_qty_pct": 0.015606024377429271,
           "markup_range": 0.0032972666837077333,
           "min_markup": 0.0018070308277157473,
           "n_close_orders": 5,
           "rentry_pprice_dist": 0.0051947554190327,
           "rentry_pprice_dist_wallet_exposure_weighting": 3.0672024588440516,
           "wallet_exposure_limit": 1.0}}