{"config_name": "recursive_grid_0days",
 "logging_level": 0,
 "long": {"auto_unstuck_ema_dist": -0.005509822871201494,
          "auto_unstuck_wallet_exposure_threshold": 0.04406107811412085,
          "backwards_tp": true,
          "ddown_factor": 1.6099224076035217,
          "ema_span_0": 311.23739512062326,
          "ema_span_1": 923.2959538004801,
          "enabled": true,
          "initial_eprice_ema_dist": -0.052682185272032264,
          "initial_qty_pct": 0.01825498586204843,
          "markup_range": 0.02657304166494039,
          "min_markup": 0.007683102137922981,
          "n_close_orders": 1,
          "rentry_pprice_dist": 0.036122094890749745,
          "rentry_pprice_dist_wallet_exposure_weighting": 1.9755539451828334,
          "wallet_exposure_limit": 1},
 "short": {"auto_unstuck_ema_dist": -0.09350735870921667,
           "auto_unstuck_wallet_exposure_threshold": 0.04343048044447668,
           "backwards_tp": true,
           "ddown_factor": 2.9331844976346066,
           "ema_span_0": 231.7742543056837,
           "ema_span_1": 15.760833532799573,
           "enabled": false,
           "initial_eprice_ema_dist": -0.09589831457889837,
           "initial_qty_pct": 0.028535698830273806,
           "markup_range": 0.031218307404116033,
           "min_markup": 0.008982573059185091,
           "n_close_orders": 6,
           "rentry_pprice_dist": 0.02652606080710355,
           "rentry_pprice_dist_wallet_exposure_weighting": 19.908339147532786,
           "wallet_exposure_limit": 1.0}}