{"config_name": "recursive_grid_0days",
 "logging_level": 0,
 "long": {"auto_unstuck_ema_dist": -0.06403264326888199,
          "auto_unstuck_wallet_exposure_threshold": 0.0936588718697461,
          "backwards_tp": true,
          "ddown_factor": 1.1649079305629626,
          "ema_span_0": 95.76911756592845,
          "ema_span_1": 1115.397272464506,
          "enabled": true,
          "initial_eprice_ema_dist": 0.01,
          "initial_qty_pct": 0.026743963826243437,
          "markup_range": 0.0299004668643947,
          "min_markup": 0.01,
          "n_close_orders": 2,
          "rentry_pprice_dist": 0.005272092226971751,
          "rentry_pprice_dist_wallet_exposure_weighting": 2.6618260417655213,
          "wallet_exposure_limit": 1.0},
 "short": {"auto_unstuck_ema_dist": -0.08650597376893082,
           "auto_unstuck_wallet_exposure_threshold": 0.04120705393234908,
           "backwards_tp": true,
           "ddown_factor": 0.38897596906610765,
           "ema_span_0": 638.0916766640286,
           "ema_span_1": 464.6021665147787,
           "enabled": false,
           "initial_eprice_ema_dist": -0.013903963273350639,
           "initial_qty_pct": 0.0619493331284619,
           "markup_range": 0.025662164510607554,
           "min_markup": 0.008214228942977134,
           "n_close_orders": 10,
           "rentry_pprice_dist": 0.007941513699863324,
           "rentry_pprice_dist_wallet_exposure_weighting": 23.236076339194042,
           "wallet_exposure_limit": 1.0}}