{"config_name": "recursive_grid_0days",
 "logging_level": 0,
 "long": {"auto_unstuck_ema_dist": -0.0646681157574056,
          "auto_unstuck_wallet_exposure_threshold": 0.08970600701664448,
          "backwards_tp": true,
          "ddown_factor": 1.2835564776255926,
          "ema_span_0": 46.915804971883595,
          "ema_span_1": 1187.6803969347654,
          "enabled": true,
          "initial_eprice_ema_dist": 0.00407850365828491,
          "initial_qty_pct": 0.014083373507005753,
          "markup_range": 0.001028805007799559,
          "min_markup": 0.0022591752489684027,
          "n_close_orders": 1,
          "rentry_pprice_dist": 0.026558154801641767,
          "rentry_pprice_dist_wallet_exposure_weighting": 0.22636674519602656,
          "wallet_exposure_limit": 1},
 "short": {"auto_unstuck_ema_dist": -0.030912791036655576,
           "auto_unstuck_wallet_exposure_threshold": 0.0445661512037336,
           "backwards_tp": true,
           "ddown_factor": 2.1480811141760703,
           "ema_span_0": 491.2266097841972,
           "ema_span_1": 652.1524903971033,
           "enabled": false,
           "initial_eprice_ema_dist": -0.03900095005766535,
           "initial_qty_pct": 0.019345901447131872,
           "markup_range": 0.05624085719309953,
           "min_markup": 0.004776850766876624,
           "n_close_orders": 6,
           "rentry_pprice_dist": 0.041308396090905995,
           "rentry_pprice_dist_wallet_exposure_weighting": 23.445371362855422,
           "wallet_exposure_limit": 1.0}}