{"config_name": "recursive_grid_0days",
 "logging_level": 0,
 "long": {"auto_unstuck_ema_dist": -0.0006242028102914519,
          "auto_unstuck_wallet_exposure_threshold": 0.042279210968807185,
          "backwards_tp": true,
          "ddown_factor": 1.1112004842165286,
          "ema_span_0": 570.8324205425045,
          "ema_span_1": 605.6184152003304,
          "enabled": true,
          "initial_eprice_ema_dist": 0.008818170266666387,
          "initial_qty_pct": 0.01878636580100638,
          "markup_range": 0.005879735148955687,
          "min_markup": 0.009337364831839539,
          "n_close_orders": 14,
          "rentry_pprice_dist": 0.021316010939655686,
          "rentry_pprice_dist_wallet_exposure_weighting": 2.311311417929924,
          "wallet_exposure_limit": 1.0},
 "short": {"auto_unstuck_ema_dist": -0.08598084733035989,
           "auto_unstuck_wallet_exposure_threshold": 0.06970649616093638,
           "backwards_tp": true,
           "ddown_factor": 1.9027030726541225,
           "ema_span_0": 378.2676218823445,
           "ema_span_1": 1435.2930301490396,
           "enabled": false,
           "initial_eprice_ema_dist": -0.005958539061230436,
           "initial_qty_pct": 0.05607762363720033,
           "markup_range": 0.00012113543815501115,
           "min_markup": 0.007633084520239805,
           "n_close_orders": 10,
           "rentry_pprice_dist": 0.010320214112032485,
           "rentry_pprice_dist_wallet_exposure_weighting": 16.6720414911166,
           "wallet_exposure_limit": 1.0}}