{"config_name": "recursive_grid_0days",
 "logging_level": 0,
 "long": {"auto_unstuck_ema_dist": -0.002030437123936411,
          "auto_unstuck_wallet_exposure_threshold": 0.09518276620268476,
          "backwards_tp": true,
          "ddown_factor": 1.8554754854235376,
          "ema_span_0": 275.8077328806756,
          "ema_span_1": 1037.7156349219713,
          "enabled": true,
          "initial_eprice_ema_dist": 0.007310844103246969,
          "initial_qty_pct": 0.04695655680068859,
          "markup_range": 0.001243594012631791,
          "min_markup": 0.004083058305068373,
          "n_close_orders": 12,
          "rentry_pprice_dist": 0.022118735708861796,
          "rentry_pprice_dist_wallet_exposure_weighting": 2.619114373762108,
          "wallet_exposure_limit": 1},
 "short": {"auto_unstuck_ema_dist": -0.06420222185283132,
           "auto_unstuck_wallet_exposure_threshold": 0.0342139707180924,
           "backwards_tp": true,
           "ddown_factor": 1.6378213281885272,
           "ema_span_0": 127.72672736683731,
           "ema_span_1": 817.5148018629291,
           "enabled": false,
           "initial_eprice_ema_dist": -0.06761380383452158,
           "initial_qty_pct": 0.06423877753700943,
           "markup_range": 0.04248525150561684,
           "min_markup": 0.007393143166736011,
           "n_close_orders": 11,
           "rentry_pprice_dist": 0.01199021984945246,
           "rentry_pprice_dist_wallet_exposure_weighting": 26.812556023887595,
           "wallet_exposure_limit": 1.0}}