{"config_name": "recursive_grid_0days",
 "logging_level": 0,
 "long": {"auto_unstuck_ema_dist": -0.0017063717238574058,
          "auto_unstuck_wallet_exposure_threshold": 0.042599249260032904,
          "backwards_tp": true,
          "ddown_factor": 0.7582440248424195,
          "ema_span_0": 416.78544207093574,
          "ema_span_1": 446.898363357201,
          "enabled": true,
          "initial_eprice_ema_dist": 0.004907865722760836,
          "initial_qty_pct": 0.06316633569209486,
          "markup_range": 0.0010005247096520824,
          "min_markup": 0.004360001943924378,
          "n_close_orders": 2,
          "rentry_pprice_dist": 0.020838880932083907,
          "rentry_pprice_dist_wallet_exposure_weighting": 0.4932933473140779,
          "wallet_exposure_limit": 1},
 "short": {"auto_unstuck_ema_dist": -0.03937291407330348,
           "auto_unstuck_wallet_exposure_threshold": 0.08285208849279543,
           "backwards_tp": true,
           "ddown_factor": 2.2172253719188797,
           "ema_span_0": 333.15488618790255,
           "ema_span_1": 1084.8924545176678,
           "enabled": false,
           "initial_eprice_ema_dist": -0.09598591930039982,
           "initial_qty_pct": 0.09504904862472902,
           "markup_range": 0.016219553284991556,
           "min_markup": 0.00460802670549848,
           "n_close_orders": 13,
           "rentry_pprice_dist": 0.02025566146486349,
           "rentry_pprice_dist_wallet_exposure_weighting": 30.914074135677158,
           "wallet_exposure_limit": 1.0}}