{"config_name": "recursive_grid_0days",
 "logging_level": 0,
 "long": {"auto_unstuck_ema_dist": -1.571226229346405e-05,
          "auto_unstuck_wallet_exposure_threshold": 0.04821986657807562,
          "backwards_tp": true,
          "ddown_factor": 1.008750013189444,
          "ema_span_0": 675.0841170207907,
          "ema_span_1": 1107.5108802213863,
          "enabled": true,
          "initial_eprice_ema_dist": 0.006342278552049003,
          "initial_qty_pct": 0.011869027657654355,
          "markup_range": 0.024697369321122063,
          "min_markup": 0.0024191538725881452,
          "n_close_orders": 1,
          "rentry_pprice_dist": 0.019824771606165716,
          "rentry_pprice_dist_wallet_exposure_weighting": 0.0,
          "wallet_exposure_limit": 1},
 "short": {"auto_unstuck_ema_dist": -0.04786395300654141,
           "auto_unstuck_wallet_exposure_threshold": 0.06999213407582547,
           "backwards_tp": true,
           "ddown_factor": 2.976686660193631,
           "ema_span_0": 581.2754272431882,
           "ema_span_1": 399.65890792858187,
           "enabled": false,
           "initial_eprice_ema_dist": -0.07306985163415032,
           "initial_qty_pct": 0.059875573284244574,
           "markup_range": 0.044246080182342176,
           "min_markup": 0.0026271218145948517,
           "n_close_orders": 8,
           "rentry_pprice_dist": 0.01826519464960181,
           "rentry_pprice_dist_wallet_exposure_weighting": 1.3957494491460487,
           "wallet_exposure_limit": 1.0}}