{"config_name": "recursive_grid_0days",
 "logging_level": 0,
 "long": {"auto_unstuck_ema_dist": 0.05950148067132451,
          "auto_unstuck_wallet_exposure_threshold": 0.019881530606863835,
          "backwards_tp": true,
          "ddown_factor": 1.1865360820168767,
          "ema_span_0": 124.37987163383096,
          "ema_span_1": 117.92474921811898,
          "enabled": true,
          "initial_eprice_ema_dist": -0.0005446263041247986,
          "initial_qty_pct": 0.011271384743038933,
          "markup_range": 0.0021871226215512338,
          "min_markup": 0.0038081564590236334,
          "n_close_orders": 10,
          "rentry_pprice_dist": 0.04252392436065453,
          "rentry_pprice_dist_wallet_exposure_weighting": 0,
          "wallet_exposure_limit": 0.2},
 "short": {"auto_unstuck_ema_dist": 0.04296802822486737,
           "auto_unstuck_wallet_exposure_threshold": 0.05224328366129538,
           "backwards_tp": true,
           "ddown_factor": 1.6721566284849705,
           "ema_span_0": 451.7872883400288,
           "ema_span_1": 5834.972090465186,
           "enabled": false,
           "initial_eprice_ema_dist": -0.0015034468275670482,
           "initial_qty_pct": 0.015,
           "markup_range": 0.0013284634935695184,
           "min_markup": 0.00344841606421317,
           "n_close_orders": 14,
           "rentry_pprice_dist": 0.020541150485113267,
           "rentry_pprice_dist_wallet_exposure_weighting": 20.342084698197517,
           "wallet_exposure_limit": 0.1}}