{"config_name": "recursive_grid_0days",
 "logging_level": 0,
 "long": {"auto_unstuck_ema_dist": 0.0009884595365306367,
          "auto_unstuck_wallet_exposure_threshold": 0.0786811893904503,
          "backwards_tp": false,
          "ddown_factor": 1.904730574432629,
          "ema_span_0": 34.79373024042654,
          "ema_span_1": 1091.2200657524804,
          "enabled": true,
          "initial_eprice_ema_dist": -0.005061262053490786,
          "initial_qty_pct": 0.014323423700370316,
          "markup_range": 0.037143643981413614,
          "min_markup": 0.005137393951662609,
          "n_close_orders": 11,
          "rentry_pprice_dist": 0.026854366249336917,
          "rentry_pprice_dist_wallet_exposure_weighting": 0.3329907586193473,
          "wallet_exposure_limit": 0.2},
 "short": {"auto_unstuck_ema_dist": -0.08332083916937713,
           "auto_unstuck_wallet_exposure_threshold": 0.06846915531718492,
           "backwards_tp": true,
           "ddown_factor": 0.7203033739963977,
           "ema_span_0": 32.79591523216895,
           "ema_span_1": 950.4489506560295,
           "enabled": false,
           "initial_eprice_ema_dist": -0.041943799006703954,
           "initial_qty_pct": 0.09326059680926821,
           "markup_range": 0.03191879775927901,
           "min_markup": 0.006289188242179347,
           "n_close_orders": 2,
           "rentry_pprice_dist": 0.031006059866603326,
           "rentry_pprice_dist_wallet_exposure_weighting": 2.1977560909751293,
           "wallet_exposure_limit": 1.0}}