{"config_name": "recursive_grid_0days",
 "logging_level": 0,
 "long": {"auto_unstuck_ema_dist": -0.0019257172521184574,
          "auto_unstuck_wallet_exposure_threshold": 0.03730169710699076,
          "backwards_tp": true,
          "ddown_factor": 2.2292562755458705,
          "ema_span_0": 203.8510013147336,
          "ema_span_1": 876.5846143295378,
          "enabled": true,
          "initial_eprice_ema_dist": 0.0075079047580738,
          "initial_qty_pct": 0.029050700310225344,
          "markup_range": 0.0035413222827723294,
          "min_markup": 0.005409875338412983,
          "n_close_orders": 1,
          "rentry_pprice_dist": 0.023644810213749,
          "rentry_pprice_dist_wallet_exposure_weighting": 4.283673927750866,
          "wallet_exposure_limit": 1},
 "short": {"auto_unstuck_ema_dist": -0.01728389946774969,
           "auto_unstuck_wallet_exposure_threshold": 0.08271280555143,
           "backwards_tp": true,
           "ddown_factor": 0.15620931340346383,
           "ema_span_0": 358.8857015232429,
           "ema_span_1": 836.6538591997057,
           "enabled": false,
           "initial_eprice_ema_dist": -0.011764521696947902,
           "initial_qty_pct": 0.04349846372740352,
           "markup_range": 0.05225419649223679,
           "min_markup": 0.007827856627237836,
           "n_close_orders": 7,
           "rentry_pprice_dist": 0.04556066044413512,
           "rentry_pprice_dist_wallet_exposure_weighting": 33.01257252200366,
           "wallet_exposure_limit": 1.0}}