{"config_name": "recursive_grid_0days",
 "logging_level": 0,
 "long": {"auto_unstuck_ema_dist": -0.0022373928398826764,
          "auto_unstuck_wallet_exposure_threshold": 0.031608250105884986,
          "backwards_tp": true,
          "ddown_factor": 2.8666768390141364,
          "ema_span_0": 346.8618175215108,
          "ema_span_1": 725.8449688645898,
          "enabled": true,
          "initial_eprice_ema_dist": 0.007355315368435069,
          "initial_qty_pct": 0.01081414839833572,
          "markup_range": 0.0018344373802095804,
          "min_markup": 0.004978335778468191,
          "n_close_orders": 3,
          "rentry_pprice_dist": 0.015765639836701345,
          "rentry_pprice_dist_wallet_exposure_weighting": 1.997459527357227,
          "wallet_exposure_limit": 1},
 "short": {"auto_unstuck_ema_dist": -0.0873160697228656,
           "auto_unstuck_wallet_exposure_threshold": 0.060096494288818775,
           "backwards_tp": true,
           "ddown_factor": 0.914823856019115,
           "ema_span_0": 702.1571133118426,
           "ema_span_1": 111.50738313793367,
           "enabled": false,
           "initial_eprice_ema_dist": -0.04817929719751556,
           "initial_qty_pct": 0.014252258001189212,
           "markup_range": 0.056906934927730995,
           "min_markup": 0.009172107334678353,
           "n_close_orders": 9,
           "rentry_pprice_dist": 0.044779023847219886,
           "rentry_pprice_dist_wallet_exposure_weighting": 32.617268518136186,
           "wallet_exposure_limit": 1.0}}