{"config_name": "recursive_grid_0days",
 "logging_level": 0,
 "long": {"auto_unstuck_ema_dist": -0.015310379383908676,
          "auto_unstuck_wallet_exposure_threshold": 0.06286001648580013,
          "backwards_tp": true,
          "ddown_factor": 2.236909282345289,
          "ema_span_0": 695.5392326174316,
          "ema_span_1": 991.6657617577861,
          "enabled": true,
          "initial_eprice_ema_dist": -0.054716226512751695,
          "initial_qty_pct": 0.016040559211427854,
          "markup_range": 0.00393078714604678,
          "min_markup": 0.004534907127155295,
          "n_close_orders": 6,
          "rentry_pprice_dist": 0.04157480330653351,
          "rentry_pprice_dist_wallet_exposure_weighting": 0.0,
          "wallet_exposure_limit": 1},
 "short": {"auto_unstuck_ema_dist": -0.057097887564295347,
           "auto_unstuck_wallet_exposure_threshold": 0.053677028241470734,
           "backwards_tp": true,
           "ddown_factor": 2.9701737297649102,
           "ema_span_0": 254.45102894804137,
           "ema_span_1": 228.14085667764664,
           "enabled": false,
           "initial_eprice_ema_dist": -0.01938879917850185,
           "initial_qty_pct": 0.07940227026115221,
           "markup_range": 0.010328022987794961,
           "min_markup": 0.004832267232777594,
           "n_close_orders": 15,
           "rentry_pprice_dist": 0.024988649875476898,
           "rentry_pprice_dist_wallet_exposure_weighting": 11.743908389918216,
           "wallet_exposure_limit": 1.0}}