{"config_name": "recursive_grid_0days",
 "logging_level": 0,
 "long": {"auto_unstuck_ema_dist": 0.001,
          "auto_unstuck_wallet_exposure_threshold": 0.0710570579530605,
          "backwards_tp": true,
          "ddown_factor": 2.712325610422981,
          "ema_span_0": 374.76617913722544,
          "ema_span_1": 502.5343311385178,
          "enabled": true,
          "initial_eprice_ema_dist": 0.006471111311475647,
          "initial_qty_pct": 0.01,
          "markup_range": 0.002685162624589362,
          "min_markup": 0.008927939770634816,
          "n_close_orders": 1,
          "rentry_pprice_dist": 0.04278665327518448,
          "rentry_pprice_dist_wallet_exposure_weighting": 3.3073462480260885,
          "wallet_exposure_limit": 1.0},
 "short": {"auto_unstuck_ema_dist": -0.08357621061153458,
           "auto_unstuck_wallet_exposure_threshold": 0.0502744468265843,
           "backwards_tp": true,
           "ddown_factor": 1.6503079960453608,
           "ema_span_0": 602.4887543266184,
           "ema_span_1": 269.8733672687084,
           "enabled": false,
           "initial_eprice_ema_dist": -0.006759651101191991,
           "initial_qty_pct": 0.04273024864729445,
           "markup_range": 0.04547317319272846,
           "min_markup": 0.0069908647299884545,
           "n_close_orders": 2,
           "rentry_pprice_dist": 0.03178768199535566,
           "rentry_pprice_dist_wallet_exposure_weighting": 17.002463333501492,
           "wallet_exposure_limit": 1.0}}