{"config_name": "recursive_grid_0days",
 "logging_level": 0,
 "long": {"auto_unstuck_ema_dist": -0.006922134403202002,
          "auto_unstuck_wallet_exposure_threshold": 0.03,
          "backwards_tp": true,
          "ddown_factor": 0.7954065976056192,
          "ema_span_0": 131.82397371920797,
          "ema_span_1": 779.1982522966666,
          "enabled": true,
          "initial_eprice_ema_dist": -0.022922982752021457,
          "initial_qty_pct": 0.014996833854597323,
          "markup_range": 0.042603212869689516,
          "min_markup": 0.009755410733184144,
          "n_close_orders": 1,
          "rentry_pprice_dist": 0.03344577828933426,
          "rentry_pprice_dist_wallet_exposure_weighting": 2.66151815309165,
          "wallet_exposure_limit": 1},
 "short": {"auto_unstuck_ema_dist": -0.020963017122570454,
           "auto_unstuck_wallet_exposure_threshold": 0.09398630071309572,
           "backwards_tp": true,
           "ddown_factor": 1.9095927736508362,
           "ema_span_0": 376.4843355713525,
           "ema_span_1": 1215.1837999121237,
           "enabled": false,
           "initial_eprice_ema_dist": -0.02932880546479716,
           "initial_qty_pct": 0.06278907910866809,
           "markup_range": 0.045414115109424585,
           "min_markup": 0.0032728278339737345,
           "n_close_orders": 8,
           "rentry_pprice_dist": 0.02294744209376561,
           "rentry_pprice_dist_wallet_exposure_weighting": 38.51092490979917,
           "wallet_exposure_limit": 1.0}}