{"config_name": "recursive_grid_0days",
 "logging_level": 0,
 "long": {"auto_unstuck_ema_dist": -0.011646602226817288,
          "auto_unstuck_wallet_exposure_threshold": 0.04356844440282107,
          "backwards_tp": true,
          "ddown_factor": 1.0679180885346906,
          "ema_span_0": 187.92652493853063,
          "ema_span_1": 1139.9599993768973,
          "enabled": true,
          "initial_eprice_ema_dist": 0.009702030495983588,
          "initial_qty_pct": 0.019843505761564018,
          "markup_range": 0.01071662123285782,
          "min_markup": 0.007697995425340453,
          "n_close_orders": 7,
          "rentry_pprice_dist": 0.03310151808635041,
          "rentry_pprice_dist_wallet_exposure_weighting": 0.6817792838403983,
          "wallet_exposure_limit": 1},
 "short": {"auto_unstuck_ema_dist": -0.06098296905155336,
           "auto_unstuck_wallet_exposure_threshold": 0.09524765584149303,
           "backwards_tp": true,
           "ddown_factor": 0.8220635372124986,
           "ema_span_0": 366.0930091887777,
           "ema_span_1": 956.946925361894,
           "enabled": false,
           "initial_eprice_ema_dist": -0.037000371929567455,
           "initial_qty_pct": 0.09329418862211437,
           "markup_range": 0.04523277515781603,
           "min_markup": 0.001268832492909999,
           "n_close_orders": 4,
           "rentry_pprice_dist": 0.04784145376991892,
           "rentry_pprice_dist_wallet_exposure_weighting": 18.93147253755272,
           "wallet_exposure_limit": 1}}