{"config_name": "recursive_grid_0days",
 "logging_level": 0,
 "long": {"auto_unstuck_ema_dist": -0.0023782800309329853,
          "auto_unstuck_wallet_exposure_threshold": 0.057396542102669174,
          "backwards_tp": true,
          "ddown_factor": 1.222802843999825,
          "ema_span_0": 276.88851236286973,
          "ema_span_1": 698.4971813853637,
          "enabled": true,
          "initial_eprice_ema_dist": 0.01,
          "initial_qty_pct": 0.024968785328234554,
          "markup_range": 0.005205382252392099,
          "min_markup": 0.007644193575744935,
          "n_close_orders": 4,
          "rentry_pprice_dist": 0.047326632206369866,
          "rentry_pprice_dist_wallet_exposure_weighting": 0.0,
          "wallet_exposure_limit": 1.0},
 "short": {"auto_unstuck_ema_dist": -0.05392363669874595,
           "auto_unstuck_wallet_exposure_threshold": 0.08023725511729107,
           "backwards_tp": true,
           "ddown_factor": 1.1038493472476032,
           "ema_span_0": 88.90080465553528,
           "ema_span_1": 820.5137209882328,
           "enabled": false,
           "initial_eprice_ema_dist": -0.024955740891463088,
           "initial_qty_pct": 0.026113270107985365,
           "markup_range": 0.021861936153462286,
           "min_markup": 0.004436578674660078,
           "n_close_orders": 6,
           "rentry_pprice_dist": 0.013171079014387098,
           "rentry_pprice_dist_wallet_exposure_weighting": 32.273719467464865,
           "wallet_exposure_limit": 1.0}}