{"config_name": "recursive_grid_0days",
 "logging_level": 0,
 "long": {"auto_unstuck_ema_dist": -0.07214026747675059,
          "auto_unstuck_wallet_exposure_threshold": 0.0752141382011138,
          "backwards_tp": true,
          "ddown_factor": 0.4429912012560603,
          "ema_span_0": 30.372209724458695,
          "ema_span_1": 609.0092614019167,
          "enabled": true,
          "initial_eprice_ema_dist": 0.006991245121653052,
          "initial_qty_pct": 0.03397421800816763,
          "markup_range": 0.004682882870701087,
          "min_markup": 0.0076185839861168505,
          "n_close_orders": 14,
          "rentry_pprice_dist": 0.04151423704943228,
          "rentry_pprice_dist_wallet_exposure_weighting": 0.8184688535059566,
          "wallet_exposure_limit": 1},
 "short": {"auto_unstuck_ema_dist": -0.01894840215921509,
           "auto_unstuck_wallet_exposure_threshold": 0.09284578096461552,
           "backwards_tp": true,
           "ddown_factor": 1.7430042240249166,
           "ema_span_0": 339.2259512957358,
           "ema_span_1": 380.2453261571721,
           "enabled": false,
           "initial_eprice_ema_dist": -0.027965171339600622,
           "initial_qty_pct": 0.04622888968130408,
           "markup_range": 0.045847329593146836,
           "min_markup": 0.006167494185547255,
           "n_close_orders": 14,
           "rentry_pprice_dist": 0.014154434705378454,
           "rentry_pprice_dist_wallet_exposure_weighting": 37.606074255730235,
           "wallet_exposure_limit": 1.0}}