{"config_name": "recursive_grid_0days",
 "logging_level": 0,
 "long": {"auto_unstuck_ema_dist": -0.046744959302124196,
          "auto_unstuck_wallet_exposure_threshold": 0.033759859060159624,
          "backwards_tp": true,
          "ddown_factor": 0.208439848633987,
          "ema_span_0": 429.18281881148584,
          "ema_span_1": 1219.6108535617593,
          "enabled": true,
          "initial_eprice_ema_dist": 0.007392699314865515,
          "initial_qty_pct": 0.03767246183333293,
          "markup_range": 0.007319713379224432,
          "min_markup": 0.01,
          "n_close_orders": 15,
          "rentry_pprice_dist": 0.032164738090028566,
          "rentry_pprice_dist_wallet_exposure_weighting": 1.8830103887039602,
          "wallet_exposure_limit": 1},
 "short": {"auto_unstuck_ema_dist": -0.026680143864260902,
           "auto_unstuck_wallet_exposure_threshold": 0.09099113327072603,
           "backwards_tp": true,
           "ddown_factor": 1.7275541898910052,
           "ema_span_0": 215.38693937331064,
           "ema_span_1": 46.283130232482755,
           "enabled": false,
           "initial_eprice_ema_dist": -0.09523401096303305,
           "initial_qty_pct": 0.04953508788349538,
           "markup_range": 0.012269767522571546,
           "min_markup": 0.0073134425140175836,
           "n_close_orders": 5,
           "rentry_pprice_dist": 0.008120797074546143,
           "rentry_pprice_dist_wallet_exposure_weighting": 37.20286945565999,
           "wallet_exposure_limit": 1.0}}