{"config_name": "recursive_grid_0days",
 "logging_level": 0,
 "long": {"auto_unstuck_ema_dist": -0.006602450969383386,
          "auto_unstuck_wallet_exposure_threshold": 0.04617645859758926,
          "backwards_tp": true,
          "ddown_factor": 0.33947237583718,
          "ema_span_0": 442.66049438201713,
          "ema_span_1": 325.4065028360359,
          "enabled": true,
          "initial_eprice_ema_dist": 0.007334385151577808,
          "initial_qty_pct": 0.01621388247640937,
          "markup_range": 0.0015375160814781567,
          "min_markup": 0.008739011671064613,
          "n_close_orders": 5,
          "rentry_pprice_dist": 0.00776052513874537,
          "rentry_pprice_dist_wallet_exposure_weighting": 8.371715302011483,
          "wallet_exposure_limit": 1},
 "short": {"auto_unstuck_ema_dist": -0.08598563998126679,
           "auto_unstuck_wallet_exposure_threshold": 0.03426771398356474,
           "backwards_tp": true,
           "ddown_factor": 0.8197827651816698,
           "ema_span_0": 256.62383947583953,
           "ema_span_1": 209.8677354664206,
           "enabled": false,
           "initial_eprice_ema_dist": 0.006246690770230101,
           "initial_qty_pct": 0.05965174401988836,
           "markup_range": 0.019167259672134236,
           "min_markup": 0.003653450004868512,
           "n_close_orders": 1,
           "rentry_pprice_dist": 0.012783130021022623,
           "rentry_pprice_dist_wallet_exposure_weighting": 35.37923010008927,
           "wallet_exposure_limit": 1.0}}