{"config_name": "recursive_grid_0days",
 "logging_level": 0,
 "long": {"auto_unstuck_ema_dist": -0.055694709390828406,
          "auto_unstuck_wallet_exposure_threshold": 0.033871329016841006,
          "backwards_tp": true,
          "ddown_factor": 1.3790608009199166,
          "ema_span_0": 702.3003094399722,
          "ema_span_1": 689.6297210297656,
          "enabled": true,
          "initial_eprice_ema_dist": 0.0056721214451625245,
          "initial_qty_pct": 0.015890776585833766,
          "markup_range": 0.002071495943005309,
          "min_markup": 0.003142540595150228,
          "n_close_orders": 10,
          "rentry_pprice_dist": 0.015598537699893049,
          "rentry_pprice_dist_wallet_exposure_weighting": 0.004970035427453834,
          "wallet_exposure_limit": 1},
 "short": {"auto_unstuck_ema_dist": -0.08991842947662773,
           "auto_unstuck_wallet_exposure_threshold": 0.08209295695739424,
           "backwards_tp": true,
           "ddown_factor": 0.7746153930735272,
           "ema_span_0": 65.47924267791431,
           "ema_span_1": 693.2883594501983,
           "enabled": false,
           "initial_eprice_ema_dist": -0.019122299267883544,
           "initial_qty_pct": 0.03387564792527343,
           "markup_range": 0.05269811521197498,
           "min_markup": 0.0018985175415276395,
           "n_close_orders": 6,
           "rentry_pprice_dist": 0.012822243480288008,
           "rentry_pprice_dist_wallet_exposure_weighting": 1.4287849959605925,
           "wallet_exposure_limit": 1.0}}