{"config_name": "recursive_grid_0days",
 "logging_level": 0,
 "long": {"auto_unstuck_ema_dist": -0.004781457410766208,
          "auto_unstuck_wallet_exposure_threshold": 0.07990887906915335,
          "backwards_tp": true,
          "ddown_factor": 0.2962289196877143,
          "ema_span_0": 610.7889504257456,
          "ema_span_1": 802.6967410045731,
          "enabled": true,
          "initial_eprice_ema_dist": 0.005817789277771817,
          "initial_qty_pct": 0.019893767459380443,
          "markup_range": 0.009049819992976554,
          "min_markup": 0.004036971814752221,
          "n_close_orders": 2,
          "rentry_pprice_dist": 0.0483695785791027,
          "rentry_pprice_dist_wallet_exposure_weighting": 1.460162482458509,
          "wallet_exposure_limit": 1},
 "short": {"auto_unstuck_ema_dist": -0.04198474624513284,
           "auto_unstuck_wallet_exposure_threshold": 0.09668603524827704,
           "backwards_tp": true,
           "ddown_factor": 1.8549397164511794,
           "ema_span_0": 496.0610167727021,
           "ema_span_1": 513.5911064582086,
           "enabled": false,
           "initial_eprice_ema_dist": -0.06319215252292032,
           "initial_qty_pct": 0.03260388753429595,
           "markup_range": 0.02429944734314017,
           "min_markup": 0.0081832863969164,
           "n_close_orders": 13,
           "rentry_pprice_dist": 0.04431786927051151,
           "rentry_pprice_dist_wallet_exposure_weighting": 34.607681161599984,
           "wallet_exposure_limit": 1.0}}