{"config_name": "recursive_grid_0days",
 "logging_level": 0,
 "long": {"auto_unstuck_ema_dist": -0.005301407144429709,
          "auto_unstuck_wallet_exposure_threshold": 0.039427591464089834,
          "backwards_tp": true,
          "ddown_factor": 2.8744815244342257,
          "ema_span_0": 211.98331800543622,
          "ema_span_1": 1043.1321175264675,
          "enabled": true,
          "initial_eprice_ema_dist": 0.006016536900919406,
          "initial_qty_pct": 0.02236792269021996,
          "markup_range": 0.008242583476901301,
          "min_markup": 0.008662700984260363,
          "n_close_orders": 1,
          "rentry_pprice_dist": 0.03478631619024641,
          "rentry_pprice_dist_wallet_exposure_weighting": 0.6305774239715565,
          "wallet_exposure_limit": 1},
 "short": {"auto_unstuck_ema_dist": -0.07083353351928454,
           "auto_unstuck_wallet_exposure_threshold": 0.05668108558360614,
           "backwards_tp": true,
           "ddown_factor": 1.049997394588437,
           "ema_span_0": 429.8556379555522,
           "ema_span_1": 1317.6492829110107,
           "enabled": false,
           "initial_eprice_ema_dist": -0.031573980673210475,
           "initial_qty_pct": 0.07929968605408184,
           "markup_range": 0.05832661692051967,
           "min_markup": 0.0028216274349414884,
           "n_close_orders": 4,
           "rentry_pprice_dist": 0.04202016602292299,
           "rentry_pprice_dist_wallet_exposure_weighting": 19.54150827565172,
           "wallet_exposure_limit": 1.0}}