{"config_name": "recursive_grid_0days",
 "logging_level": 0,
 "long": {"auto_unstuck_ema_dist": -0.004444004351204923,
          "auto_unstuck_wallet_exposure_threshold": 0.04009408283509979,
          "backwards_tp": true,
          "ddown_factor": 1.3810477069169822,
          "ema_span_0": 617.8524356044248,
          "ema_span_1": 840.3251110889174,
          "enabled": true,
          "initial_eprice_ema_dist": 0.008362925493306,
          "initial_qty_pct": 0.023535659485651263,
          "markup_range": 0.0036601769936799823,
          "min_markup": 0.004348633972905365,
          "n_close_orders": 10,
          "rentry_pprice_dist": 0.02048708307900071,
          "rentry_pprice_dist_wallet_exposure_weighting": 3.110899396511891,
          "wallet_exposure_limit": 1},
 "short": {"auto_unstuck_ema_dist": 4.641231094541787e-05,
           "auto_unstuck_wallet_exposure_threshold": 0.032208033600765316,
           "backwards_tp": true,
           "ddown_factor": 1.0710729413160336,
           "ema_span_0": 428.8399320250269,
           "ema_span_1": 231.26875297245098,
           "enabled": false,
           "initial_eprice_ema_dist": -0.06931799740707847,
           "initial_qty_pct": 0.048827194418462255,
           "markup_range": 0.007665022364614315,
           "min_markup": 0.004910535458251671,
           "n_close_orders": 13,
           "rentry_pprice_dist": 0.0415249618151857,
           "rentry_pprice_dist_wallet_exposure_weighting": 24.620354430067167,
           "wallet_exposure_limit": 1.0}}