{"config_name": "recursive_grid_0days",
 "logging_level": 0,
 "long": {"auto_unstuck_ema_dist": -0.00990332455814373,
          "auto_unstuck_wallet_exposure_threshold": 0.03846358489079264,
          "backwards_tp": true,
          "ddown_factor": 1.5015550787825933,
          "ema_span_0": 269.73474233107805,
          "ema_span_1": 879.9974089817632,
          "enabled": true,
          "initial_eprice_ema_dist": 0.002004127435451901,
          "initial_qty_pct": 0.018877361653350817,
          "markup_range": 0.008351481263781152,
          "min_markup": 0.0018331333704165514,
          "n_close_orders": 4,
          "rentry_pprice_dist": 0.030562141826217765,
          "rentry_pprice_dist_wallet_exposure_weighting": 0.024760101772610454,
          "wallet_exposure_limit": 1},
 "short": {"auto_unstuck_ema_dist": -0.07347550770377934,
           "auto_unstuck_wallet_exposure_threshold": 0.09974103023185762,
           "backwards_tp": true,
           "ddown_factor": 0.7628095951522885,
           "ema_span_0": 696.5155858003131,
           "ema_span_1": 352.14229638761594,
           "enabled": false,
           "initial_eprice_ema_dist": 0.0032935232779810197,
           "initial_qty_pct": 0.027962615874356965,
           "markup_range": 0.05314793152233776,
           "min_markup": 0.0067256997248249075,
           "n_close_orders": 4,
           "rentry_pprice_dist": 0.017934297957256297,
           "rentry_pprice_dist_wallet_exposure_weighting": 12.272858789982113,
           "wallet_exposure_limit": 1.0}}