{"config_name": "recursive_grid_0days",
 "logging_level": 0,
 "long": {"auto_unstuck_ema_dist": -0.009977497246650835,
          "auto_unstuck_wallet_exposure_threshold": 0.03274584148464982,
          "backwards_tp": true,
          "ddown_factor": 0.29006742202114943,
          "ema_span_0": 24.696446004126088,
          "ema_span_1": 1363.3533322604164,
          "enabled": true,
          "initial_eprice_ema_dist": -0.09430935762420484,
          "initial_qty_pct": 0.013765468582442573,
          "markup_range": 0.0031416578665532575,
          "min_markup": 0.006180614300537823,
          "n_close_orders": 7,
          "rentry_pprice_dist": 0.03248500303464797,
          "rentry_pprice_dist_wallet_exposure_weighting": 1.3195675747166893,
          "wallet_exposure_limit": 1},
 "short": {"auto_unstuck_ema_dist": -0.023684642953025692,
           "auto_unstuck_wallet_exposure_threshold": 0.032720456214811934,
           "backwards_tp": true,
           "ddown_factor": 0.4071661991264749,
           "ema_span_0": 80.31249856144392,
           "ema_span_1": 154.73423402296848,
           "enabled": false,
           "initial_eprice_ema_dist": -0.0255957265885699,
           "initial_qty_pct": 0.06888130902444552,
           "markup_range": 0.0002296566719270765,
           "min_markup": 0.006885833332635218,
           "n_close_orders": 3,
           "rentry_pprice_dist": 0.04121525879741393,
           "rentry_pprice_dist_wallet_exposure_weighting": 3.3748552038564616,
           "wallet_exposure_limit": 1.0}}