{"config_name": "recursive_grid_0days",
 "logging_level": 0,
 "long": {"auto_unstuck_ema_dist": -0.07747684618440949,
          "auto_unstuck_wallet_exposure_threshold": 0.038614767881371685,
          "backwards_tp": true,
          "ddown_factor": 0.3069529458486947,
          "ema_span_0": 706.2917816281873,
          "ema_span_1": 1286.7983422423333,
          "enabled": true,
          "initial_eprice_ema_dist": -0.0012948763528842647,
          "initial_qty_pct": 0.010033982662685206,
          "markup_range": 0.009672337617397355,
          "min_markup": 0.009399286376846247,
          "n_close_orders": 2,
          "rentry_pprice_dist": 0.04172499554859725,
          "rentry_pprice_dist_wallet_exposure_weighting": 0.2095235148296122,
          "wallet_exposure_limit": 1},
 "short": {"auto_unstuck_ema_dist": -0.09054289854261313,
           "auto_unstuck_wallet_exposure_threshold": 0.031257602117935455,
           "backwards_tp": true,
           "ddown_factor": 1.158493639261703,
           "ema_span_0": 634.9323667413374,
           "ema_span_1": 1433.9918686623073,
           "enabled": false,
           "initial_eprice_ema_dist": -0.05994822459780648,
           "initial_qty_pct": 0.09409328868638617,
           "markup_range": 0.058382780336417674,
           "min_markup": 0.008842009744873348,
           "n_close_orders": 9,
           "rentry_pprice_dist": 0.044052773965165715,
           "rentry_pprice_dist_wallet_exposure_weighting": 35.42958757276996,
           "wallet_exposure_limit": 1.0}}