{"config_name": "recursive_grid_0days",
 "logging_level": 0,
 "long": {"auto_unstuck_ema_dist": -0.003148017736932515,
          "auto_unstuck_wallet_exposure_threshold": 0.06368965427040076,
          "backwards_tp": true,
          "ddown_factor": 0.35928811781521275,
          "ema_span_0": 12.179174543821826,
          "ema_span_1": 856.446512428191,
          "enabled": true,
          "initial_eprice_ema_dist": -0.09666090180123936,
          "initial_qty_pct": 0.015186932832651137,
          "markup_range": 0.0029634024314990413,
          "min_markup": 0.004878257727498765,
          "n_close_orders": 4,
          "rentry_pprice_dist": 0.03166612739845817,
          "rentry_pprice_dist_wallet_exposure_weighting": 0.7919644373091904,
          "wallet_exposure_limit": 1},
 "short": {"auto_unstuck_ema_dist": -0.08574313347006492,
           "auto_unstuck_wallet_exposure_threshold": 0.08495947148735425,
           "backwards_tp": true,
           "ddown_factor": 1.9083930021336664,
           "ema_span_0": 530.1124659602494,
           "ema_span_1": 1192.9649314974113,
           "enabled": false,
           "initial_eprice_ema_dist": -0.09443585342406643,
           "initial_qty_pct": 0.08035883901830489,
           "markup_range": 0.0497404413257968,
           "min_markup": 0.009246238076100192,
           "n_close_orders": 5,
           "rentry_pprice_dist": 0.02400522632675178,
           "rentry_pprice_dist_wallet_exposure_weighting": 9.928902751665847,
           "wallet_exposure_limit": 1.0}}