{"config_name": "recursive_grid_0days",
 "logging_level": 0,
 "long": {"auto_unstuck_ema_dist": -0.004547599326644299,
          "auto_unstuck_wallet_exposure_threshold": 0.03164257730962605,
          "backwards_tp": true,
          "ddown_factor": 0.7696126438489833,
          "ema_span_0": 300.02910643943,
          "ema_span_1": 937.826770062379,
          "enabled": true,
          "initial_eprice_ema_dist": 0.00560875068480682,
          "initial_qty_pct": 0.028888318695679455,
          "markup_range": 0.009380484564331985,
          "min_markup": 0.005442753135066152,
          "n_close_orders": 4,
          "rentry_pprice_dist": 0.040025512047751614,
          "rentry_pprice_dist_wallet_exposure_weighting": 0.0,
          "wallet_exposure_limit": 1},
 "short": {"auto_unstuck_ema_dist": -0.06456896391472519,
           "auto_unstuck_wallet_exposure_threshold": 0.07624341766688938,
           "backwards_tp": true,
           "ddown_factor": 2.606276857177536,
           "ema_span_0": 511.77698166264867,
           "ema_span_1": 164.86811319371503,
           "enabled": false,
           "initial_eprice_ema_dist": -0.0555459835212241,
           "initial_qty_pct": 0.039430064184010745,
           "markup_range": 0.05456398639659557,
           "min_markup": 0.007365301080416691,
           "n_close_orders": 1,
           "rentry_pprice_dist": 0.011433027674934372,
           "rentry_pprice_dist_wallet_exposure_weighting": 10.529351359531226,
           "wallet_exposure_limit": 1}}