{"config_name": "recursive_grid_0days",
 "logging_level": 0,
 "long": {"auto_unstuck_ema_dist": -0.018844611976490688,
          "auto_unstuck_wallet_exposure_threshold": 0.03665341040088668,
          "backwards_tp": true,
          "ddown_factor": 0.1979173268440192,
          "ema_span_0": 651.7318325780797,
          "ema_span_1": 626.1032427925396,
          "enabled": true,
          "initial_eprice_ema_dist": 0.004256232384877498,
          "initial_qty_pct": 0.019403322110284456,
          "markup_range": 0.008136390132975933,
          "min_markup": 0.00788550642873683,
          "n_close_orders": 14,
          "rentry_pprice_dist": 0.03136868153333794,
          "rentry_pprice_dist_wallet_exposure_weighting": 2.8479873107090885,
          "wallet_exposure_limit": 1},
 "short": {"auto_unstuck_ema_dist": -0.01103863080106722,
           "auto_unstuck_wallet_exposure_threshold": 0.04806121253690572,
           "backwards_tp": true,
           "ddown_factor": 0.7326424826544007,
           "ema_span_0": 121.83417709335424,
           "ema_span_1": 1210.2656060328359,
           "enabled": false,
           "initial_eprice_ema_dist": -0.007732944413023746,
           "initial_qty_pct": 0.06556162284473654,
           "markup_range": 0.035401116470799916,
           "min_markup": 0.004290948243664735,
           "n_close_orders": 7,
           "rentry_pprice_dist": 0.045535239496775716,
           "rentry_pprice_dist_wallet_exposure_weighting": 13.859624358959914,
           "wallet_exposure_limit": 1.0}}