{"config_name": "recursive_grid_0days",
 "logging_level": 0,
 "long": {"auto_unstuck_ema_dist": 0.001,
          "auto_unstuck_wallet_exposure_threshold": 0.0987976328957699,
          "backwards_tp": true,
          "ddown_factor": 0.764673226615379,
          "ema_span_0": 326.4815283601869,
          "ema_span_1": 1440,
          "enabled": true,
          "initial_eprice_ema_dist": 0.005561157653162768,
          "initial_qty_pct": 0.014970236367378698,
          "markup_range": 0.006377768688250262,
          "min_markup": 0.006170058574257401,
          "n_close_orders": 13,
          "rentry_pprice_dist": 0.029342284006353254,
          "rentry_pprice_dist_wallet_exposure_weighting": 0.5928473786754953,
          "wallet_exposure_limit": 1},
 "short": {"auto_unstuck_ema_dist": -0.08957287688801988,
           "auto_unstuck_wallet_exposure_threshold": 0.03363235635900591,
           "backwards_tp": true,
           "ddown_factor": 1.203949986734528,
           "ema_span_0": 413.7765835854143,
           "ema_span_1": 447.6072192356581,
           "enabled": false,
           "initial_eprice_ema_dist": -0.036461747298221575,
           "initial_qty_pct": 0.050378688151193445,
           "markup_range": 0.055637760779554374,
           "min_markup": 0.005361536969750737,
           "n_close_orders": 16,
           "rentry_pprice_dist": 0.02512886351816889,
           "rentry_pprice_dist_wallet_exposure_weighting": 31.089294716854337,
           "wallet_exposure_limit": 1.0}}