{"config_name": "recursive_grid_0days",
 "logging_level": 0,
 "long": {"auto_unstuck_ema_dist": -0.013755580195376,
          "auto_unstuck_wallet_exposure_threshold": 0.05201693896081518,
          "backwards_tp": true,
          "ddown_factor": 2.5572606154693727,
          "ema_span_0": 18.541860188483742,
          "ema_span_1": 532.305907703438,
          "enabled": true,
          "initial_eprice_ema_dist": 0.005746830526614068,
          "initial_qty_pct": 0.020619929549646792,
          "markup_range": 0.004173973034672108,
          "min_markup": 0.00458235466636591,
          "n_close_orders": 2,
          "rentry_pprice_dist": 0.021941646487550277,
          "rentry_pprice_dist_wallet_exposure_weighting": 0.9473634813920476,
          "wallet_exposure_limit": 1},
 "short": {"auto_unstuck_ema_dist": -0.04191046343042663,
           "auto_unstuck_wallet_exposure_threshold": 0.03792278300088332,
           "backwards_tp": true,
           "ddown_factor": 0.42050832873722654,
           "ema_span_0": 485.2163392468009,
           "ema_span_1": 333.13487752337153,
           "enabled": false,
           "initial_eprice_ema_dist": 0.0033222144904871687,
           "initial_qty_pct": 0.08211322127436332,
           "markup_range": 0.015218241038769294,
           "min_markup": 0.009972857473348855,
           "n_close_orders": 12,
           "rentry_pprice_dist": 0.019235890268649112,
           "rentry_pprice_dist_wallet_exposure_weighting": 27.350970120804483,
           "wallet_exposure_limit": 1.0}}