{"config_name": "clock_0days",
 "long": {"delay_between_fills_minutes_close": 319.5280315205722,
          "delay_between_fills_minutes_entry": 300.8089321577446,
          "delay_weight_close": 21.4547154622476,
          "delay_weight_entry": 23.363509219655658,
          "ema_dist_lower": -0.20582895045544453,
          "ema_dist_upper": 0,
          "ema_span_0": 150.51880656083182,
          "ema_span_1": 446.3013996358776,
          "enabled": true,
          "markup_range": 0.024553651142656233,
          "min_markup": 0.02,
          "n_close_orders": 5,
          "qty_pct_close": 0.01864542911453147,
          "qty_pct_entry": 0.012710137706207924,
          "wallet_exposure_limit": 0.3,
          "we_multiplier_close": 75.50154453411791,
          "we_multiplier_entry": 87.84020206269751},
 "short": {"delay_between_fills_minutes_close": 1247.239137284658,
           "delay_between_fills_minutes_entry": 1243.5429466579244,
           "delay_weight_close": 17.6809875079841,
           "delay_weight_entry": 11.769592282587942,
           "ema_dist_lower": 0.012269761159092885,
           "ema_dist_upper": 0.017700104067652954,
           "ema_span_0": 466.5151078645903,
           "ema_span_1": 2378.0444310448806,
           "enabled": false,
           "markup_range": 0.046456869595584815,
           "min_markup": 0.0912392101838439,
           "n_close_orders": 5,
           "qty_pct_close": 0.0647647542826555,
           "qty_pct_entry": 0.05538089350769192,
           "wallet_exposure_limit": 1.0,
           "we_multiplier_close": 7.488106394288534,
           "we_multiplier_entry": 37.116194589854224}}