{"config_name": "recursive_grid_0days",
 "logging_level": 0,
 "long": {"auto_unstuck_ema_dist": 0,
          "auto_unstuck_wallet_exposure_threshold": 0,
          "backwards_tp": false,
          "ddown_factor": 2.578316867196836,
          "ema_span_0": 252.71555992387098,
          "ema_span_1": 486.97294861845086,
          "enabled": true,
          "initial_eprice_ema_dist": -0.1,
          "initial_qty_pct": 0.0033946871527408026,
          "markup_range": 0.028896746510386352,
          "min_markup": 0.005306984849999665,
          "n_close_orders": 3,
          "rentry_pprice_dist": 0.03453796430432645,
          "rentry_pprice_dist_wallet_exposure_weighting": 0,
          "wallet_exposure_limit": 0.2},
 "short": {"auto_unstuck_ema_dist": 0.02152453200852361,
           "auto_unstuck_wallet_exposure_threshold": 0.013306517222848396,
           "backwards_tp": true,
           "ddown_factor": 1.2265108426917402,
           "ema_span_0": 3211.0615512242953,
           "ema_span_1": 7983.3410291112705,
           "enabled": false,
           "initial_eprice_ema_dist": -0.09819826382399159,
           "initial_qty_pct": 0.015,
           "markup_range": 0.008160194091164155,
           "min_markup": 0.003330812285876065,
           "n_close_orders": 16,
           "rentry_pprice_dist": 0.007983347931671488,
           "rentry_pprice_dist_wallet_exposure_weighting": 37.91234828764798,
           "wallet_exposure_limit": 0.1}}