{"config_name": "emas_0days",
 "long": {"delay_between_fills_minutes_close": 475.2555278186557,
          "delay_between_fills_minutes_entry": 412.5408156833514,
          "delay_weight_close": 9.494341199927675,
          "delay_weight_entry": 35.52652219654509,
          "ema_dist_lower": -0.0010177404363200908,
          "ema_dist_upper": -0.05290921157001793,
          "ema_span_0": 577.8481266612164,
          "ema_span_1": 1496.4601387155724,
          "enabled": true,
          "markup_range": 0.02378672027804755,
          "min_markup": 0.01768189513044939,
          "n_close_orders": 3,
          "qty_pct_close": 0.03501309917373401,
          "qty_pct_entry": 0.005685684141803263,
          "wallet_exposure_limit": 0.25,
          "we_multiplier_close": 67.1715656333784,
          "we_multiplier_entry": 126.66056256882585},
 "short": {"delay_between_fills_minutes_close": 25.362059822177002,
           "delay_between_fills_minutes_entry": 37.719104243282686,
           "delay_weight_close": 70.24377009184806,
           "delay_weight_entry": 134.95748021415983,
           "ema_dist_lower": -0.38331403751965254,
           "ema_dist_upper": -0.09863000641109887,
           "ema_span_0": 276.158258011159,
           "ema_span_1": 980.0174027920573,
           "enabled": false,
           "markup_range": 0.019331817778218807,
           "min_markup": 0.015339120064277227,
           "n_close_orders": 4,
           "qty_pct_close": 0.0342847441857118,
           "qty_pct_entry": 0.007993817671197043,
           "wallet_exposure_limit": 0.1,
           "we_multiplier_close": 51.6239955494693,
           "we_multiplier_entry": 95.01370846605596}}