{"config_name": "clock_0days",
 "long": {"backwards_tp": true,
          "delay_between_fills_minutes_close": 840.553109292797,
          "delay_between_fills_minutes_entry": 1261.0793817398724,
          "delay_weight_close": 67.04977878866701,
          "delay_weight_entry": 16.590582573759878,
          "ema_dist_close": 0.0029534595054783426,
          "ema_dist_entry": -0.001072486742190578,
          "ema_span_0": 1406.2855573454601,
          "ema_span_1": 5,
          "enabled": true,
          "markup_range": 0.06,
          "min_markup": 0.009785183463848537,
          "n_close_orders": 13,
          "qty_pct_close": 0.04786880849527837,
          "qty_pct_entry": 0.01413085354984176,
          "wallet_exposure_limit": 0.1,
          "we_multiplier_close": 0,
          "we_multiplier_entry": 5.590905574142398},
 "short": {"backwards_tp": true,
           "delay_between_fills_minutes_close": 1271.762841550166,
           "delay_between_fills_minutes_entry": 95.67677331742165,
           "delay_weight_close": 29.061084664076397,
           "delay_weight_entry": 48.04363835429663,
           "ema_dist_close": -6.756464574118361e-05,
           "ema_dist_entry": -0.0004523897045045841,
           "ema_span_0": 1256.0610625919353,
           "ema_span_1": 295.4275259824204,
           "enabled": false,
           "markup_range": 0.02413242646891997,
           "min_markup": 0.008607352610115946,
           "n_close_orders": 3,
           "qty_pct_close": 0.041996931648053834,
           "qty_pct_entry": 0.012431949740569059,
           "wallet_exposure_limit": 1.0,
           "we_multiplier_close": 0.0,
           "we_multiplier_entry": 25.77698405274885}}