{"config_name": "clock_0days",
 "long": {"backwards_tp": true,
          "delay_between_fills_minutes_close": 1413.488914030183,
          "delay_between_fills_minutes_entry": 1038.1412170747458,
          "delay_weight_close": 90.45527869221553,
          "delay_weight_entry": 22.043291037195242,
          "ema_dist_close": 0.0020128154996779447,
          "ema_dist_entry": 0.003,
          "ema_span_0": 719.2989590136758,
          "ema_span_1": 869.5531302872014,
          "enabled": true,
          "markup_range": 0.038747686749545616,
          "min_markup": 0.008318286933674734,
          "n_close_orders": 7,
          "qty_pct_close": 0.02614664282670516,
          "qty_pct_entry": 0.02414779020412181,
          "wallet_exposure_limit": 0.1,
          "we_multiplier_close": 0.0,
          "we_multiplier_entry": 7.944620203783306},
 "short": {"backwards_tp": true,
           "delay_between_fills_minutes_close": 211.38569833171243,
           "delay_between_fills_minutes_entry": 592.9471646249133,
           "delay_weight_close": 94.95745464460099,
           "delay_weight_entry": 78.55254399055919,
           "ema_dist_close": -0.0024524171586880446,
           "ema_dist_entry": 0.00033807596571541754,
           "ema_span_0": 859.7892111784031,
           "ema_span_1": 434.57053036447337,
           "enabled": false,
           "markup_range": 0.050806441821270136,
           "min_markup": 0.0075633715645353275,
           "n_close_orders": 5,
           "qty_pct_close": 0.04819811422427367,
           "qty_pct_entry": 0.03895590732914325,
           "wallet_exposure_limit": 1.0,
           "we_multiplier_close": 0.0,
           "we_multiplier_entry": 0.4477308606635255}}