{"config_name": "clock_0days",
 "long": {"backwards_tp": true,
          "delay_between_fills_minutes_close": 1440,
          "delay_between_fills_minutes_entry": 789.1995486950567,
          "delay_weight_close": 70.17992572897778,
          "delay_weight_entry": 22.607664902772708,
          "ema_dist_close": -0.0012594503777845535,
          "ema_dist_entry": 0.003,
          "ema_span_0": 790.3183551109825,
          "ema_span_1": 1374.4549189816084,
          "enabled": true,
          "markup_range": 0.010610918218358942,
          "min_markup": 0.007256411651183043,
          "n_close_orders": 11,
          "qty_pct_close": 0.010524218096367886,
          "qty_pct_entry": 0.015285846347896561,
          "wallet_exposure_limit": 0.1,
          "we_multiplier_close": 0,
          "we_multiplier_entry": 13.508248422894033},
 "short": {"backwards_tp": true,
           "delay_between_fills_minutes_close": 346.37139340586197,
           "delay_between_fills_minutes_entry": 803.5782787705963,
           "delay_weight_close": 96.91541201874195,
           "delay_weight_entry": 70.29441822605436,
           "ema_dist_close": 0.0010405722371076456,
           "ema_dist_entry": -0.017602325835491775,
           "ema_span_0": 954.6128928231876,
           "ema_span_1": 1010.9970390519993,
           "enabled": false,
           "markup_range": 0.011799429539949748,
           "min_markup": 0.0021114260333639136,
           "n_close_orders": 9,
           "qty_pct_close": 0.028985941645821918,
           "qty_pct_entry": 0.050181778830083436,
           "wallet_exposure_limit": 1.0,
           "we_multiplier_close": 0,
           "we_multiplier_entry": 35.881711146741274}}