{"config_name": "clock_0days",
 "long": {"backwards_tp": true,
          "delay_between_fills_minutes_close": 1440,
          "delay_between_fills_minutes_entry": 1198.8154186489876,
          "delay_weight_close": 29.550964320432886,
          "delay_weight_entry": 22.96433562730356,
          "ema_dist_close": 0.0019322879532497482,
          "ema_dist_entry": -0.0014391468085741196,
          "ema_span_0": 54.25607175270794,
          "ema_span_1": 964.2395201789799,
          "enabled": true,
          "markup_range": 0.008713419971838707,
          "min_markup": 0.005853491591909729,
          "n_close_orders": 10,
          "qty_pct_close": 0.01,
          "qty_pct_entry": 0.014672287625758824,
          "wallet_exposure_limit": 0.1,
          "we_multiplier_close": 0.0,
          "we_multiplier_entry": 44.67478411611622},
 "short": {"backwards_tp": true,
           "delay_between_fills_minutes_close": 680.4955926145644,
           "delay_between_fills_minutes_entry": 438.0273300955582,
           "delay_weight_close": 17.799068420105314,
           "delay_weight_entry": 26.32516616492653,
           "ema_dist_close": -0.004982679334592293,
           "ema_dist_entry": -0.03471277291239645,
           "ema_span_0": 204.69347478301478,
           "ema_span_1": 140.69685101615877,
           "enabled": false,
           "markup_range": 0.055961672316425896,
           "min_markup": 0.001929919731862268,
           "n_close_orders": 13,
           "qty_pct_close": 0.03414757045679123,
           "qty_pct_entry": 0.08357858862052259,
           "wallet_exposure_limit": 1.0,
           "we_multiplier_close": 0.0,
           "we_multiplier_entry": 44.61908179513934}}