{"config_name": "clock_0days",
 "long": {"backwards_tp": true,
          "delay_between_fills_minutes_close": 1437.3251101220176,
          "delay_between_fills_minutes_entry": 1205.2273547632276,
          "delay_weight_close": 49.496004119987695,
          "delay_weight_entry": 9.006866768822354,
          "ema_dist_close": -0.0011626086926285768,
          "ema_dist_entry": -0.0068708240128349946,
          "ema_span_0": 570.7627454679018,
          "ema_span_1": 1163.5960706694639,
          "enabled": true,
          "markup_range": 0.05676255081790878,
          "min_markup": 0.0088416804227722,
          "n_close_orders": 9,
          "qty_pct_close": 0.010209852479903253,
          "qty_pct_entry": 0.010488806775507762,
          "wallet_exposure_limit": 0.1,
          "we_multiplier_close": 0,
          "we_multiplier_entry": 18.980882324133738},
 "short": {"backwards_tp": true,
           "delay_between_fills_minutes_close": 1052.7598628278788,
           "delay_between_fills_minutes_entry": 636.3569677394536,
           "delay_weight_close": 76.04721509008189,
           "delay_weight_entry": 73.0310820171224,
           "ema_dist_close": 0.0016154670898210332,
           "ema_dist_entry": -0.016165487710278252,
           "ema_span_0": 553.8669084179469,
           "ema_span_1": 298.44417478381706,
           "enabled": false,
           "markup_range": 0.051996667745273166,
           "min_markup": 0.00385606021749138,
           "n_close_orders": 11,
           "qty_pct_close": 0.022197408900196704,
           "qty_pct_entry": 0.07983471755980263,
           "wallet_exposure_limit": 1.0,
           "we_multiplier_close": 0.0,
           "we_multiplier_entry": 1.7497767809832476}}