{"config_name": "recursive_grid_0days",
 "logging_level": 0,
 "long": {"auto_unstuck_ema_dist": -0.0028841119124026825,
          "auto_unstuck_wallet_exposure_threshold": 0.07017261091999269,
          "backwards_tp": true,
          "ddown_factor": 2.4708468410004887,
          "ema_span_0": 626.3912477323113,
          "ema_span_1": 1440,
          "enabled": true,
          "initial_eprice_ema_dist": -0.0672002598728707,
          "initial_qty_pct": 0.013621825819997378,
          "markup_range": 0.001294936382328581,
          "min_markup": 0.005742694465166791,
          "n_close_orders": 8,
          "rentry_pprice_dist": 0.03718221409685189,
          "rentry_pprice_dist_wallet_exposure_weighting": 2.0406517619986047,
          "wallet_exposure_limit": 1},
 "short": {"auto_unstuck_ema_dist": -0.09976179106601624,
           "auto_unstuck_wallet_exposure_threshold": 0.0889301845749094,
           "backwards_tp": true,
           "ddown_factor": 1.7903455063725735,
           "ema_span_0": 391.58142042516675,
           "ema_span_1": 362.31359769211025,
           "enabled": false,
           "initial_eprice_ema_dist": 0.00945071918476682,
           "initial_qty_pct": 0.016429313657796887,
           "markup_range": 0.046013787342571305,
           "min_markup": 0.004874479980986782,
           "n_close_orders": 13,
           "rentry_pprice_dist": 0.023867789111874992,
           "rentry_pprice_dist_wallet_exposure_weighting": 1.1629630769717167,
           "wallet_exposure_limit": 1}}