{"config_name": "recursive_grid_0days",
 "logging_level": 0,
 "long": {"auto_unstuck_ema_dist": -0.02456061734829219,
          "auto_unstuck_wallet_exposure_threshold": 0.04526233742844995,
          "backwards_tp": true,
          "ddown_factor": 0.14602507678350402,
          "ema_span_0": 326.67020118955264,
          "ema_span_1": 195.5390215778234,
          "enabled": true,
          "initial_eprice_ema_dist": -0.001103061785323775,
          "initial_qty_pct": 0.016350689307856155,
          "markup_range": 0.0013185103674264059,
          "min_markup": 0.002861909637810239,
          "n_close_orders": 15,
          "rentry_pprice_dist": 0.0135625077018082,
          "rentry_pprice_dist_wallet_exposure_weighting": 0.6681199466482421,
          "wallet_exposure_limit": 1},
 "short": {"auto_unstuck_ema_dist": -0.023465337629124977,
           "auto_unstuck_wallet_exposure_threshold": 0.0330799537101962,
           "backwards_tp": true,
           "ddown_factor": 2.974554041139846,
           "ema_span_0": 408.837257951205,
           "ema_span_1": 1211.4054932060824,
           "enabled": false,
           "initial_eprice_ema_dist": -0.03949903115386104,
           "initial_qty_pct": 0.05163568929595833,
           "markup_range": 0.042315792178343734,
           "min_markup": 0.007071274513448699,
           "n_close_orders": 3,
           "rentry_pprice_dist": 0.02093943945744929,
           "rentry_pprice_dist_wallet_exposure_weighting": 19.52587602099552,
           "wallet_exposure_limit": 1.0}}