{"config_name": "recursive_grid_0days",
 "logging_level": 0,
 "long": {"auto_unstuck_ema_dist": -0.08527984489715061,
          "auto_unstuck_wallet_exposure_threshold": 0.04311361367459786,
          "backwards_tp": true,
          "ddown_factor": 0.49467165362359483,
          "ema_span_0": 702.2963131704827,
          "ema_span_1": 1392.6241256726644,
          "enabled": true,
          "initial_eprice_ema_dist": 0.007016951493545659,
          "initial_qty_pct": 0.011279126769609866,
          "markup_range": 0.012246726693934628,
          "min_markup": 0.008723329937613867,
          "n_close_orders": 3,
          "rentry_pprice_dist": 0.0465019416111496,
          "rentry_pprice_dist_wallet_exposure_weighting": 1.7776967743425853,
          "wallet_exposure_limit": 1},
 "short": {"auto_unstuck_ema_dist": -0.009147480083849288,
           "auto_unstuck_wallet_exposure_threshold": 0.06931453945125074,
           "backwards_tp": true,
           "ddown_factor": 0.4125571601009176,
           "ema_span_0": 42.54287706228983,
           "ema_span_1": 696.6228981633346,
           "enabled": false,
           "initial_eprice_ema_dist": -0.07252122498102331,
           "initial_qty_pct": 0.03133166758856835,
           "markup_range": 0.0023270311956971558,
           "min_markup": 0.009387601278823092,
           "n_close_orders": 6,
           "rentry_pprice_dist": 0.0340305848532875,
           "rentry_pprice_dist_wallet_exposure_weighting": 38.49028086223268,
           "wallet_exposure_limit": 1.0}}