{"config_name": "recursive_grid_0days",
 "logging_level": 0,
 "long": {"auto_unstuck_ema_dist": -0.004647904520497166,
          "auto_unstuck_wallet_exposure_threshold": 0.04992698761168171,
          "backwards_tp": true,
          "ddown_factor": 0.9997948055993667,
          "ema_span_0": 283.72873973907906,
          "ema_span_1": 494.4153646209188,
          "enabled": true,
          "initial_eprice_ema_dist": 0.008407321870753623,
          "initial_qty_pct": 0.011885995704595786,
          "markup_range": 0.0061569714397473885,
          "min_markup": 0.00900213739230852,
          "n_close_orders": 15,
          "rentry_pprice_dist": 0.025926261098544918,
          "rentry_pprice_dist_wallet_exposure_weighting": 0.0,
          "wallet_exposure_limit": 1},
 "short": {"auto_unstuck_ema_dist": -0.08106034125178269,
           "auto_unstuck_wallet_exposure_threshold": 0.07732873815897118,
           "backwards_tp": true,
           "ddown_factor": 1.1475555486594298,
           "ema_span_0": 12.843846176652388,
           "ema_span_1": 766.6337940225469,
           "enabled": false,
           "initial_eprice_ema_dist": -0.02213112406871154,
           "initial_qty_pct": 0.03326115190124967,
           "markup_range": 0.020910260332967324,
           "min_markup": 0.009332121202325037,
           "n_close_orders": 9,
           "rentry_pprice_dist": 0.04715435661438969,
           "rentry_pprice_dist_wallet_exposure_weighting": 7.126377336481142,
           "wallet_exposure_limit": 1.0}}