{"config_name": "recursive_grid_0days",
 "logging_level": 0,
 "long": {"auto_unstuck_ema_dist": -0.010509555750533278,
          "auto_unstuck_wallet_exposure_threshold": 0.03171295823170095,
          "backwards_tp": true,
          "ddown_factor": 2.455989705373409,
          "ema_span_0": 526.225247384436,
          "ema_span_1": 1400.6132335778095,
          "enabled": true,
          "initial_eprice_ema_dist": 0.007203158054820882,
          "initial_qty_pct": 0.01,
          "markup_range": 0.003918178655458524,
          "min_markup": 0.00130311718104944,
          "n_close_orders": 12,
          "rentry_pprice_dist": 0.030071762866609005,
          "rentry_pprice_dist_wallet_exposure_weighting": 0.0,
          "wallet_exposure_limit": 1},
 "short": {"auto_unstuck_ema_dist": -0.029013162582210775,
           "auto_unstuck_wallet_exposure_threshold": 0.06826849424330886,
           "backwards_tp": true,
           "ddown_factor": 0.6820496206864217,
           "ema_span_0": 278.3224104494771,
           "ema_span_1": 925.708076715405,
           "enabled": false,
           "initial_eprice_ema_dist": -0.00975519759760625,
           "initial_qty_pct": 0.06807013570231597,
           "markup_range": 0.008489543069742287,
           "min_markup": 0.002127701672538877,
           "n_close_orders": 5,
           "rentry_pprice_dist": 0.04992448976335717,
           "rentry_pprice_dist_wallet_exposure_weighting": 2.890502574905338,
           "wallet_exposure_limit": 1.0}}