{"config_name": "recursive_grid_0days",
 "logging_level": 0,
 "long": {"auto_unstuck_ema_dist": -0.006458474454617979,
          "auto_unstuck_wallet_exposure_threshold": 0.035867583845879965,
          "backwards_tp": true,
          "ddown_factor": 2.5258758501248746,
          "ema_span_0": 10,
          "ema_span_1": 1299.5018359769042,
          "enabled": true,
          "initial_eprice_ema_dist": -0.014973541114969367,
          "initial_qty_pct": 0.0157331122714265,
          "markup_range": 0.002088820316809168,
          "min_markup": 0.009896809114776452,
          "n_close_orders": 12,
          "rentry_pprice_dist": 0.04847098103993584,
          "rentry_pprice_dist_wallet_exposure_weighting": 0.7226546630637802,
          "wallet_exposure_limit": 1},
 "short": {"auto_unstuck_ema_dist": -0.02434642482160572,
           "auto_unstuck_wallet_exposure_threshold": 0.03694634797664137,
           "backwards_tp": true,
           "ddown_factor": 1.6826924191336132,
           "ema_span_0": 127.29373472592933,
           "ema_span_1": 382.617588327623,
           "enabled": false,
           "initial_eprice_ema_dist": -0.06729493162556897,
           "initial_qty_pct": 0.02926839243097979,
           "markup_range": 0.008793895580960555,
           "min_markup": 0.009869976118029818,
           "n_close_orders": 6,
           "rentry_pprice_dist": 0.020240721636909636,
           "rentry_pprice_dist_wallet_exposure_weighting": 36.94287728079887,
           "wallet_exposure_limit": 1.0}}