{"config_name": "recursive_grid_0days",
 "logging_level": 0,
 "long": {"auto_unstuck_ema_dist": -0.05321302051690599,
          "auto_unstuck_wallet_exposure_threshold": 0.037565870575802275,
          "backwards_tp": true,
          "ddown_factor": 0.1,
          "ema_span_0": 465.9763377635913,
          "ema_span_1": 246.45181094420298,
          "enabled": true,
          "initial_eprice_ema_dist": 0.01,
          "initial_qty_pct": 0.03543799739350358,
          "markup_range": 0.0038254690327513266,
          "min_markup": 0.005360930297289864,
          "n_close_orders": 4,
          "rentry_pprice_dist": 0.04060297406853571,
          "rentry_pprice_dist_wallet_exposure_weighting": 4.593624176007865,
          "wallet_exposure_limit": 1},
 "short": {"auto_unstuck_ema_dist": -0.03268630791098745,
           "auto_unstuck_wallet_exposure_threshold": 0.031324365825306254,
           "backwards_tp": true,
           "ddown_factor": 1.4159794489701727,
           "ema_span_0": 198.39205727641615,
           "ema_span_1": 425.6972198762714,
           "enabled": false,
           "initial_eprice_ema_dist": -0.009695228364116848,
           "initial_qty_pct": 0.01490625938466851,
           "markup_range": 0.005215929050703061,
           "min_markup": 0.006535359576886432,
           "n_close_orders": 9,
           "rentry_pprice_dist": 0.04753869944554312,
           "rentry_pprice_dist_wallet_exposure_weighting": 25.08159776716618,
           "wallet_exposure_limit": 1.0}}