{"config_name": "recursive_grid_0days",
 "logging_level": 0,
 "long": {"auto_unstuck_ema_dist": -0.0017834048861846263,
          "auto_unstuck_wallet_exposure_threshold": 0.08228620559199357,
          "backwards_tp": true,
          "ddown_factor": 0.20525570258986378,
          "ema_span_0": 492.23442094387156,
          "ema_span_1": 482.61363025840984,
          "enabled": true,
          "initial_eprice_ema_dist": 0.01,
          "initial_qty_pct": 0.014949452321375166,
          "markup_range": 0.013143732935357205,
          "min_markup": 0.0044943065283924695,
          "n_close_orders": 9,
          "rentry_pprice_dist": 0.039203217994535855,
          "rentry_pprice_dist_wallet_exposure_weighting": 0.4850957967595657,
          "wallet_exposure_limit": 1},
 "short": {"auto_unstuck_ema_dist": -0.05851105877519955,
           "auto_unstuck_wallet_exposure_threshold": 0.051388427627753634,
           "backwards_tp": true,
           "ddown_factor": 1.9714341570951146,
           "ema_span_0": 183.3633516052683,
           "ema_span_1": 364.61994137674895,
           "enabled": false,
           "initial_eprice_ema_dist": -0.05758297749931819,
           "initial_qty_pct": 0.06189081172338314,
           "markup_range": 1.066929638493974e-05,
           "min_markup": 0.001414978004975865,
           "n_close_orders": 8,
           "rentry_pprice_dist": 0.04560223003409457,
           "rentry_pprice_dist_wallet_exposure_weighting": 16.897985643246663,
           "wallet_exposure_limit": 1.0}}