{"config_name": "recursive_grid_0days",
 "logging_level": 0,
 "long": {"auto_unstuck_ema_dist": -0.005110546664142508,
          "auto_unstuck_wallet_exposure_threshold": 0.039633405043210536,
          "backwards_tp": true,
          "ddown_factor": 1.3635846828441223,
          "ema_span_0": 232.42257778543433,
          "ema_span_1": 679.1358295266944,
          "enabled": true,
          "initial_eprice_ema_dist": 0.004312320163312652,
          "initial_qty_pct": 0.03961967081083193,
          "markup_range": 0.05765615726088632,
          "min_markup": 0.007978400343139914,
          "n_close_orders": 1,
          "rentry_pprice_dist": 0.022465041491100242,
          "rentry_pprice_dist_wallet_exposure_weighting": 1.6206650152173552,
          "wallet_exposure_limit": 1},
 "short": {"auto_unstuck_ema_dist": -0.07737819833539582,
           "auto_unstuck_wallet_exposure_threshold": 0.07415032457671347,
           "backwards_tp": true,
           "ddown_factor": 1.9168463754490275,
           "ema_span_0": 696.7232776271638,
           "ema_span_1": 426.9295041015853,
           "enabled": false,
           "initial_eprice_ema_dist": -0.04787529131252955,
           "initial_qty_pct": 0.05393436709000627,
           "markup_range": 0.0018901809793755442,
           "min_markup": 0.009465318029117188,
           "n_close_orders": 3,
           "rentry_pprice_dist": 0.022117951084759203,
           "rentry_pprice_dist_wallet_exposure_weighting": 5.040596217122104,
           "wallet_exposure_limit": 1.0}}