{"config_name": "recursive_grid_0days",
 "logging_level": 0,
 "long": {"auto_unstuck_ema_dist": -0.01314121821549394,
          "auto_unstuck_wallet_exposure_threshold": 0.07225308479454885,
          "backwards_tp": true,
          "ddown_factor": 2.333126704678938,
          "ema_span_0": 258.0928612616479,
          "ema_span_1": 1191.6084437400496,
          "enabled": true,
          "initial_eprice_ema_dist": 0.004381702541597974,
          "initial_qty_pct": 0.019695090897889664,
          "markup_range": 0.006055326233131224,
          "min_markup": 0.009588964800137876,
          "n_close_orders": 13,
          "rentry_pprice_dist": 0.037760670116330636,
          "rentry_pprice_dist_wallet_exposure_weighting": 0.4846186578749274,
          "wallet_exposure_limit": 1},
 "short": {"auto_unstuck_ema_dist": -0.057183600896661864,
           "auto_unstuck_wallet_exposure_threshold": 0.05120180095880848,
           "backwards_tp": true,
           "ddown_factor": 0.8056108677957056,
           "ema_span_0": 31.89707446212512,
           "ema_span_1": 914.004482575031,
           "enabled": false,
           "initial_eprice_ema_dist": -0.00845962427468834,
           "initial_qty_pct": 0.015607436093475823,
           "markup_range": 0.00030198174677040554,
           "min_markup": 0.0033739846911624736,
           "n_close_orders": 7,
           "rentry_pprice_dist": 0.021448044134384336,
           "rentry_pprice_dist_wallet_exposure_weighting": 23.629951874075026,
           "wallet_exposure_limit": 1.0}}