{"config_name": "recursive_grid_0days",
 "logging_level": 0,
 "long": {"auto_unstuck_ema_dist": -0.0034374115400501743,
          "auto_unstuck_wallet_exposure_threshold": 0.030569096153614837,
          "backwards_tp": true,
          "ddown_factor": 0.8536747948369103,
          "ema_span_0": 180.65697217064107,
          "ema_span_1": 895.8968019833659,
          "enabled": true,
          "initial_eprice_ema_dist": -0.0018672030949126728,
          "initial_qty_pct": 0.014121164224067883,
          "markup_range": 0.006727434182785225,
          "min_markup": 0.006192911279280562,
          "n_close_orders": 2,
          "rentry_pprice_dist": 0.03582123109673045,
          "rentry_pprice_dist_wallet_exposure_weighting": 0.5840087629811965,
          "wallet_exposure_limit": 1},
 "short": {"auto_unstuck_ema_dist": -0.08240025596366438,
           "auto_unstuck_wallet_exposure_threshold": 0.08804044007062016,
           "backwards_tp": true,
           "ddown_factor": 2.6417225910907463,
           "ema_span_0": 95.94712243400089,
           "ema_span_1": 1405.8852249722993,
           "enabled": false,
           "initial_eprice_ema_dist": -0.036520355287928935,
           "initial_qty_pct": 0.01067597315804962,
           "markup_range": 0.011718451576322897,
           "min_markup": 0.008925158002146737,
           "n_close_orders": 5,
           "rentry_pprice_dist": 0.03590495108946381,
           "rentry_pprice_dist_wallet_exposure_weighting": 29.130670533247304,
           "wallet_exposure_limit": 1.0}}