{"config_name": "recursive_grid_0days",
 "logging_level": 0,
 "long": {"auto_unstuck_ema_dist": -0.003469291688949094,
          "auto_unstuck_wallet_exposure_threshold": 0.03132081234177635,
          "backwards_tp": true,
          "ddown_factor": 1.0514270668635928,
          "ema_span_0": 224.82602639723135,
          "ema_span_1": 482.22775157076273,
          "enabled": true,
          "initial_eprice_ema_dist": 0.004907910539483373,
          "initial_qty_pct": 0.01692340519516131,
          "markup_range": 0.0019930012314571207,
          "min_markup": 0.004511494153317546,
          "n_close_orders": 15,
          "rentry_pprice_dist": 0.012652029271300637,
          "rentry_pprice_dist_wallet_exposure_weighting": 2.4593405260134826,
          "wallet_exposure_limit": 1},
 "short": {"auto_unstuck_ema_dist": -0.056585837950445896,
           "auto_unstuck_wallet_exposure_threshold": 0.05684009741344723,
           "backwards_tp": true,
           "ddown_factor": 0.4457986645301145,
           "ema_span_0": 200.05225162179525,
           "ema_span_1": 659.1408715483551,
           "enabled": false,
           "initial_eprice_ema_dist": -0.08906828889154024,
           "initial_qty_pct": 0.06832649561341488,
           "markup_range": 0.010882275646350584,
           "min_markup": 0.008970555685478495,
           "n_close_orders": 7,
           "rentry_pprice_dist": 0.02750259331523658,
           "rentry_pprice_dist_wallet_exposure_weighting": 35.36201671186573,
           "wallet_exposure_limit": 1.0}}