{"config_name": "recursive_grid_0days",
 "logging_level": 0,
 "long": {"auto_unstuck_ema_dist": -0.0038972521107862737,
          "auto_unstuck_wallet_exposure_threshold": 0.03,
          "backwards_tp": true,
          "ddown_factor": 0.749131223158769,
          "ema_span_0": 243.28052426037783,
          "ema_span_1": 382.46462822434165,
          "enabled": true,
          "initial_eprice_ema_dist": -0.08975308090806615,
          "initial_qty_pct": 0.01166530689648785,
          "markup_range": 0.005549342696718053,
          "min_markup": 0.0045017021160201846,
          "n_close_orders": 3,
          "rentry_pprice_dist": 0.019903366842040925,
          "rentry_pprice_dist_wallet_exposure_weighting": 4.966214404840576,
          "wallet_exposure_limit": 1},
 "short": {"auto_unstuck_ema_dist": -0.058349079449996365,
           "auto_unstuck_wallet_exposure_threshold": 0.07597908664848807,
           "backwards_tp": true,
           "ddown_factor": 0.5306947516061152,
           "ema_span_0": 649.4342196533602,
           "ema_span_1": 906.4467549260894,
           "enabled": false,
           "initial_eprice_ema_dist": -0.037055641763175384,
           "initial_qty_pct": 0.06582840790832253,
           "markup_range": 0.025597183449419254,
           "min_markup": 0.005671640326996866,
           "n_close_orders": 4,
           "rentry_pprice_dist": 0.0460184313808667,
           "rentry_pprice_dist_wallet_exposure_weighting": 11.786690226017607,
           "wallet_exposure_limit": 1.0}}