{"config_name": "recursive_grid_0days",
 "logging_level": 0,
 "long": {"auto_unstuck_ema_dist": -0.003334141636251786,
          "auto_unstuck_wallet_exposure_threshold": 0.033266645765571194,
          "backwards_tp": true,
          "ddown_factor": 0.46730888948624816,
          "ema_span_0": 201.63467819581902,
          "ema_span_1": 959.4309358085268,
          "enabled": true,
          "initial_eprice_ema_dist": 0.01,
          "initial_qty_pct": 0.03358459373199931,
          "markup_range": 0.005853376173023223,
          "min_markup": 0.008226032538613077,
          "n_close_orders": 2,
          "rentry_pprice_dist": 0.04190847877160656,
          "rentry_pprice_dist_wallet_exposure_weighting": 0.0,
          "wallet_exposure_limit": 1},
 "short": {"auto_unstuck_ema_dist": -0.07609295082308629,
           "auto_unstuck_wallet_exposure_threshold": 0.07173685154825755,
           "backwards_tp": true,
           "ddown_factor": 0.29067172945536524,
           "ema_span_0": 141.84123824395522,
           "ema_span_1": 1424.8940244288744,
           "enabled": false,
           "initial_eprice_ema_dist": -0.04210774971910588,
           "initial_qty_pct": 0.04247304311189335,
           "markup_range": 0.002524022637681038,
           "min_markup": 0.00656966928627574,
           "n_close_orders": 8,
           "rentry_pprice_dist": 0.03106865790574458,
           "rentry_pprice_dist_wallet_exposure_weighting": 17.831014999589637,
           "wallet_exposure_limit": 1.0}}