{"config_name": "recursive_grid_0days",
 "logging_level": 0,
 "long": {"auto_unstuck_ema_dist": -0.003096539812671,
          "auto_unstuck_wallet_exposure_threshold": 0.035717583257728586,
          "backwards_tp": true,
          "ddown_factor": 2.9413495646341588,
          "ema_span_0": 333.73288621314583,
          "ema_span_1": 696.6536056572334,
          "enabled": true,
          "initial_eprice_ema_dist": 0.009700576218638327,
          "initial_qty_pct": 0.01917778800667972,
          "markup_range": 0.001428607716916182,
          "min_markup": 0.0057794885092400435,
          "n_close_orders": 3,
          "rentry_pprice_dist": 0.026609370895454888,
          "rentry_pprice_dist_wallet_exposure_weighting": 2.6232744193683244,
          "wallet_exposure_limit": 1},
 "short": {"auto_unstuck_ema_dist": -0.0614096574457122,
           "auto_unstuck_wallet_exposure_threshold": 0.05060846144978143,
           "backwards_tp": true,
           "ddown_factor": 1.4668153450331942,
           "ema_span_0": 110.81604197706541,
           "ema_span_1": 1205.7883358376314,
           "enabled": false,
           "initial_eprice_ema_dist": -0.05284922957508631,
           "initial_qty_pct": 0.05765467190197147,
           "markup_range": 0.009181890370524989,
           "min_markup": 0.008934525891788576,
           "n_close_orders": 6,
           "rentry_pprice_dist": 0.048859423826599115,
           "rentry_pprice_dist_wallet_exposure_weighting": 9.426599270887488,
           "wallet_exposure_limit": 1.0}}