{"config_name": "recursive_grid_0days",
 "logging_level": 0,
 "long": {"auto_unstuck_ema_dist": -0.006091222279761867,
          "auto_unstuck_wallet_exposure_threshold": 0.08010885670065945,
          "backwards_tp": true,
          "ddown_factor": 1.4678525158227462,
          "ema_span_0": 62.87316991995486,
          "ema_span_1": 586.2328351603977,
          "enabled": true,
          "initial_eprice_ema_dist": 0.01,
          "initial_qty_pct": 0.01,
          "markup_range": 0.00857196283687826,
          "min_markup": 0.009783808640790563,
          "n_close_orders": 6,
          "rentry_pprice_dist": 0.03287777242696717,
          "rentry_pprice_dist_wallet_exposure_weighting": 1.4975167648257748,
          "wallet_exposure_limit": 1},
 "short": {"auto_unstuck_ema_dist": -0.03732083664971361,
           "auto_unstuck_wallet_exposure_threshold": 0.030764941393196625,
           "backwards_tp": true,
           "ddown_factor": 2.1369855038910073,
           "ema_span_0": 20.58660903836342,
           "ema_span_1": 445.1785994549115,
           "enabled": false,
           "initial_eprice_ema_dist": -0.08950679003125664,
           "initial_qty_pct": 0.0201469461485374,
           "markup_range": 0.01226507195124086,
           "min_markup": 0.008898333712053525,
           "n_close_orders": 15,
           "rentry_pprice_dist": 0.014942373035185239,
           "rentry_pprice_dist_wallet_exposure_weighting": 24.437796770197842,
           "wallet_exposure_limit": 1.0}}