{"config_name": "recursive_grid_0days",
 "logging_level": 0,
 "long": {"auto_unstuck_ema_dist": -0.011085695874170298,
          "auto_unstuck_wallet_exposure_threshold": 0.06292594892250429,
          "backwards_tp": true,
          "ddown_factor": 1.8003618560458827,
          "ema_span_0": 236.4240995516126,
          "ema_span_1": 1055.0648653686255,
          "enabled": true,
          "initial_eprice_ema_dist": 0.00919400938133785,
          "initial_qty_pct": 0.01861174834767445,
          "markup_range": 0.004555425347109174,
          "min_markup": 0.00795235189716104,
          "n_close_orders": 5,
          "rentry_pprice_dist": 0.046093030426497865,
          "rentry_pprice_dist_wallet_exposure_weighting": 0.0,
          "wallet_exposure_limit": 1},
 "short": {"auto_unstuck_ema_dist": -0.0021764355750286957,
           "auto_unstuck_wallet_exposure_threshold": 0.09688701816668627,
           "backwards_tp": true,
           "ddown_factor": 2.002097901186715,
           "ema_span_0": 647.209201721169,
           "ema_span_1": 641.7843332266737,
           "enabled": false,
           "initial_eprice_ema_dist": -0.013145356939747069,
           "initial_qty_pct": 0.013868021776995807,
           "markup_range": 0.052845157625655934,
           "min_markup": 0.0018718397903870472,
           "n_close_orders": 2,
           "rentry_pprice_dist": 0.0079127211976348,
           "rentry_pprice_dist_wallet_exposure_weighting": 16.42073618215044,
           "wallet_exposure_limit": 1.0}}