{"config_name": "recursive_grid_0days",
 "logging_level": 0,
 "long": {"auto_unstuck_ema_dist": 0.000933902021928168,
          "auto_unstuck_wallet_exposure_threshold": 0.08016750359693085,
          "backwards_tp": true,
          "ddown_factor": 1.3861725038216957,
          "ema_span_0": 130.2773137745326,
          "ema_span_1": 169.76081459402727,
          "enabled": true,
          "initial_eprice_ema_dist": 0.01,
          "initial_qty_pct": 0.054430409986760686,
          "markup_range": 0.005802718763760001,
          "min_markup": 0.005889734338068667,
          "n_close_orders": 3,
          "rentry_pprice_dist": 0.027630135312564596,
          "rentry_pprice_dist_wallet_exposure_weighting": 0.6280068334303477,
          "wallet_exposure_limit": 1},
 "short": {"auto_unstuck_ema_dist": -0.040887933534920075,
           "auto_unstuck_wallet_exposure_threshold": 0.09659878603299545,
           "backwards_tp": true,
           "ddown_factor": 0.42094635082386633,
           "ema_span_0": 580.0684148685315,
           "ema_span_1": 1389.0868555322363,
           "enabled": false,
           "initial_eprice_ema_dist": 0.006806418878435,
           "initial_qty_pct": 0.05970548152399615,
           "markup_range": 0.051029635329319006,
           "min_markup": 0.002893169940011247,
           "n_close_orders": 4,
           "rentry_pprice_dist": 0.0189218764758654,
           "rentry_pprice_dist_wallet_exposure_weighting": 35.07641442941057,
           "wallet_exposure_limit": 1.0}}