{"config_name": "recursive_grid_0days",
 "logging_level": 0,
 "long": {"auto_unstuck_ema_dist": 0.001,
          "auto_unstuck_wallet_exposure_threshold": 0.03877516771641225,
          "backwards_tp": true,
          "ddown_factor": 1.6268815851512943,
          "ema_span_0": 211.36319825685115,
          "ema_span_1": 116.10888978444797,
          "enabled": true,
          "initial_eprice_ema_dist": 0.007878748232224153,
          "initial_qty_pct": 0.025408964835153668,
          "markup_range": 0.0006475260403604295,
          "min_markup": 0.006236787437891651,
          "n_close_orders": 1,
          "rentry_pprice_dist": 0.03079453601351167,
          "rentry_pprice_dist_wallet_exposure_weighting": 3.0409956333091874,
          "wallet_exposure_limit": 1.0},
 "short": {"auto_unstuck_ema_dist": -0.006524784486760762,
           "auto_unstuck_wallet_exposure_threshold": 0.08414304387773638,
           "backwards_tp": true,
           "ddown_factor": 1.927766054013743,
           "ema_span_0": 270.9922633201349,
           "ema_span_1": 935.6589029211391,
           "enabled": false,
           "initial_eprice_ema_dist": -0.05465258995981874,
           "initial_qty_pct": 0.07175107269004431,
           "markup_range": 0.04254278126596232,
           "min_markup": 0.008733176878711545,
           "n_close_orders": 9,
           "rentry_pprice_dist": 0.009857635587910208,
           "rentry_pprice_dist_wallet_exposure_weighting": 31.296389351098316,
           "wallet_exposure_limit": 1.0}}