{"config_name": "recursive_grid_0days",
 "logging_level": 0,
 "long": {"auto_unstuck_ema_dist": 0.001,
          "auto_unstuck_wallet_exposure_threshold": 0.04406133725457465,
          "backwards_tp": true,
          "ddown_factor": 0.1321677666044727,
          "ema_span_0": 146.90700266292518,
          "ema_span_1": 721.0255479507917,
          "enabled": true,
          "initial_eprice_ema_dist": 0.001219125548898507,
          "initial_qty_pct": 0.015889986763103138,
          "markup_range": 0.02443746529329416,
          "min_markup": 0.0022805014293990596,
          "n_close_orders": 1,
          "rentry_pprice_dist": 0.019194549134442265,
          "rentry_pprice_dist_wallet_exposure_weighting": 0.12021247544734172,
          "wallet_exposure_limit": 1},
 "short": {"auto_unstuck_ema_dist": -0.04111030949826887,
           "auto_unstuck_wallet_exposure_threshold": 0.052705764974898234,
           "backwards_tp": true,
           "ddown_factor": 0.17180955812216683,
           "ema_span_0": 104.98238389833573,
           "ema_span_1": 633.4762206044211,
           "enabled": false,
           "initial_eprice_ema_dist": -0.039371781007731886,
           "initial_qty_pct": 0.0788989074792836,
           "markup_range": 0.0006878912264729986,
           "min_markup": 0.004926311093082522,
           "n_close_orders": 15,
           "rentry_pprice_dist": 0.03902768707306429,
           "rentry_pprice_dist_wallet_exposure_weighting": 0.7593813276939443,
           "wallet_exposure_limit": 1.0}}