{"config_name": "recursive_grid_0days",
 "logging_level": 0,
 "long": {"auto_unstuck_ema_dist": -0.015010672499533542,
          "auto_unstuck_wallet_exposure_threshold": 0.07458327341804699,
          "backwards_tp": true,
          "ddown_factor": 1.6414528675127404,
          "ema_span_0": 193.15807172175735,
          "ema_span_1": 1324.2944991633647,
          "enabled": true,
          "initial_eprice_ema_dist": 0.0032940199456925265,
          "initial_qty_pct": 0.014899250344118311,
          "markup_range": 0.002450130334520546,
          "min_markup": 0.004786593947539881,
          "n_close_orders": 2,
          "rentry_pprice_dist": 0.030096493328340253,
          "rentry_pprice_dist_wallet_exposure_weighting": 0.749688277288052,
          "wallet_exposure_limit": 1},
 "short": {"auto_unstuck_ema_dist": -0.05096226038727168,
           "auto_unstuck_wallet_exposure_threshold": 0.0903221881618779,
           "backwards_tp": true,
           "ddown_factor": 2.658365051300169,
           "ema_span_0": 242.69350125627372,
           "ema_span_1": 30.56154931333736,
           "enabled": false,
           "initial_eprice_ema_dist": -0.0027981579596554756,
           "initial_qty_pct": 0.030443392665781728,
           "markup_range": 0.05414667746104854,
           "min_markup": 0.003801308494767737,
           "n_close_orders": 9,
           "rentry_pprice_dist": 0.038132126479457726,
           "rentry_pprice_dist_wallet_exposure_weighting": 9.336657006083255,
           "wallet_exposure_limit": 1}}