{"config_name": "clock_0days",
 "long": {"delay_between_fills_minutes_close": 490.43756805729805,
          "delay_between_fills_minutes_entry": 454.87217867787075,
          "delay_weight_close": 116.22428653000766,
          "delay_weight_entry": 21.602471166233414,
          "ema_dist_lower": 0.012954174173066706,
          "ema_dist_upper": -0.009302000813274813,
          "ema_span_0": 900.0955054536106,
          "ema_span_1": 198.62647071522105,
          "enabled": true,
          "markup_range": 0.029342176741928464,
          "min_markup": 0.023354471547632514,
          "n_close_orders": 2,
          "qty_pct_close": 0.012429225230212048,
          "qty_pct_entry": 0.014878090504867353,
          "wallet_exposure_limit": 0.3,
          "we_multiplier_close": 29.352225665387696,
          "we_multiplier_entry": 135.79705436430254},
 "short": {"delay_between_fills_minutes_close": 590.3235079301143,
           "delay_between_fills_minutes_entry": 349.09014723751204,
           "delay_weight_close": 19.994461253891227,
           "delay_weight_entry": 2.6886433883059824,
           "ema_dist_lower": 0.005398113266045186,
           "ema_dist_upper": 0.004422699078838615,
           "ema_span_0": 245.7527379663247,
           "ema_span_1": 1952.8690309842136,
           "enabled": false,
           "markup_range": 0.005791571327098877,
           "min_markup": 0.08581230212529771,
           "n_close_orders": 3,
           "qty_pct_close": 0.027102845028449573,
           "qty_pct_entry": 0.0658130706879804,
           "wallet_exposure_limit": 1.0,
           "we_multiplier_close": 4.5826073613648735,
           "we_multiplier_entry": 0.8334365021060164}}