{"config_name": "recursive_grid_0days",
 "logging_level": 0,
 "long": {"auto_unstuck_ema_dist": 0,
          "auto_unstuck_wallet_exposure_threshold": 0,
          "backwards_tp": false,
          "ddown_factor": 1.5459660599726186,
          "ema_span_0": 59.45356205098518,
          "ema_span_1": 123.69267440508673,
          "enabled": true,
          "initial_eprice_ema_dist": -0.1,
          "initial_qty_pct": 0.00529942051477961,
          "markup_range": 0.03714421736095408,
          "min_markup": 0.009161245292669056,
          "n_close_orders": 5,
          "rentry_pprice_dist": 0.03985888850831353,
          "rentry_pprice_dist_wallet_exposure_weighting": 0,
          "wallet_exposure_limit": 0.2},
 "short": {"auto_unstuck_ema_dist": 0.032876338955192354,
           "auto_unstuck_wallet_exposure_threshold": 0.04439936479011455,
           "backwards_tp": true,
           "ddown_factor": 2.2740461569773576,
           "ema_span_0": 1343.8027440148903,
           "ema_span_1": 9825.47420208908,
           "enabled": false,
           "initial_eprice_ema_dist": -0.06218860297567694,
           "initial_qty_pct": 0.015,
           "markup_range": 0.00359712916152329,
           "min_markup": 0.001689558245313689,
           "n_close_orders": 11,
           "rentry_pprice_dist": 0.02806465679319813,
           "rentry_pprice_dist_wallet_exposure_weighting": 52.08468361862426,
           "wallet_exposure_limit": 0.1}}