{"config_name": "recursive_grid_0days",
 "logging_level": 0,
 "long": {"auto_unstuck_ema_dist": 0.003,
          "auto_unstuck_wallet_exposure_threshold": 0.031260664808578704,
          "backwards_tp": true,
          "ddown_factor": 0.1,
          "ema_span_0": 918.7017859670382,
          "ema_span_1": 1193.4191373178617,
          "enabled": true,
          "initial_eprice_ema_dist": -0.00390326880949926,
          "initial_qty_pct": 0.013346902718808078,
          "markup_range": 0.009705349393456325,
          "min_markup": 0.005201014695152816,
          "n_close_orders": 2,
          "rentry_pprice_dist": 0.033712719511410666,
          "rentry_pprice_dist_wallet_exposure_weighting": 1.0792663022988616,
          "wallet_exposure_limit": 1.0},
 "short": {"auto_unstuck_ema_dist": -0.013916167754519995,
           "auto_unstuck_wallet_exposure_threshold": 0.053143761300243855,
           "backwards_tp": true,
           "ddown_factor": 2.8356319345089234,
           "ema_span_0": 193.31998539961273,
           "ema_span_1": 327.44613987021603,
           "enabled": false,
           "initial_eprice_ema_dist": -0.052881617115229936,
           "initial_qty_pct": 0.04578960756505935,
           "markup_range": 0.00571679361865026,
           "min_markup": 0.003243450224830064,
           "n_close_orders": 8,
           "rentry_pprice_dist": 0.015885700214643018,
           "rentry_pprice_dist_wallet_exposure_weighting": 10.087333162133154,
           "wallet_exposure_limit": 1.0}}