{"config_name": "recursive_grid_0days",
 "logging_level": 0,
 "long": {"auto_unstuck_ema_dist": 0.003,
          "auto_unstuck_wallet_exposure_threshold": 0.040905957632906845,
          "backwards_tp": true,
          "ddown_factor": 1.0086308267293576,
          "ema_span_0": 959.3156575348644,
          "ema_span_1": 1233.116029667216,
          "enabled": true,
          "initial_eprice_ema_dist": 0.004,
          "initial_qty_pct": 0.01465189790603604,
          "markup_range": 0.006986093879673975,
          "min_markup": 0.005605128150987712,
          "n_close_orders": 2,
          "rentry_pprice_dist": 0.0427987217382025,
          "rentry_pprice_dist_wallet_exposure_weighting": 0.5668124637116694,
          "wallet_exposure_limit": 1},
 "short": {"auto_unstuck_ema_dist": -0.04257669834457407,
           "auto_unstuck_wallet_exposure_threshold": 0.05666962698145732,
           "backwards_tp": true,
           "ddown_factor": 2.1769037261288715,
           "ema_span_0": 911.200493371757,
           "ema_span_1": 136.88755966415422,
           "enabled": false,
           "initial_eprice_ema_dist": -0.007028982052643809,
           "initial_qty_pct": 0.060477499404485685,
           "markup_range": 0.05448937571234753,
           "min_markup": 0.004409279416501913,
           "n_close_orders": 3,
           "rentry_pprice_dist": 0.018144741789938305,
           "rentry_pprice_dist_wallet_exposure_weighting": 0.8825571568322976,
           "wallet_exposure_limit": 1.0}}