{"config_name": "clock_0days",
 "long": {"backwards_tp": true,
          "delay_between_fills_minutes_close": 1405.6921750927943,
          "delay_between_fills_minutes_entry": 1107.5705758521606,
          "delay_weight_close": 70.78806292760062,
          "delay_weight_entry": 36.78083461541205,
          "ema_dist_close": -0.00012185207309496203,
          "ema_dist_entry": 0.0017701794679069183,
          "ema_span_0": 975.9107847671025,
          "ema_span_1": 1305.4483336585233,
          "enabled": true,
          "markup_range": 0.026514778232323524,
          "min_markup": 0.01,
          "n_close_orders": 10,
          "qty_pct_close": 0.08902578110803705,
          "qty_pct_entry": 0.018039828654092725,
          "wallet_exposure_limit": 0.5,
          "we_multiplier_close": 8.518817691392421,
          "we_multiplier_entry": 84.64302820324224},
 "short": {"backwards_tp": true,
           "delay_between_fills_minutes_close": 1266.8342664888892,
           "delay_between_fills_minutes_entry": 1243.7010741189072,
           "delay_weight_close": 18.47039976920133,
           "delay_weight_entry": 90.11093873952004,
           "ema_dist_close": -0.037268343517859015,
           "ema_dist_entry": -0.016271915615162648,
           "ema_span_0": 1099.8935788757426,
           "ema_span_1": 1220.578668247827,
           "enabled": false,
           "markup_range": 0.036030251573433265,
           "min_markup": 0.007540153218696738,
           "n_close_orders": 8,
           "qty_pct_close": 0.09354325836986668,
           "qty_pct_entry": 0.06534314122057142,
           "wallet_exposure_limit": 1.0,
           "we_multiplier_close": 64.08103544571551,
           "we_multiplier_entry": 19.176133896462698}}