{"config_name": "clock_0days",
 "long": {"backwards_tp": true,
          "delay_between_fills_minutes_close": 1417.2104830294159,
          "delay_between_fills_minutes_entry": 1175.6846894563816,
          "delay_weight_close": 26.73763339102609,
          "delay_weight_entry": 19.342486511723,
          "ema_dist_close": -0.007110982619819066,
          "ema_dist_entry": 0.00017517004063636972,
          "ema_span_0": 1440,
          "ema_span_1": 338.86248850730396,
          "enabled": true,
          "markup_range": 0.06,
          "min_markup": 0.009619415959359735,
          "n_close_orders": 16,
          "qty_pct_close": 0.03457986338209887,
          "qty_pct_entry": 0.01,
          "wallet_exposure_limit": 0.5,
          "we_multiplier_close": 16.510473587522444,
          "we_multiplier_entry": 100},
 "short": {"backwards_tp": true,
           "delay_between_fills_minutes_close": 1061.2960831824935,
           "delay_between_fills_minutes_entry": 1009.1526119497436,
           "delay_weight_close": 96.1929467146425,
           "delay_weight_entry": 97.71115833659448,
           "ema_dist_close": -0.03572652032846975,
           "ema_dist_entry": -0.03970141904480453,
           "ema_span_0": 130.7552866328058,
           "ema_span_1": 20.850024231151618,
           "enabled": false,
           "markup_range": 0.05196201300635562,
           "min_markup": 0.004786392238793076,
           "n_close_orders": 7,
           "qty_pct_close": 0.0694407775523231,
           "qty_pct_entry": 0.051735100811606705,
           "wallet_exposure_limit": 1,
           "we_multiplier_close": 31.255704591549417,
           "we_multiplier_entry": 72.60832898027701}}