{"config_name": "recursive_grid_0days",
 "logging_level": 0,
 "long": {"auto_unstuck_ema_dist": 0.001,
          "auto_unstuck_wallet_exposure_threshold": 0.09479233055979691,
          "backwards_tp": true,
          "ddown_factor": 1.6343411075590162,
          "ema_span_0": 477.14333949172095,
          "ema_span_1": 518.85515180246,
          "enabled": true,
          "initial_eprice_ema_dist": -0.000435257780606944,
          "initial_qty_pct": 0.011017986219528023,
          "markup_range": 0.0029401428725916207,
          "min_markup": 0.0022164640123245884,
          "n_close_orders": 7,
          "rentry_pprice_dist": 0.021075436148285318,
          "rentry_pprice_dist_wallet_exposure_weighting": 3.0946772110028156,
          "wallet_exposure_limit": 0.2},
 "short": {"auto_unstuck_ema_dist": 0.04120717209274314,
           "auto_unstuck_wallet_exposure_threshold": 0.06904701878833007,
           "backwards_tp": true,
           "ddown_factor": 1.9630116821575494,
           "ema_span_0": 3019.408883624411,
           "ema_span_1": 2435.2980214394834,
           "enabled": false,
           "initial_eprice_ema_dist": -0.03133316418178385,
           "initial_qty_pct": 0.015,
           "markup_range": 0.018598175408677996,
           "min_markup": 0.0029747967922728715,
           "n_close_orders": 17,
           "rentry_pprice_dist": 0.02106366238464305,
           "rentry_pprice_dist_wallet_exposure_weighting": 27.18199429447867,
           "wallet_exposure_limit": 0.1}}