{"config_name": "clock_0days",
 "long": {"delay_between_fills_minutes_close": 672.0816252356155,
          "delay_between_fills_minutes_entry": 1153.4355712967358,
          "delay_weight_close": 1.2227060226653845,
          "delay_weight_entry": 17.70377467158005,
          "ema_dist_lower": 0.013154006811936033,
          "ema_dist_upper": 0,
          "ema_span_0": 479.12227137478686,
          "ema_span_1": 488.852456986243,
          "enabled": true,
          "markup_range": 0.1,
          "min_markup": 0.09034485709982976,
          "n_close_orders": 15,
          "qty_pct_close": 0.07930185337221184,
          "qty_pct_entry": 0.027441441150110463,
          "wallet_exposure_limit": 0.25,
          "we_multiplier_close": 1.3101215192083937,
          "we_multiplier_entry": 6.454234971793426},
 "short": {"delay_between_fills_minutes_close": 68.68724111251076,
           "delay_between_fills_minutes_entry": 580.030992842257,
           "delay_weight_close": 19.20607434841011,
           "delay_weight_entry": 5.039728288634732,
           "ema_dist_lower": 0.0021054811496650405,
           "ema_dist_upper": 0.01361086340360245,
           "ema_span_0": 1312.0066592439414,
           "ema_span_1": 1606.4671860730377,
           "enabled": false,
           "markup_range": 0.09167983165340093,
           "min_markup": 0.01639306521266194,
           "n_close_orders": 14,
           "qty_pct_close": 0.020164167383680855,
           "qty_pct_entry": 0.09151500545362871,
           "wallet_exposure_limit": 1.0,
           "we_multiplier_close": 9.87276773146186,
           "we_multiplier_entry": 52.611295703975735}}