{"config_name": "neat_grid_0days",
 "logging_level": 0,
 "long": {"auto_unstuck_ema_dist": 0.028850771350023285,
          "auto_unstuck_wallet_exposure_threshold": 0.5325944614057729,
          "backwards_tp": true,
          "ema_span_0": 743.7108990236475,
          "ema_span_1": 997.7769002767991,
          "enabled": true,
          "eprice_exp_base": 1.418796465268595,
          "eqty_exp_base": 2.238814409322059,
          "grid_span": 0.22169529769602855,
          "initial_eprice_ema_dist": -0.0993068119305995,
          "initial_qty_pct": 0.01,
          "markup_range": 0.0024249452988309252,
          "max_n_entry_orders": 10,
          "min_markup": 0.002,
          "n_close_orders": 6,
          "wallet_exposure_limit": 0.2},
 "short": {"auto_unstuck_ema_dist": 0.07544140300910616,
           "auto_unstuck_wallet_exposure_threshold": 0.3010166037395916,
           "backwards_tp": true,
           "ema_span_0": 2170.702467882694,
           "ema_span_1": 2653.6254075722404,
           "enabled": true,
           "eprice_exp_base": 1.5352392528146588,
           "eqty_exp_base": 1.9549980629622303,
           "grid_span": 0.2651224101657277,
           "initial_eprice_ema_dist": -0.09437338722225015,
           "initial_qty_pct": 0.01,
           "markup_range": 0.002980761489562741,
           "max_n_entry_orders": 6,
           "min_markup": 0.002,
           "n_close_orders": 20,
           "wallet_exposure_limit": 0.1}}