{"config_name": "recursive_grid_0days",
 "logging_level": 0,
 "long": {"auto_unstuck_ema_dist": 0.021701991376350108,
          "auto_unstuck_wallet_exposure_threshold": 0.08365426106824107,
          "backwards_tp": false,
          "ddown_factor": 1.7561670702678225,
          "ema_span_0": 1991.6989550807452,
          "ema_span_1": 1776.2031820320396,
          "enabled": true,
          "initial_eprice_ema_dist": -0.001047093304868063,
          "initial_qty_pct": 0.015,
          "markup_range": 0.02096693607944069,
          "min_markup": 0.00127176383187207,
          "n_close_orders": 18,
          "rentry_pprice_dist": 0.03004527270859174,
          "rentry_pprice_dist_wallet_exposure_weighting": 0,
          "wallet_exposure_limit": 0.1},
 "short": {"auto_unstuck_ema_dist": 0.07250909289486895,
           "auto_unstuck_wallet_exposure_threshold": 0.09437653761559014,
           "backwards_tp": false,
           "ddown_factor": 1.632667166500657,
           "ema_span_0": 1578.293839141137,
           "ema_span_1": 2842.9341513153436,
           "enabled": true,
           "initial_eprice_ema_dist": -0.02042638058286489,
           "initial_qty_pct": 0.015,
           "markup_range": 0.016430785817895806,
           "min_markup": 0.0012264975045021915,
           "n_close_orders": 15,
           "rentry_pprice_dist": 0.015419165587764887,
           "rentry_pprice_dist_wallet_exposure_weighting": 12.596215376573246,
           "wallet_exposure_limit": 0.1}}