{"config_name": "recursive_grid_0days",
 "logging_level": 0,
 "long": {"auto_unstuck_ema_dist": -0.0030622749438822677,
          "auto_unstuck_wallet_exposure_threshold": 0.04318071508612948,
          "backwards_tp": true,
          "ddown_factor": 0.5880507290436775,
          "ema_span_0": 601.6067228344964,
          "ema_span_1": 1438.8170937484206,
          "enabled": true,
          "initial_eprice_ema_dist": 0.006662082281858687,
          "initial_qty_pct": 0.016245396815443208,
          "markup_range": 0.0019358501344631776,
          "min_markup": 0.006398541108737175,
          "n_close_orders": 12,
          "rentry_pprice_dist": 0.015089901627384142,
          "rentry_pprice_dist_wallet_exposure_weighting": 1.1504371647120852,
          "wallet_exposure_limit": 1},
 "short": {"auto_unstuck_ema_dist": -0.023065396024481183,
           "auto_unstuck_wallet_exposure_threshold": 0.058399992136823814,
           "backwards_tp": true,
           "ddown_factor": 2.247614996402572,
           "ema_span_0": 643.7625899729597,
           "ema_span_1": 1209.545930625599,
           "enabled": false,
           "initial_eprice_ema_dist": -0.06128311167528699,
           "initial_qty_pct": 0.045699473161027855,
           "markup_range": 0.05065527185752198,
           "min_markup": 0.007212223958276073,
           "n_close_orders": 5,
           "rentry_pprice_dist": 0.04822796179512052,
           "rentry_pprice_dist_wallet_exposure_weighting": 22.36748437240866,
           "wallet_exposure_limit": 1.0}}