{"config_name": "recursive_grid_0days",
 "logging_level": 0,
 "long": {"auto_unstuck_ema_dist": 0.001,
          "auto_unstuck_wallet_exposure_threshold": 0.03130852403137446,
          "backwards_tp": true,
          "ddown_factor": 3,
          "ema_span_0": 688.5014299224542,
          "ema_span_1": 1341.8244822959482,
          "enabled": true,
          "initial_eprice_ema_dist": 0.007150260676907964,
          "initial_qty_pct": 0.019728450869993645,
          "markup_range": 0.0020664799632678643,
          "min_markup": 0.00687712099985937,
          "n_close_orders": 10,
          "rentry_pprice_dist": 0.0286961349366077,
          "rentry_pprice_dist_wallet_exposure_weighting": 0.8492932382144288,
          "wallet_exposure_limit": 1},
 "short": {"auto_unstuck_ema_dist": -0.054924263470346395,
           "auto_unstuck_wallet_exposure_threshold": 0.0320097181595992,
           "backwards_tp": true,
           "ddown_factor": 2.2171204223102934,
           "ema_span_0": 293.9395686621175,
           "ema_span_1": 632.2711330357587,
           "enabled": false,
           "initial_eprice_ema_dist": -0.032114035904235644,
           "initial_qty_pct": 0.05713329787776045,
           "markup_range": 0.025769216336015734,
           "min_markup": 0.006603356675142481,
           "n_close_orders": 13,
           "rentry_pprice_dist": 0.009724095031143642,
           "rentry_pprice_dist_wallet_exposure_weighting": 33.788765548727824,
           "wallet_exposure_limit": 1.0}}