{"config_name": "recursive_grid_0days",
 "logging_level": 0,
 "long": {"auto_unstuck_ema_dist": 0.0028219493423171675,
          "auto_unstuck_wallet_exposure_threshold": 0.03,
          "backwards_tp": true,
          "ddown_factor": 2.8653448268170427,
          "ema_span_0": 791.4803820975686,
          "ema_span_1": 74.440590313906,
          "enabled": true,
          "initial_eprice_ema_dist": 0.004,
          "initial_qty_pct": 0.01,
          "markup_range": 0.008059354072359455,
          "min_markup": 0.001111748453283854,
          "n_close_orders": 3,
          "rentry_pprice_dist": 0.03167481056503072,
          "rentry_pprice_dist_wallet_exposure_weighting": 1.9247939737004478,
          "wallet_exposure_limit": 0.6},
 "short": {"auto_unstuck_ema_dist": 0.003,
           "auto_unstuck_wallet_exposure_threshold": 0.05261025309931991,
           "backwards_tp": true,
           "ddown_factor": 1.4985829419509218,
           "ema_span_0": 269.416493636166,
           "ema_span_1": 996.4411264812668,
           "enabled": true,
           "initial_eprice_ema_dist": 0.0009680155266389111,
           "initial_qty_pct": 0.0330954545765131,
           "markup_range": 0.0030999656369984523,
           "min_markup": 0.0025701084083827527,
           "n_close_orders": 10,
           "rentry_pprice_dist": 0.04067180230636955,
           "rentry_pprice_dist_wallet_exposure_weighting": 4.038922599530988,
           "wallet_exposure_limit": 0.18}}