{"config_name": "recursive_grid_0days",
 "logging_level": 0,
 "long": {"auto_unstuck_ema_dist": 0.003,
          "auto_unstuck_wallet_exposure_threshold": 0.0639264332488806,
          "backwards_tp": true,
          "ddown_factor": 3,
          "ema_span_0": 1134.0257212787958,
          "ema_span_1": 124.6674345640061,
          "enabled": true,
          "initial_eprice_ema_dist": 0.0014596170228019724,
          "initial_qty_pct": 0.018664535997548113,
          "markup_range": 0.0022444030502121112,
          "min_markup": 0.0029383886364795346,
          "n_close_orders": 2,
          "rentry_pprice_dist": 0.0265121132640492,
          "rentry_pprice_dist_wallet_exposure_weighting": 0.0,
          "wallet_exposure_limit": 0.6},
 "short": {"auto_unstuck_ema_dist": 0.0023056228412057164,
           "auto_unstuck_wallet_exposure_threshold": 0.036793512349679716,
           "backwards_tp": true,
           "ddown_factor": 2.2751146765341668,
           "ema_span_0": 1375.392234033468,
           "ema_span_1": 146.8706812052437,
           "enabled": true,
           "initial_eprice_ema_dist": -0.0011014867835808307,
           "initial_qty_pct": 0.02404982179968048,
           "markup_range": 0.005796146773304773,
           "min_markup": 0.0061915657726672145,
           "n_close_orders": 6,
           "rentry_pprice_dist": 0.03193044510508998,
           "rentry_pprice_dist_wallet_exposure_weighting": 5.79083678610096,
           "wallet_exposure_limit": 0.18}}