{"config_name": "recursive_grid_0days",
 "logging_level": 0,
 "long": {"auto_unstuck_ema_dist": 0.003,
          "auto_unstuck_wallet_exposure_threshold": 0.050757957422892575,
          "backwards_tp": true,
          "ddown_factor": 0.9709754925670917,
          "ema_span_0": 1440,
          "ema_span_1": 582.4319609460584,
          "enabled": true,
          "initial_eprice_ema_dist": 5.1115166013280286e-05,
          "initial_qty_pct": 0.01152580217269109,
          "markup_range": 0.0069917131694722575,
          "min_markup": 0.003962184358053053,
          "n_close_orders": 8,
          "rentry_pprice_dist": 0.02011144374875451,
          "rentry_pprice_dist_wallet_exposure_weighting": 7.418406052654462,
          "wallet_exposure_limit": 0.6},
 "short": {"auto_unstuck_ema_dist": -0.0011152123058466696,
           "auto_unstuck_wallet_exposure_threshold": 0.03018348945483301,
           "backwards_tp": true,
           "ddown_factor": 0.5688614325783101,
           "ema_span_0": 806.0289952085639,
           "ema_span_1": 1265.1661942417109,
           "enabled": true,
           "initial_eprice_ema_dist": -0.009093922673415827,
           "initial_qty_pct": 0.029045916712196987,
           "markup_range": 0.005225232461050145,
           "min_markup": 0.003923989675273728,
           "n_close_orders": 2,
           "rentry_pprice_dist": 0.03097387905954473,
           "rentry_pprice_dist_wallet_exposure_weighting": 4.796902567532972,
           "wallet_exposure_limit": 0.18}}