{"config_name": "recursive_grid_0days",
 "logging_level": 0,
 "long": {"auto_unstuck_ema_dist": 0.003,
          "auto_unstuck_wallet_exposure_threshold": 0.08998353656532054,
          "backwards_tp": true,
          "ddown_factor": 2.9064737942811227,
          "ema_span_0": 1373.3204201901463,
          "ema_span_1": 272.8551700215244,
          "enabled": true,
          "initial_eprice_ema_dist": -0.0005062909689269289,
          "initial_qty_pct": 0.021067010800828862,
          "markup_range": 0.005003829203053082,
          "min_markup": 0.002431159076507723,
          "n_close_orders": 10,
          "rentry_pprice_dist": 0.02820829743435205,
          "rentry_pprice_dist_wallet_exposure_weighting": 0.0,
          "wallet_exposure_limit": 0.6},
 "short": {"auto_unstuck_ema_dist": -0.0005762986376631023,
           "auto_unstuck_wallet_exposure_threshold": 0.04152282061676168,
           "backwards_tp": true,
           "ddown_factor": 1.8673883849730994,
           "ema_span_0": 1310.150375090157,
           "ema_span_1": 121.4297756457554,
           "enabled": true,
           "initial_eprice_ema_dist": 0.0002068857205990047,
           "initial_qty_pct": 0.020356943732322805,
           "markup_range": 0.0033431229966213857,
           "min_markup": 0.0037916954786927073,
           "n_close_orders": 15,
           "rentry_pprice_dist": 0.032566745751859444,
           "rentry_pprice_dist_wallet_exposure_weighting": 5.287610857582024,
           "wallet_exposure_limit": 0.18}}