{"config_name": "recursive_grid_0days",
 "logging_level": 0,
 "long": {"auto_unstuck_ema_dist": -0.0007091943455298998,
          "auto_unstuck_wallet_exposure_threshold": 0.07243103055548639,
          "backwards_tp": true,
          "ddown_factor": 0.7745249130036593,
          "ema_span_0": 1105.2806547514763,
          "ema_span_1": 1026.6796192712982,
          "enabled": true,
          "initial_eprice_ema_dist": 0.000998155919731914,
          "initial_qty_pct": 0.01142786308016558,
          "markup_range": 0.008261499827015344,
          "min_markup": 0.005599610364150385,
          "n_close_orders": 12,
          "rentry_pprice_dist": 0.030536330852236348,
          "rentry_pprice_dist_wallet_exposure_weighting": 1.9154862910297836,
          "wallet_exposure_limit": 0.6},
 "short": {"auto_unstuck_ema_dist": 0.003,
           "auto_unstuck_wallet_exposure_threshold": 0.03,
           "backwards_tp": true,
           "ddown_factor": 0.8031762296090638,
           "ema_span_0": 1154.9935126143805,
           "ema_span_1": 1440,
           "enabled": true,
           "initial_eprice_ema_dist": 0.004,
           "initial_qty_pct": 0.025236996235316493,
           "markup_range": 0.004830233617883706,
           "min_markup": 0.009195816731289577,
           "n_close_orders": 9,
           "rentry_pprice_dist": 0.029431691169605572,
           "rentry_pprice_dist_wallet_exposure_weighting": 6.320210554388097,
           "wallet_exposure_limit": 0.18}}