{"config_name": "recursive_grid_0days",
 "logging_level": 0,
 "long": {"auto_unstuck_ema_dist": 0.003,
          "auto_unstuck_wallet_exposure_threshold": 0.05154927800887342,
          "backwards_tp": true,
          "ddown_factor": 2.0902749071479345,
          "ema_span_0": 706.4183017605734,
          "ema_span_1": 1394.033315521822,
          "enabled": true,
          "initial_eprice_ema_dist": 0.002380137581027209,
          "initial_qty_pct": 0.01100757296432132,
          "markup_range": 0.003261040332598674,
          "min_markup": 0.0018818901502442762,
          "n_close_orders": 15,
          "rentry_pprice_dist": 0.04241606536138163,
          "rentry_pprice_dist_wallet_exposure_weighting": 3.9269315160205975,
          "wallet_exposure_limit": 0.6},
 "short": {"auto_unstuck_ema_dist": -0.004475350930840134,
           "auto_unstuck_wallet_exposure_threshold": 0.03892177345286617,
           "backwards_tp": true,
           "ddown_factor": 1.1979912083374562,
           "ema_span_0": 962.5939706776223,
           "ema_span_1": 1129.1861794399463,
           "enabled": true,
           "initial_eprice_ema_dist": 0.0014354216909617523,
           "initial_qty_pct": 0.0310885469843524,
           "markup_range": 0.0002746915674434333,
           "min_markup": 0.002796639117622411,
           "n_close_orders": 6,
           "rentry_pprice_dist": 0.030169228786402397,
           "rentry_pprice_dist_wallet_exposure_weighting": 4.131947064378016,
           "wallet_exposure_limit": 0.18}}