{"config_name": "recursive_grid_0days",
 "logging_level": 0,
 "long": {"auto_unstuck_ema_dist": 0.003,
          "auto_unstuck_wallet_exposure_threshold": 0.04358655408327015,
          "backwards_tp": true,
          "ddown_factor": 0.29996139656040893,
          "ema_span_0": 1106.101945380079,
          "ema_span_1": 880.1809600177783,
          "enabled": true,
          "initial_eprice_ema_dist": 0.004,
          "initial_qty_pct": 0.011423044519728448,
          "markup_range": 0.008464594133353267,
          "min_markup": 0.004485268789911732,
          "n_close_orders": 6,
          "rentry_pprice_dist": 0.019527660956452593,
          "rentry_pprice_dist_wallet_exposure_weighting": 0.015209453117320984,
          "wallet_exposure_limit": 0.6},
 "short": {"auto_unstuck_ema_dist": 0.002242018410228641,
           "auto_unstuck_wallet_exposure_threshold": 0.09965566662634917,
           "backwards_tp": true,
           "ddown_factor": 2.1914932135903147,
           "ema_span_0": 5,
           "ema_span_1": 308.7467182385981,
           "enabled": true,
           "initial_eprice_ema_dist": 0.001247836319926643,
           "initial_qty_pct": 0.01964016719535321,
           "markup_range": 0.0,
           "min_markup": 0.0020712577850052604,
           "n_close_orders": 4,
           "rentry_pprice_dist": 0.046766766336424376,
           "rentry_pprice_dist_wallet_exposure_weighting": 1.275835243321528,
           "wallet_exposure_limit": 0.18}}