{"config_name": "recursive_grid_0days",
 "logging_level": 0,
 "long": {"auto_unstuck_ema_dist": 0.0029321675534958805,
          "auto_unstuck_wallet_exposure_threshold": 0.030423514080460658,
          "backwards_tp": true,
          "ddown_factor": 0.9582661981499005,
          "ema_span_0": 36.48768302892345,
          "ema_span_1": 1075.0941969921566,
          "enabled": true,
          "initial_eprice_ema_dist": 0.004,
          "initial_qty_pct": 0.012115689354932988,
          "markup_range": 0.002789834892624121,
          "min_markup": 0.002615937764904588,
          "n_close_orders": 8,
          "rentry_pprice_dist": 0.022407198196723908,
          "rentry_pprice_dist_wallet_exposure_weighting": 1.122378375006039,
          "wallet_exposure_limit": 0.6},
 "short": {"auto_unstuck_ema_dist": 0.003,
           "auto_unstuck_wallet_exposure_threshold": 0.048089103479852555,
           "backwards_tp": true,
           "ddown_factor": 1.1986696957030372,
           "ema_span_0": 1265.4411272831949,
           "ema_span_1": 91.20877659469353,
           "enabled": true,
           "initial_eprice_ema_dist": 0.003351754377818994,
           "initial_qty_pct": 0.028138737196740676,
           "markup_range": 0.00011873381619384338,
           "min_markup": 0.0016507629954576068,
           "n_close_orders": 11,
           "rentry_pprice_dist": 0.042875492617743836,
           "rentry_pprice_dist_wallet_exposure_weighting": 3.280385112776042,
           "wallet_exposure_limit": 0.18}}