{"config_name": "recursive_grid_0days",
 "logging_level": 0,
 "long": {"auto_unstuck_ema_dist": 0.003,
          "auto_unstuck_wallet_exposure_threshold": 0.04223107362609162,
          "backwards_tp": true,
          "ddown_factor": 1.8227640846705688,
          "ema_span_0": 1428.288759671014,
          "ema_span_1": 1007.6561108923702,
          "enabled": true,
          "initial_eprice_ema_dist": 0.004,
          "initial_qty_pct": 0.0141500762210572,
          "markup_range": 0.003768792137561971,
          "min_markup": 0.003690848703676647,
          "n_close_orders": 16,
          "rentry_pprice_dist": 0.029837465094546635,
          "rentry_pprice_dist_wallet_exposure_weighting": 5.738565229384818,
          "wallet_exposure_limit": 0.6},
 "short": {"auto_unstuck_ema_dist": 0.0007643346592832898,
           "auto_unstuck_wallet_exposure_threshold": 0.07207471442033848,
           "backwards_tp": true,
           "ddown_factor": 0.5682171093253593,
           "ema_span_0": 1440,
           "ema_span_1": 1428.3281498949996,
           "enabled": true,
           "initial_eprice_ema_dist": 0.004,
           "initial_qty_pct": 0.024773584160339923,
           "markup_range": 0.001948338304897476,
           "min_markup": 0.0018568293814016348,
           "n_close_orders": 2,
           "rentry_pprice_dist": 0.03526308618748767,
           "rentry_pprice_dist_wallet_exposure_weighting": 8.051059854922224,
           "wallet_exposure_limit": 0.18}}