{"config_name": "recursive_grid_0days",
 "logging_level": 0,
 "long": {"auto_unstuck_ema_dist": 0.0022835207467591925,
          "auto_unstuck_wallet_exposure_threshold": 0.0445813866891934,
          "backwards_tp": true,
          "ddown_factor": 0.8286542466709118,
          "ema_span_0": 856.5547946507012,
          "ema_span_1": 1336.5742373171133,
          "enabled": true,
          "initial_eprice_ema_dist": 0.002056854923402835,
          "initial_qty_pct": 0.013285489158090982,
          "markup_range": 0.011059948934282127,
          "min_markup": 0.006811627322370698,
          "n_close_orders": 4,
          "rentry_pprice_dist": 0.038342842818528934,
          "rentry_pprice_dist_wallet_exposure_weighting": 0.0867645678289834,
          "wallet_exposure_limit": 0.6},
 "short": {"auto_unstuck_ema_dist": 0.002802551291103076,
           "auto_unstuck_wallet_exposure_threshold": 0.043711972170130724,
           "backwards_tp": true,
           "ddown_factor": 1.7714076225498991,
           "ema_span_0": 1369.6292892924723,
           "ema_span_1": 435.02516436258037,
           "enabled": true,
           "initial_eprice_ema_dist": 0.004,
           "initial_qty_pct": 0.014074778341715884,
           "markup_range": 0.003308287363910318,
           "min_markup": 0.003950612409872498,
           "n_close_orders": 16,
           "rentry_pprice_dist": 0.021416397039018403,
           "rentry_pprice_dist_wallet_exposure_weighting": 3.0427281290135135,
           "wallet_exposure_limit": 0.18}}