{"config_name": "recursive_grid_0days",
 "logging_level": 0,
 "long": {"auto_unstuck_ema_dist": 0.0028945931412656663,
          "auto_unstuck_wallet_exposure_threshold": 0.03,
          "backwards_tp": true,
          "ddown_factor": 3,
          "ema_span_0": 907.9418044264145,
          "ema_span_1": 1192.258977733559,
          "enabled": true,
          "initial_eprice_ema_dist": 0.0032395017605482334,
          "initial_qty_pct": 0.018977565791970064,
          "markup_range": 0.0021011591066371535,
          "min_markup": 0.004074947866923809,
          "n_close_orders": 9,
          "rentry_pprice_dist": 0.04012108516196922,
          "rentry_pprice_dist_wallet_exposure_weighting": 3.8663239445850626,
          "wallet_exposure_limit": 0.6},
 "short": {"auto_unstuck_ema_dist": -0.0019362228162329554,
           "auto_unstuck_wallet_exposure_threshold": 0.08510571528456169,
           "backwards_tp": true,
           "ddown_factor": 0.5517891715322968,
           "ema_span_0": 1084.201381593937,
           "ema_span_1": 1416.301810068792,
           "enabled": true,
           "initial_eprice_ema_dist": 0.0017735524047724441,
           "initial_qty_pct": 0.02357795986318857,
           "markup_range": 0.0026527098031288426,
           "min_markup": 0.003386209313144773,
           "n_close_orders": 13,
           "rentry_pprice_dist": 0.036452100385427,
           "rentry_pprice_dist_wallet_exposure_weighting": 8.134007617239709,
           "wallet_exposure_limit": 0.18}}