{"config_name": "recursive_grid_0days",
 "logging_level": 0,
 "long": {"auto_unstuck_ema_dist": 0.003,
          "auto_unstuck_wallet_exposure_threshold": 0.03684247390730589,
          "backwards_tp": true,
          "ddown_factor": 1.0645287555443197,
          "ema_span_0": 214.07468863590162,
          "ema_span_1": 1181.029757409796,
          "enabled": true,
          "initial_eprice_ema_dist": -0.0018701138476288136,
          "initial_qty_pct": 0.012211874505444923,
          "markup_range": 0.006675513960782958,
          "min_markup": 0.0064622234108179955,
          "n_close_orders": 11,
          "rentry_pprice_dist": 0.036404358491645444,
          "rentry_pprice_dist_wallet_exposure_weighting": 0.555122626106266,
          "wallet_exposure_limit": 0.6},
 "short": {"auto_unstuck_ema_dist": -0.0005578275919867043,
           "auto_unstuck_wallet_exposure_threshold": 0.059709630085385206,
           "backwards_tp": true,
           "ddown_factor": 2.4731913836812702,
           "ema_span_0": 1440,
           "ema_span_1": 1161.6218396382583,
           "enabled": true,
           "initial_eprice_ema_dist": -0.000474299055771397,
           "initial_qty_pct": 0.024528905361927266,
           "markup_range": 0.0029596641591234465,
           "min_markup": 0.007356769290868303,
           "n_close_orders": 12,
           "rentry_pprice_dist": 0.04069533060079582,
           "rentry_pprice_dist_wallet_exposure_weighting": 5.805559652714188,
           "wallet_exposure_limit": 0.18}}