{"config_name": "recursive_grid_0days",
 "logging_level": 0,
 "long": {"auto_unstuck_ema_dist": -0.08155488769922284,
          "auto_unstuck_wallet_exposure_threshold": 0.06314048501133462,
          "backwards_tp": true,
          "ddown_factor": 0.5585681038430302,
          "ema_span_0": 715.1553882061885,
          "ema_span_1": 786.8957155279618,
          "enabled": true,
          "initial_eprice_ema_dist": -0.007369333344701277,
          "initial_qty_pct": 0.01,
          "markup_range": 0.0006854399108503405,
          "min_markup": 0.003199260960091924,
          "n_close_orders": 3,
          "rentry_pprice_dist": 0.026362876066550654,
          "rentry_pprice_dist_wallet_exposure_weighting": 10.427139549810317,
          "wallet_exposure_limit": 0.6},
 "short": {"auto_unstuck_ema_dist": 0.002802551291103076,
           "auto_unstuck_wallet_exposure_threshold": 0.043711972170130724,
           "backwards_tp": true,
           "ddown_factor": 1.7714076225498991,
           "ema_span_0": 1369.6292892924723,
           "ema_span_1": 435.02516436258037,
           "enabled": true,
           "initial_eprice_ema_dist": 0.004,
           "initial_qty_pct": 0.014074778341715884,
           "markup_range": 0.003308287363910318,
           "min_markup": 0.003950612409872498,
           "n_close_orders": 16,
           "rentry_pprice_dist": 0.021416397039018403,
           "rentry_pprice_dist_wallet_exposure_weighting": 3.0427281290135135,
           "wallet_exposure_limit": 0.18}}