{"config_name": "recursive_grid_0days",
 "logging_level": 0,
 "long": {"auto_unstuck_ema_dist": 0.003,
          "auto_unstuck_wallet_exposure_threshold": 0.03,
          "backwards_tp": true,
          "ddown_factor": 2.869933251678271,
          "ema_span_0": 1440,
          "ema_span_1": 1061.7357161966204,
          "enabled": true,
          "initial_eprice_ema_dist": 0.004,
          "initial_qty_pct": 0.01017378622864331,
          "markup_range": 0.004317699836307451,
          "min_markup": 0.0040726638521101114,
          "n_close_orders": 7,
          "rentry_pprice_dist": 0.04895973981408728,
          "rentry_pprice_dist_wallet_exposure_weighting": 7.2273494529406985,
          "wallet_exposure_limit": 0.6},
 "short": {"auto_unstuck_ema_dist": 0.0024028737558146555,
           "auto_unstuck_wallet_exposure_threshold": 0.06041226469350483,
           "backwards_tp": true,
           "ddown_factor": 0.36716015419463377,
           "ema_span_0": 1376.1177472092672,
           "ema_span_1": 37.248368579553315,
           "enabled": true,
           "initial_eprice_ema_dist": 0.004,
           "initial_qty_pct": 0.028097909114646973,
           "markup_range": 0.0030861765423583387,
           "min_markup": 0.00775050992893156,
           "n_close_orders": 9,
           "rentry_pprice_dist": 0.0382382139408084,
           "rentry_pprice_dist_wallet_exposure_weighting": 4.781316320967465,
           "wallet_exposure_limit": 0.18}}