{"config_name": "recursive_grid_0days",
 "logging_level": 0,
 "long": {"auto_unstuck_ema_dist": 0.0023284567520144425,
          "auto_unstuck_wallet_exposure_threshold": 0.033235225999271055,
          "backwards_tp": true,
          "ddown_factor": 1.029927812213529,
          "ema_span_0": 971.2939682553178,
          "ema_span_1": 643.9294057410485,
          "enabled": true,
          "initial_eprice_ema_dist": -0.004675893068454311,
          "initial_qty_pct": 0.010850901088308199,
          "markup_range": 0.0051670022694039214,
          "min_markup": 0.0032472309713366026,
          "n_close_orders": 9,
          "rentry_pprice_dist": 0.03146836639681477,
          "rentry_pprice_dist_wallet_exposure_weighting": 0.8636291461441649,
          "wallet_exposure_limit": 0.6},
 "short": {"auto_unstuck_ema_dist": 2.244736628313911e-05,
           "auto_unstuck_wallet_exposure_threshold": 0.04744884088920837,
           "backwards_tp": true,
           "ddown_factor": 0.6962302528976593,
           "ema_span_0": 203.53609168064662,
           "ema_span_1": 1440,
           "enabled": true,
           "initial_eprice_ema_dist": 0.0033955843650283896,
           "initial_qty_pct": 0.025730614762550688,
           "markup_range": 0.003413241911896981,
           "min_markup": 0.007294245933448864,
           "n_close_orders": 13,
           "rentry_pprice_dist": 0.022478425654208035,
           "rentry_pprice_dist_wallet_exposure_weighting": 5.643422510310336,
           "wallet_exposure_limit": 0.18}}