{"config_name": "recursive_grid_0days",
 "logging_level": 0,
 "long": {"auto_unstuck_ema_dist": 0.003,
          "auto_unstuck_wallet_exposure_threshold": 0.05131889544965346,
          "backwards_tp": true,
          "ddown_factor": 2.0394721543551686,
          "ema_span_0": 411.6949696322239,
          "ema_span_1": 462.29720267984607,
          "enabled": true,
          "initial_eprice_ema_dist": -0.0011002965999617675,
          "initial_qty_pct": 0.01428685689321408,
          "markup_range": 0.0021364169968037406,
          "min_markup": 0.0033350899534235943,
          "n_close_orders": 2,
          "rentry_pprice_dist": 0.04006891590287187,
          "rentry_pprice_dist_wallet_exposure_weighting": 1.1934251828890154,
          "wallet_exposure_limit": 0.6},
 "short": {"auto_unstuck_ema_dist": 0.003,
           "auto_unstuck_wallet_exposure_threshold": 0.041263150496732084,
           "backwards_tp": true,
           "ddown_factor": 0.5603985106738348,
           "ema_span_0": 314.8739327475358,
           "ema_span_1": 1177.9268460860021,
           "enabled": true,
           "initial_eprice_ema_dist": -0.0006151520257262641,
           "initial_qty_pct": 0.023828265418686247,
           "markup_range": 0.0024315088510258103,
           "min_markup": 0.006331259151599647,
           "n_close_orders": 11,
           "rentry_pprice_dist": 0.01465213806728736,
           "rentry_pprice_dist_wallet_exposure_weighting": 5.1388114888413305,
           "wallet_exposure_limit": 0.18}}