{"config_name": "recursive_grid_0days",
 "logging_level": 0,
 "long": {"auto_unstuck_ema_dist": 0.003,
          "auto_unstuck_wallet_exposure_threshold": 0.04022275739141828,
          "backwards_tp": true,
          "ddown_factor": 1.3221550619364626,
          "ema_span_0": 388.6915767390972,
          "ema_span_1": 721.8352075603275,
          "enabled": true,
          "initial_eprice_ema_dist": 0.0014793619676173953,
          "initial_qty_pct": 0.011809673352826558,
          "markup_range": 0.006979895452211776,
          "min_markup": 0.008944321257518484,
          "n_close_orders": 3,
          "rentry_pprice_dist": 0.03523950946121895,
          "rentry_pprice_dist_wallet_exposure_weighting": 3.260736582072516,
          "wallet_exposure_limit": 0.6},
 "short": {"auto_unstuck_ema_dist": 0.003,
           "auto_unstuck_wallet_exposure_threshold": 0.05191549554770572,
           "backwards_tp": true,
           "ddown_factor": 2.0439367480065864,
           "ema_span_0": 1440,
           "ema_span_1": 1421.0199361095863,
           "enabled": true,
           "initial_eprice_ema_dist": -0.006267307338884809,
           "initial_qty_pct": 0.02677479599870576,
           "markup_range": 0.002494126329886999,
           "min_markup": 0.005078968731939775,
           "n_close_orders": 15,
           "rentry_pprice_dist": 0.033320979982193466,
           "rentry_pprice_dist_wallet_exposure_weighting": 3.4403653785153523,
           "wallet_exposure_limit": 0.18}}