{"config_name": "recursive_grid_0days",
 "logging_level": 0,
 "long": {"auto_unstuck_ema_dist": 0.003,
          "auto_unstuck_wallet_exposure_threshold": 0.05154927800887342,
          "backwards_tp": true,
          "ddown_factor": 2.0902749071479345,
          "ema_span_0": 706.4183017605734,
          "ema_span_1": 1394.033315521822,
          "enabled": true,
          "initial_eprice_ema_dist": 0.002380137581027209,
          "initial_qty_pct": 0.01100757296432132,
          "markup_range": 0.003261040332598674,
          "min_markup": 0.0018818901502442762,
          "n_close_orders": 15,
          "rentry_pprice_dist": 0.04241606536138163,
          "rentry_pprice_dist_wallet_exposure_weighting": 3.9269315160205975,
          "wallet_exposure_limit": 0.6},
 "short": {"auto_unstuck_ema_dist": 0.003,
           "auto_unstuck_wallet_exposure_threshold": 0.03,
           "backwards_tp": true,
           "ddown_factor": 0.685020066365007,
           "ema_span_0": 1440,
           "ema_span_1": 118.67753912852794,
           "enabled": true,
           "initial_eprice_ema_dist": 0.004,
           "initial_qty_pct": 0.030820995493306812,
           "markup_range": 0.03005006752455481,
           "min_markup": 0.006464900532103992,
           "n_close_orders": 12,
           "rentry_pprice_dist": 0.027590812208469567,
           "rentry_pprice_dist_wallet_exposure_weighting": 2.854175377475997,
           "wallet_exposure_limit": 0.18}}