{"config_name": "recursive_grid_0days",
 "logging_level": 0,
 "long": {"auto_unstuck_ema_dist": 0.0022835207467591925,
          "auto_unstuck_wallet_exposure_threshold": 0.0445813866891934,
          "backwards_tp": true,
          "ddown_factor": 0.8286542466709118,
          "ema_span_0": 856.5547946507012,
          "ema_span_1": 1336.5742373171133,
          "enabled": true,
          "initial_eprice_ema_dist": 0.002056854923402835,
          "initial_qty_pct": 0.013285489158090982,
          "markup_range": 0.011059948934282127,
          "min_markup": 0.006811627322370698,
          "n_close_orders": 4,
          "rentry_pprice_dist": 0.038342842818528934,
          "rentry_pprice_dist_wallet_exposure_weighting": 0.0867645678289834,
          "wallet_exposure_limit": 0.6},
 "short": {"auto_unstuck_ema_dist": 0.003,
           "auto_unstuck_wallet_exposure_threshold": 0.04001223716638273,
           "backwards_tp": true,
           "ddown_factor": 1.6977770626585316,
           "ema_span_0": 877.8911731950968,
           "ema_span_1": 1328.0668139224272,
           "enabled": true,
           "initial_eprice_ema_dist": 0.003778196826361996,
           "initial_qty_pct": 0.027339474689912147,
           "markup_range": 0.005849540922525202,
           "min_markup": 0.0031739910097953543,
           "n_close_orders": 5,
           "rentry_pprice_dist": 0.03442244576364001,
           "rentry_pprice_dist_wallet_exposure_weighting": 6.933186904297727,
           "wallet_exposure_limit": 0.18}}