{"config_name": "recursive_grid_0days",
 "logging_level": 0,
 "long": {"auto_unstuck_ema_dist": -0.02659307095584698,
          "auto_unstuck_wallet_exposure_threshold": 0.0357116147050086,
          "backwards_tp": true,
          "ddown_factor": 0.4180047054323536,
          "ema_span_0": 1149.3354666115808,
          "ema_span_1": 1237.5508941208175,
          "enabled": true,
          "initial_eprice_ema_dist": 0.004,
          "initial_qty_pct": 0.012895830291676014,
          "markup_range": 0.0022731574688199816,
          "min_markup": 0.003887409656869542,
          "n_close_orders": 16,
          "rentry_pprice_dist": 0.044183136324282155,
          "rentry_pprice_dist_wallet_exposure_weighting": 1.4515601684939239,
          "wallet_exposure_limit": 0.6},
 "short": {"auto_unstuck_ema_dist": 0.003,
           "auto_unstuck_wallet_exposure_threshold": 0.06161246124232703,
           "backwards_tp": true,
           "ddown_factor": 0.3304458472744667,
           "ema_span_0": 1195.7320544554138,
           "ema_span_1": 399.3728281087306,
           "enabled": true,
           "initial_eprice_ema_dist": 0.0017387174832036167,
           "initial_qty_pct": 0.01840508277238215,
           "markup_range": 0.0,
           "min_markup": 0.001622457993923428,
           "n_close_orders": 9,
           "rentry_pprice_dist": 0.023339822785332295,
           "rentry_pprice_dist_wallet_exposure_weighting": 13.391670376792211,
           "wallet_exposure_limit": 0.18}}