{"config_name": "recursive_grid_0days",
 "logging_level": 0,
 "long": {"auto_unstuck_ema_dist": -0.0013763941321466723,
          "auto_unstuck_wallet_exposure_threshold": 0.05051625769228136,
          "backwards_tp": true,
          "ddown_factor": 1.6800469244119334,
          "ema_span_0": 1158.8750460939805,
          "ema_span_1": 750.8766359725101,
          "enabled": true,
          "initial_eprice_ema_dist": 0.004,
          "initial_qty_pct": 0.011468866987692904,
          "markup_range": 0.002659368999627189,
          "min_markup": 0.003810476544514964,
          "n_close_orders": 16,
          "rentry_pprice_dist": 0.04541709558636775,
          "rentry_pprice_dist_wallet_exposure_weighting": 0.2807881625358277,
          "wallet_exposure_limit": 0.6},
 "short": {"auto_unstuck_ema_dist": 0.003,
           "auto_unstuck_wallet_exposure_threshold": 0.06161246124232703,
           "backwards_tp": true,
           "ddown_factor": 0.3304458472744667,
           "ema_span_0": 1195.7320544554138,
           "ema_span_1": 399.3728281087306,
           "enabled": true,
           "initial_eprice_ema_dist": 0.0017387174832036167,
           "initial_qty_pct": 0.01840508277238215,
           "markup_range": 0.0,
           "min_markup": 0.001622457993923428,
           "n_close_orders": 9,
           "rentry_pprice_dist": 0.023339822785332295,
           "rentry_pprice_dist_wallet_exposure_weighting": 13.391670376792211,
           "wallet_exposure_limit": 0.18}}