{"config_name": "recursive_grid_0days",
 "logging_level": 0,
 "long": {"auto_unstuck_ema_dist": -0.015068741734107171,
          "auto_unstuck_wallet_exposure_threshold": 0.03,
          "backwards_tp": true,
          "ddown_factor": 0.18188586284742309,
          "ema_span_0": 1179.263763688673,
          "ema_span_1": 1081.19670571281,
          "enabled": true,
          "initial_eprice_ema_dist": -0.0973366248497411,
          "initial_qty_pct": 0.011554110369458864,
          "markup_range": 0.0038306219231717545,
          "min_markup": 0.0038117360156970314,
          "n_close_orders": 2,
          "rentry_pprice_dist": 0.036496875788760985,
          "rentry_pprice_dist_wallet_exposure_weighting": 4.213333541061511,
          "wallet_exposure_limit": 0.6},
 "short": {"auto_unstuck_ema_dist": 0.003,
           "auto_unstuck_wallet_exposure_threshold": 0.08860572047826387,
           "backwards_tp": true,
           "ddown_factor": 1.3995821954372802,
           "ema_span_0": 156.1417363904821,
           "ema_span_1": 1268.9210874505848,
           "enabled": true,
           "initial_eprice_ema_dist": -0.004304287353499867,
           "initial_qty_pct": 0.010857956609762236,
           "markup_range": 0.00892695171742165,
           "min_markup": 0.003971035663986929,
           "n_close_orders": 12,
           "rentry_pprice_dist": 0.026143415988630597,
           "rentry_pprice_dist_wallet_exposure_weighting": 7.169889106574494,
           "wallet_exposure_limit": 0.18}}