{"config_name": "recursive_grid_0days",
 "logging_level": 0,
 "long": {"auto_unstuck_ema_dist": 0.0028914047185834213,
          "auto_unstuck_wallet_exposure_threshold": 0.06834246350950268,
          "backwards_tp": true,
          "ddown_factor": 0.43909621660603726,
          "ema_span_0": 1367.6317590194774,
          "ema_span_1": 1146.5057423261403,
          "enabled": true,
          "initial_eprice_ema_dist": 0.0015918319549221044,
          "initial_qty_pct": 0.019996192002886534,
          "markup_range": 0.00801972995581415,
          "min_markup": 0.009694228507517473,
          "n_close_orders": 4,
          "rentry_pprice_dist": 0.03463977277093011,
          "rentry_pprice_dist_wallet_exposure_weighting": 2.049382835911689,
          "wallet_exposure_limit": 0.6},
 "short": {"auto_unstuck_ema_dist": 0.003,
           "auto_unstuck_wallet_exposure_threshold": 0.03235574181019918,
           "backwards_tp": true,
           "ddown_factor": 1.1993737252178054,
           "ema_span_0": 1217.5343823988617,
           "ema_span_1": 1152.8821035025103,
           "enabled": true,
           "initial_eprice_ema_dist": -0.0023257487575028446,
           "initial_qty_pct": 0.019834913710728277,
           "markup_range": 0.004189711581641422,
           "min_markup": 0.004625555406904985,
           "n_close_orders": 14,
           "rentry_pprice_dist": 0.01967499428509534,
           "rentry_pprice_dist_wallet_exposure_weighting": 4.793600616226567,
           "wallet_exposure_limit": 0.18}}