{"config_name": "recursive_grid_0days",
 "logging_level": 0,
 "long": {"auto_unstuck_ema_dist": 0.00208674721094145,
          "auto_unstuck_wallet_exposure_threshold": 0.04769977856890705,
          "backwards_tp": true,
          "ddown_factor": 2.592668547551777,
          "ema_span_0": 816.054087236017,
          "ema_span_1": 1202.2290693249272,
          "enabled": true,
          "initial_eprice_ema_dist": -0.02091894162838974,
          "initial_qty_pct": 0.010175150192147826,
          "markup_range": 0.0014504671614897718,
          "min_markup": 0.00414137628260815,
          "n_close_orders": 14,
          "rentry_pprice_dist": 0.024095472606410838,
          "rentry_pprice_dist_wallet_exposure_weighting": 5.28963360711308,
          "wallet_exposure_limit": 0.6},
 "short": {"auto_unstuck_ema_dist": -4.506906132300875e-05,
           "auto_unstuck_wallet_exposure_threshold": 0.07503689288560665,
           "backwards_tp": true,
           "ddown_factor": 1.2179044699858328,
           "ema_span_0": 595.0033312712309,
           "ema_span_1": 1409.832939585121,
           "enabled": true,
           "initial_eprice_ema_dist": 9.397723878419584e-05,
           "initial_qty_pct": 0.02295189731047975,
           "markup_range": 0.006590378663328479,
           "min_markup": 0.003652374168681252,
           "n_close_orders": 3,
           "rentry_pprice_dist": 0.028886937058202947,
           "rentry_pprice_dist_wallet_exposure_weighting": 6.305393271336308,
           "wallet_exposure_limit": 0.18}}