{"config_name": "recursive_grid_0days",
 "logging_level": 0,
 "long": {"auto_unstuck_ema_dist": 0.003,
          "auto_unstuck_wallet_exposure_threshold": 0.03534888819564537,
          "backwards_tp": true,
          "ddown_factor": 0.42048699254009886,
          "ema_span_0": 134.4175060593239,
          "ema_span_1": 1383.6416560179412,
          "enabled": true,
          "initial_eprice_ema_dist": -0.0949260624347431,
          "initial_qty_pct": 0.01803128657199608,
          "markup_range": 0.0031330931406121864,
          "min_markup": 0.004917244884094061,
          "n_close_orders": 8,
          "rentry_pprice_dist": 0.03402836850064763,
          "rentry_pprice_dist_wallet_exposure_weighting": 0.3966599784496428,
          "wallet_exposure_limit": 0.6},
 "short": {"auto_unstuck_ema_dist": 0.002375613162198492,
           "auto_unstuck_wallet_exposure_threshold": 0.03,
           "backwards_tp": true,
           "ddown_factor": 0.8780289199755296,
           "ema_span_0": 607.6741759227149,
           "ema_span_1": 1245.5761935665716,
           "enabled": true,
           "initial_eprice_ema_dist": 0.00397916637764534,
           "initial_qty_pct": 0.034403605079525945,
           "markup_range": 0.0037398135999314715,
           "min_markup": 0.0016278940263315272,
           "n_close_orders": 6,
           "rentry_pprice_dist": 0.030262577818865335,
           "rentry_pprice_dist_wallet_exposure_weighting": 3.271921347472245,
           "wallet_exposure_limit": 0.18}}