{"config_name": "recursive_grid_0days",
 "logging_level": 0,
 "long": {"auto_unstuck_ema_dist": 0.003,
          "auto_unstuck_wallet_exposure_threshold": 0.052343880732603106,
          "backwards_tp": true,
          "ddown_factor": 1.0394331372382448,
          "ema_span_0": 1413.25037925163,
          "ema_span_1": 1317.269330804107,
          "enabled": true,
          "initial_eprice_ema_dist": -0.0038014392320879853,
          "initial_qty_pct": 0.01,
          "markup_range": 0.004518386705343322,
          "min_markup": 0.0039050310841465697,
          "n_close_orders": 8,
          "rentry_pprice_dist": 0.043415911213360366,
          "rentry_pprice_dist_wallet_exposure_weighting": 1.7000511249583352,
          "wallet_exposure_limit": 0.6},
 "short": {"auto_unstuck_ema_dist": -0.004135388769154514,
           "auto_unstuck_wallet_exposure_threshold": 0.061021812565431925,
           "backwards_tp": true,
           "ddown_factor": 1.6432072381334182,
           "ema_span_0": 1414.11041549129,
           "ema_span_1": 587.4567842103852,
           "enabled": true,
           "initial_eprice_ema_dist": 0.001867236859814644,
           "initial_qty_pct": 0.013150143007253772,
           "markup_range": 0.0,
           "min_markup": 0.001081239966482071,
           "n_close_orders": 11,
           "rentry_pprice_dist": 0.047606402422769166,
           "rentry_pprice_dist_wallet_exposure_weighting": 14.148293786089472,
           "wallet_exposure_limit": 0.18}}