{"config_name": "recursive_grid_0days",
 "logging_level": 0,
 "long": {"auto_unstuck_ema_dist": 0.003,
          "auto_unstuck_wallet_exposure_threshold": 0.03391075740320764,
          "backwards_tp": true,
          "ddown_factor": 0.1702225390657776,
          "ema_span_0": 18.717091584603615,
          "ema_span_1": 997.4044756456191,
          "enabled": true,
          "initial_eprice_ema_dist": 0.004,
          "initial_qty_pct": 0.042100859125902806,
          "markup_range": 0.0024291577793988965,
          "min_markup": 0.0014707285478518424,
          "n_close_orders": 2,
          "rentry_pprice_dist": 0.031860119169067995,
          "rentry_pprice_dist_wallet_exposure_weighting": 0.990212721666591,
          "wallet_exposure_limit": 0.6},
 "short": {"auto_unstuck_ema_dist": 0.0023377245915841244,
           "auto_unstuck_wallet_exposure_threshold": 0.03383502827655832,
           "backwards_tp": true,
           "ddown_factor": 3,
           "ema_span_0": 1383.5333022381315,
           "ema_span_1": 136.96867248609274,
           "enabled": true,
           "initial_eprice_ema_dist": 0.004,
           "initial_qty_pct": 0.029537774598845094,
           "markup_range": 0.0003263519447436705,
           "min_markup": 0.001604092369251307,
           "n_close_orders": 15,
           "rentry_pprice_dist": 0.03784173741258864,
           "rentry_pprice_dist_wallet_exposure_weighting": 10.961416585571849,
           "wallet_exposure_limit": 0.18}}