{"config_name": "recursive_grid_0days",
 "logging_level": 0,
 "long": {"auto_unstuck_ema_dist": 0.003,
          "auto_unstuck_wallet_exposure_threshold": 0.03,
          "backwards_tp": true,
          "ddown_factor": 1.910112042532974,
          "ema_span_0": 1433.7234925505259,
          "ema_span_1": 1329.8747525817453,
          "enabled": true,
          "initial_eprice_ema_dist": 0.004,
          "initial_qty_pct": 0.01894191624217131,
          "markup_range": 0.004529175865263697,
          "min_markup": 0.005484374529235728,
          "n_close_orders": 6,
          "rentry_pprice_dist": 0.03329235672544528,
          "rentry_pprice_dist_wallet_exposure_weighting": 3.601231794748788,
          "wallet_exposure_limit": 0.6},
 "short": {"auto_unstuck_ema_dist": -0.001639353101712628,
           "auto_unstuck_wallet_exposure_threshold": 0.06481809941070961,
           "backwards_tp": true,
           "ddown_factor": 0.9977347311459774,
           "ema_span_0": 1360.4438426039358,
           "ema_span_1": 953.5246127651241,
           "enabled": true,
           "initial_eprice_ema_dist": -0.007843766969986994,
           "initial_qty_pct": 0.02733571955159438,
           "markup_range": 0.0037052380639147754,
           "min_markup": 0.006226268458912141,
           "n_close_orders": 9,
           "rentry_pprice_dist": 0.03362167730609201,
           "rentry_pprice_dist_wallet_exposure_weighting": 3.9380942423373946,
           "wallet_exposure_limit": 0.18}}