{"config_name": "recursive_grid_0days",
 "logging_level": 0,
 "long": {"auto_unstuck_ema_dist": 0.003,
          "auto_unstuck_wallet_exposure_threshold": 0.03298900881698244,
          "backwards_tp": true,
          "ddown_factor": 1.5895775470156752,
          "ema_span_0": 469.5561906916891,
          "ema_span_1": 822.5276662948801,
          "enabled": true,
          "initial_eprice_ema_dist": 0.004,
          "initial_qty_pct": 0.010051617695073732,
          "markup_range": 0.0,
          "min_markup": 0.003052090842216432,
          "n_close_orders": 6,
          "rentry_pprice_dist": 0.014975734067000881,
          "rentry_pprice_dist_wallet_exposure_weighting": 0.4513621662223791,
          "wallet_exposure_limit": 0.6},
 "short": {"auto_unstuck_ema_dist": 0.002242018410228641,
           "auto_unstuck_wallet_exposure_threshold": 0.09965566662634917,
           "backwards_tp": true,
           "ddown_factor": 2.1914932135903147,
           "ema_span_0": 5,
           "ema_span_1": 308.7467182385981,
           "enabled": true,
           "initial_eprice_ema_dist": 0.001247836319926643,
           "initial_qty_pct": 0.01964016719535321,
           "markup_range": 0.0,
           "min_markup": 0.0020712577850052604,
           "n_close_orders": 4,
           "rentry_pprice_dist": 0.046766766336424376,
           "rentry_pprice_dist_wallet_exposure_weighting": 1.275835243321528,
           "wallet_exposure_limit": 0.18}}