{"config_name": "recursive_grid_0days",
 "logging_level": 0,
 "long": {"auto_unstuck_ema_dist": -0.001074672017430642,
          "auto_unstuck_wallet_exposure_threshold": 0.05561896928707434,
          "backwards_tp": true,
          "ddown_factor": 0.2800969835974209,
          "ema_span_0": 1146.056740944091,
          "ema_span_1": 726.5923233104256,
          "enabled": true,
          "initial_eprice_ema_dist": -0.007291186082559191,
          "initial_qty_pct": 0.01,
          "markup_range": 0.0014868126878412097,
          "min_markup": 0.00290709462974146,
          "n_close_orders": 4,
          "rentry_pprice_dist": 0.016771831466329944,
          "rentry_pprice_dist_wallet_exposure_weighting": 4.943061823046114,
          "wallet_exposure_limit": 0.6},
 "short": {"auto_unstuck_ema_dist": -0.0003953635010388424,
           "auto_unstuck_wallet_exposure_threshold": 0.08464204144339821,
           "backwards_tp": true,
           "ddown_factor": 3,
           "ema_span_0": 1363.7681487022855,
           "ema_span_1": 1268.0434934394395,
           "enabled": true,
           "initial_eprice_ema_dist": 0.004,
           "initial_qty_pct": 0.02292979557227254,
           "markup_range": 0.0032791551570831522,
           "min_markup": 0.0015533293874031044,
           "n_close_orders": 2,
           "rentry_pprice_dist": 0.045460776115143,
           "rentry_pprice_dist_wallet_exposure_weighting": 11.930145987293788,
           "wallet_exposure_limit": 0.18}}