{"config_name": "recursive_grid_0days",
 "logging_level": 0,
 "long": {"auto_unstuck_ema_dist": -0.026288920978244257,
          "auto_unstuck_wallet_exposure_threshold": 0.05946230556661917,
          "backwards_tp": true,
          "ddown_factor": 0.9952361421116853,
          "ema_span_0": 78.7753882197059,
          "ema_span_1": 1148.0488082562968,
          "enabled": true,
          "initial_eprice_ema_dist": 0.004,
          "initial_qty_pct": 0.01,
          "markup_range": 0.0030992566743460355,
          "min_markup": 0.002712003231826832,
          "n_close_orders": 12,
          "rentry_pprice_dist": 0.04889238516757377,
          "rentry_pprice_dist_wallet_exposure_weighting": 5.054401510543265,
          "wallet_exposure_limit": 0.6},
 "short": {"auto_unstuck_ema_dist": -0.004475350930840134,
           "auto_unstuck_wallet_exposure_threshold": 0.03892177345286617,
           "backwards_tp": true,
           "ddown_factor": 1.1979912083374562,
           "ema_span_0": 962.5939706776223,
           "ema_span_1": 1129.1861794399463,
           "enabled": true,
           "initial_eprice_ema_dist": 0.0014354216909617523,
           "initial_qty_pct": 0.0310885469843524,
           "markup_range": 0.0002746915674434333,
           "min_markup": 0.002796639117622411,
           "n_close_orders": 6,
           "rentry_pprice_dist": 0.030169228786402397,
           "rentry_pprice_dist_wallet_exposure_weighting": 4.131947064378016,
           "wallet_exposure_limit": 0.18}}