{"config_name": "recursive_grid_0days",
 "logging_level": 0,
 "long": {"auto_unstuck_ema_dist": 0.0014674130066886857,
          "auto_unstuck_wallet_exposure_threshold": 0.036501446878036345,
          "backwards_tp": true,
          "ddown_factor": 2.3178591151750827,
          "ema_span_0": 433.8675765051861,
          "ema_span_1": 855.1779441621616,
          "enabled": true,
          "initial_eprice_ema_dist": 0.004,
          "initial_qty_pct": 0.018009050180312024,
          "markup_range": 0.00011410198982985493,
          "min_markup": 0.004668735252435288,
          "n_close_orders": 5,
          "rentry_pprice_dist": 0.0355550849907288,
          "rentry_pprice_dist_wallet_exposure_weighting": 1.5703491734929198,
          "wallet_exposure_limit": 0.6},
 "short": {"auto_unstuck_ema_dist": 0.003,
           "auto_unstuck_wallet_exposure_threshold": 0.03949436071153558,
           "backwards_tp": true,
           "ddown_factor": 0.9227330070823031,
           "ema_span_0": 1440,
           "ema_span_1": 79.95178657132219,
           "enabled": true,
           "initial_eprice_ema_dist": 0.004,
           "initial_qty_pct": 0.04033116805451428,
           "markup_range": 0.0016713279998693555,
           "min_markup": 0.0032980045845599575,
           "n_close_orders": 2,
           "rentry_pprice_dist": 0.03720394077767247,
           "rentry_pprice_dist_wallet_exposure_weighting": 0.042337219842593296,
           "wallet_exposure_limit": 0.18}}