{"config_name": "recursive_grid_0days",
 "logging_level": 0,
 "long": {"auto_unstuck_ema_dist": 0.003,
          "auto_unstuck_wallet_exposure_threshold": 0.030950665916402675,
          "backwards_tp": true,
          "ddown_factor": 0.1,
          "ema_span_0": 1394.4835434695387,
          "ema_span_1": 508.44856958947145,
          "enabled": true,
          "initial_eprice_ema_dist": -0.008955026667894854,
          "initial_qty_pct": 0.011432537169763425,
          "markup_range": 0.005776792475068128,
          "min_markup": 0.01,
          "n_close_orders": 9,
          "rentry_pprice_dist": 0.039252546254472866,
          "rentry_pprice_dist_wallet_exposure_weighting": 0.5024723235610136,
          "wallet_exposure_limit": 0.6},
 "short": {"auto_unstuck_ema_dist": 0.003,
           "auto_unstuck_wallet_exposure_threshold": 0.06250730940444174,
           "backwards_tp": true,
           "ddown_factor": 1.276041952196864,
           "ema_span_0": 1433.356423129066,
           "ema_span_1": 38.79412044406422,
           "enabled": true,
           "initial_eprice_ema_dist": 0.0001556432104894322,
           "initial_qty_pct": 0.031616141140515586,
           "markup_range": 0.008408898422561067,
           "min_markup": 0.007783911208706958,
           "n_close_orders": 14,
           "rentry_pprice_dist": 0.05,
           "rentry_pprice_dist_wallet_exposure_weighting": 0.2794224482826968,
           "wallet_exposure_limit": 0.18}}