{"config_name": "recursive_grid_0days",
 "logging_level": 0,
 "long": {"auto_unstuck_ema_dist": -0.001655311244293379,
          "auto_unstuck_wallet_exposure_threshold": 0.09176551715012651,
          "backwards_tp": true,
          "ddown_factor": 1.216226961277652,
          "ema_span_0": 943.0678338056439,
          "ema_span_1": 1396.771510757242,
          "enabled": true,
          "initial_eprice_ema_dist": 0.0020248409037254083,
          "initial_qty_pct": 0.022991207089148945,
          "markup_range": 0.00182699889947291,
          "min_markup": 0.005666374648662293,
          "n_close_orders": 8,
          "rentry_pprice_dist": 0.017541024711830226,
          "rentry_pprice_dist_wallet_exposure_weighting": 2.6499922551479616,
          "wallet_exposure_limit": 0.6},
 "short": {"auto_unstuck_ema_dist": 0.00021133979796123296,
           "auto_unstuck_wallet_exposure_threshold": 0.03203074586823414,
           "backwards_tp": true,
           "ddown_factor": 1.8352466009715893,
           "ema_span_0": 1118.7245001097738,
           "ema_span_1": 366.1928502407404,
           "enabled": true,
           "initial_eprice_ema_dist": 0.004,
           "initial_qty_pct": 0.0322292114130991,
           "markup_range": 0.000951728764957959,
           "min_markup": 0.0017580200630245867,
           "n_close_orders": 4,
           "rentry_pprice_dist": 0.014874554090408543,
           "rentry_pprice_dist_wallet_exposure_weighting": 9.091358045271882,
           "wallet_exposure_limit": 0.18}}