{"config_name": "recursive_grid_0days",
 "logging_level": 0,
 "long": {"auto_unstuck_ema_dist": 0.003,
          "auto_unstuck_wallet_exposure_threshold": 0.03051980721675263,
          "backwards_tp": true,
          "ddown_factor": 0.738828941256912,
          "ema_span_0": 1369.8512332306475,
          "ema_span_1": 1389.5299419489197,
          "enabled": true,
          "initial_eprice_ema_dist": 0.003610154945055786,
          "initial_qty_pct": 0.024246700789088724,
          "markup_range": 0.005408146418477026,
          "min_markup": 0.003999506890668041,
          "n_close_orders": 2,
          "rentry_pprice_dist": 0.041078945964036745,
          "rentry_pprice_dist_wallet_exposure_weighting": 0.6687805670231519,
          "wallet_exposure_limit": 0.6},
 "short": {"auto_unstuck_ema_dist": 0.0013120936043790757,
           "auto_unstuck_wallet_exposure_threshold": 0.03580137766980876,
           "backwards_tp": true,
           "ddown_factor": 0.8121421005247663,
           "ema_span_0": 1436.7178723157917,
           "ema_span_1": 1422.0156562100024,
           "enabled": true,
           "initial_eprice_ema_dist": 0.004,
           "initial_qty_pct": 0.023891522097410113,
           "markup_range": 0.0014908446397012875,
           "min_markup": 0.005794367994531091,
           "n_close_orders": 6,
           "rentry_pprice_dist": 0.02470975216068903,
           "rentry_pprice_dist_wallet_exposure_weighting": 16.682329394713985,
           "wallet_exposure_limit": 0.18}}