{"config_name": "recursive_grid_0days",
 "logging_level": 0,
 "long": {"auto_unstuck_ema_dist": -0.013641739796940208,
          "auto_unstuck_wallet_exposure_threshold": 0.06702848530327324,
          "backwards_tp": true,
          "ddown_factor": 0.3666236845691074,
          "ema_span_0": 1102.6632732828555,
          "ema_span_1": 464.87306253718884,
          "enabled": true,
          "initial_eprice_ema_dist": 0.002485066071623243,
          "initial_qty_pct": 0.015913360477053617,
          "markup_range": 0.005163861902898705,
          "min_markup": 0.003882130807266314,
          "n_close_orders": 9,
          "rentry_pprice_dist": 0.03984540135845038,
          "rentry_pprice_dist_wallet_exposure_weighting": 2.9190807460634827,
          "wallet_exposure_limit": 0.6},
 "short": {"auto_unstuck_ema_dist": 0.003,
           "auto_unstuck_wallet_exposure_threshold": 0.041263150496732084,
           "backwards_tp": true,
           "ddown_factor": 0.5603985106738348,
           "ema_span_0": 314.8739327475358,
           "ema_span_1": 1177.9268460860021,
           "enabled": true,
           "initial_eprice_ema_dist": -0.0006151520257262641,
           "initial_qty_pct": 0.023828265418686247,
           "markup_range": 0.0024315088510258103,
           "min_markup": 0.006331259151599647,
           "n_close_orders": 11,
           "rentry_pprice_dist": 0.01465213806728736,
           "rentry_pprice_dist_wallet_exposure_weighting": 5.1388114888413305,
           "wallet_exposure_limit": 0.18}}