{"config_name": "recursive_grid_0days",
 "logging_level": 0,
 "long": {"auto_unstuck_ema_dist": 0.003,
          "auto_unstuck_wallet_exposure_threshold": 0.036695669223065726,
          "backwards_tp": true,
          "ddown_factor": 0.8278945377082667,
          "ema_span_0": 1281.1605406891476,
          "ema_span_1": 1280.2260035631582,
          "enabled": true,
          "initial_eprice_ema_dist": 0.0001374782216728384,
          "initial_qty_pct": 0.011102446204206157,
          "markup_range": 0.0022199870479763214,
          "min_markup": 0.0036390335688315386,
          "n_close_orders": 7,
          "rentry_pprice_dist": 0.022167762600637405,
          "rentry_pprice_dist_wallet_exposure_weighting": 5.1438847708109865,
          "wallet_exposure_limit": 0.6},
 "short": {"auto_unstuck_ema_dist": -0.013313810040194066,
           "auto_unstuck_wallet_exposure_threshold": 0.033135961116283176,
           "backwards_tp": true,
           "ddown_factor": 0.20217035803611227,
           "ema_span_0": 1166.0537236687057,
           "ema_span_1": 1393.18010087555,
           "enabled": true,
           "initial_eprice_ema_dist": -0.0018451849995844002,
           "initial_qty_pct": 0.02125498279689099,
           "markup_range": 0.0,
           "min_markup": 0.0010736809625723023,
           "n_close_orders": 12,
           "rentry_pprice_dist": 0.03276775114847536,
           "rentry_pprice_dist_wallet_exposure_weighting": 1.9062890679997853,
           "wallet_exposure_limit": 0.18}}