{"config_name": "recursive_grid_0days",
 "logging_level": 0,
 "long": {"auto_unstuck_ema_dist": 0.003,
          "auto_unstuck_wallet_exposure_threshold": 0.05325451319737367,
          "backwards_tp": true,
          "ddown_factor": 0.829888100274524,
          "ema_span_0": 1235.6071216223486,
          "ema_span_1": 1266.5388592083398,
          "enabled": true,
          "initial_eprice_ema_dist": 0.0020488006745409144,
          "initial_qty_pct": 0.018449312727371905,
          "markup_range": 0.0010807307821789514,
          "min_markup": 0.008738988244711735,
          "n_close_orders": 4,
          "rentry_pprice_dist": 0.04266847305809606,
          "rentry_pprice_dist_wallet_exposure_weighting": 0.90951126188215,
          "wallet_exposure_limit": 0.6},
 "short": {"auto_unstuck_ema_dist": 0.00016923165786301314,
           "auto_unstuck_wallet_exposure_threshold": 0.07718292142254965,
           "backwards_tp": true,
           "ddown_factor": 3,
           "ema_span_0": 1369.8661925143122,
           "ema_span_1": 1345.862144421789,
           "enabled": true,
           "initial_eprice_ema_dist": 0.000475932817774687,
           "initial_qty_pct": 0.023321967403530403,
           "markup_range": 0.0031234249793833137,
           "min_markup": 0.002621968916505072,
           "n_close_orders": 9,
           "rentry_pprice_dist": 0.030892342285839956,
           "rentry_pprice_dist_wallet_exposure_weighting": 11.5405897445946,
           "wallet_exposure_limit": 0.18}}