{"config_name": "recursive_grid_0days",
 "logging_level": 0,
 "long": {"auto_unstuck_ema_dist": 0.003,
          "auto_unstuck_wallet_exposure_threshold": 0.033494836134916786,
          "backwards_tp": true,
          "ddown_factor": 2.098438187490305,
          "ema_span_0": 1397.844638082578,
          "ema_span_1": 954.4045104306192,
          "enabled": true,
          "initial_eprice_ema_dist": 0.004,
          "initial_qty_pct": 0.012312670853176427,
          "markup_range": 0.004755523654494043,
          "min_markup": 0.0016958801047224064,
          "n_close_orders": 2,
          "rentry_pprice_dist": 0.05,
          "rentry_pprice_dist_wallet_exposure_weighting": 1.0701525095479927,
          "wallet_exposure_limit": 0.6},
 "short": {"auto_unstuck_ema_dist": 0.003,
           "auto_unstuck_wallet_exposure_threshold": 0.03235574181019918,
           "backwards_tp": true,
           "ddown_factor": 1.1993737252178054,
           "ema_span_0": 1217.5343823988617,
           "ema_span_1": 1152.8821035025103,
           "enabled": true,
           "initial_eprice_ema_dist": -0.0023257487575028446,
           "initial_qty_pct": 0.019834913710728277,
           "markup_range": 0.004189711581641422,
           "min_markup": 0.004625555406904985,
           "n_close_orders": 14,
           "rentry_pprice_dist": 0.01967499428509534,
           "rentry_pprice_dist_wallet_exposure_weighting": 4.793600616226567,
           "wallet_exposure_limit": 0.18}}