{"config_name": "recursive_grid_0days",
 "logging_level": 0,
 "long": {"auto_unstuck_ema_dist": 0.003,
          "auto_unstuck_wallet_exposure_threshold": 0.033494836134916786,
          "backwards_tp": true,
          "ddown_factor": 2.098438187490305,
          "ema_span_0": 1397.844638082578,
          "ema_span_1": 954.4045104306192,
          "enabled": true,
          "initial_eprice_ema_dist": 0.004,
          "initial_qty_pct": 0.012312670853176427,
          "markup_range": 0.004755523654494043,
          "min_markup": 0.0016958801047224064,
          "n_close_orders": 2,
          "rentry_pprice_dist": 0.05,
          "rentry_pprice_dist_wallet_exposure_weighting": 1.0701525095479927,
          "wallet_exposure_limit": 0.6},
 "short": {"auto_unstuck_ema_dist": -0.0005578275919867043,
           "auto_unstuck_wallet_exposure_threshold": 0.059709630085385206,
           "backwards_tp": true,
           "ddown_factor": 2.4731913836812702,
           "ema_span_0": 1440,
           "ema_span_1": 1161.6218396382583,
           "enabled": true,
           "initial_eprice_ema_dist": -0.000474299055771397,
           "initial_qty_pct": 0.024528905361927266,
           "markup_range": 0.0029596641591234465,
           "min_markup": 0.007356769290868303,
           "n_close_orders": 12,
           "rentry_pprice_dist": 0.04069533060079582,
           "rentry_pprice_dist_wallet_exposure_weighting": 5.805559652714188,
           "wallet_exposure_limit": 0.18}}