{"config_name": "recursive_grid_0days",
 "logging_level": 0,
 "long": {"auto_unstuck_ema_dist": -0.0019312035348798026,
          "auto_unstuck_wallet_exposure_threshold": 0.06721225346451347,
          "backwards_tp": true,
          "ddown_factor": 1.2623517181163173,
          "ema_span_0": 358.43421768470824,
          "ema_span_1": 480.4607256392794,
          "enabled": true,
          "initial_eprice_ema_dist": 0.0020568835889354887,
          "initial_qty_pct": 0.011374688686702841,
          "markup_range": 0.00794024485081829,
          "min_markup": 0.0059824940298326525,
          "n_close_orders": 7,
          "rentry_pprice_dist": 0.04111122275371314,
          "rentry_pprice_dist_wallet_exposure_weighting": 7.185740657770073,
          "wallet_exposure_limit": 0.6},
 "short": {"auto_unstuck_ema_dist": 0.0007643346592832898,
           "auto_unstuck_wallet_exposure_threshold": 0.07207471442033848,
           "backwards_tp": true,
           "ddown_factor": 0.5682171093253593,
           "ema_span_0": 1440,
           "ema_span_1": 1428.3281498949996,
           "enabled": true,
           "initial_eprice_ema_dist": 0.004,
           "initial_qty_pct": 0.024773584160339923,
           "markup_range": 0.001948338304897476,
           "min_markup": 0.0018568293814016348,
           "n_close_orders": 2,
           "rentry_pprice_dist": 0.03526308618748767,
           "rentry_pprice_dist_wallet_exposure_weighting": 8.051059854922224,
           "wallet_exposure_limit": 0.18}}