{"config_name": "recursive_grid_0days",
 "logging_level": 0,
 "long": {"auto_unstuck_ema_dist": -1.9049483826961934e-05,
          "auto_unstuck_wallet_exposure_threshold": 0.03696187486389038,
          "backwards_tp": true,
          "ddown_factor": 0.26900400634592436,
          "ema_span_0": 1288.3366315818237,
          "ema_span_1": 33.40227036552502,
          "enabled": true,
          "initial_eprice_ema_dist": 0.0026520230689234515,
          "initial_qty_pct": 0.031352894205545066,
          "markup_range": 0.0034286379022037535,
          "min_markup": 0.005722548491325923,
          "n_close_orders": 7,
          "rentry_pprice_dist": 0.03380483723392488,
          "rentry_pprice_dist_wallet_exposure_weighting": 1.0298960564813757,
          "wallet_exposure_limit": 0.6},
 "short": {"auto_unstuck_ema_dist": 0.002725805603747442,
           "auto_unstuck_wallet_exposure_threshold": 0.03907566481761699,
           "backwards_tp": true,
           "ddown_factor": 0.2272129833329069,
           "ema_span_0": 231.86440822967683,
           "ema_span_1": 1440,
           "enabled": true,
           "initial_eprice_ema_dist": 0.004,
           "initial_qty_pct": 0.028435029949312227,
           "markup_range": 0.010029427845833064,
           "min_markup": 0.004516534900080208,
           "n_close_orders": 2,
           "rentry_pprice_dist": 0.030775452894770676,
           "rentry_pprice_dist_wallet_exposure_weighting": 0.0,
           "wallet_exposure_limit": 0.18}}