{"config_name": "recursive_grid_0days",
 "logging_level": 0,
 "long": {"auto_unstuck_ema_dist": -0.004270769886845159,
          "auto_unstuck_wallet_exposure_threshold": 0.05408609388946525,
          "backwards_tp": true,
          "ddown_factor": 0.7362185210121435,
          "ema_span_0": 1370.584918047487,
          "ema_span_1": 967.4111784374963,
          "enabled": true,
          "initial_eprice_ema_dist": -0.009421712442951945,
          "initial_qty_pct": 0.01,
          "markup_range": 0.005155614578942193,
          "min_markup": 0.0051837873017448275,
          "n_close_orders": 7,
          "rentry_pprice_dist": 0.049459552817443665,
          "rentry_pprice_dist_wallet_exposure_weighting": 1.438541436228122,
          "wallet_exposure_limit": 0.6},
 "short": {"auto_unstuck_ema_dist": -0.0009057367047351255,
           "auto_unstuck_wallet_exposure_threshold": 0.041886061560038296,
           "backwards_tp": true,
           "ddown_factor": 0.9920706031442265,
           "ema_span_0": 1284.8107015928554,
           "ema_span_1": 1164.6905656724718,
           "enabled": true,
           "initial_eprice_ema_dist": 0.004,
           "initial_qty_pct": 0.02177698709019396,
           "markup_range": 0.0093076229074021,
           "min_markup": 0.01,
           "n_close_orders": 9,
           "rentry_pprice_dist": 0.028879211349206273,
           "rentry_pprice_dist_wallet_exposure_weighting": 9.076505813593105,
           "wallet_exposure_limit": 0.18}}