{"config_name": "recursive_grid_0days",
 "logging_level": 0,
 "long": {"auto_unstuck_ema_dist": -0.08437384386163437,
          "auto_unstuck_wallet_exposure_threshold": 0.0861079945532765,
          "backwards_tp": true,
          "ddown_factor": 0.2212839414816768,
          "ema_span_0": 962.2956736120847,
          "ema_span_1": 857.0173236492578,
          "enabled": true,
          "initial_eprice_ema_dist": -0.0016151148101179315,
          "initial_qty_pct": 0.01,
          "markup_range": 0.0031285111513520815,
          "min_markup": 0.003208022182522398,
          "n_close_orders": 5,
          "rentry_pprice_dist": 0.038481285030828684,
          "rentry_pprice_dist_wallet_exposure_weighting": 5.196912700549302,
          "wallet_exposure_limit": 0.6},
 "short": {"auto_unstuck_ema_dist": 0.002802551291103076,
           "auto_unstuck_wallet_exposure_threshold": 0.043711972170130724,
           "backwards_tp": true,
           "ddown_factor": 1.7714076225498991,
           "ema_span_0": 1369.6292892924723,
           "ema_span_1": 435.02516436258037,
           "enabled": true,
           "initial_eprice_ema_dist": 0.004,
           "initial_qty_pct": 0.014074778341715884,
           "markup_range": 0.003308287363910318,
           "min_markup": 0.003950612409872498,
           "n_close_orders": 16,
           "rentry_pprice_dist": 0.021416397039018403,
           "rentry_pprice_dist_wallet_exposure_weighting": 3.0427281290135135,
           "wallet_exposure_limit": 0.18}}