{"config_name": "recursive_grid_0days",
 "logging_level": 0,
 "long": {"auto_unstuck_ema_dist": 0.003,
          "auto_unstuck_wallet_exposure_threshold": 0.033494836134916786,
          "backwards_tp": true,
          "ddown_factor": 2.098438187490305,
          "ema_span_0": 1397.844638082578,
          "ema_span_1": 954.4045104306192,
          "enabled": true,
          "initial_eprice_ema_dist": 0.004,
          "initial_qty_pct": 0.012312670853176427,
          "markup_range": 0.004755523654494043,
          "min_markup": 0.0016958801047224064,
          "n_close_orders": 2,
          "rentry_pprice_dist": 0.05,
          "rentry_pprice_dist_wallet_exposure_weighting": 1.0701525095479927,
          "wallet_exposure_limit": 0.6},
 "short": {"auto_unstuck_ema_dist": 0.003,
           "auto_unstuck_wallet_exposure_threshold": 0.03075603805200873,
           "backwards_tp": true,
           "ddown_factor": 2.6956938139938114,
           "ema_span_0": 1022.8142422772482,
           "ema_span_1": 177.74656236407088,
           "enabled": true,
           "initial_eprice_ema_dist": 0.004,
           "initial_qty_pct": 0.02111226352352771,
           "markup_range": 0.0033353950260267924,
           "min_markup": 0.006462196306246463,
           "n_close_orders": 9,
           "rentry_pprice_dist": 0.038685694033161584,
           "rentry_pprice_dist_wallet_exposure_weighting": 12.271931104955828,
           "wallet_exposure_limit": 0.18}}