{"config_name": "recursive_grid_0days",
 "logging_level": 0,
 "long": {"auto_unstuck_ema_dist": 0.003,
          "auto_unstuck_wallet_exposure_threshold": 0.05295214653919668,
          "backwards_tp": true,
          "ddown_factor": 2.8675329082663947,
          "ema_span_0": 1051.4972126660814,
          "ema_span_1": 1036.337139508786,
          "enabled": true,
          "initial_eprice_ema_dist": 0.004,
          "initial_qty_pct": 0.01787339941180448,
          "markup_range": 0.0013566611523826095,
          "min_markup": 0.009690641484407658,
          "n_close_orders": 10,
          "rentry_pprice_dist": 0.03654568578372218,
          "rentry_pprice_dist_wallet_exposure_weighting": 1.0099630019980537,
          "wallet_exposure_limit": 0.6},
 "short": {"auto_unstuck_ema_dist": -0.00010789424589272012,
           "auto_unstuck_wallet_exposure_threshold": 0.04707129749922692,
           "backwards_tp": true,
           "ddown_factor": 1.7720313220401287,
           "ema_span_0": 49.55772958976461,
           "ema_span_1": 1302.4086942768176,
           "enabled": true,
           "initial_eprice_ema_dist": -0.010152699665894414,
           "initial_qty_pct": 0.01517166879984948,
           "markup_range": 0.0003949894073069855,
           "min_markup": 0.005536164320443854,
           "n_close_orders": 7,
           "rentry_pprice_dist": 0.046909394245848814,
           "rentry_pprice_dist_wallet_exposure_weighting": 1.6292420393175062,
           "wallet_exposure_limit": 0.18}}