{"config_name": "recursive_grid_0days",
 "logging_level": 0,
 "long": {"auto_unstuck_ema_dist": -0.026288920978244257,
          "auto_unstuck_wallet_exposure_threshold": 0.05946230556661917,
          "backwards_tp": true,
          "ddown_factor": 0.9952361421116853,
          "ema_span_0": 78.7753882197059,
          "ema_span_1": 1148.0488082562968,
          "enabled": true,
          "initial_eprice_ema_dist": 0.004,
          "initial_qty_pct": 0.01,
          "markup_range": 0.0030992566743460355,
          "min_markup": 0.002712003231826832,
          "n_close_orders": 12,
          "rentry_pprice_dist": 0.04889238516757377,
          "rentry_pprice_dist_wallet_exposure_weighting": 5.054401510543265,
          "wallet_exposure_limit": 0.6},
 "short": {"auto_unstuck_ema_dist": -0.004135388769154514,
           "auto_unstuck_wallet_exposure_threshold": 0.061021812565431925,
           "backwards_tp": true,
           "ddown_factor": 1.6432072381334182,
           "ema_span_0": 1414.11041549129,
           "ema_span_1": 587.4567842103852,
           "enabled": true,
           "initial_eprice_ema_dist": 0.001867236859814644,
           "initial_qty_pct": 0.013150143007253772,
           "markup_range": 0.0,
           "min_markup": 0.001081239966482071,
           "n_close_orders": 11,
           "rentry_pprice_dist": 0.047606402422769166,
           "rentry_pprice_dist_wallet_exposure_weighting": 14.148293786089472,
           "wallet_exposure_limit": 0.18}}