{"config_name": "recursive_grid_0days",
 "logging_level": 0,
 "long": {"auto_unstuck_ema_dist": 0.003,
          "auto_unstuck_wallet_exposure_threshold": 0.059131968963394864,
          "backwards_tp": true,
          "ddown_factor": 1.9034793498649418,
          "ema_span_0": 1409.781359978375,
          "ema_span_1": 987.3106174516236,
          "enabled": true,
          "initial_eprice_ema_dist": 0.004,
          "initial_qty_pct": 0.0202864320402283,
          "markup_range": 0.0023378465080072493,
          "min_markup": 0.008303460204988828,
          "n_close_orders": 2,
          "rentry_pprice_dist": 0.04566141426734578,
          "rentry_pprice_dist_wallet_exposure_weighting": 1.9020952175945425,
          "wallet_exposure_limit": 0.6},
 "short": {"auto_unstuck_ema_dist": -0.012119237000059329,
           "auto_unstuck_wallet_exposure_threshold": 0.041975819736140944,
           "backwards_tp": true,
           "ddown_factor": 0.7095623809163104,
           "ema_span_0": 1440,
           "ema_span_1": 960.7533871461914,
           "enabled": true,
           "initial_eprice_ema_dist": 0.0026204340594945543,
           "initial_qty_pct": 0.02377695022118157,
           "markup_range": 0.0008089885332295168,
           "min_markup": 0.0018587371870852863,
           "n_close_orders": 15,
           "rentry_pprice_dist": 0.041449851118627215,
           "rentry_pprice_dist_wallet_exposure_weighting": 13.943783247326055,
           "wallet_exposure_limit": 0.18}}