{"config_name": "recursive_grid_0days",
 "logging_level": 0,
 "long": {"auto_unstuck_ema_dist": 0.003,
          "auto_unstuck_wallet_exposure_threshold": 0.03,
          "backwards_tp": true,
          "ddown_factor": 2.136355003144069,
          "ema_span_0": 1382.926602395833,
          "ema_span_1": 246.32843409990224,
          "enabled": true,
          "initial_eprice_ema_dist": -0.01001261125379569,
          "initial_qty_pct": 0.014470828870746672,
          "markup_range": 0.0032222375133974697,
          "min_markup": 0.003055048901352493,
          "n_close_orders": 9,
          "rentry_pprice_dist": 0.043646906348765856,
          "rentry_pprice_dist_wallet_exposure_weighting": 1.8029745930940404,
          "wallet_exposure_limit": 0.6},
 "short": {"auto_unstuck_ema_dist": -0.0003606324846338123,
           "auto_unstuck_wallet_exposure_threshold": 0.06307270959988348,
           "backwards_tp": true,
           "ddown_factor": 1.712487529359139,
           "ema_span_0": 797.5947116008138,
           "ema_span_1": 1379.4343329064877,
           "enabled": true,
           "initial_eprice_ema_dist": 0.0002632730557991401,
           "initial_qty_pct": 0.021053517829465917,
           "markup_range": 0.003940426652599207,
           "min_markup": 0.003016828836679905,
           "n_close_orders": 9,
           "rentry_pprice_dist": 0.022778194383958512,
           "rentry_pprice_dist_wallet_exposure_weighting": 6.989204848476558,
           "wallet_exposure_limit": 0.18}}