{"config_name": "recursive_grid_0days",
 "logging_level": 0,
 "long": {"auto_unstuck_ema_dist": 0.00031219244257886525,
          "auto_unstuck_wallet_exposure_threshold": 0.033482411280359795,
          "backwards_tp": true,
          "ddown_factor": 1.100553618257463,
          "ema_span_0": 844.2032641348567,
          "ema_span_1": 1371.7733797424298,
          "enabled": true,
          "initial_eprice_ema_dist": -0.0009901092718156129,
          "initial_qty_pct": 0.01,
          "markup_range": 0.01030380911232283,
          "min_markup": 0.0014689880584123254,
          "n_close_orders": 7,
          "rentry_pprice_dist": 0.030713035463991574,
          "rentry_pprice_dist_wallet_exposure_weighting": 2.4025442855695576,
          "wallet_exposure_limit": 0.6},
 "short": {"auto_unstuck_ema_dist": 0.003,
           "auto_unstuck_wallet_exposure_threshold": 0.06743912013607552,
           "backwards_tp": true,
           "ddown_factor": 1.1158321306795813,
           "ema_span_0": 100.85936704374309,
           "ema_span_1": 1379.6267770815919,
           "enabled": true,
           "initial_eprice_ema_dist": 0.004,
           "initial_qty_pct": 0.023312196420300153,
           "markup_range": 0.004121213974428181,
           "min_markup": 0.006741214834944557,
           "n_close_orders": 2,
           "rentry_pprice_dist": 0.0212553277286223,
           "rentry_pprice_dist_wallet_exposure_weighting": 8.054398428767731,
           "wallet_exposure_limit": 0.18}}