{"config_name": "recursive_grid_0days",
 "logging_level": 0,
 "long": {"auto_unstuck_ema_dist": 0.00208674721094145,
          "auto_unstuck_wallet_exposure_threshold": 0.04769977856890705,
          "backwards_tp": true,
          "ddown_factor": 2.592668547551777,
          "ema_span_0": 816.054087236017,
          "ema_span_1": 1202.2290693249272,
          "enabled": true,
          "initial_eprice_ema_dist": -0.02091894162838974,
          "initial_qty_pct": 0.010175150192147826,
          "markup_range": 0.0014504671614897718,
          "min_markup": 0.00414137628260815,
          "n_close_orders": 14,
          "rentry_pprice_dist": 0.024095472606410838,
          "rentry_pprice_dist_wallet_exposure_weighting": 5.28963360711308,
          "wallet_exposure_limit": 0.6},
 "short": {"auto_unstuck_ema_dist": 2.244736628313911e-05,
           "auto_unstuck_wallet_exposure_threshold": 0.04744884088920837,
           "backwards_tp": true,
           "ddown_factor": 0.6962302528976593,
           "ema_span_0": 203.53609168064662,
           "ema_span_1": 1440,
           "enabled": true,
           "initial_eprice_ema_dist": 0.0033955843650283896,
           "initial_qty_pct": 0.025730614762550688,
           "markup_range": 0.003413241911896981,
           "min_markup": 0.007294245933448864,
           "n_close_orders": 13,
           "rentry_pprice_dist": 0.022478425654208035,
           "rentry_pprice_dist_wallet_exposure_weighting": 5.643422510310336,
           "wallet_exposure_limit": 0.18}}