{"config_name": "recursive_grid_0days",
 "logging_level": 0,
 "long": {"auto_unstuck_ema_dist": 0.0023284567520144425,
          "auto_unstuck_wallet_exposure_threshold": 0.033235225999271055,
          "backwards_tp": true,
          "ddown_factor": 1.029927812213529,
          "ema_span_0": 971.2939682553178,
          "ema_span_1": 643.9294057410485,
          "enabled": true,
          "initial_eprice_ema_dist": -0.004675893068454311,
          "initial_qty_pct": 0.010850901088308199,
          "markup_range": 0.0051670022694039214,
          "min_markup": 0.0032472309713366026,
          "n_close_orders": 9,
          "rentry_pprice_dist": 0.03146836639681477,
          "rentry_pprice_dist_wallet_exposure_weighting": 0.8636291461441649,
          "wallet_exposure_limit": 0.6},
 "short": {"auto_unstuck_ema_dist": -0.00017058610154661868,
           "auto_unstuck_wallet_exposure_threshold": 0.0529354363102634,
           "backwards_tp": true,
           "ddown_factor": 1.9472750068323543,
           "ema_span_0": 1440,
           "ema_span_1": 47.72321041042258,
           "enabled": true,
           "initial_eprice_ema_dist": 0.004,
           "initial_qty_pct": 0.035719800901454754,
           "markup_range": 0.004242340386817819,
           "min_markup": 0.0024862307527303675,
           "n_close_orders": 14,
           "rentry_pprice_dist": 0.0473803289088067,
           "rentry_pprice_dist_wallet_exposure_weighting": 0.6425683779202933,
           "wallet_exposure_limit": 0.18}}