{"config_name": "recursive_grid_0days",
 "logging_level": 0,
 "long": {"auto_unstuck_ema_dist": 0.003,
          "auto_unstuck_wallet_exposure_threshold": 0.039319573711488406,
          "backwards_tp": true,
          "ddown_factor": 0.29619418767050193,
          "ema_span_0": 1398.5587937716373,
          "ema_span_1": 796.0458853124142,
          "enabled": true,
          "initial_eprice_ema_dist": 0.004,
          "initial_qty_pct": 0.016963778293389457,
          "markup_range": 0.007867726461097372,
          "min_markup": 0.0034528815725515015,
          "n_close_orders": 9,
          "rentry_pprice_dist": 0.0282165225282618,
          "rentry_pprice_dist_wallet_exposure_weighting": 1.4193987415957976,
          "wallet_exposure_limit": 0.6},
 "short": {"auto_unstuck_ema_dist": -0.05162161790174229,
           "auto_unstuck_wallet_exposure_threshold": 0.04315730197545596,
           "backwards_tp": true,
           "ddown_factor": 0.1,
           "ema_span_0": 920.0320355587734,
           "ema_span_1": 664.1006586404573,
           "enabled": true,
           "initial_eprice_ema_dist": -0.03252133411821656,
           "initial_qty_pct": 0.01,
           "markup_range": 0.015127181780949786,
           "min_markup": 0.002887286371076771,
           "n_close_orders": 13,
           "rentry_pprice_dist": 0.04988497938749053,
           "rentry_pprice_dist_wallet_exposure_weighting": 5.425035955464885,
           "wallet_exposure_limit": 0.18}}