{"config_name": "recursive_grid_0days",
 "logging_level": 0,
 "long": {"auto_unstuck_ema_dist": 0.00019314374103295657,
          "auto_unstuck_wallet_exposure_threshold": 0.03327388388663493,
          "backwards_tp": true,
          "ddown_factor": 0.5335620017662427,
          "ema_span_0": 657.0882872707434,
          "ema_span_1": 1083.977387577438,
          "enabled": true,
          "initial_eprice_ema_dist": -0.002855461958352977,
          "initial_qty_pct": 0.015012453342088655,
          "markup_range": 0.00476965345762573,
          "min_markup": 0.007686354974839399,
          "n_close_orders": 8,
          "rentry_pprice_dist": 0.027867420573802548,
          "rentry_pprice_dist_wallet_exposure_weighting": 1.2285572337284396,
          "wallet_exposure_limit": 0.6},
 "short": {"auto_unstuck_ema_dist": -0.09128082016440317,
           "auto_unstuck_wallet_exposure_threshold": 0.05029677029945887,
           "backwards_tp": true,
           "ddown_factor": 0.546538683516801,
           "ema_span_0": 1314.8676469448887,
           "ema_span_1": 799.8775326670558,
           "enabled": true,
           "initial_eprice_ema_dist": 0.003938516616149105,
           "initial_qty_pct": 0.021567800956325513,
           "markup_range": 0.0,
           "min_markup": 0.0025627499833170055,
           "n_close_orders": 13,
           "rentry_pprice_dist": 0.02507414626881636,
           "rentry_pprice_dist_wallet_exposure_weighting": 19.16922693706034,
           "wallet_exposure_limit": 0.18}}