{"config_name": "recursive_grid_0days",
 "logging_level": 0,
 "long": {"auto_unstuck_ema_dist": 0.003,
          "auto_unstuck_wallet_exposure_threshold": 0.07527932835869425,
          "backwards_tp": true,
          "ddown_factor": 2.992560103885989,
          "ema_span_0": 1361.9626850705224,
          "ema_span_1": 255.50177684139268,
          "enabled": true,
          "initial_eprice_ema_dist": 0.0024922730807445466,
          "initial_qty_pct": 0.011948264311594986,
          "markup_range": 0.005562554012337787,
          "min_markup": 0.008629116419296461,
          "n_close_orders": 9,
          "rentry_pprice_dist": 0.03690026579342544,
          "rentry_pprice_dist_wallet_exposure_weighting": 0.5194332032727549,
          "wallet_exposure_limit": 0.6},
 "short": {"auto_unstuck_ema_dist": 0.003,
           "auto_unstuck_wallet_exposure_threshold": 0.04100187793370973,
           "backwards_tp": true,
           "ddown_factor": 2.602538059126351,
           "ema_span_0": 873.9647828184491,
           "ema_span_1": 243.67648503592883,
           "enabled": true,
           "initial_eprice_ema_dist": -0.001237866503837418,
           "initial_qty_pct": 0.024583262126050522,
           "markup_range": 0.005255982255304276,
           "min_markup": 0.0016271053804942197,
           "n_close_orders": 10,
           "rentry_pprice_dist": 0.03598877392613818,
           "rentry_pprice_dist_wallet_exposure_weighting": 13.233703606091384,
           "wallet_exposure_limit": 0.18}}