{"config_name": "recursive_grid_0days",
 "logging_level": 0,
 "long": {"auto_unstuck_ema_dist": 0.003,
          "auto_unstuck_wallet_exposure_threshold": 0.030950665916402675,
          "backwards_tp": true,
          "ddown_factor": 0.1,
          "ema_span_0": 1394.4835434695387,
          "ema_span_1": 508.44856958947145,
          "enabled": true,
          "initial_eprice_ema_dist": -0.008955026667894854,
          "initial_qty_pct": 0.011432537169763425,
          "markup_range": 0.005776792475068128,
          "min_markup": 0.01,
          "n_close_orders": 9,
          "rentry_pprice_dist": 0.039252546254472866,
          "rentry_pprice_dist_wallet_exposure_weighting": 0.5024723235610136,
          "wallet_exposure_limit": 0.6},
 "short": {"auto_unstuck_ema_dist": -0.005573485800132108,
           "auto_unstuck_wallet_exposure_threshold": 0.04667338240975583,
           "backwards_tp": true,
           "ddown_factor": 0.6036594760004556,
           "ema_span_0": 1339.0842075621597,
           "ema_span_1": 1301.0870308923363,
           "enabled": true,
           "initial_eprice_ema_dist": 0.0029599756226083157,
           "initial_qty_pct": 0.03163508023095694,
           "markup_range": 0.005438563626985832,
           "min_markup": 0.006503535123278252,
           "n_close_orders": 6,
           "rentry_pprice_dist": 0.03335313313959498,
           "rentry_pprice_dist_wallet_exposure_weighting": 4.058434556712804,
           "wallet_exposure_limit": 0.18}}