{"config_name": "recursive_grid_0days",
 "logging_level": 0,
 "long": {"auto_unstuck_ema_dist": 0.003,
          "auto_unstuck_wallet_exposure_threshold": 0.030602212113799068,
          "backwards_tp": true,
          "ddown_factor": 0.4119373600324232,
          "ema_span_0": 1128.4554018705269,
          "ema_span_1": 1107.6959265938224,
          "enabled": true,
          "initial_eprice_ema_dist": 0.004,
          "initial_qty_pct": 0.013611381488922556,
          "markup_range": 0.004841922312514655,
          "min_markup": 0.007174652790887316,
          "n_close_orders": 5,
          "rentry_pprice_dist": 0.028953207893875663,
          "rentry_pprice_dist_wallet_exposure_weighting": 3.0338156084924313,
          "wallet_exposure_limit": 0.6},
 "short": {"auto_unstuck_ema_dist": -0.016420904275140324,
           "auto_unstuck_wallet_exposure_threshold": 0.046856059664494146,
           "backwards_tp": true,
           "ddown_factor": 2.4983560126043964,
           "ema_span_0": 1154.0859693381253,
           "ema_span_1": 1440,
           "enabled": true,
           "initial_eprice_ema_dist": 0.004,
           "initial_qty_pct": 0.01,
           "markup_range": 0.0,
           "min_markup": 0.001,
           "n_close_orders": 2,
           "rentry_pprice_dist": 0.04752638082158853,
           "rentry_pprice_dist_wallet_exposure_weighting": 12.636091570726029,
           "wallet_exposure_limit": 0.18}}