{"config_name": "recursive_grid_0days",
 "logging_level": 0,
 "long": {"auto_unstuck_ema_dist": 0.0014120170469778357,
          "auto_unstuck_wallet_exposure_threshold": 0.03342686484383921,
          "backwards_tp": true,
          "ddown_factor": 1.0933111960573814,
          "ema_span_0": 383.7860874013902,
          "ema_span_1": 1031.036532161009,
          "enabled": true,
          "initial_eprice_ema_dist": -0.0027094746613752136,
          "initial_qty_pct": 0.016411926002708237,
          "markup_range": 0.006473855690347461,
          "min_markup": 0.009288560403448914,
          "n_close_orders": 15,
          "rentry_pprice_dist": 0.03524815173819639,
          "rentry_pprice_dist_wallet_exposure_weighting": 1.7644985232217063,
          "wallet_exposure_limit": 0.6},
 "short": {"auto_unstuck_ema_dist": -0.0021925813827493867,
           "auto_unstuck_wallet_exposure_threshold": 0.04931616481403131,
           "backwards_tp": true,
           "ddown_factor": 0.6997316625880545,
           "ema_span_0": 1143.4182647168655,
           "ema_span_1": 956.1060766802652,
           "enabled": true,
           "initial_eprice_ema_dist": 0.0004474570712437361,
           "initial_qty_pct": 0.015015490177893373,
           "markup_range": 0.0,
           "min_markup": 0.004428283841424902,
           "n_close_orders": 10,
           "rentry_pprice_dist": 0.048741993452716646,
           "rentry_pprice_dist_wallet_exposure_weighting": 7.46958952695629,
           "wallet_exposure_limit": 0.18}}