{"config_name": "recursive_grid_0days",
 "logging_level": 0,
 "long": {"auto_unstuck_ema_dist": 0.00184119217779998,
          "auto_unstuck_wallet_exposure_threshold": 0.03970958125696695,
          "backwards_tp": true,
          "ddown_factor": 2.256051050672766,
          "ema_span_0": 1360.4970427450344,
          "ema_span_1": 707.9925093952473,
          "enabled": true,
          "initial_eprice_ema_dist": 0.003687459415485602,
          "initial_qty_pct": 0.012309555904760109,
          "markup_range": 0.0,
          "min_markup": 0.0020819003737976133,
          "n_close_orders": 15,
          "rentry_pprice_dist": 0.044663052514133245,
          "rentry_pprice_dist_wallet_exposure_weighting": 1.8615977325185307,
          "wallet_exposure_limit": 0.6},
 "short": {"auto_unstuck_ema_dist": 0.003,
           "auto_unstuck_wallet_exposure_threshold": 0.05261025309931991,
           "backwards_tp": true,
           "ddown_factor": 1.4985829419509218,
           "ema_span_0": 269.416493636166,
           "ema_span_1": 996.4411264812668,
           "enabled": true,
           "initial_eprice_ema_dist": 0.0009680155266389111,
           "initial_qty_pct": 0.0330954545765131,
           "markup_range": 0.0030999656369984523,
           "min_markup": 0.0025701084083827527,
           "n_close_orders": 10,
           "rentry_pprice_dist": 0.04067180230636955,
           "rentry_pprice_dist_wallet_exposure_weighting": 4.038922599530988,
           "wallet_exposure_limit": 0.18}}