{"config_name": "recursive_grid_0days",
 "logging_level": 0,
 "long": {"auto_unstuck_ema_dist": 0.003,
          "auto_unstuck_wallet_exposure_threshold": 0.030911955166892286,
          "backwards_tp": true,
          "ddown_factor": 0.22187588803741545,
          "ema_span_0": 154.51309974129384,
          "ema_span_1": 934.2448715115821,
          "enabled": true,
          "initial_eprice_ema_dist": -0.0925050368819224,
          "initial_qty_pct": 0.010197539897553254,
          "markup_range": 0.0034534734848061886,
          "min_markup": 0.00522893331726242,
          "n_close_orders": 4,
          "rentry_pprice_dist": 0.02812808881798212,
          "rentry_pprice_dist_wallet_exposure_weighting": 1.080074278110017,
          "wallet_exposure_limit": 0.6},
 "short": {"auto_unstuck_ema_dist": -0.004766204507060134,
           "auto_unstuck_wallet_exposure_threshold": 0.09588518094177949,
           "backwards_tp": true,
           "ddown_factor": 1.873190611465967,
           "ema_span_0": 233.13772704050578,
           "ema_span_1": 1440,
           "enabled": true,
           "initial_eprice_ema_dist": 0.0003533603946846062,
           "initial_qty_pct": 0.03389067254410753,
           "markup_range": 0.003670912632357146,
           "min_markup": 0.005575823069483568,
           "n_close_orders": 7,
           "rentry_pprice_dist": 0.0399497914010899,
           "rentry_pprice_dist_wallet_exposure_weighting": 3.624785923971556,
           "wallet_exposure_limit": 0.18}}