{"config_name": "recursive_grid_0days",
 "logging_level": 0,
 "long": {"auto_unstuck_ema_dist": 0.0029321675534958805,
          "auto_unstuck_wallet_exposure_threshold": 0.030423514080460658,
          "backwards_tp": true,
          "ddown_factor": 0.9582661981499005,
          "ema_span_0": 36.48768302892345,
          "ema_span_1": 1075.0941969921566,
          "enabled": true,
          "initial_eprice_ema_dist": 0.004,
          "initial_qty_pct": 0.012115689354932988,
          "markup_range": 0.002789834892624121,
          "min_markup": 0.002615937764904588,
          "n_close_orders": 8,
          "rentry_pprice_dist": 0.022407198196723908,
          "rentry_pprice_dist_wallet_exposure_weighting": 1.122378375006039,
          "wallet_exposure_limit": 0.6},
 "short": {"auto_unstuck_ema_dist": 0.003,
           "auto_unstuck_wallet_exposure_threshold": 0.04157651455471053,
           "backwards_tp": true,
           "ddown_factor": 1.710868829338175,
           "ema_span_0": 791.395199696054,
           "ema_span_1": 1205.1874890869117,
           "enabled": true,
           "initial_eprice_ema_dist": 0.0037338036265557595,
           "initial_qty_pct": 0.01882336429560255,
           "markup_range": 0.0014672978327682955,
           "min_markup": 0.0027672148669106496,
           "n_close_orders": 3,
           "rentry_pprice_dist": 0.042978751246169886,
           "rentry_pprice_dist_wallet_exposure_weighting": 5.109222010470401,
           "wallet_exposure_limit": 0.18}}