{"config_name": "recursive_grid_0days",
 "logging_level": 0,
 "long": {"auto_unstuck_ema_dist": 0.0028219493423171675,
          "auto_unstuck_wallet_exposure_threshold": 0.03,
          "backwards_tp": true,
          "ddown_factor": 2.8653448268170427,
          "ema_span_0": 791.4803820975686,
          "ema_span_1": 74.440590313906,
          "enabled": true,
          "initial_eprice_ema_dist": 0.004,
          "initial_qty_pct": 0.01,
          "markup_range": 0.008059354072359455,
          "min_markup": 0.001111748453283854,
          "n_close_orders": 3,
          "rentry_pprice_dist": 0.03167481056503072,
          "rentry_pprice_dist_wallet_exposure_weighting": 1.9247939737004478,
          "wallet_exposure_limit": 0.6},
 "short": {"auto_unstuck_ema_dist": -0.007405375545333571,
           "auto_unstuck_wallet_exposure_threshold": 0.07991878592500845,
           "backwards_tp": true,
           "ddown_factor": 0.1,
           "ema_span_0": 296.8347687133766,
           "ema_span_1": 71.15109545328077,
           "enabled": true,
           "initial_eprice_ema_dist": -0.09597811386424294,
           "initial_qty_pct": 0.025298016650410964,
           "markup_range": 0.01082339633251182,
           "min_markup": 0.005164240548698974,
           "n_close_orders": 10,
           "rentry_pprice_dist": 0.013904938763651268,
           "rentry_pprice_dist_wallet_exposure_weighting": 2.9729680868405595,
           "wallet_exposure_limit": 0.18}}