{"config_name": "recursive_grid_0days",
 "logging_level": 0,
 "long": {"auto_unstuck_ema_dist": 0.002895938436194281,
          "auto_unstuck_wallet_exposure_threshold": 0.03205050450654583,
          "backwards_tp": true,
          "ddown_factor": 0.324561906541248,
          "ema_span_0": 1413.1623331597348,
          "ema_span_1": 331.2727902054092,
          "enabled": true,
          "initial_eprice_ema_dist": 0.004,
          "initial_qty_pct": 0.013700082801647941,
          "markup_range": 0.005285970698156206,
          "min_markup": 0.009276576112840306,
          "n_close_orders": 4,
          "rentry_pprice_dist": 0.025251246725784597,
          "rentry_pprice_dist_wallet_exposure_weighting": 1.6166740345669295,
          "wallet_exposure_limit": 0.6},
 "short": {"auto_unstuck_ema_dist": 0.0018943120879379,
           "auto_unstuck_wallet_exposure_threshold": 0.09557451443784945,
           "backwards_tp": true,
           "ddown_factor": 1.555352360353507,
           "ema_span_0": 1399.2457715030214,
           "ema_span_1": 1387.3131974752657,
           "enabled": true,
           "initial_eprice_ema_dist": 0.0026983798051557722,
           "initial_qty_pct": 0.0181621801734936,
           "markup_range": 0.004633601448513634,
           "min_markup": 0.006869010876655898,
           "n_close_orders": 2,
           "rentry_pprice_dist": 0.02808832088158158,
           "rentry_pprice_dist_wallet_exposure_weighting": 5.14041982690183,
           "wallet_exposure_limit": 0.18}}