{"config_name": "clock_0days",
 "long": {"backwards_tp": true,
          "delay_between_fills_minutes_close": 990.7964726117804,
          "delay_between_fills_minutes_entry": 937.5264399037668,
          "delay_weight_close": 80.29043059614456,
          "delay_weight_entry": 15.249842965597704,
          "ema_dist_close": -0.003328981597060368,
          "ema_dist_entry": 0.0037102166182279243,
          "ema_span_0": 400.2710460689907,
          "ema_span_1": 1048.7345690267448,
          "enabled": true,
          "markup_range": 0.05935938757537085,
          "min_markup": 0.009644805701977854,
          "n_close_orders": 6,
          "qty_pct_close": 0.04960897511387887,
          "qty_pct_entry": 0.01634341405375336,
          "wallet_exposure_limit": 0.4,
          "we_multiplier_close": 0,
          "we_multiplier_entry": 83.54054981820893},
 "short": {"backwards_tp": true,
           "delay_between_fills_minutes_close": 559.2167695670632,
           "delay_between_fills_minutes_entry": 1299.5156644911783,
           "delay_weight_close": 1.638110224079603,
           "delay_weight_entry": 77.18451404616968,
           "ema_dist_close": -0.0313693066564923,
           "ema_dist_entry": -0.00878529139341045,
           "ema_span_0": 398.0174877794063,
           "ema_span_1": 245.380397105735,
           "enabled": false,
           "markup_range": 0.008388205895465359,
           "min_markup": 0.00834667612703734,
           "n_close_orders": 6,
           "qty_pct_close": 0.03307115415079946,
           "qty_pct_entry": 0.06069202160013041,
           "wallet_exposure_limit": 1.0,
           "we_multiplier_close": 93.34272015660822,
           "we_multiplier_entry": 21.789678113051856}}