{"config_name": "recursive_grid_0days",
 "logging_level": 0,
 "long": {"auto_unstuck_ema_dist": 0.0005994291451785067,
          "auto_unstuck_wallet_exposure_threshold": 0.08149478741906055,
          "backwards_tp": true,
          "ddown_factor": 1.0598342620910266,
          "ema_span_0": 1353.1151838941432,
          "ema_span_1": 337.10114896509407,
          "enabled": true,
          "initial_eprice_ema_dist": -0.02342779668030033,
          "initial_qty_pct": 0.029505111703956134,
          "markup_range": 0.007533154665572212,
          "min_markup": 0.0012187770861373079,
          "n_close_orders": 3,
          "rentry_pprice_dist": 0.04102847717623993,
          "rentry_pprice_dist_wallet_exposure_weighting": 0.5597312826957324,
          "wallet_exposure_limit": 0.2},
 "short": {"auto_unstuck_ema_dist": -0.06494751239785038,
           "auto_unstuck_wallet_exposure_threshold": 0.046757331052055734,
           "backwards_tp": true,
           "ddown_factor": 1.996604778762256,
           "ema_span_0": 650.6044350565669,
           "ema_span_1": 1034.349465499886,
           "enabled": false,
           "initial_eprice_ema_dist": -0.09199112407361303,
           "initial_qty_pct": 0.09708421915728635,
           "markup_range": 0.0020574308334840017,
           "min_markup": 0.008903787026236669,
           "n_close_orders": 11,
           "rentry_pprice_dist": 0.02741562984655196,
           "rentry_pprice_dist_wallet_exposure_weighting": 6.784614529428376,
           "wallet_exposure_limit": 1.0}}