{"config_name": "recursive_grid_0days",
 "logging_level": 0,
 "long": {"auto_unstuck_ema_dist": 0.0,
          "auto_unstuck_wallet_exposure_threshold": 0.0,
          "backwards_tp": false,
          "ddown_factor": 2.6537978125152244,
          "ema_span_0": 320.5409325321494,
          "ema_span_1": 302.68331535237616,
          "enabled": true,
          "initial_eprice_ema_dist": -0.1,
          "initial_qty_pct": 0.0019743212970764145,
          "markup_range": 0.03960261673875287,
          "min_markup": 0.007416059510621167,
          "n_close_orders": 5,
          "rentry_pprice_dist": 0.04033699499281777,
          "rentry_pprice_dist_wallet_exposure_weighting": 0.0,
          "wallet_exposure_limit": 0.2},
 "short": {"auto_unstuck_ema_dist": 0.008701289579250985,
           "auto_unstuck_wallet_exposure_threshold": 0.07802458650086172,
           "backwards_tp": true,
           "ddown_factor": 2.7726693827923232,
           "ema_span_0": 966.5626574546944,
           "ema_span_1": 1629.3801518426908,
           "enabled": false,
           "initial_eprice_ema_dist": -0.012160175191409536,
           "initial_qty_pct": 0.015,
           "markup_range": 0.026517861011040554,
           "min_markup": 0.0029886330056364406,
           "n_close_orders": 8,
           "rentry_pprice_dist": 0.02788124451281254,
           "rentry_pprice_dist_wallet_exposure_weighting": 48.43947652675404,
           "wallet_exposure_limit": 0.1}}
