{"config_name": "emas_0days",
 "long": {"delay_between_fills_minutes_close": 457.7120922364245,
          "delay_between_fills_minutes_entry": 467.55092620632087,
          "delay_weight_close": 51.94097335366362,
          "delay_weight_entry": 39.84843746197568,
          "ema_dist_lower": -0.5810653821788583,
          "ema_dist_upper": -0.04937088604319019,
          "ema_span_0": 1450.195527668194,
          "ema_span_1": 2486.501123013478,
          "enabled": true,
          "markup_range": 0.007267879240058554,
          "min_markup": 0.019846940127676155,
          "n_close_orders": 5,
          "qty_pct_close": 0.07032884200128217,
          "qty_pct_entry": 0.0035386823615341303,
          "wallet_exposure_limit": 0.25,
          "we_multiplier_close": 0.3557116947396268,
          "we_multiplier_entry": 100.25013571447553},
 "short": {"delay_between_fills_minutes_close": 163.15801568284314,
           "delay_between_fills_minutes_entry": 116.5428936798454,
           "delay_weight_close": 32.88594432900797,
           "delay_weight_entry": 72.374390178252,
           "ema_dist_lower": -0.13529923153161172,
           "ema_dist_upper": -0.12359021015728267,
           "ema_span_0": 710.2882134727174,
           "ema_span_1": 1944.1360996390329,
           "enabled": false,
           "markup_range": 0.008993698713830395,
           "min_markup": 0.005379244422606647,
           "n_close_orders": 4,
           "qty_pct_close": 0.014690450537498533,
           "qty_pct_entry": 0.006227348987897342,
           "wallet_exposure_limit": 0.1,
           "we_multiplier_close": 52.485097022090116,
           "we_multiplier_entry": 114.61224964034561}}