{"config_name": "recursive_grid_0days",
 "logging_level": 0,
 "long": {"auto_unstuck_ema_dist": -0.0004993108919129213,
          "auto_unstuck_wallet_exposure_threshold": 0.09402012540436591,
          "backwards_tp": true,
          "ddown_factor": 1.4589085503200139,
          "ema_span_0": 681.9475661775165,
          "ema_span_1": 1215.016720100491,
          "enabled": true,
          "initial_eprice_ema_dist": 0.004,
          "initial_qty_pct": 0.05315647609086264,
          "markup_range": 0.002754422070586054,
          "min_markup": 0.003564698722624434,
          "n_close_orders": 10,
          "rentry_pprice_dist": 0.040966599413223746,
          "rentry_pprice_dist_wallet_exposure_weighting": 2.175663021090163,
          "wallet_exposure_limit": 0.2},
 "short": {"auto_unstuck_ema_dist": -0.07035048446330394,
           "auto_unstuck_wallet_exposure_threshold": 0.07149271491238282,
           "backwards_tp": true,
           "ddown_factor": 2.6974962945588823,
           "ema_span_0": 1400.3089508909138,
           "ema_span_1": 83.76182678050597,
           "enabled": false,
           "initial_eprice_ema_dist": -0.014203319132243125,
           "initial_qty_pct": 0.06847653471415707,
           "markup_range": 0.02466027241015925,
           "min_markup": 0.001168095935914677,
           "n_close_orders": 9,
           "rentry_pprice_dist": 0.03657070553688572,
           "rentry_pprice_dist_wallet_exposure_weighting": 11.978512141569972,
           "wallet_exposure_limit": 1.0}}