{"config_name": "recursive_grid_0days",
 "logging_level": 0,
 "long": {"auto_unstuck_ema_dist": 0.04752360161027487,
          "auto_unstuck_wallet_exposure_threshold": 0.05856255542215534,
          "backwards_tp": true,
          "ddown_factor": 2.143532892058349,
          "ema_span_0": 567.4955859247468,
          "ema_span_1": 590.9704559651055,
          "enabled": true,
          "initial_eprice_ema_dist": 0,
          "initial_qty_pct": 0.012331129592311325,
          "markup_range": 0.004148074481451315,
          "min_markup": 0.003049172764991128,
          "n_close_orders": 8,
          "rentry_pprice_dist": 0.040376418854246525,
          "rentry_pprice_dist_wallet_exposure_weighting": 0.8353636856518872,
          "wallet_exposure_limit": 0.2},
 "short": {"auto_unstuck_ema_dist": 0.07829489227295107,
           "auto_unstuck_wallet_exposure_threshold": 0.03355205598269068,
           "backwards_tp": true,
           "ddown_factor": 1.6343156087921702,
           "ema_span_0": 3512.686672940888,
           "ema_span_1": 676.1796984585786,
           "enabled": false,
           "initial_eprice_ema_dist": -0.06983342165162926,
           "initial_qty_pct": 0.015,
           "markup_range": 0.027429346951790473,
           "min_markup": 0.002020476652872984,
           "n_close_orders": 19,
           "rentry_pprice_dist": 0.04958439989924494,
           "rentry_pprice_dist_wallet_exposure_weighting": 48.90012381362202,
           "wallet_exposure_limit": 0.1}}