{"config_name": "recursive_grid_0days",
 "logging_level": 0,
 "long": {"auto_unstuck_ema_dist": 0,
          "auto_unstuck_wallet_exposure_threshold": 0,
          "backwards_tp": false,
          "ddown_factor": 0.9863748482379078,
          "ema_span_0": 302.8552270874468,
          "ema_span_1": 85.29359855869086,
          "enabled": true,
          "initial_eprice_ema_dist": -0.14159432380622114,
          "initial_qty_pct": 0.0056029028486807185,
          "markup_range": 0.033045063399682266,
          "min_markup": 0.003244329408388594,
          "n_close_orders": 4,
          "rentry_pprice_dist": 0.030381689203342596,
          "rentry_pprice_dist_wallet_exposure_weighting": 0.0,
          "wallet_exposure_limit": 0.2},
 "short": {"auto_unstuck_ema_dist": 0.01944296918694791,
           "auto_unstuck_wallet_exposure_threshold": 0.08578107087973762,
           "backwards_tp": true,
           "ddown_factor": 2.517861960512293,
           "ema_span_0": 1443.5778250269298,
           "ema_span_1": 7997.613668305269,
           "enabled": false,
           "initial_eprice_ema_dist": -0.02383858947410601,
           "initial_qty_pct": 0.015,
           "markup_range": 0.021140044722245198,
           "min_markup": 0.001036902485171396,
           "n_close_orders": 15,
           "rentry_pprice_dist": 0.010981564419839506,
           "rentry_pprice_dist_wallet_exposure_weighting": 63.2016716561508,
           "wallet_exposure_limit": 0.1}}