{"config_name": "emas_0days",
 "long": {"delay_between_fills_minutes_close": 368.0018304947466,
          "delay_between_fills_minutes_entry": 290.03446654785495,
          "delay_weight_close": 50.752164729593765,
          "delay_weight_entry": 14.430914059290885,
          "ema_dist_lower": 0.010089435457777489,
          "ema_dist_upper": 0.0021072938470403837,
          "ema_span_0": 391.35538782725627,
          "ema_span_1": 2260.467813922841,
          "enabled": true,
          "markup_range": 0.02962139876515443,
          "min_markup": 0.019340538044865768,
          "n_close_orders": 4,
          "qty_pct_close": 0.02086073770080101,
          "qty_pct_entry": 0.0035529838366659054,
          "wallet_exposure_limit": 1,
          "we_multiplier_close": 24.404408026424633,
          "we_multiplier_entry": 87.2798454325613},
 "short": {"delay_between_fills_minutes_close": 8.046464451493156,
           "delay_between_fills_minutes_entry": 1637.4039423552688,
           "delay_weight_close": 63.15916677205601,
           "delay_weight_entry": 9.911156992671943,
           "ema_dist_lower": 0.01325076331451833,
           "ema_dist_upper": 0.012083033400692247,
           "ema_span_0": 219.73388394238728,
           "ema_span_1": 92.10440257464364,
           "enabled": false,
           "markup_range": 0.06968961553719265,
           "min_markup": 0.029178775582143754,
           "n_close_orders": 12,
           "qty_pct_close": 0.02161933102818105,
           "qty_pct_entry": 0.030295754297649257,
           "wallet_exposure_limit": 1.0,
           "we_multiplier_close": 41.32953892336401,
           "we_multiplier_entry": 63.65765548599657}}