{"config_name": "recursive_grid_0days",
 "logging_level": 0,
 "long": {"auto_unstuck_delay_minutes": 0.0,
          "auto_unstuck_ema_dist": 0.003,
          "auto_unstuck_qty_pct": 0,
          "auto_unstuck_wallet_exposure_threshold": 0.5208877149729455,
          "backwards_tp": true,
          "ddown_factor": 1.5899717249164211,
          "ema_span_0": 1213.669517138301,
          "ema_span_1": 706.0223125846974,
          "enabled": true,
          "initial_eprice_ema_dist": 0.003,
          "initial_qty_pct": 0.011274778216679385,
          "markup_range": 0.003968258007210523,
          "min_markup": 0.00722786370951018,
          "n_close_orders": 2,
          "rentry_pprice_dist": 0.048247110514838765,
          "rentry_pprice_dist_wallet_exposure_weighting": 0.5799486246242247,
          "wallet_exposure_limit": 0.1},
 "short": {"auto_unstuck_delay_minutes": 706.9736938228847,
           "auto_unstuck_ema_dist": -0.06724097359938545,
           "auto_unstuck_qty_pct": 0.06961563604983939,
           "auto_unstuck_wallet_exposure_threshold": 0.7387770190145029,
           "backwards_tp": true,
           "ddown_factor": 1.7741304219535234,
           "ema_span_0": 1074.0399059581089,
           "ema_span_1": 1028.396620723673,
           "enabled": false,
           "initial_eprice_ema_dist": -0.00898578070787183,
           "initial_qty_pct": 0.048447098365647805,
           "markup_range": 0.033417833344454494,
           "min_markup": 0.006970805734449567,
           "n_close_orders": 10,
           "rentry_pprice_dist": 0.00726134001805592,
           "rentry_pprice_dist_wallet_exposure_weighting": 14.33229547467122,
           "wallet_exposure_limit": 1.0}}