{"config_name": "recursive_grid_0days",
 "logging_level": 0,
 "long": {"auto_unstuck_delay_minutes": 0.0,
          "auto_unstuck_ema_dist": 0.003,
          "auto_unstuck_qty_pct": 0,
          "auto_unstuck_wallet_exposure_threshold": 0.1,
          "backwards_tp": true,
          "ddown_factor": 2.126407936873144,
          "ema_span_0": 579.9354658320783,
          "ema_span_1": 1440,
          "enabled": true,
          "initial_eprice_ema_dist": 0.003,
          "initial_qty_pct": 0.039119615221184706,
          "markup_range": 0.0029158300417829893,
          "min_markup": 0.002466068952606845,
          "n_close_orders": 15,
          "rentry_pprice_dist": 0.030200194969939295,
          "rentry_pprice_dist_wallet_exposure_weighting": 0.0,
          "wallet_exposure_limit": 0.1},
 "short": {"auto_unstuck_delay_minutes": 1099.1801566947056,
           "auto_unstuck_ema_dist": -0.022837539199811047,
           "auto_unstuck_qty_pct": 0.05308848716928292,
           "auto_unstuck_wallet_exposure_threshold": 0.5182282157748278,
           "backwards_tp": true,
           "ddown_factor": 1.8822584404604392,
           "ema_span_0": 1158.792026480044,
           "ema_span_1": 409.6936498179892,
           "enabled": false,
           "initial_eprice_ema_dist": -0.0828747871648916,
           "initial_qty_pct": 0.022725462565620455,
           "markup_range": 0.025565275680573818,
           "min_markup": 0.006068237655423016,
           "n_close_orders": 6,
           "rentry_pprice_dist": 0.016382892761483143,
           "rentry_pprice_dist_wallet_exposure_weighting": 12.47662324284071,
           "wallet_exposure_limit": 1.0}}