{"config_name": "recursive_grid_0days",
 "logging_level": 0,
 "long": {"auto_unstuck_delay_minutes": 0,
          "auto_unstuck_ema_dist": 0.003,
          "auto_unstuck_qty_pct": 0,
          "auto_unstuck_wallet_exposure_threshold": 0.10032389225063323,
          "backwards_tp": true,
          "ddown_factor": 2.604352152789135,
          "ema_span_0": 1350.7418270335352,
          "ema_span_1": 152.6548776547968,
          "enabled": true,
          "initial_eprice_ema_dist": -0.0007016762671693438,
          "initial_qty_pct": 0.020776742633657336,
          "markup_range": 0.0013761269907757727,
          "min_markup": 0.01,
          "n_close_orders": 4,
          "rentry_pprice_dist": 0.02754787720673357,
          "rentry_pprice_dist_wallet_exposure_weighting": 1.0157071751344968,
          "wallet_exposure_limit": 0.1},
 "short": {"auto_unstuck_delay_minutes": 376.2485400693622,
           "auto_unstuck_ema_dist": -0.02523202898545751,
           "auto_unstuck_qty_pct": 0.023230694980783596,
           "auto_unstuck_wallet_exposure_threshold": 0.3559714133559039,
           "backwards_tp": true,
           "ddown_factor": 2.1713072763082057,
           "ema_span_0": 1251.5833543031158,
           "ema_span_1": 850.0809810063914,
           "enabled": false,
           "initial_eprice_ema_dist": -0.026389054964218478,
           "initial_qty_pct": 0.025378583568337512,
           "markup_range": 0.03156672061752337,
           "min_markup": 0.006158643652485636,
           "n_close_orders": 10,
           "rentry_pprice_dist": 0.02564942318649638,
           "rentry_pprice_dist_wallet_exposure_weighting": 12.183436825521062,
           "wallet_exposure_limit": 1.0}}