{"config_name": "recursive_grid_0days",
 "logging_level": 0,
 "long": {"auto_unstuck_delay_minutes": 0,
          "auto_unstuck_ema_dist": 0.003,
          "auto_unstuck_qty_pct": 0,
          "auto_unstuck_wallet_exposure_threshold": 0.1,
          "backwards_tp": true,
          "ddown_factor": 0.3658691436136426,
          "ema_span_0": 88.99895199340413,
          "ema_span_1": 1440,
          "enabled": true,
          "initial_eprice_ema_dist": 0.003,
          "initial_qty_pct": 0.045058689238356826,
          "markup_range": 0.004103478742764148,
          "min_markup": 0.002369171284658832,
          "n_close_orders": 2,
          "rentry_pprice_dist": 0.02784206768413886,
          "rentry_pprice_dist_wallet_exposure_weighting": 1.1607394639743043,
          "wallet_exposure_limit": 0.1},
 "short": {"auto_unstuck_delay_minutes": 239.2204304950734,
           "auto_unstuck_ema_dist": -0.08126474323774736,
           "auto_unstuck_qty_pct": 0.011107061530714533,
           "auto_unstuck_wallet_exposure_threshold": 0.7654886232053126,
           "backwards_tp": true,
           "ddown_factor": 1.3903474470043613,
           "ema_span_0": 466.53004879231713,
           "ema_span_1": 785.2681727280167,
           "enabled": false,
           "initial_eprice_ema_dist": -0.055910970988992094,
           "initial_qty_pct": 0.038878493288671184,
           "markup_range": 0.05960235627990353,
           "min_markup": 0.004023869386461062,
           "n_close_orders": 8,
           "rentry_pprice_dist": 0.013961717449422012,
           "rentry_pprice_dist_wallet_exposure_weighting": 18.58811696432777,
           "wallet_exposure_limit": 1.0}}