{"config_name": "recursive_grid_0days",
 "logging_level": 0,
 "long": {"auto_unstuck_delay_minutes": 0,
          "auto_unstuck_ema_dist": 0.003,
          "auto_unstuck_qty_pct": 0,
          "auto_unstuck_wallet_exposure_threshold": 0.11132052207972896,
          "backwards_tp": true,
          "ddown_factor": 0.46335578468210803,
          "ema_span_0": 302.29947661362917,
          "ema_span_1": 823.2894848449694,
          "enabled": true,
          "initial_eprice_ema_dist": -0.07758651658455827,
          "initial_qty_pct": 0.01799831992763611,
          "markup_range": 0.0022477785794129054,
          "min_markup": 0.008367917447825049,
          "n_close_orders": 7,
          "rentry_pprice_dist": 0.02549385199997394,
          "rentry_pprice_dist_wallet_exposure_weighting": 1.3702705631934091,
          "wallet_exposure_limit": 0.1},
 "short": {"auto_unstuck_delay_minutes": 822.1009243910794,
           "auto_unstuck_ema_dist": -0.00968363605353327,
           "auto_unstuck_qty_pct": 0.04272876872087545,
           "auto_unstuck_wallet_exposure_threshold": 0.40820018650723744,
           "backwards_tp": true,
           "ddown_factor": 2.183939739634606,
           "ema_span_0": 634.7771372774208,
           "ema_span_1": 612.0887050102326,
           "enabled": false,
           "initial_eprice_ema_dist": -0.05097843291432611,
           "initial_qty_pct": 0.022759702475130886,
           "markup_range": 0.055040170485477415,
           "min_markup": 0.0020745672378904376,
           "n_close_orders": 13,
           "rentry_pprice_dist": 0.030165168052614558,
           "rentry_pprice_dist_wallet_exposure_weighting": 5.159049643047149,
           "wallet_exposure_limit": 1.0}}