{"config_name": "recursive_grid_0days",
 "logging_level": 0,
 "long": {"auto_unstuck_delay_minutes": 0,
          "auto_unstuck_ema_dist": 0.0003565064935513813,
          "auto_unstuck_qty_pct": 0,
          "auto_unstuck_wallet_exposure_threshold": 0.4953172658247592,
          "backwards_tp": true,
          "ddown_factor": 0.5015331391793982,
          "ema_span_0": 234.0031137057498,
          "ema_span_1": 1284.9917358288105,
          "enabled": true,
          "initial_eprice_ema_dist": -0.08516299642904777,
          "initial_qty_pct": 0.029999541648031786,
          "markup_range": 0.009473173738782736,
          "min_markup": 0.0010361614482997342,
          "n_close_orders": 3,
          "rentry_pprice_dist": 0.03958107235942632,
          "rentry_pprice_dist_wallet_exposure_weighting": 12.568764901747347,
          "wallet_exposure_limit": 0.1},
 "short": {"auto_unstuck_delay_minutes": 899.3252758868971,
           "auto_unstuck_ema_dist": -0.08371641731890163,
           "auto_unstuck_qty_pct": 0.061158933144884006,
           "auto_unstuck_wallet_exposure_threshold": 0.48006738337664245,
           "backwards_tp": true,
           "ddown_factor": 0.6330138233377938,
           "ema_span_0": 230.98484868200364,
           "ema_span_1": 1237.1663251204222,
           "enabled": false,
           "initial_eprice_ema_dist": -0.028522569555117575,
           "initial_qty_pct": 0.028015885202968452,
           "markup_range": 0.011333324173220284,
           "min_markup": 0.0012629442528985153,
           "n_close_orders": 12,
           "rentry_pprice_dist": 0.018567597855752037,
           "rentry_pprice_dist_wallet_exposure_weighting": 9.953675115473581,
           "wallet_exposure_limit": 1.0}}