{"config_name": "recursive_grid_0days",
 "logging_level": 0,
 "long": {"auto_unstuck_delay_minutes": 0,
          "auto_unstuck_ema_dist": 0.002614961293217792,
          "auto_unstuck_qty_pct": 0,
          "auto_unstuck_wallet_exposure_threshold": 0.5517455853534929,
          "backwards_tp": true,
          "ddown_factor": 1.4088144976997488,
          "ema_span_0": 1282.7195875858106,
          "ema_span_1": 948.8363371652102,
          "enabled": true,
          "initial_eprice_ema_dist": -0.00881709865710618,
          "initial_qty_pct": 0.012682830627615674,
          "markup_range": 0.00641080964566019,
          "min_markup": 0.00415923349074957,
          "n_close_orders": 2,
          "rentry_pprice_dist": 0.04339465303706467,
          "rentry_pprice_dist_wallet_exposure_weighting": 2.893723393030582,
          "wallet_exposure_limit": 0.1},
 "short": {"auto_unstuck_delay_minutes": 126.2445448828645,
           "auto_unstuck_ema_dist": -0.019218815609995513,
           "auto_unstuck_qty_pct": 0.0753448517660753,
           "auto_unstuck_wallet_exposure_threshold": 0.15326047162358014,
           "backwards_tp": true,
           "ddown_factor": 1.5320713331458522,
           "ema_span_0": 451.37239682369346,
           "ema_span_1": 30.17825243948444,
           "enabled": false,
           "initial_eprice_ema_dist": -0.0003582692440761981,
           "initial_qty_pct": 0.041983216972736624,
           "markup_range": 0.014619727287164534,
           "min_markup": 0.009939931913990546,
           "n_close_orders": 14,
           "rentry_pprice_dist": 0.03943795890808921,
           "rentry_pprice_dist_wallet_exposure_weighting": 12.368653734978954,
           "wallet_exposure_limit": 1.0}}