{"config_name": "clock_0days",
 "long": {"delay_between_fills_minutes_close": 376.8188976671964,
          "delay_between_fills_minutes_entry": 411.27655976296796,
          "delay_weight_close": 83.60153849333396,
          "delay_weight_entry": 30.129340878020027,
          "ema_dist_lower": -0.09548687805212153,
          "ema_dist_upper": -0.016718452803759307,
          "ema_span_0": 759.7105822388313,
          "ema_span_1": 359.5538903119254,
          "enabled": true,
          "markup_range": 0.011799874081914732,
          "min_markup": 0.028667263039692647,
          "n_close_orders": 7,
          "qty_pct_close": 0.0187907020936078,
          "qty_pct_entry": 0.01026849091055708,
          "wallet_exposure_limit": 0.3,
          "we_multiplier_close": 0,
          "we_multiplier_entry": 7.069192480522586},
 "short": {"delay_between_fills_minutes_close": 513.3815614211952,
           "delay_between_fills_minutes_entry": 1083.9462817206745,
           "delay_weight_close": 19.605529573942768,
           "delay_weight_entry": 12.67435547700952,
           "ema_dist_lower": 0.015344070983823685,
           "ema_dist_upper": 0.0026146854573279943,
           "ema_span_0": 524.7153234716931,
           "ema_span_1": 916.1862820633185,
           "enabled": false,
           "markup_range": 0.06421855163194037,
           "min_markup": 0.08025148055931974,
           "n_close_orders": 10,
           "qty_pct_close": 0.09821893088140095,
           "qty_pct_entry": 0.07016162998335541,
           "wallet_exposure_limit": 1.0,
           "we_multiplier_close": 1.9990878333331463,
           "we_multiplier_entry": 18.36662223098778}}