{"config_name": "recursive_grid_0days",
 "logging_level": 0,
 "long": {"auto_unstuck_ema_dist": 0.003,
          "auto_unstuck_wallet_exposure_threshold": 0.0314607183684474,
          "backwards_tp": false,
          "ddown_factor": 2.3537256544607503,
          "ema_span_0": 479.3411345054828,
          "ema_span_1": 568.5528613666747,
          "enabled": true,
          "initial_eprice_ema_dist": -0.1,
          "initial_qty_pct": 0.002207579833829575,
          "markup_range": 0.027582203370883098,
          "min_markup": 0.007,
          "n_close_orders": 4,
          "rentry_pprice_dist": 0.022566465138889255,
          "rentry_pprice_dist_wallet_exposure_weighting": 1.5566758696906418,
          "wallet_exposure_limit": 0.4},
 "short": {"auto_unstuck_ema_dist": -0.014288567101886154,
           "auto_unstuck_wallet_exposure_threshold": 0.07179149934937848,
           "backwards_tp": false,
           "ddown_factor": 2.1102991825775534,
           "ema_span_0": 560.7330096032105,
           "ema_span_1": 503.56148120241284,
           "enabled": false,
           "initial_eprice_ema_dist": -0.1,
           "initial_qty_pct": 0.002144227838395492,
           "markup_range": 0.027581176128681877,
           "min_markup": 0.005398509347059774,
           "n_close_orders": 5,
           "rentry_pprice_dist": 0.020877856252706724,
           "rentry_pprice_dist_wallet_exposure_weighting": 2.155730387828009,
           "wallet_exposure_limit": 0.12}}