{"config_name": "recursive_grid_0days",
 "logging_level": 0,
 "long": {"auto_unstuck_ema_dist": -0.001829234115268815,
          "auto_unstuck_wallet_exposure_threshold": 0.060946057199880437,
          "backwards_tp": true,
          "ddown_factor": 2.4691639886072685,
          "ema_span_0": 404.93026861383237,
          "ema_span_1": 853.6256277340259,
          "enabled": true,
          "initial_eprice_ema_dist": -0.033057740926264616,
          "initial_qty_pct": 0.016209743211695993,
          "markup_range": 0.004187892075061579,
          "min_markup": 0.0019806486022001407,
          "n_close_orders": 5,
          "rentry_pprice_dist": 0.031894138889398425,
          "rentry_pprice_dist_wallet_exposure_weighting": 0.6897921854399872,
          "wallet_exposure_limit": 1.0},
 "short": {"auto_unstuck_ema_dist": -0.02324279898181081,
           "auto_unstuck_wallet_exposure_threshold": 0.04038110273576804,
           "backwards_tp": true,
           "ddown_factor": 2.1209910347910714,
           "ema_span_0": 364.27184669384457,
           "ema_span_1": 704.992224075281,
           "enabled": false,
           "initial_eprice_ema_dist": 0.00538676141376683,
           "initial_qty_pct": 0.06648600685595109,
           "markup_range": 0.05834500848902209,
           "min_markup": 0.004620462684563762,
           "n_close_orders": 13,
           "rentry_pprice_dist": 0.037065120733787794,
           "rentry_pprice_dist_wallet_exposure_weighting": 30.761335316146617,
           "wallet_exposure_limit": 1.0}}