{"config_name": "recursive_grid_0days",
 "logging_level": 0,
 "long": {"auto_unstuck_ema_dist": -0.06187084161981454,
          "auto_unstuck_wallet_exposure_threshold": 0.03550027476762004,
          "backwards_tp": true,
          "ddown_factor": 1.9640244623944294,
          "ema_span_0": 45.75098346274906,
          "ema_span_1": 511.6115853441571,
          "enabled": true,
          "initial_eprice_ema_dist": 0.00548645848706717,
          "initial_qty_pct": 0.02108124514359004,
          "markup_range": 0.03132781772071453,
          "min_markup": 0.0038610628643485434,
          "n_close_orders": 1,
          "rentry_pprice_dist": 0.01452340940653719,
          "rentry_pprice_dist_wallet_exposure_weighting": 3.4683402498336764,
          "wallet_exposure_limit": 1.0},
 "short": {"auto_unstuck_ema_dist": -0.02871321039981367,
           "auto_unstuck_wallet_exposure_threshold": 0.03285147794697935,
           "backwards_tp": true,
           "ddown_factor": 0.1386005775836776,
           "ema_span_0": 133.42333659527281,
           "ema_span_1": 234.1738549338613,
           "enabled": false,
           "initial_eprice_ema_dist": -0.05768267750958168,
           "initial_qty_pct": 0.07478584749771462,
           "markup_range": 0.03426846018528299,
           "min_markup": 0.005862951441173338,
           "n_close_orders": 9,
           "rentry_pprice_dist": 0.046486802577336804,
           "rentry_pprice_dist_wallet_exposure_weighting": 30.242134821689767,
           "wallet_exposure_limit": 1.0}}