{"config_name": "recursive_grid_0days",
 "logging_level": 0,
 "long": {"auto_unstuck_ema_dist": -0.008304464682883381,
          "auto_unstuck_wallet_exposure_threshold": 0.03682371927788642,
          "backwards_tp": true,
          "ddown_factor": 2.00613244711252,
          "ema_span_0": 295.2432577367771,
          "ema_span_1": 1051.4492756025868,
          "enabled": true,
          "initial_eprice_ema_dist": 0.009972633484280841,
          "initial_qty_pct": 0.02294951031371086,
          "markup_range": 0.016381410650580717,
          "min_markup": 0.009494505368947493,
          "n_close_orders": 10,
          "rentry_pprice_dist": 0.021068549227588287,
          "rentry_pprice_dist_wallet_exposure_weighting": 11.58226780321519,
          "wallet_exposure_limit": 1.0},
 "short": {"auto_unstuck_ema_dist": -0.09869839277807904,
           "auto_unstuck_wallet_exposure_threshold": 0.04427406657714632,
           "backwards_tp": true,
           "ddown_factor": 2.9008397979290814,
           "ema_span_0": 76.7081097196002,
           "ema_span_1": 1400.112732383976,
           "enabled": false,
           "initial_eprice_ema_dist": -0.091963037821267,
           "initial_qty_pct": 0.01427275696146454,
           "markup_range": 0.012699435017153846,
           "min_markup": 0.004657815717909278,
           "n_close_orders": 9,
           "rentry_pprice_dist": 0.025048250025975834,
           "rentry_pprice_dist_wallet_exposure_weighting": 33.0126628370363,
           "wallet_exposure_limit": 1.0}}