{"config_name": "recursive_grid_0days",
 "logging_level": 0,
 "long": {"auto_unstuck_ema_dist": -0.0030855668222356794,
          "auto_unstuck_wallet_exposure_threshold": 0.07391275246291502,
          "backwards_tp": true,
          "ddown_factor": 1.0958878619826553,
          "ema_span_0": 88.25309147012509,
          "ema_span_1": 675.3002924509316,
          "enabled": true,
          "initial_eprice_ema_dist": -0.08002272510271002,
          "initial_qty_pct": 0.015048139282114126,
          "markup_range": 0.004404003852623485,
          "min_markup": 0.0073342651732924945,
          "n_close_orders": 3,
          "rentry_pprice_dist": 0.042214002148052494,
          "rentry_pprice_dist_wallet_exposure_weighting": 0.0,
          "wallet_exposure_limit": 1.0},
 "short": {"auto_unstuck_ema_dist": -0.061475341791536575,
           "auto_unstuck_wallet_exposure_threshold": 0.06567934416733398,
           "backwards_tp": true,
           "ddown_factor": 0.7721494559313261,
           "ema_span_0": 676.9450653057041,
           "ema_span_1": 385.4742181394925,
           "enabled": false,
           "initial_eprice_ema_dist": -0.03812638359725749,
           "initial_qty_pct": 0.059702561562527186,
           "markup_range": 0.023725879429588488,
           "min_markup": 0.005072475513203929,
           "n_close_orders": 14,
           "rentry_pprice_dist": 0.022323167948993364,
           "rentry_pprice_dist_wallet_exposure_weighting": 11.593671775941313,
           "wallet_exposure_limit": 1.0}}