{"config_name": "recursive_grid_0days",
 "logging_level": 0,
 "long": {"auto_unstuck_ema_dist": -0.010382371016216264,
          "auto_unstuck_wallet_exposure_threshold": 0.04041835541312911,
          "backwards_tp": true,
          "ddown_factor": 2.048885445654631,
          "ema_span_0": 111.78720267981869,
          "ema_span_1": 1004.1605945462114,
          "enabled": true,
          "initial_eprice_ema_dist": -0.02951058193445033,
          "initial_qty_pct": 0.011304269722464537,
          "markup_range": 0.00797749568785237,
          "min_markup": 0.0066888830143415345,
          "n_close_orders": 3,
          "rentry_pprice_dist": 0.035122058655772004,
          "rentry_pprice_dist_wallet_exposure_weighting": 6.254690399431604,
          "wallet_exposure_limit": 1.0},
 "short": {"auto_unstuck_ema_dist": 0.001,
           "auto_unstuck_wallet_exposure_threshold": 0.09917929868508714,
           "backwards_tp": true,
           "ddown_factor": 1.7416964783923756,
           "ema_span_0": 284.2887308468532,
           "ema_span_1": 259.2312911407597,
           "enabled": false,
           "initial_eprice_ema_dist": -0.06864736613580961,
           "initial_qty_pct": 0.048491200338090526,
           "markup_range": 0.05915159153416651,
           "min_markup": 0.008446779266051828,
           "n_close_orders": 8,
           "rentry_pprice_dist": 0.03551965464859532,
           "rentry_pprice_dist_wallet_exposure_weighting": 37.25161789042312,
           "wallet_exposure_limit": 1.0}}