{"config_name": "recursive_grid_0days",
 "logging_level": 0,
 "long": {"auto_unstuck_ema_dist": -0.008840502056748726,
          "auto_unstuck_wallet_exposure_threshold": 0.03922651090684019,
          "backwards_tp": true,
          "ddown_factor": 1.6801112403629312,
          "ema_span_0": 77.20974979532822,
          "ema_span_1": 837.1523619375586,
          "enabled": true,
          "initial_eprice_ema_dist": 0.009998115737736362,
          "initial_qty_pct": 0.022686922672177954,
          "markup_range": 0.0065905258966068294,
          "min_markup": 0.005009544626376882,
          "n_close_orders": 10,
          "rentry_pprice_dist": 0.027418376841036773,
          "rentry_pprice_dist_wallet_exposure_weighting": 0.0014319044314456597,
          "wallet_exposure_limit": 1.0},
 "short": {"auto_unstuck_ema_dist": -0.010698795978216914,
           "auto_unstuck_wallet_exposure_threshold": 0.03,
           "backwards_tp": true,
           "ddown_factor": 0.6389668081310775,
           "ema_span_0": 720,
           "ema_span_1": 1100.9196141660289,
           "enabled": false,
           "initial_eprice_ema_dist": -0.007363598766532973,
           "initial_qty_pct": 0.01,
           "markup_range": 0.04427480804922789,
           "min_markup": 0.002019672376992955,
           "n_close_orders": 6,
           "rentry_pprice_dist": 0.05,
           "rentry_pprice_dist_wallet_exposure_weighting": 0.0,
           "wallet_exposure_limit": 1.0}}