{"config_name": "recursive_grid_0days",
 "logging_level": 0,
 "long": {"auto_unstuck_ema_dist": -0.0027796856995189294,
          "auto_unstuck_wallet_exposure_threshold": 0.03191264758911902,
          "backwards_tp": true,
          "ddown_factor": 2.3796330253389506,
          "ema_span_0": 499.255324773608,
          "ema_span_1": 919.879486622388,
          "enabled": true,
          "initial_eprice_ema_dist": -0.0052884745172180735,
          "initial_qty_pct": 0.01592992096359918,
          "markup_range": 0.0018323156235550925,
          "min_markup": 0.006332346963558331,
          "n_close_orders": 7,
          "rentry_pprice_dist": 0.04999956159391291,
          "rentry_pprice_dist_wallet_exposure_weighting": 0.03350889243376565,
          "wallet_exposure_limit": 1.0},
 "short": {"auto_unstuck_ema_dist": -0.036875353480691195,
           "auto_unstuck_wallet_exposure_threshold": 0.048862393877908826,
           "backwards_tp": true,
           "ddown_factor": 0.20771175706118106,
           "ema_span_0": 507.92402723977074,
           "ema_span_1": 240.59457377381977,
           "enabled": false,
           "initial_eprice_ema_dist": -0.06222177636735024,
           "initial_qty_pct": 0.08119231970175508,
           "markup_range": 0.016558076717317984,
           "min_markup": 0.001,
           "n_close_orders": 1,
           "rentry_pprice_dist": 0.020590204702107318,
           "rentry_pprice_dist_wallet_exposure_weighting": 40,
           "wallet_exposure_limit": 1.0}}