{"config_name": "recursive_grid_0days",
 "logging_level": 0,
 "long": {"auto_unstuck_ema_dist": 0.000991742889145072,
          "auto_unstuck_wallet_exposure_threshold": 0.04635727251236029,
          "backwards_tp": true,
          "ddown_factor": 0.5511277438553127,
          "ema_span_0": 111.76748272822533,
          "ema_span_1": 174.7022589873331,
          "enabled": true,
          "initial_eprice_ema_dist": 0.003061215396196685,
          "initial_qty_pct": 0.012860649189041442,
          "markup_range": 0.0038793067181242947,
          "min_markup": 0.0014796105620775695,
          "n_close_orders": 10,
          "rentry_pprice_dist": 0.018008387095431073,
          "rentry_pprice_dist_wallet_exposure_weighting": 0.6580023666064942,
          "wallet_exposure_limit": 1.0},
 "short": {"auto_unstuck_ema_dist": -0.05269018767570251,
           "auto_unstuck_wallet_exposure_threshold": 0.0806700408910245,
           "backwards_tp": true,
           "ddown_factor": 0.1,
           "ema_span_0": 593.1556194000954,
           "ema_span_1": 182.39071404410174,
           "enabled": false,
           "initial_eprice_ema_dist": -0.07421617540741877,
           "initial_qty_pct": 0.044691341426690095,
           "markup_range": 0.0,
           "min_markup": 0.007564855176473457,
           "n_close_orders": 7,
           "rentry_pprice_dist": 0.03811249815297048,
           "rentry_pprice_dist_wallet_exposure_weighting": 0.053142961664988775,
           "wallet_exposure_limit": 1.0}}