{"config_name": "recursive_grid_0days",
 "logging_level": 0,
 "long": {"auto_unstuck_ema_dist": -0.06261339260801939,
          "auto_unstuck_wallet_exposure_threshold": 0.03326801208177962,
          "backwards_tp": true,
          "ddown_factor": 0.2550335429718041,
          "ema_span_0": 264.5304525052882,
          "ema_span_1": 177.08667114206423,
          "enabled": true,
          "initial_eprice_ema_dist": 0.004549696025410826,
          "initial_qty_pct": 0.043715392797405765,
          "markup_range": 0.001549391506593601,
          "min_markup": 0.006220359703137727,
          "n_close_orders": 5,
          "rentry_pprice_dist": 0.025095805374221184,
          "rentry_pprice_dist_wallet_exposure_weighting": 1.8847804043141456,
          "wallet_exposure_limit": 1.0},
 "short": {"auto_unstuck_ema_dist": -0.02114649034397708,
           "auto_unstuck_wallet_exposure_threshold": 0.07765142626390245,
           "backwards_tp": true,
           "ddown_factor": 0.1,
           "ema_span_0": 10,
           "ema_span_1": 1440,
           "enabled": false,
           "initial_eprice_ema_dist": 0.01,
           "initial_qty_pct": 0.1,
           "markup_range": 0.03650915286782296,
           "min_markup": 0.0051829717181720285,
           "n_close_orders": 1,
           "rentry_pprice_dist": 0.01925562211084661,
           "rentry_pprice_dist_wallet_exposure_weighting": 0.0,
           "wallet_exposure_limit": 1.0}}