{"config_name": "recursive_grid_0days",
 "logging_level": 0,
 "long": {"auto_unstuck_ema_dist": -0.011264494446297783,
          "auto_unstuck_wallet_exposure_threshold": 0.046698235176192454,
          "backwards_tp": true,
          "ddown_factor": 1.011038946842651,
          "ema_span_0": 463.6043069214136,
          "ema_span_1": 1231.846257232501,
          "enabled": true,
          "initial_eprice_ema_dist": 0.003487687135099269,
          "initial_qty_pct": 0.013932217073315503,
          "markup_range": 0.0028803787468388337,
          "min_markup": 0.007701221440172602,
          "n_close_orders": 15,
          "rentry_pprice_dist": 0.032897934925069656,
          "rentry_pprice_dist_wallet_exposure_weighting": 0.5915617779902325,
          "wallet_exposure_limit": 1.0},
 "short": {"auto_unstuck_ema_dist": -0.1,
           "auto_unstuck_wallet_exposure_threshold": 0.1,
           "backwards_tp": true,
           "ddown_factor": 3,
           "ema_span_0": 617.503912305635,
           "ema_span_1": 1315.351453927539,
           "enabled": false,
           "initial_eprice_ema_dist": -0.1,
           "initial_qty_pct": 0.025687689409416348,
           "markup_range": 0.0308936540918066,
           "min_markup": 0.01,
           "n_close_orders": 2,
           "rentry_pprice_dist": 0.022772945172387746,
           "rentry_pprice_dist_wallet_exposure_weighting": 0.0,
           "wallet_exposure_limit": 1.0}}