{"config_name": "neat_grid_0days",
 "logging_level": 0,
 "long": {"auto_unstuck_ema_dist": 0.05995063318676389,
          "auto_unstuck_wallet_exposure_threshold": 0.07564723184770754,
          "backwards_tp": true,
          "ema_span_0": 933.8337578642013,
          "ema_span_1": 1291.2818791282907,
          "enabled": true,
          "eprice_exp_base": 1.0739726303464916,
          "eqty_exp_base": 1.0564223991015558,
          "grid_span": 0.2036304247633455,
          "initial_eprice_ema_dist": -0.04701955887605944,
          "initial_qty_pct": 0.01,
          "markup_range": 0.003,
          "max_n_entry_orders": 7,
          "min_markup": 0.002,
          "n_close_orders": 6,
          "wallet_exposure_limit": 0.2},
 "short": {"auto_unstuck_ema_dist": 0.039107199981271094,
           "auto_unstuck_wallet_exposure_threshold": 0.03252289659844134,
           "backwards_tp": true,
           "ema_span_0": 1613.3942040570166,
           "ema_span_1": 1590.8925154681417,
           "enabled": true,
           "eprice_exp_base": 1.147451916026391,
           "eqty_exp_base": 1.369234577939134,
           "grid_span": 0.22866002868638513,
           "initial_eprice_ema_dist": -0.026051570398351882,
           "initial_qty_pct": 0.01,
           "markup_range": 0.0029847532402786678,
           "max_n_entry_orders": 7,
           "min_markup": 0.002,
           "n_close_orders": 6,
           "wallet_exposure_limit": 0.1}}