{"config_name": "clock_0days",
 "long": {"delay_between_fills_minutes_close": 205.98357029380614,
          "delay_between_fills_minutes_entry": 290.75582957974126,
          "delay_weight_close": 25.46762456771361,
          "delay_weight_entry": 13.968862663888936,
          "ema_dist_lower": 0,
          "ema_dist_upper": -0.026715292889754227,
          "ema_span_0": 176.51246662274676,
          "ema_span_1": 754.8390467830767,
          "enabled": true,
          "markup_range": 0.010069506134178344,
          "min_markup": 0.012474850549287115,
          "n_close_orders": 3,
          "qty_pct_close": 0.014272502916622895,
          "qty_pct_entry": 0.01,
          "wallet_exposure_limit": 0.3,
          "we_multiplier_close": 89.66952640412298,
          "we_multiplier_entry": 67.64558880378743},
 "short": {"delay_between_fills_minutes_close": 221.41013446353105,
           "delay_between_fills_minutes_entry": 962.6417881252042,
           "delay_weight_close": 11.35141124573671,
           "delay_weight_entry": 13.800423356946085,
           "ema_dist_lower": 0.00705813744797629,
           "ema_dist_upper": 0.009733896387523868,
           "ema_span_0": 339.2829674990646,
           "ema_span_1": 2800.218042125604,
           "enabled": false,
           "markup_range": 0.042109841515005575,
           "min_markup": 0.05909090513231987,
           "n_close_orders": 16,
           "qty_pct_close": 0.05722457481247227,
           "qty_pct_entry": 0.06776219089067606,
           "wallet_exposure_limit": 1.0,
           "we_multiplier_close": 6.256389831715294,
           "we_multiplier_entry": 12.627628966422582}}