{"config_name": "recursive_grid_0days",
 "logging_level": 0,
 "long": {"auto_unstuck_ema_dist": 0.0029556989906504893,
          "auto_unstuck_wallet_exposure_threshold": 0.04736155502808594,
          "backwards_tp": true,
          "ddown_factor": 0.19829470125330068,
          "ema_span_0": 964.5457234384922,
          "ema_span_1": 859.6704369707413,
          "enabled": true,
          "initial_eprice_ema_dist": -0.0008839269102387139,
          "initial_qty_pct": 0.01999778463186412,
          "markup_range": 0.008513805612328892,
          "min_markup": 0.005425180888925266,
          "n_close_orders": 4,
          "rentry_pprice_dist": 0.02532623217861461,
          "rentry_pprice_dist_wallet_exposure_weighting": 0.48135932161541667,
          "wallet_exposure_limit": 0.5},
 "short": {"auto_unstuck_ema_dist": -0.002020463758431625,
           "auto_unstuck_wallet_exposure_threshold": 0.032634397402335376,
           "backwards_tp": true,
           "ddown_factor": 2.002445474241014,
           "ema_span_0": 1317.5498233697072,
           "ema_span_1": 544.8232097586261,
           "enabled": true,
           "initial_eprice_ema_dist": -0.04981265129619801,
           "initial_qty_pct": 0.016515451359230406,
           "markup_range": 0.005071604360212289,
           "min_markup": 0.001700868705978402,
           "n_close_orders": 9,
           "rentry_pprice_dist": 0.019984779716406158,
           "rentry_pprice_dist_wallet_exposure_weighting": 4.857475556890489,
           "wallet_exposure_limit": 0.15}}