{"config_name": "recursive_grid_0days",
 "logging_level": 0,
 "long": {"auto_unstuck_ema_dist": 0.003,
          "auto_unstuck_wallet_exposure_threshold": 0.07199194171532221,
          "backwards_tp": true,
          "ddown_factor": 2.667797183222646,
          "ema_span_0": 1433.8459773833215,
          "ema_span_1": 1399.2949553315605,
          "enabled": true,
          "initial_eprice_ema_dist": -0.00037240805895741194,
          "initial_qty_pct": 0.018082333319186766,
          "markup_range": 0.007751328904001536,
          "min_markup": 0.007530764660661519,
          "n_close_orders": 4,
          "rentry_pprice_dist": 0.04191394661918133,
          "rentry_pprice_dist_wallet_exposure_weighting": 0.2543203816552725,
          "wallet_exposure_limit": 0.5},
 "short": {"auto_unstuck_ema_dist": 0.0021730724681929573,
           "auto_unstuck_wallet_exposure_threshold": 0.06199629947863261,
           "backwards_tp": true,
           "ddown_factor": 2.47958572768233,
           "ema_span_0": 901.4340663609007,
           "ema_span_1": 798.9107653024722,
           "enabled": true,
           "initial_eprice_ema_dist": 0.004,
           "initial_qty_pct": 0.013404377660102959,
           "markup_range": 0.005068253938510571,
           "min_markup": 0.003170976949968145,
           "n_close_orders": 16,
           "rentry_pprice_dist": 0.04400082196271011,
           "rentry_pprice_dist_wallet_exposure_weighting": 13.581664449920305,
           "wallet_exposure_limit": 0.15}}