{"config_name": "recursive_grid_0days",
 "logging_level": 0,
 "long": {"auto_unstuck_ema_dist": 0.0016989167845657155,
          "auto_unstuck_wallet_exposure_threshold": 0.04644312760839065,
          "backwards_tp": true,
          "ddown_factor": 2.0412666328957405,
          "ema_span_0": 1174.2991255554805,
          "ema_span_1": 1309.5062281875043,
          "enabled": true,
          "initial_eprice_ema_dist": -0.0036176970516890376,
          "initial_qty_pct": 0.013640458715771703,
          "markup_range": 0.007609841586351942,
          "min_markup": 0.002502510473142997,
          "n_close_orders": 8,
          "rentry_pprice_dist": 0.02394659689475095,
          "rentry_pprice_dist_wallet_exposure_weighting": 0.0,
          "wallet_exposure_limit": 0.5},
 "short": {"auto_unstuck_ema_dist": 0.0028715865031828623,
           "auto_unstuck_wallet_exposure_threshold": 0.06858756632294133,
           "backwards_tp": true,
           "ddown_factor": 0.8563259632614895,
           "ema_span_0": 914.8637669706429,
           "ema_span_1": 538.4168737026148,
           "enabled": true,
           "initial_eprice_ema_dist": -0.012805853640927766,
           "initial_qty_pct": 0.014396983642054757,
           "markup_range": 0.002059279380675015,
           "min_markup": 0.003536983497462166,
           "n_close_orders": 2,
           "rentry_pprice_dist": 0.0398652957344985,
           "rentry_pprice_dist_wallet_exposure_weighting": 2.4529394934532127,
           "wallet_exposure_limit": 0.15}}