{"config_name": "emas_0days",
 "long": {"delay_between_fills_minutes_close": 134.8024458694684,
          "delay_between_fills_minutes_entry": 500,
          "delay_weight_close": 89.68676864404267,
          "delay_weight_entry": 34.43397263516484,
          "ema_dist_lower": -0.9165832587259349,
          "ema_dist_upper": -0.30307365855912227,
          "ema_span_0": 743.7433408407202,
          "ema_span_1": 2975.1427478539626,
          "enabled": true,
          "markup_range": 0.016495926763252178,
          "min_markup": 0.01398138776915608,
          "n_close_orders": 4,
          "qty_pct_close": 0.001,
          "qty_pct_entry": 0.0034095040527500706,
          "wallet_exposure_limit": 0.25,
          "we_multiplier_close": 33.55684999505455,
          "we_multiplier_entry": 130.98328417722047},
 "short": {"delay_between_fills_minutes_close": 351.4993892376217,
           "delay_between_fills_minutes_entry": 348.82208360775394,
           "delay_weight_close": 21.777185651658044,
           "delay_weight_entry": 13.77937163453366,
           "ema_dist_lower": -0.8760037425581184,
           "ema_dist_upper": -0.863329117348173,
           "ema_span_0": 1241.5894912888639,
           "ema_span_1": 1437.3239174352357,
           "enabled": false,
           "markup_range": 0.01035591264159574,
           "min_markup": 0.0029320636993769014,
           "n_close_orders": 2,
           "qty_pct_close": 0.02653901826820272,
           "qty_pct_entry": 0.02554053747187946,
           "wallet_exposure_limit": 0.1,
           "we_multiplier_close": 133.20582319246347,
           "we_multiplier_entry": 113.0600201072217}}