{"config_name": "clock_0days",
 "long": {"delay_between_fills_minutes_close": 190.91901085178753,
          "delay_between_fills_minutes_entry": 1137.3688608497625,
          "delay_weight_close": 11.317991636265692,
          "delay_weight_entry": 11.804508981463288,
          "ema_dist_lower": 0.0007052316193670973,
          "ema_dist_upper": 0.00582112737822292,
          "ema_span_0": 171.6098003268612,
          "ema_span_1": 1426.0546377202625,
          "enabled": true,
          "markup_range": 0.027171388174136522,
          "min_markup": 0.04925540050358352,
          "n_close_orders": 12,
          "qty_pct_close": 0.09572279756329051,
          "qty_pct_entry": 0.021770509847893797,
          "wallet_exposure_limit": 0.25,
          "we_multiplier_close": 4.497035947512052,
          "we_multiplier_entry": 55.193774294829524},
 "short": {"delay_between_fills_minutes_close": 308.3284819226904,
           "delay_between_fills_minutes_entry": 551.7759552873669,
           "delay_weight_close": 13.487848585263542,
           "delay_weight_entry": 4.821742334428471,
           "ema_dist_lower": 0.006510732811368154,
           "ema_dist_upper": 0.005343863082098574,
           "ema_span_0": 1088.0493622588422,
           "ema_span_1": 512.2550426265536,
           "enabled": false,
           "markup_range": 0.002827748047339529,
           "min_markup": 0.019794497178045482,
           "n_close_orders": 15,
           "qty_pct_close": 0.0438126079524916,
           "qty_pct_entry": 0.08981853678178078,
           "wallet_exposure_limit": 1.0,
           "we_multiplier_close": 6.461038107817176,
           "we_multiplier_entry": 52.210317512661746}}