{"config_name": "recursive_grid_0days",
 "logging_level": 0,
 "long": {"auto_unstuck_ema_dist": 0.015473021210606043,
          "auto_unstuck_wallet_exposure_threshold": 0.04931055778095305,
          "backwards_tp": false,
          "ddown_factor": 1.0770893915191935,
          "ema_span_0": 3453.708728655931,
          "ema_span_1": 3694.971912112476,
          "enabled": true,
          "initial_eprice_ema_dist": -0.023518640263486598,
          "initial_qty_pct": 0.015,
          "markup_range": 0.016530441894989555,
          "min_markup": 0.003458608305296608,
          "n_close_orders": 17,
          "rentry_pprice_dist": 0.043722773122219706,
          "rentry_pprice_dist_wallet_exposure_weighting": 0.5515973875234739,
          "wallet_exposure_limit": 1.0},
 "short": {"auto_unstuck_ema_dist": 0.0028994267683460626,
           "auto_unstuck_wallet_exposure_threshold": 0.02302533912511306,
           "backwards_tp": true,
           "ddown_factor": 2.5738374344962587,
           "ema_span_0": 4025.4116726383895,
           "ema_span_1": 1601.5633124500264,
           "enabled": false,
           "initial_eprice_ema_dist": -0.07817889175990203,
           "initial_qty_pct": 0.015,
           "markup_range": 0.017333223375506763,
           "min_markup": 0.0030656391870089294,
           "n_close_orders": 8,
           "rentry_pprice_dist": 0.006673545379453498,
           "rentry_pprice_dist_wallet_exposure_weighting": 69.5643180891193,
           "wallet_exposure_limit": 0.1}}