{"config_name": "recursive_grid_0days",
 "logging_level": 0,
 "long": {"auto_unstuck_ema_dist": 0.007020752998654657,
          "auto_unstuck_wallet_exposure_threshold": 0.06775567244506807,
          "backwards_tp": false,
          "ddown_factor": 1.7345611622193196,
          "ema_span_0": 2539.1385547982713,
          "ema_span_1": 2597.1907852648574,
          "enabled": true,
          "initial_eprice_ema_dist": 0.007953861541292524,
          "initial_qty_pct": 0.015,
          "markup_range": 0.022621209917264788,
          "min_markup": 0.0016720354924593453,
          "n_close_orders": 12,
          "rentry_pprice_dist": 0.02289027937087596,
          "rentry_pprice_dist_wallet_exposure_weighting": 0.5178391696304983,
          "wallet_exposure_limit": 1.0},
 "short": {"auto_unstuck_ema_dist": 0.014644311522445715,
           "auto_unstuck_wallet_exposure_threshold": 0.0661208981083918,
           "backwards_tp": true,
           "ddown_factor": 3.8190598075918607,
           "ema_span_0": 3096.4791920853354,
           "ema_span_1": 4640.5746055994905,
           "enabled": false,
           "initial_eprice_ema_dist": -0.07829884467469408,
           "initial_qty_pct": 0.015,
           "markup_range": 0.03097172246510347,
           "min_markup": 0.0037637763562066813,
           "n_close_orders": 12,
           "rentry_pprice_dist": 0.010456837209623124,
           "rentry_pprice_dist_wallet_exposure_weighting": 70.51249819464965,
           "wallet_exposure_limit": 0.1}}