{
  "config_name": "emas_710days",
  "long": {
    "delay_between_fills_minutes_close": 4002.559216417713,
    "delay_between_fills_minutes_entry": 1156.221142355052,
    "delay_weight_close": 23.72344382755418,
    "delay_weight_entry": 23.814096246123903,
    "ema_dist_lower": 0.0011138470689191628,
    "ema_dist_upper": 0.010689100033549729,
    "ema_span_0": 748.1272846493573,
    "ema_span_1": 1061.2416893527443,
    "enabled": true,
    "markup_range": 0.020510325517360116,
    "min_markup": 0.004926249446691377,
    "n_close_orders": 9,
    "qty_pct_close": 0.026343671465209908,
    "qty_pct_entry": 0.005268934155119617,
    "wallet_exposure_limit": 1.0,
    "we_multiplier_close": 29.351624839304307,
    "we_multiplier_entry": 20.461261070973517
  },
  "short": {
    "delay_between_fills_minutes_close": 263.4074484402151,
    "delay_between_fills_minutes_entry": 1359.341887989523,
    "delay_weight_close": -43.670375087461046,
    "delay_weight_entry": 32.24213853473646,
    "ema_dist_lower": 0.01595235664435593,
    "ema_dist_upper": 0.013323558557327,
    "ema_span_0": 1130.1742310063664,
    "ema_span_1": 3783.9370580584928,
    "enabled": false,
    "markup_range": 0.03137391834207327,
    "min_markup": 0.004668858583184672,
    "n_close_orders": 9,
    "qty_pct_close": 0.05608002615513885,
    "qty_pct_entry": 0.011796315299891233,
    "wallet_exposure_limit": 1.0,
    "we_multiplier_close": 44.27843914902955,
    "we_multiplier_entry": 34.18090514159283
  }
}
