{"config_name": "clock_0days",
 "long": {"delay_between_fills_minutes_close": 1354.1675565077069,
          "delay_between_fills_minutes_entry": 1292.1918963686742,
          "delay_weight_close": 15.338859826562132,
          "delay_weight_entry": 15.233973848048583,
          "ema_dist_lower": 0.009076885841954225,
          "ema_dist_upper": 0.0015796771603588005,
          "ema_span_0": 110.86737255076221,
          "ema_span_1": 597.1964298948033,
          "enabled": true,
          "markup_range": 0.022986534107013436,
          "min_markup": 0.09148736539653463,
          "n_close_orders": 8,
          "qty_pct_close": 0.08793496722772697,
          "qty_pct_entry": 0.029056063449509728,
          "wallet_exposure_limit": 0.25,
          "we_multiplier_close": 4.073252391165229,
          "we_multiplier_entry": 42.48149678112078},
 "short": {"delay_between_fills_minutes_close": 1101.3393278550811,
           "delay_between_fills_minutes_entry": 1166.7373984556812,
           "delay_weight_close": 16.369972881142186,
           "delay_weight_entry": 9.86891876632215,
           "ema_dist_lower": 0.01090944527519324,
           "ema_dist_upper": 0.017370534113316204,
           "ema_span_0": 1316.4848298128077,
           "ema_span_1": 2526.2308964800295,
           "enabled": false,
           "markup_range": 0.023946268358517986,
           "min_markup": 0.032033713765199125,
           "n_close_orders": 10,
           "qty_pct_close": 0.06412256610065625,
           "qty_pct_entry": 0.05978375996829313,
           "wallet_exposure_limit": 1.0,
           "we_multiplier_close": 4.844629418101992,
           "we_multiplier_entry": 35.055394967659474}}