{"config_name": "recursive_grid_0days",
 "logging_level": 0,
 "long": {"auto_unstuck_ema_dist": -0.005061102422881414,
          "auto_unstuck_wallet_exposure_threshold": 0.05129958103898384,
          "backwards_tp": false,
          "ddown_factor": 1.3910105805109816,
          "ema_span_0": 669.9896882551819,
          "ema_span_1": 941.4078032484085,
          "enabled": true,
          "initial_eprice_ema_dist": -0.1,
          "initial_qty_pct": 0.0037188313150911464,
          "markup_range": 0.034879565819297145,
          "min_markup": 0.005971896984547371,
          "n_close_orders": 7,
          "rentry_pprice_dist": 0.01943059624575898,
          "rentry_pprice_dist_wallet_exposure_weighting": 0.18822563689975647,
          "wallet_exposure_limit": 0.3},
 "short": {"auto_unstuck_ema_dist": -0.051622911639234936,
           "auto_unstuck_wallet_exposure_threshold": 0.059462894404904786,
           "backwards_tp": true,
           "ddown_factor": 1.1750688741509627,
           "ema_span_0": 1179.0906559528023,
           "ema_span_1": 1026.0770337980262,
           "enabled": false,
           "initial_eprice_ema_dist": -0.03761915932531222,
           "initial_qty_pct": 0.030235356586019946,
           "markup_range": 0.012458193058540148,
           "min_markup": 0.002528805354969228,
           "n_close_orders": 9,
           "rentry_pprice_dist": 0.010017161037751257,
           "rentry_pprice_dist_wallet_exposure_weighting": 13.894336019445213,
           "wallet_exposure_limit": 1.0}}