{"config_name": "clock_0days",
 "long": {"delay_between_fills_minutes_close": 1277.5367572262262,
          "delay_between_fills_minutes_entry": 1350.6211249588243,
          "delay_weight_close": 18.563371100352256,
          "delay_weight_entry": 6.379458153855152,
          "ema_dist_lower": 0.011226571002433385,
          "ema_dist_upper": 0.007795814451570636,
          "ema_span_0": 1107.8716990778105,
          "ema_span_1": 793.5824111137241,
          "enabled": true,
          "markup_range": 0.0988868611087069,
          "min_markup": 0.1,
          "n_close_orders": 14,
          "qty_pct_close": 0.0911238938374218,
          "qty_pct_entry": 0.02,
          "wallet_exposure_limit": 0.25,
          "we_multiplier_close": 7.2516123567865005,
          "we_multiplier_entry": 25.577478064840616},
 "short": {"delay_between_fills_minutes_close": 267.11892994657,
           "delay_between_fills_minutes_entry": 779.6335481380056,
           "delay_weight_close": 6.216352688168508,
           "delay_weight_entry": 15.202761765881498,
           "ema_dist_lower": 0.0112823027099227,
           "ema_dist_upper": 0.0046377534810731836,
           "ema_span_0": 1347.8219467178178,
           "ema_span_1": 2203.042549338704,
           "enabled": false,
           "markup_range": 0.01609463156785551,
           "min_markup": 0.09902527327887813,
           "n_close_orders": 15,
           "qty_pct_close": 0.08785502644911887,
           "qty_pct_entry": 0.058625420586350854,
           "wallet_exposure_limit": 1.0,
           "we_multiplier_close": 6.657458085677539,
           "we_multiplier_entry": 2.1082462494318834}}