{"config_name": "clock_0days",
 "long": {"delay_between_fills_minutes_close": 453.1080000073376,
          "delay_between_fills_minutes_entry": 436.01367927375804,
          "delay_weight_close": 33.719244268612655,
          "delay_weight_entry": 20.61658548488509,
          "ema_dist_lower": 0.0050174027547374225,
          "ema_dist_upper": -0.022691820654658874,
          "ema_span_0": 913.9936662993179,
          "ema_span_1": 78.09469913825183,
          "enabled": true,
          "markup_range": 0.020490260140320973,
          "min_markup": 0.029840475084550594,
          "n_close_orders": 4,
          "qty_pct_close": 0.013546311911877402,
          "qty_pct_entry": 0.010735468733728002,
          "wallet_exposure_limit": 0.3,
          "we_multiplier_close": 22.74283870772996,
          "we_multiplier_entry": 70.98630098824668},
 "short": {"delay_between_fills_minutes_close": 857.704206714182,
           "delay_between_fills_minutes_entry": 728.460080336634,
           "delay_weight_close": 9.288753167184336,
           "delay_weight_entry": 1.9445620998758328,
           "ema_dist_lower": 0.003627256502072651,
           "ema_dist_upper": 0.007108339896782463,
           "ema_span_0": 349.2571617236736,
           "ema_span_1": 1209.7953746803119,
           "enabled": false,
           "markup_range": 0.08787852401359841,
           "min_markup": 0.009302497671708248,
           "n_close_orders": 16,
           "qty_pct_close": 0.034331419328480314,
           "qty_pct_entry": 0.08219112392633801,
           "wallet_exposure_limit": 1.0,
           "we_multiplier_close": 4.542097454649951,
           "we_multiplier_entry": 27.203883723757347}}