{"config_name": "recursive_grid_0days",
 "logging_level": 0,
 "long": {"auto_unstuck_ema_dist": 0.003,
          "auto_unstuck_wallet_exposure_threshold": 0.03130261610787556,
          "backwards_tp": true,
          "ddown_factor": 1.3482687372396742,
          "ema_span_0": 248.31721466795477,
          "ema_span_1": 95.29415458695951,
          "enabled": true,
          "initial_eprice_ema_dist": -0.013349648081252947,
          "initial_qty_pct": 0.015316866756312046,
          "markup_range": 0.004394286116429873,
          "min_markup": 0.002887269882017956,
          "n_close_orders": 11,
          "rentry_pprice_dist": 0.03146137042632954,
          "rentry_pprice_dist_wallet_exposure_weighting": 3.022798820425984,
          "wallet_exposure_limit": 0.2},
 "short": {"auto_unstuck_ema_dist": -0.09259539650264717,
           "auto_unstuck_wallet_exposure_threshold": 0.0964188609159197,
           "backwards_tp": true,
           "ddown_factor": 2.6775238572512454,
           "ema_span_0": 768.3556941984048,
           "ema_span_1": 480.61670252902934,
           "enabled": false,
           "initial_eprice_ema_dist": -0.08813163101218639,
           "initial_qty_pct": 0.03166280054718306,
           "markup_range": 0.016371252751064533,
           "min_markup": 0.005618793324496991,
           "n_close_orders": 13,
           "rentry_pprice_dist": 0.037117412314954336,
           "rentry_pprice_dist_wallet_exposure_weighting": 10.6345511049884,
           "wallet_exposure_limit": 1.0}}