{"config_name": "recursive_grid_0days",
 "logging_level": 0,
 "long": {"auto_unstuck_ema_dist": 0.0,
          "auto_unstuck_wallet_exposure_threshold": 0.0,
          "backwards_tp": false,
          "ddown_factor": 1.7279840629192904,
          "ema_span_0": 130.52535840964975,
          "ema_span_1": 907.8972965416618,
          "enabled": true,
          "initial_eprice_ema_dist": -0.1,
          "initial_qty_pct": 0.006025893778386906,
          "markup_range": 0.03602810761708962,
          "min_markup": 0.005464126804013941,
          "n_close_orders": 4,
          "rentry_pprice_dist": 0.02735075407550917,
          "rentry_pprice_dist_wallet_exposure_weighting": 0.0,
          "wallet_exposure_limit": 0.2},
 "short": {"auto_unstuck_ema_dist": 0.0070269077713937915,
           "auto_unstuck_wallet_exposure_threshold": 0.05245804563560451,
           "backwards_tp": true,
           "ddown_factor": 0.6636329527909528,
           "ema_span_0": 3446.927920943088,
           "ema_span_1": 7582.343880142036,
           "enabled": false,
           "initial_eprice_ema_dist": -0.09424056389085127,
           "initial_qty_pct": 0.015,
           "markup_range": 0.02763842570755005,
           "min_markup": 0.002460209754316358,
           "n_close_orders": 12,
           "rentry_pprice_dist": 0.012369639508065074,
           "rentry_pprice_dist_wallet_exposure_weighting": 85.6663427951962,
           "wallet_exposure_limit": 0.1}}
