{"config_name": "recursive_grid_0days",
 "logging_level": 0,
 "long": {"auto_unstuck_ema_dist": 0.0024002699962897287,
          "auto_unstuck_wallet_exposure_threshold": 0.0673184899701592,
          "backwards_tp": true,
          "ddown_factor": 1.3666561149223455,
          "ema_span_0": 134.240484576317,
          "ema_span_1": 74.50811945594366,
          "enabled": true,
          "initial_eprice_ema_dist": -0.09150316850801167,
          "initial_qty_pct": 0.01,
          "markup_range": 0.002865745042702301,
          "min_markup": 0.002,
          "n_close_orders": 7,
          "rentry_pprice_dist": 0.02503319670297241,
          "rentry_pprice_dist_wallet_exposure_weighting": 0,
          "wallet_exposure_limit": 0.2},
 "short": {"auto_unstuck_ema_dist": 0.04320176833503258,
           "auto_unstuck_wallet_exposure_threshold": 0.07017114590428969,
           "backwards_tp": true,
           "ddown_factor": 0.49725708511641087,
           "ema_span_0": 452.5736711763754,
           "ema_span_1": 6860.377376530523,
           "enabled": false,
           "initial_eprice_ema_dist": -0.06749701840675479,
           "initial_qty_pct": 0.015,
           "markup_range": 0.011670983869505177,
           "min_markup": 0.0027221817687664305,
           "n_close_orders": 19,
           "rentry_pprice_dist": 0.010358129002077679,
           "rentry_pprice_dist_wallet_exposure_weighting": 23.51234859740304,
           "wallet_exposure_limit": 0.1}}