{"config_name": "recursive_grid_0days",
 "logging_level": 0,
 "long": {"auto_unstuck_ema_dist": 0,
          "auto_unstuck_wallet_exposure_threshold": 0.0,
          "backwards_tp": false,
          "ddown_factor": 1.9929718829583323,
          "ema_span_0": 435.0398017897014,
          "ema_span_1": 684.7838048387563,
          "enabled": true,
          "initial_eprice_ema_dist": -0.1,
          "initial_qty_pct": 0.0029841597036849876,
          "markup_range": 0.03911703206323473,
          "min_markup": 0.0062035388522832385,
          "n_close_orders": 5,
          "rentry_pprice_dist": 0.033758340506508604,
          "rentry_pprice_dist_wallet_exposure_weighting": 0.0,
          "wallet_exposure_limit": 0.2},
 "short": {"auto_unstuck_ema_dist": 0.07132137243884569,
           "auto_unstuck_wallet_exposure_threshold": 0.030048826515136837,
           "backwards_tp": true,
           "ddown_factor": 0.8567372815809609,
           "ema_span_0": 4238.627720889945,
           "ema_span_1": 3935.773072175405,
           "enabled": false,
           "initial_eprice_ema_dist": -0.03719463220430813,
           "initial_qty_pct": 0.015,
           "markup_range": 0.016951379000007056,
           "min_markup": 0.002721556623562789,
           "n_close_orders": 17,
           "rentry_pprice_dist": 0.031002783514815592,
           "rentry_pprice_dist_wallet_exposure_weighting": 7.347261694611521,
           "wallet_exposure_limit": 0.1}}