{"config_name": "clock_0days",
 "long": {"delay_between_fills_minutes_close": 1387.8643995576833,
          "delay_between_fills_minutes_entry": 1378.5024837613034,
          "delay_weight_close": 1.1193047350684306,
          "delay_weight_entry": 9.44379785155883,
          "ema_dist_lower": 0.005213153661794015,
          "ema_dist_upper": 0,
          "ema_span_0": 959.1494320725255,
          "ema_span_1": 987.249521313073,
          "enabled": true,
          "markup_range": 0.09312824751510641,
          "min_markup": 0.09921936558253339,
          "n_close_orders": 5,
          "qty_pct_close": 0.0786570005000603,
          "qty_pct_entry": 0.0270443448783634,
          "wallet_exposure_limit": 0.25,
          "we_multiplier_close": 1.3855150017859363,
          "we_multiplier_entry": 5.28616380708198},
 "short": {"delay_between_fills_minutes_close": 746.2753514403428,
           "delay_between_fills_minutes_entry": 912.4410672041524,
           "delay_weight_close": 11.747788706283869,
           "delay_weight_entry": 18.639085104892356,
           "ema_dist_lower": 0.019202520110462494,
           "ema_dist_upper": 0.013409158456502179,
           "ema_span_0": 769.4569906960186,
           "ema_span_1": 276.9909590777901,
           "enabled": false,
           "markup_range": 0.011465833308097972,
           "min_markup": 0.003346799966954757,
           "n_close_orders": 8,
           "qty_pct_close": 0.09324081133082723,
           "qty_pct_entry": 0.052065705777373905,
           "wallet_exposure_limit": 1.0,
           "we_multiplier_close": 7.667851905803417,
           "we_multiplier_entry": 57.54413837029422}}