{"config_name": "recursive_grid_0days",
 "logging_level": 0,
 "long": {"auto_unstuck_ema_dist": 0,
          "auto_unstuck_wallet_exposure_threshold": 0,
          "backwards_tp": false,
          "ddown_factor": 1.8358096648862365,
          "ema_span_0": 58.73198264509065,
          "ema_span_1": 121.20389265692879,
          "enabled": true,
          "initial_eprice_ema_dist": -0.1,
          "initial_qty_pct": 0.0012643696066311737,
          "markup_range": 0.035681804777314426,
          "min_markup": 0.004967984764553801,
          "n_close_orders": 5,
          "rentry_pprice_dist": 0.02094070543976943,
          "rentry_pprice_dist_wallet_exposure_weighting": 0.0,
          "wallet_exposure_limit": 0.2},
 "short": {"auto_unstuck_ema_dist": 0.005787771165148889,
           "auto_unstuck_wallet_exposure_threshold": 0.0129407949274153,
           "backwards_tp": true,
           "ddown_factor": 0.8060091558206479,
           "ema_span_0": 1098.6967990784046,
           "ema_span_1": 2111.3774454578315,
           "enabled": false,
           "initial_eprice_ema_dist": -0.051748762773434834,
           "initial_qty_pct": 0.015,
           "markup_range": 0.02728029982186264,
           "min_markup": 0.0016979890454451724,
           "n_close_orders": 19,
           "rentry_pprice_dist": 0.02165367185840805,
           "rentry_pprice_dist_wallet_exposure_weighting": 85.20706272974714,
           "wallet_exposure_limit": 0.1}}