{"config_name": "recursive_grid_0days",
 "logging_level": 0,
 "long": {"auto_unstuck_ema_dist": 0.003,
          "auto_unstuck_wallet_exposure_threshold": 0.058272209225017295,
          "backwards_tp": false,
          "ddown_factor": 1.1134020255527017,
          "ema_span_0": 1202.4665396640567,
          "ema_span_1": 1364.1675729295566,
          "enabled": true,
          "initial_eprice_ema_dist": -0.07517455656566316,
          "initial_qty_pct": 0.022967018495218997,
          "markup_range": 0.033593727085269136,
          "min_markup": 0.005464262441186331,
          "n_close_orders": 9,
          "rentry_pprice_dist": 0.041955540916045246,
          "rentry_pprice_dist_wallet_exposure_weighting": 0.5682815509904068,
          "wallet_exposure_limit": 0.2},
 "short": {"auto_unstuck_ema_dist": -0.0013864964128520452,
           "auto_unstuck_wallet_exposure_threshold": 0.09911764519207153,
           "backwards_tp": true,
           "ddown_factor": 1.980969025247292,
           "ema_span_0": 979.6656271120619,
           "ema_span_1": 1054.3813066892726,
           "enabled": false,
           "initial_eprice_ema_dist": -0.09071525327716022,
           "initial_qty_pct": 0.06408619085105553,
           "markup_range": 0.04625911220090022,
           "min_markup": 0.00679956475093595,
           "n_close_orders": 15,
           "rentry_pprice_dist": 0.040145127581030025,
           "rentry_pprice_dist_wallet_exposure_weighting": 14.57620307356198,
           "wallet_exposure_limit": 1.0}}