{"config_name": "recursive_grid_0days",
 "logging_level": 0,
 "long": {"auto_unstuck_ema_dist": 0,
          "auto_unstuck_wallet_exposure_threshold": 0,
          "backwards_tp": false,
          "ddown_factor": 1.5489961671838424,
          "ema_span_0": 271.6460984268779,
          "ema_span_1": 566.9673709421888,
          "enabled": true,
          "initial_eprice_ema_dist": -0.1,
          "initial_qty_pct": 0.006547542338505118,
          "markup_range": 0.03860661664585738,
          "min_markup": 0.0068018742716398125,
          "n_close_orders": 4,
          "rentry_pprice_dist": 0.04809201253897905,
          "rentry_pprice_dist_wallet_exposure_weighting": 0,
          "wallet_exposure_limit": 0.2},
 "short": {"auto_unstuck_ema_dist": 0.01403939565102021,
           "auto_unstuck_wallet_exposure_threshold": 0.09737002191757231,
           "backwards_tp": true,
           "ddown_factor": 0.5379278663602305,
           "ema_span_0": 809.5067237615335,
           "ema_span_1": 7152.26396189793,
           "enabled": false,
           "initial_eprice_ema_dist": -0.04063047080155104,
           "initial_qty_pct": 0.015,
           "markup_range": 0.011680065762952736,
           "min_markup": 0.0017934405392070521,
           "n_close_orders": 13,
           "rentry_pprice_dist": 0.01779822417255618,
           "rentry_pprice_dist_wallet_exposure_weighting": 55.470287483469036,
           "wallet_exposure_limit": 0.1}}