{"config_name": "clock_0days",
 "long": {"backwards_tp": true,
          "delay_between_fills_minutes_close": 121.16647017117145,
          "delay_between_fills_minutes_entry": 745.3525719839909,
          "delay_weight_close": 90.86970363348226,
          "delay_weight_entry": 12.594465356147216,
          "ema_dist_close": 0.00795506609754773,
          "ema_dist_entry": 0.006853620813187298,
          "ema_span_0": 346.7993787191675,
          "ema_span_1": 968.9918857721564,
          "enabled": true,
          "markup_range": 0.03865359216144588,
          "min_markup": 0.07647943140087936,
          "n_close_orders": 15,
          "qty_pct_close": 0.09101315941795708,
          "qty_pct_entry": 0.01,
          "wallet_exposure_limit": 0.4,
          "we_multiplier_close": 0,
          "we_multiplier_entry": 34.935176308555896},
 "short": {"backwards_tp": true,
           "delay_between_fills_minutes_close": 524.7160393808658,
           "delay_between_fills_minutes_entry": 682.7316184274067,
           "delay_weight_close": 99.0446926902743,
           "delay_weight_entry": 40.331360884731104,
           "ema_dist_close": -0.0038807190335962555,
           "ema_dist_entry": -0.04032268099202284,
           "ema_span_0": 548.8679380603343,
           "ema_span_1": 571.1196354057146,
           "enabled": false,
           "markup_range": 0.04734508026307617,
           "min_markup": 0.0023944711423578525,
           "n_close_orders": 15,
           "qty_pct_close": 0.06103337624866491,
           "qty_pct_entry": 0.07104325035159352,
           "wallet_exposure_limit": 1.0,
           "we_multiplier_close": 2.1414530932775344,
           "we_multiplier_entry": 27.743806652855916}}