{"config_name": "recursive_grid_0days",
 "logging_level": 0,
 "long": {"auto_unstuck_ema_dist": -0.00024990564112578725,
          "auto_unstuck_wallet_exposure_threshold": 0.037323908661528536,
          "backwards_tp": true,
          "ddown_factor": 0.5396332809395911,
          "ema_span_0": 635.9439917558784,
          "ema_span_1": 825.6827356415127,
          "enabled": true,
          "initial_eprice_ema_dist": 0.004,
          "initial_qty_pct": 0.012950699563240632,
          "markup_range": 0.006428153444546801,
          "min_markup": 0.006311167867211339,
          "n_close_orders": 8,
          "rentry_pprice_dist": 0.020847097691107055,
          "rentry_pprice_dist_wallet_exposure_weighting": 0.4073895657492175,
          "wallet_exposure_limit": 0.2},
 "short": {"auto_unstuck_ema_dist": -0.0973527339224399,
           "auto_unstuck_wallet_exposure_threshold": 0.056675487987339866,
           "backwards_tp": true,
           "ddown_factor": 2.4114071478399417,
           "ema_span_0": 944.6458564337146,
           "ema_span_1": 744.2646963591412,
           "enabled": false,
           "initial_eprice_ema_dist": -0.003149490059404042,
           "initial_qty_pct": 0.067750474706975,
           "markup_range": 0.032540190304889076,
           "min_markup": 0.007228495401709951,
           "n_close_orders": 8,
           "rentry_pprice_dist": 0.03815504949660913,
           "rentry_pprice_dist_wallet_exposure_weighting": 5.6018035285520735,
           "wallet_exposure_limit": 1.0}}