{"config_name": "emas_0days",
 "long": {"delay_between_fills_minutes_close": 552.5396892337236,
          "delay_between_fills_minutes_entry": 1518.704658475601,
          "delay_weight_close": 62.80747058981165,
          "delay_weight_entry": 11.223577834278242,
          "ema_dist_lower": 0.00016551391923530932,
          "ema_dist_upper": 0.006401275738732803,
          "ema_span_0": 25.624330992941776,
          "ema_span_1": 1057.8861313559155,
          "enabled": true,
          "markup_range": 0.03320852233349074,
          "min_markup": 0.05898963836872466,
          "n_close_orders": 9,
          "qty_pct_close": 0.07165278288487965,
          "qty_pct_entry": 0.03566673289499444,
          "wallet_exposure_limit": 1,
          "we_multiplier_close": 30.777344083570014,
          "we_multiplier_entry": 66.75089995342303},
 "short": {"delay_between_fills_minutes_close": 3995.026482207317,
           "delay_between_fills_minutes_entry": 2012.7826497659469,
           "delay_weight_close": 40.715668530105035,
           "delay_weight_entry": 31.124076320941573,
           "ema_dist_lower": 0.005291467273780706,
           "ema_dist_upper": 0.014004208325696429,
           "ema_span_0": 690.515702321302,
           "ema_span_1": 2629.989841348287,
           "enabled": false,
           "markup_range": 0.061316703717574944,
           "min_markup": 0.036725633208070575,
           "n_close_orders": 12,
           "qty_pct_close": 0.04807119683214732,
           "qty_pct_entry": 0.06657694661980045,
           "wallet_exposure_limit": 1.0,
           "we_multiplier_close": 52.178761476633944,
           "we_multiplier_entry": 32.57295415559919}}