{"config_name": "emas_0days",
 "long": {"delay_between_fills_minutes_close": 413.450786784208,
          "delay_between_fills_minutes_entry": 261.9096358174801,
          "delay_weight_close": 109.8296791103178,
          "delay_weight_entry": 35.54260784568922,
          "ema_dist_lower": 0.006765879396100016,
          "ema_dist_upper": -0.08737343301269543,
          "ema_span_0": 125.55961424316463,
          "ema_span_1": 2421.2563019813974,
          "enabled": true,
          "markup_range": 0.027502471807816304,
          "min_markup": 0.017214144836812342,
          "n_close_orders": 4,
          "qty_pct_close": 0.013564357613079659,
          "qty_pct_entry": 0.007160454134034913,
          "wallet_exposure_limit": 0.25,
          "we_multiplier_close": 39.079875202725674,
          "we_multiplier_entry": 150},
 "short": {"delay_between_fills_minutes_close": 1.0,
           "delay_between_fills_minutes_entry": 371.0392804026683,
           "delay_weight_close": 40.01954338296109,
           "delay_weight_entry": 59.632095737830035,
           "ema_dist_lower": -0.6965985636201899,
           "ema_dist_upper": -0.9445102974599787,
           "ema_span_0": 504.32056572983674,
           "ema_span_1": 3469.6553593889385,
           "enabled": false,
           "markup_range": 0.015556820942447529,
           "min_markup": 0.011462808304628425,
           "n_close_orders": 4,
           "qty_pct_close": 0.05651315874786376,
           "qty_pct_entry": 0.0023149275452473664,
           "wallet_exposure_limit": 0.1,
           "we_multiplier_close": 99.9398802191159,
           "we_multiplier_entry": 47.94707780125151}}