{"config_name": "recursive_grid_1_symbols_2496days",
 "logging_level": 0,
 "long": {"auto_unstuck_ema_dist": 0.01050435904806396,
          "auto_unstuck_wallet_exposure_threshold": 0.04777959949035426,
          "backwards_tp": true,
          "ddown_factor": 0.9866400234677032,
          "ema_span_0": 1483.6620307894095,
          "ema_span_1": 2639.3251224461983,
          "enabled": true,
          "initial_eprice_ema_dist": -0.03218977893478351,
          "initial_qty_pct": 0.015,
          "markup_range": 0.002117203916456197,
          "min_markup": 0.0014247936552501277,
          "n_close_orders": 16,
          "rentry_pprice_dist": 0.028177711098709615,
          "rentry_pprice_dist_wallet_exposure_weighting": 2.6706469602549228,
          "wallet_exposure_limit": 0.2},
 "short": {"auto_unstuck_ema_dist": 0.07002048705808707,
           "auto_unstuck_wallet_exposure_threshold": 0.06733513882504329,
           "backwards_tp": true,
           "ddown_factor": 1.0977554665047098,
           "ema_span_0": 4235.717620773095,
           "ema_span_1": 8257.555832826041,
           "enabled": false,
           "initial_eprice_ema_dist": -0.02615746155506632,
           "initial_qty_pct": 0.015,
           "markup_range": 0.008315119215616078,
           "min_markup": 0.003058459048110316,
           "n_close_orders": 6,
           "rentry_pprice_dist": 0.022802257204891145,
           "rentry_pprice_dist_wallet_exposure_weighting": 85.38624791421243,
           "wallet_exposure_limit": 0.1}}
