{"config_name": "neat_grid_0days",
 "logging_level": 0,
 "long": {"auto_unstuck_ema_dist": 0.009096793009696213,
          "auto_unstuck_wallet_exposure_threshold": 0.505023302402226,
          "backwards_tp": true,
          "ema_span_0": 1765.1355576239605,
          "ema_span_1": 1788.259863330655,
          "enabled": true,
          "eprice_exp_base": 1.1751937451126293,
          "eqty_exp_base": 2.2384030673689317,
          "grid_span": 0.26986363942204145,
          "initial_eprice_ema_dist": -0.08872243171613736,
          "initial_qty_pct": 0.01,
          "markup_range": 0.002,
          "max_n_entry_orders": 7,
          "min_markup": 0.0021499088301364625,
          "n_close_orders": 6,
          "wallet_exposure_limit": 0.2},
 "short": {"auto_unstuck_ema_dist": 0.044304542198404524,
           "auto_unstuck_wallet_exposure_threshold": 0,
           "backwards_tp": true,
           "ema_span_0": 1396.3391842420885,
           "ema_span_1": 1405.2981799156291,
           "enabled": true,
           "eprice_exp_base": 1.2272785801045676,
           "eqty_exp_base": 1.8086483814168965,
           "grid_span": 0.28893338852310463,
           "initial_eprice_ema_dist": -0.07003851360513431,
           "initial_qty_pct": 0.01,
           "markup_range": 0.002,
           "max_n_entry_orders": 10,
           "min_markup": 0.003,
           "n_close_orders": 7,
           "wallet_exposure_limit": 0.1}}