{"config_name": "recursive_grid_0days",
 "logging_level": 0,
 "long": {"auto_unstuck_ema_dist": -0.00035041909770476944,
          "auto_unstuck_wallet_exposure_threshold": 0.04748212116272733,
          "backwards_tp": false,
          "ddown_factor": 1.7324301714698285,
          "ema_span_0": 1333.245670185228,
          "ema_span_1": 72.8592491148281,
          "enabled": true,
          "initial_eprice_ema_dist": 0.004,
          "initial_qty_pct": 0.02434371522125327,
          "markup_range": 0.04580913204411371,
          "min_markup": 0.004522704728790792,
          "n_close_orders": 3,
          "rentry_pprice_dist": 0.03824731095303305,
          "rentry_pprice_dist_wallet_exposure_weighting": 1.3347379757128903,
          "wallet_exposure_limit": 0.2},
 "short": {"auto_unstuck_ema_dist": -0.027722371829465395,
           "auto_unstuck_wallet_exposure_threshold": 0.0920890204770288,
           "backwards_tp": true,
           "ddown_factor": 0.3391845340157839,
           "ema_span_0": 112.51838349609295,
           "ema_span_1": 1430.825561804727,
           "enabled": false,
           "initial_eprice_ema_dist": -0.09502360220313834,
           "initial_qty_pct": 0.04308043041330258,
           "markup_range": 0.03332044407336905,
           "min_markup": 0.005059750790924239,
           "n_close_orders": 10,
           "rentry_pprice_dist": 0.011956848074663943,
           "rentry_pprice_dist_wallet_exposure_weighting": 14.782181419310362,
           "wallet_exposure_limit": 1.0}}