{"config_name": "recursive_grid_0days",
 "logging_level": 0,
 "long": {"auto_unstuck_ema_dist": 0.003,
          "auto_unstuck_wallet_exposure_threshold": 0.08799124324719061,
          "backwards_tp": true,
          "ddown_factor": 0.810460113485181,
          "ema_span_0": 1262.9274010435693,
          "ema_span_1": 59.53079243432253,
          "enabled": true,
          "initial_eprice_ema_dist": 0.0025934240232687086,
          "initial_qty_pct": 0.03300684295600652,
          "markup_range": 0.005390217798007147,
          "min_markup": 0.0028692396342136256,
          "n_close_orders": 8,
          "rentry_pprice_dist": 0.04026707479042848,
          "rentry_pprice_dist_wallet_exposure_weighting": 1.4508017598508522,
          "wallet_exposure_limit": 0.2},
 "short": {"auto_unstuck_ema_dist": -0.013700991603188287,
           "auto_unstuck_wallet_exposure_threshold": 0.09756463296100462,
           "backwards_tp": true,
           "ddown_factor": 2.447358547071414,
           "ema_span_0": 631.0285577669534,
           "ema_span_1": 468.10383030963646,
           "enabled": false,
           "initial_eprice_ema_dist": -0.0027316543566925505,
           "initial_qty_pct": 0.021400826966235527,
           "markup_range": 0.016106495330004245,
           "min_markup": 0.003380235780019516,
           "n_close_orders": 14,
           "rentry_pprice_dist": 0.04307039393707453,
           "rentry_pprice_dist_wallet_exposure_weighting": 18.175376743589272,
           "wallet_exposure_limit": 1.0}}