{"config_name": "recursive_grid_0days",
 "logging_level": 0,
 "long": {"auto_unstuck_ema_dist": 0.039365254491398674,
          "auto_unstuck_wallet_exposure_threshold": 0.07775509340266548,
          "backwards_tp": false,
          "ddown_factor": 2.300898102655569,
          "ema_span_0": 3676.8763733402534,
          "ema_span_1": 8964.696107742966,
          "enabled": false,
          "initial_eprice_ema_dist": -0.017335358064209536,
          "initial_qty_pct": 0.015,
          "markup_range": 0.003954216204715661,
          "min_markup": 0.002583550417328398,
          "n_close_orders": 10,
          "rentry_pprice_dist": 0.038678902662540995,
          "rentry_pprice_dist_wallet_exposure_weighting": 28.551068782253274,
          "wallet_exposure_limit": 0.1},
 "short": {"auto_unstuck_ema_dist": 0,
           "auto_unstuck_wallet_exposure_threshold": 0,
           "backwards_tp": false,
           "ddown_factor": 1.8424191522345228,
           "ema_span_0": 3590.5494778502243,
           "ema_span_1": 5952.525707945275,
           "enabled": true,
           "initial_eprice_ema_dist": -0.09179754067696624,
           "initial_qty_pct": 0.0046208286510377,
           "markup_range": 0.020607603814147637,
           "min_markup": 0.003052586842888861,
           "n_close_orders": 4,
           "rentry_pprice_dist": 0.024134803492370637,
           "rentry_pprice_dist_wallet_exposure_weighting": 0.0,
           "wallet_exposure_limit": 0.2}}