{"config_name": "recursive_grid_0days",
 "logging_level": 0,
 "long": {"auto_unstuck_ema_dist": 0,
          "auto_unstuck_wallet_exposure_threshold": 0,
          "backwards_tp": false,
          "ddown_factor": 2.0763019893475545,
          "ema_span_0": 551.0472623297882,
          "ema_span_1": 357.9158174470935,
          "enabled": true,
          "initial_eprice_ema_dist": -0.1,
          "initial_qty_pct": 0.0031368245917871317,
          "markup_range": 0.021679705284430546,
          "min_markup": 0.0041534161432168785,
          "n_close_orders": 4,
          "rentry_pprice_dist": 0.028141251006734515,
          "rentry_pprice_dist_wallet_exposure_weighting": 0,
          "wallet_exposure_limit": 0.2},
 "short": {"auto_unstuck_ema_dist": 0.01159668606656598,
           "auto_unstuck_wallet_exposure_threshold": 0.03693316565970675,
           "backwards_tp": true,
           "ddown_factor": 1.8924738755712671,
           "ema_span_0": 1734.7284379336531,
           "ema_span_1": 8373.71830242689,
           "enabled": false,
           "initial_eprice_ema_dist": -0.0555305953488528,
           "initial_qty_pct": 0.015,
           "markup_range": 0.007265078062924967,
           "min_markup": 0.0030561507041008446,
           "n_close_orders": 6,
           "rentry_pprice_dist": 0.01540687349769402,
           "rentry_pprice_dist_wallet_exposure_weighting": 0.11035076299139357,
           "wallet_exposure_limit": 0.1}}
