{"config_name": "clock_0days",
 "long": {"delay_between_fills_minutes_close": 1090.0762214570495,
          "delay_between_fills_minutes_entry": 1181.3355357559722,
          "delay_weight_close": 2.9757216125825696,
          "delay_weight_entry": 8.028975957836726,
          "ema_dist_lower": 0.009302643102572295,
          "ema_dist_upper": 0.0014219727484845411,
          "ema_span_0": 748.2380271557431,
          "ema_span_1": 1482.285277053429,
          "enabled": true,
          "markup_range": 0.09866704628843903,
          "min_markup": 0.09370727379967583,
          "n_close_orders": 13,
          "qty_pct_close": 0.0948833899312981,
          "qty_pct_entry": 0.028646361999815587,
          "wallet_exposure_limit": 0.25,
          "we_multiplier_close": 4.75696971943774,
          "we_multiplier_entry": 11.220800587864272},
 "short": {"delay_between_fills_minutes_close": 25.847612347490326,
           "delay_between_fills_minutes_entry": 1093.792172289578,
           "delay_weight_close": 5.106439498998705,
           "delay_weight_entry": 5.059750255141584,
           "ema_dist_lower": 0.009396097235531945,
           "ema_dist_upper": 0.004572387045974977,
           "ema_span_0": 874.1254973055304,
           "ema_span_1": 374.3057005541613,
           "enabled": false,
           "markup_range": 0.05753543218132467,
           "min_markup": 0.040770700402829284,
           "n_close_orders": 9,
           "qty_pct_close": 0.05683285078822799,
           "qty_pct_entry": 0.08968406260928838,
           "wallet_exposure_limit": 1.0,
           "we_multiplier_close": 1.9204419070344358,
           "we_multiplier_entry": 42.585815511373966}}