{"config_name": "recursive_grid_0days",
 "logging_level": 0,
 "long": {"auto_unstuck_ema_dist": 0.007194053099998831,
          "auto_unstuck_wallet_exposure_threshold": 0.022131673219646056,
          "backwards_tp": false,
          "ddown_factor": 0.4913819011718123,
          "ema_span_0": 3078.2621331771606,
          "ema_span_1": 5833.690449139219,
          "enabled": false,
          "initial_eprice_ema_dist": -0.09492627657070737,
          "initial_qty_pct": 0.015,
          "markup_range": 0.02809394113734741,
          "min_markup": 0.002440327754380898,
          "n_close_orders": 18,
          "rentry_pprice_dist": 0.019525448094576348,
          "rentry_pprice_dist_wallet_exposure_weighting": 66.72294017861951,
          "wallet_exposure_limit": 0.1},
 "short": {"auto_unstuck_ema_dist": 0.016218936671317317,
           "auto_unstuck_wallet_exposure_threshold": 0.08454847189050846,
           "backwards_tp": false,
           "ddown_factor": 1.1754698165503346,
           "ema_span_0": 1892.3639909607723,
           "ema_span_1": 775.0875339439398,
           "enabled": true,
           "initial_eprice_ema_dist": -0.05050334453856897,
           "initial_qty_pct": 0.0012497443041219985,
           "markup_range": 0.028828750120508305,
           "min_markup": 0.0035444539137498687,
           "n_close_orders": 11,
           "rentry_pprice_dist": 0.03339835229921101,
           "rentry_pprice_dist_wallet_exposure_weighting": 0,
           "wallet_exposure_limit": 0.2}}