{"config_name": "emas_0days",
 "long": {"delay_between_fills_minutes_close": 319.70085443722587,
          "delay_between_fills_minutes_entry": 432.88824157096616,
          "delay_weight_close": 83.79006804681995,
          "delay_weight_entry": 38.235047317344446,
          "ema_dist_lower": 0.0016389013648459307,
          "ema_dist_upper": 0.011509641792751546,
          "ema_span_0": 1060.814126538013,
          "ema_span_1": 1222.0804468856286,
          "enabled": true,
          "markup_range": 0.002705456643720516,
          "min_markup": 0.02,
          "n_close_orders": 3,
          "qty_pct_close": 0.06779768501875508,
          "qty_pct_entry": 0.0030333733576992433,
          "wallet_exposure_limit": 1,
          "we_multiplier_close": 18.07010105409247,
          "we_multiplier_entry": 117.89038099040454},
 "short": {"delay_between_fills_minutes_close": 50.63629941337648,
           "delay_between_fills_minutes_entry": 3789.5188656346304,
           "delay_weight_close": 51.13157796899728,
           "delay_weight_entry": 64.83812001468216,
           "ema_dist_lower": 0.015077254037999624,
           "ema_dist_upper": 0.01416048237625317,
           "ema_span_0": 516.5819020929342,
           "ema_span_1": 2602.446879431865,
           "enabled": false,
           "markup_range": 0.0549646901929317,
           "min_markup": 0.051599633766688247,
           "n_close_orders": 10,
           "qty_pct_close": 0.05101769299410643,
           "qty_pct_entry": 0.04641100235381974,
           "wallet_exposure_limit": 1.0,
           "we_multiplier_close": 50.12544900154219,
           "we_multiplier_entry": 64.99636782597466}}