{"config_name": "recursive_grid_0days",
 "logging_level": 0,
 "long": {"auto_unstuck_ema_dist": 0.003,
          "auto_unstuck_wallet_exposure_threshold": 0.04829152154525828,
          "backwards_tp": true,
          "ddown_factor": 2.851258202375156,
          "ema_span_0": 674.2109215570794,
          "ema_span_1": 6.757694692317685,
          "enabled": true,
          "initial_eprice_ema_dist": 0.004,
          "initial_qty_pct": 0.023206536465204677,
          "markup_range": 0.003442941468585169,
          "min_markup": 0.0025084852835164546,
          "n_close_orders": 8,
          "rentry_pprice_dist": 0.04127817472272415,
          "rentry_pprice_dist_wallet_exposure_weighting": 0.4866892370132727,
          "wallet_exposure_limit": 0.2},
 "short": {"auto_unstuck_ema_dist": -0.06278272233709353,
           "auto_unstuck_wallet_exposure_threshold": 0.031012493549059782,
           "backwards_tp": true,
           "ddown_factor": 2.938423393426317,
           "ema_span_0": 348.97581636809787,
           "ema_span_1": 1229.732787325891,
           "enabled": false,
           "initial_eprice_ema_dist": -0.020501441941585916,
           "initial_qty_pct": 0.09357987755741083,
           "markup_range": 0.02526077672223115,
           "min_markup": 0.007684916354621894,
           "n_close_orders": 7,
           "rentry_pprice_dist": 0.04335472393843143,
           "rentry_pprice_dist_wallet_exposure_weighting": 18.532746431657532,
           "wallet_exposure_limit": 1.0}}