{"config_name": "clock_0days",
 "long": {"backwards_tp": true,
          "delay_between_fills_minutes_close": 90.41403275370538,
          "delay_between_fills_minutes_entry": 1357.1660490146478,
          "delay_weight_close": 76.70122765801935,
          "delay_weight_entry": 14.667174092662181,
          "ema_dist_close": 0.000567869778210854,
          "ema_dist_entry": 0.006400464141663543,
          "ema_span_0": 400.61868414713473,
          "ema_span_1": 1336.4115291964472,
          "enabled": true,
          "markup_range": 0.09937825640368257,
          "min_markup": 0.06421915399634737,
          "n_close_orders": 15,
          "qty_pct_close": 0.09389143016464972,
          "qty_pct_entry": 0.02862902778238244,
          "wallet_exposure_limit": 0.4,
          "we_multiplier_close": 3.736976236254913,
          "we_multiplier_entry": 90.4273341165225},
 "short": {"backwards_tp": true,
           "delay_between_fills_minutes_close": 589.8483794183657,
           "delay_between_fills_minutes_entry": 70.93102889733186,
           "delay_weight_close": 88.81170276379054,
           "delay_weight_entry": 84.99575826691303,
           "ema_dist_close": -0.035154793262103176,
           "ema_dist_entry": -0.03873392137175049,
           "ema_span_0": 1248.391690648004,
           "ema_span_1": 301.869527148111,
           "enabled": false,
           "markup_range": 0.04516004083805248,
           "min_markup": 0.006354444774686496,
           "n_close_orders": 13,
           "qty_pct_close": 0.08358230152583411,
           "qty_pct_entry": 0.021218172005850536,
           "wallet_exposure_limit": 1.0,
           "we_multiplier_close": 63.29162834910659,
           "we_multiplier_entry": 37.899807164787426}}