{"config_name": "recursive_grid_0days",
 "logging_level": 0,
 "long": {"auto_unstuck_ema_dist": 0.012993079982489563,
          "auto_unstuck_wallet_exposure_threshold": 0.07381947007048972,
          "backwards_tp": false,
          "ddown_factor": 2.5392275853503308,
          "ema_span_0": 3067.932809730472,
          "ema_span_1": 3095.8259596969265,
          "enabled": true,
          "initial_eprice_ema_dist": -0.08366077462466956,
          "initial_qty_pct": 0.015,
          "markup_range": 0.012570742630185195,
          "min_markup": 0.002696443069438354,
          "n_close_orders": 12,
          "rentry_pprice_dist": 0.045220392814148115,
          "rentry_pprice_dist_wallet_exposure_weighting": 1.3410841593495804,
          "wallet_exposure_limit": 0.1},
 "short": {"auto_unstuck_ema_dist": 0.007778745935530387,
           "auto_unstuck_wallet_exposure_threshold": 0.08921107681123225,
           "backwards_tp": false,
           "ddown_factor": 2.299300971271085,
           "ema_span_0": 4320.0,
           "ema_span_1": 6416.164561497944,
           "enabled": true,
           "initial_eprice_ema_dist": -0.02997912431289344,
           "initial_qty_pct": 0.015,
           "markup_range": 0.012610315152227053,
           "min_markup": 0.0017504192890866125,
           "n_close_orders": 5,
           "rentry_pprice_dist": 0.028460897580880863,
           "rentry_pprice_dist_wallet_exposure_weighting": 10.240503156103909,
           "wallet_exposure_limit": 0.1}}