{"config_name": "emas_0days",
 "long": {"delay_between_fills_minutes_close": 385.3432489966592,
          "delay_between_fills_minutes_entry": 378.856347571954,
          "delay_weight_close": 120.48300179935583,
          "delay_weight_entry": 31.37277310896306,
          "ema_dist_lower": -0.3529081139306864,
          "ema_dist_upper": -0.026731440782965743,
          "ema_span_0": 162.75405699993152,
          "ema_span_1": 3180.6399529913824,
          "enabled": true,
          "markup_range": 0.03,
          "min_markup": 0.02,
          "n_close_orders": 4,
          "qty_pct_close": 0.03819010335298382,
          "qty_pct_entry": 0.00668945682229168,
          "wallet_exposure_limit": 0.25,
          "we_multiplier_close": 97.3408303254062,
          "we_multiplier_entry": 112.63797970652381},
 "short": {"delay_between_fills_minutes_close": 1.0,
           "delay_between_fills_minutes_entry": 336.96985225200694,
           "delay_weight_close": 11.11432209785552,
           "delay_weight_entry": 59.18538144265847,
           "ema_dist_lower": -0.18650424288631784,
           "ema_dist_upper": -0.19408061172673208,
           "ema_span_0": 1154.6753034654332,
           "ema_span_1": 1386.9578585001673,
           "enabled": false,
           "markup_range": 0.00330594812521301,
           "min_markup": 0.012282048718570502,
           "n_close_orders": 2,
           "qty_pct_close": 0.06262057921619268,
           "qty_pct_entry": 0.032457474482006816,
           "wallet_exposure_limit": 0.1,
           "we_multiplier_close": 131.5828693424803,
           "we_multiplier_entry": 13.34628364202797}}