{"config_name": "recursive_grid_0days",
 "logging_level": 0,
 "long": {"auto_unstuck_ema_dist": 0.005174821244803652,
          "auto_unstuck_wallet_exposure_threshold": 0.016886414323988685,
          "backwards_tp": false,
          "ddown_factor": 0.7424042965015827,
          "ema_span_0": 2031.8027256750884,
          "ema_span_1": 1270.121690099791,
          "enabled": true,
          "initial_eprice_ema_dist": -0.0932281231443763,
          "initial_qty_pct": 0.015,
          "markup_range": 0.028490086102075006,
          "min_markup": 0.0036932374766789383,
          "n_close_orders": 8,
          "rentry_pprice_dist": 0.02831877731966284,
          "rentry_pprice_dist_wallet_exposure_weighting": 2.8566899867867854,
          "wallet_exposure_limit": 0.1},
 "short": {"auto_unstuck_ema_dist": 0.023386574013929958,
           "auto_unstuck_wallet_exposure_threshold": 0.09778104420574558,
           "backwards_tp": false,
           "ddown_factor": 0.8625873895000581,
           "ema_span_0": 1460.4485557161686,
           "ema_span_1": 6812.660416590775,
           "enabled": true,
           "initial_eprice_ema_dist": -0.04543391789698994,
           "initial_qty_pct": 0.015,
           "markup_range": 0.03,
           "min_markup": 0.0026256608509922226,
           "n_close_orders": 5,
           "rentry_pprice_dist": 0.01767719670247357,
           "rentry_pprice_dist_wallet_exposure_weighting": 19.58225385784986,
           "wallet_exposure_limit": 0.1}}