{"config_name": "recursive_grid_0days",
 "logging_level": 0,
 "long": {"auto_unstuck_ema_dist": 0.04886722088284742,
          "auto_unstuck_wallet_exposure_threshold": 0.021532710709917725,
          "backwards_tp": false,
          "ddown_factor": 0.41551727686348255,
          "ema_span_0": 1035.6799343586335,
          "ema_span_1": 5932.434078379362,
          "enabled": false,
          "initial_eprice_ema_dist": -0.06983864804146822,
          "initial_qty_pct": 0.015,
          "markup_range": 0.01310031989277403,
          "min_markup": 0.002723910672691317,
          "n_close_orders": 11,
          "rentry_pprice_dist": 0.039099506934663214,
          "rentry_pprice_dist_wallet_exposure_weighting": 76.37631780365375,
          "wallet_exposure_limit": 0.1},
 "short": {"auto_unstuck_ema_dist": 0.009758598631442034,
           "auto_unstuck_wallet_exposure_threshold": 0.09435128372092219,
           "backwards_tp": false,
           "ddown_factor": 0.2465379725230683,
           "ema_span_0": 499.6196969569002,
           "ema_span_1": 1281.89985637149,
           "enabled": true,
           "initial_eprice_ema_dist": -0.012018003599094832,
           "initial_qty_pct": 0.007280124304634081,
           "markup_range": 0.02515614110359232,
           "min_markup": 0.0037674024285809377,
           "n_close_orders": 14,
           "rentry_pprice_dist": 0.03527081303557508,
           "rentry_pprice_dist_wallet_exposure_weighting": 0,
           "wallet_exposure_limit": 0.2}}