{"config_name": "recursive_grid_0days",
 "logging_level": 0,
 "long": {"auto_unstuck_ema_dist": 0.1,
          "auto_unstuck_wallet_exposure_threshold": 0.0705209670877739,
          "backwards_tp": true,
          "ddown_factor": 0.6513672043531132,
          "ema_span_0": 428.1492864036609,
          "ema_span_1": 428.45233356935114,
          "enabled": true,
          "initial_eprice_ema_dist": -0.00392680970423817,
          "initial_qty_pct": 0.01,
          "markup_range": 0.0029946831094068973,
          "min_markup": 0.002,
          "n_close_orders": 4,
          "rentry_pprice_dist": 0.030150236797347373,
          "rentry_pprice_dist_wallet_exposure_weighting": 0,
          "wallet_exposure_limit": 0.2},
 "short": {"auto_unstuck_ema_dist": 0.06434187456377773,
           "auto_unstuck_wallet_exposure_threshold": 0.010342193412199508,
           "backwards_tp": true,
           "ddown_factor": 1.5583067637385246,
           "ema_span_0": 2686.2490230081658,
           "ema_span_1": 7522.958329572902,
           "enabled": false,
           "initial_eprice_ema_dist": -0.03986356799066094,
           "initial_qty_pct": 0.015,
           "markup_range": 0.004779245060227671,
           "min_markup": 0.0024012981363617032,
           "n_close_orders": 6,
           "rentry_pprice_dist": 0.031395372317433695,
           "rentry_pprice_dist_wallet_exposure_weighting": 87.80261087515672,
           "wallet_exposure_limit": 0.1}}