{"config_name": "recursive_grid_0days",
 "logging_level": 0,
 "long": {"auto_unstuck_ema_dist": 0.001,
          "auto_unstuck_wallet_exposure_threshold": 0.03024852480314352,
          "backwards_tp": true,
          "ddown_factor": 2.1053327627291183,
          "ema_span_0": 693.9587628924585,
          "ema_span_1": 920.2208052456144,
          "enabled": true,
          "initial_eprice_ema_dist": 0.008277899178530964,
          "initial_qty_pct": 0.01865528303066864,
          "markup_range": 0.007779336210517547,
          "min_markup": 0.0038510176212036016,
          "n_close_orders": 10,
          "rentry_pprice_dist": 0.028633305821332757,
          "rentry_pprice_dist_wallet_exposure_weighting": 4.035152755627242,
          "wallet_exposure_limit": 1},
 "short": {"auto_unstuck_ema_dist": -0.07842267995696046,
           "auto_unstuck_wallet_exposure_threshold": 0.09495628562298614,
           "backwards_tp": true,
           "ddown_factor": 2.218406446457711,
           "ema_span_0": 258.5307913528851,
           "ema_span_1": 25.468937779048773,
           "enabled": false,
           "initial_eprice_ema_dist": -0.08413043960752078,
           "initial_qty_pct": 0.0523566109818482,
           "markup_range": 0.008912641322654858,
           "min_markup": 0.008792409256458614,
           "n_close_orders": 15,
           "rentry_pprice_dist": 0.014783932639080833,
           "rentry_pprice_dist_wallet_exposure_weighting": 11.5592680583859,
           "wallet_exposure_limit": 1.0}}