{"config_name": "recursive_grid_0days",
 "logging_level": 0,
 "long": {"auto_unstuck_ema_dist": 0.003,
          "auto_unstuck_wallet_exposure_threshold": 0.07219367216437687,
          "backwards_tp": true,
          "ddown_factor": 1.3163849537390284,
          "ema_span_0": 704.0752203051736,
          "ema_span_1": 1185.327110501685,
          "enabled": true,
          "initial_eprice_ema_dist": 0.0008084178577434499,
          "initial_qty_pct": 0.03683847869535811,
          "markup_range": 0.006686005984057068,
          "min_markup": 0.003469352736752005,
          "n_close_orders": 8,
          "rentry_pprice_dist": 0.041694704030089666,
          "rentry_pprice_dist_wallet_exposure_weighting": 0.6307961793361225,
          "wallet_exposure_limit": 0.2},
 "short": {"auto_unstuck_ema_dist": -0.07690260174043224,
           "auto_unstuck_wallet_exposure_threshold": 0.07740744131919337,
           "backwards_tp": true,
           "ddown_factor": 1.6725661100867777,
           "ema_span_0": 41.831048281663314,
           "ema_span_1": 1083.849774066493,
           "enabled": false,
           "initial_eprice_ema_dist": -0.06713232876845246,
           "initial_qty_pct": 0.04663230344956219,
           "markup_range": 0.011196286353395694,
           "min_markup": 0.0035184395316847157,
           "n_close_orders": 7,
           "rentry_pprice_dist": 0.04414288757633665,
           "rentry_pprice_dist_wallet_exposure_weighting": 13.908036580003898,
           "wallet_exposure_limit": 1}}