{"config_name": "clock_0days",
 "long": {"delay_between_fills_minutes_close": 237.5677927870061,
          "delay_between_fills_minutes_entry": 347.1788232166317,
          "delay_weight_close": 122.27258858487014,
          "delay_weight_entry": 35.00404268122887,
          "ema_dist_lower": -0.007860550361475059,
          "ema_dist_upper": -0.023698050129006498,
          "ema_span_0": 543.7124536463148,
          "ema_span_1": 983.3416609963516,
          "enabled": true,
          "markup_range": 0.01614179010050239,
          "min_markup": 0.004259424278636585,
          "n_close_orders": 9,
          "qty_pct_close": 0.017422724637205147,
          "qty_pct_entry": 0.010916007227974853,
          "wallet_exposure_limit": 0.3,
          "we_multiplier_close": 7.950305564894748,
          "we_multiplier_entry": 36.62929406586623},
 "short": {"delay_between_fills_minutes_close": 391.7516943912234,
           "delay_between_fills_minutes_entry": 11.900036769160439,
           "delay_weight_close": 13.587716447701524,
           "delay_weight_entry": 8.895439036161756,
           "ema_dist_lower": 0.01914081141020327,
           "ema_dist_upper": 0.016488055522185636,
           "ema_span_0": 278.8254497276353,
           "ema_span_1": 869.4028857166205,
           "enabled": false,
           "markup_range": 0.026054692544192237,
           "min_markup": 0.05873805638911203,
           "n_close_orders": 6,
           "qty_pct_close": 0.09595884329672918,
           "qty_pct_entry": 0.06553754826607927,
           "wallet_exposure_limit": 1.0,
           "we_multiplier_close": 9.979785231435228,
           "we_multiplier_entry": 52.53304891902762}}