{"config_name": "clock_0days",
 "long": {"backwards_tp": true,
          "delay_between_fills_minutes_close": 1214.0452336601845,
          "delay_between_fills_minutes_entry": 1238.346873461397,
          "delay_weight_close": 88.59769688398167,
          "delay_weight_entry": 24.88636571838464,
          "ema_dist_close": 0.0018366350338111547,
          "ema_dist_entry": -0.029712853516102547,
          "ema_span_0": 1439.423257624122,
          "ema_span_1": 1301.5185656265144,
          "enabled": true,
          "markup_range": 0.0030330526376722176,
          "min_markup": 0.009639775096887654,
          "n_close_orders": 7,
          "qty_pct_close": 0.07635732867540514,
          "qty_pct_entry": 0.012991153960837437,
          "wallet_exposure_limit": 0.4,
          "we_multiplier_close": 0.6471905795585704,
          "we_multiplier_entry": 53.55024745283547},
 "short": {"backwards_tp": true,
           "delay_between_fills_minutes_close": 411.5888526508408,
           "delay_between_fills_minutes_entry": 725.9793791818535,
           "delay_weight_close": 9.09599626462031,
           "delay_weight_entry": 47.90468610862102,
           "ema_dist_close": -0.008933488771147961,
           "ema_dist_entry": -0.022589746939800853,
           "ema_span_0": 957.7342528176897,
           "ema_span_1": 573.3290201101514,
           "enabled": false,
           "markup_range": 0.026293782290479243,
           "min_markup": 0.001123988958405818,
           "n_close_orders": 10,
           "qty_pct_close": 0.06239775086996004,
           "qty_pct_entry": 0.08936252239516229,
           "wallet_exposure_limit": 1.0,
           "we_multiplier_close": 44.99566653181306,
           "we_multiplier_entry": 72.51244125166161}}