{"config_name": "recursive_grid_0days",
 "logging_level": 0,
 "long": {"auto_unstuck_ema_dist": 0.003,
          "auto_unstuck_wallet_exposure_threshold": 0.05833693933426502,
          "backwards_tp": true,
          "ddown_factor": 1.5731136361824278,
          "ema_span_0": 106.49993273301834,
          "ema_span_1": 1321.0573605458715,
          "enabled": true,
          "initial_eprice_ema_dist": 0.004,
          "initial_qty_pct": 0.028498549615059494,
          "markup_range": 0.0034109381208170426,
          "min_markup": 0.003228434768619761,
          "n_close_orders": 5,
          "rentry_pprice_dist": 0.03800027510136172,
          "rentry_pprice_dist_wallet_exposure_weighting": 1.5755828858487044,
          "wallet_exposure_limit": 0.2},
 "short": {"auto_unstuck_ema_dist": -0.002075349847809743,
           "auto_unstuck_wallet_exposure_threshold": 0.06789858205040461,
           "backwards_tp": true,
           "ddown_factor": 0.43813884491114585,
           "ema_span_0": 1390.6080615084109,
           "ema_span_1": 1227.3324941724907,
           "enabled": false,
           "initial_eprice_ema_dist": -0.0374264547516832,
           "initial_qty_pct": 0.09678957475633473,
           "markup_range": 0.04197423319871967,
           "min_markup": 0.008782300001655696,
           "n_close_orders": 9,
           "rentry_pprice_dist": 0.040870899469028346,
           "rentry_pprice_dist_wallet_exposure_weighting": 6.2848371834645755,
           "wallet_exposure_limit": 1.0}}