{"config_name": "recursive_grid_0days",
 "logging_level": 0,
 "long": {"auto_unstuck_ema_dist": -0.024009394902238516,
          "auto_unstuck_wallet_exposure_threshold": 0.030444426423881305,
          "backwards_tp": true,
          "ddown_factor": 0.4081733328044275,
          "ema_span_0": 288.70180357897215,
          "ema_span_1": 577.5304577180248,
          "enabled": true,
          "initial_eprice_ema_dist": -0.09099798560559484,
          "initial_qty_pct": 0.014585121716864841,
          "markup_range": 0.0017348296824830245,
          "min_markup": 0.00423004909380456,
          "n_close_orders": 7,
          "rentry_pprice_dist": 0.04224955162559393,
          "rentry_pprice_dist_wallet_exposure_weighting": 0.7684162734102028,
          "wallet_exposure_limit": 0.2},
 "short": {"auto_unstuck_ema_dist": -0.079267829795296,
           "auto_unstuck_wallet_exposure_threshold": 0.06912234300901804,
           "backwards_tp": true,
           "ddown_factor": 1.8163779248417118,
           "ema_span_0": 273.6183036727446,
           "ema_span_1": 1384.453872064565,
           "enabled": false,
           "initial_eprice_ema_dist": -0.07948452396225548,
           "initial_qty_pct": 0.09851392841429925,
           "markup_range": 0.027641614478975108,
           "min_markup": 0.005100346663806445,
           "n_close_orders": 3,
           "rentry_pprice_dist": 0.04479117224599157,
           "rentry_pprice_dist_wallet_exposure_weighting": 0.4264968247045009,
           "wallet_exposure_limit": 1.0}}