{"config_name": "clock_0days",
 "long": {"delay_between_fills_minutes_close": 350.1149945954988,
          "delay_between_fills_minutes_entry": 360,
          "delay_weight_close": 12.305258189310328,
          "delay_weight_entry": 25.978865224153505,
          "ema_dist_lower": -0.8604201132362458,
          "ema_dist_upper": -0.04989912321734579,
          "ema_span_0": 884.6465308914946,
          "ema_span_1": 247.9496191171381,
          "enabled": true,
          "markup_range": 0.027230901505749073,
          "min_markup": 0.02728456694625107,
          "n_close_orders": 5,
          "qty_pct_close": 0.016966266144837802,
          "qty_pct_entry": 0.01040250612039218,
          "wallet_exposure_limit": 0.3,
          "we_multiplier_close": 89.66783728306198,
          "we_multiplier_entry": 94.55312654990979},
 "short": {"delay_between_fills_minutes_close": 169.74444767371054,
           "delay_between_fills_minutes_entry": 320.2179015051027,
           "delay_weight_close": 12.428064025997367,
           "delay_weight_entry": 5.3087779593933915,
           "ema_dist_lower": 0.013074342465568864,
           "ema_dist_upper": 0.01943176298306067,
           "ema_span_0": 715.7472206921951,
           "ema_span_1": 2021.9977990272978,
           "enabled": false,
           "markup_range": 0.05925066760229052,
           "min_markup": 0.005482167806341344,
           "n_close_orders": 8,
           "qty_pct_close": 0.0837920587268517,
           "qty_pct_entry": 0.02093157062768188,
           "wallet_exposure_limit": 1.0,
           "we_multiplier_close": 3.736936822195076,
           "we_multiplier_entry": 48.17428741026889}}