{"config_name": "recursive_grid_0days",
 "logging_level": 0,
 "long": {"auto_unstuck_ema_dist": 0.0,
          "auto_unstuck_wallet_exposure_threshold": 0.0,
          "backwards_tp": false,
          "ddown_factor": 1.8099722219846746,
          "ema_span_0": 684.7442336764549,
          "ema_span_1": 223.94937677331265,
          "enabled": true,
          "initial_eprice_ema_dist": -0.1,
          "initial_qty_pct": 0.002721143973168256,
          "markup_range": 0.007079236489993005,
          "min_markup": 0.00695417101340742,
          "n_close_orders": 4,
          "rentry_pprice_dist": 0.029726547194662205,
          "rentry_pprice_dist_wallet_exposure_weighting": 0.0,
          "wallet_exposure_limit": 0.2},
 "short": {"auto_unstuck_ema_dist": 0.007861010964506834,
           "auto_unstuck_wallet_exposure_threshold": 0.09670470253321432,
           "backwards_tp": true,
           "ddown_factor": 1.574392634988732,
           "ema_span_0": 3930.149821172657,
           "ema_span_1": 8016.795535933815,
           "enabled": false,
           "initial_eprice_ema_dist": -0.0802339822829283,
           "initial_qty_pct": 0.015,
           "markup_range": 0.010338417366866382,
           "min_markup": 0.003684953545782635,
           "n_close_orders": 17,
           "rentry_pprice_dist": 0.0477825924496892,
           "rentry_pprice_dist_wallet_exposure_weighting": 35.352857495685065,
           "wallet_exposure_limit": 0.1}}
