{"config_name": "emas_0days",
 "long": {"delay_between_fills_minutes_close": 233.11887048440596,
          "delay_between_fills_minutes_entry": 408.9036904873166,
          "delay_weight_close": 4.502825526189416,
          "delay_weight_entry": 58.32677555220796,
          "ema_dist_lower": 0.009656889489095611,
          "ema_dist_upper": 0.008370342419922645,
          "ema_span_0": 592.733924840052,
          "ema_span_1": 1916.8635014353079,
          "enabled": true,
          "markup_range": 0.026286876778914555,
          "min_markup": 0.01288004704611146,
          "n_close_orders": 3,
          "qty_pct_close": 0.04405294122963532,
          "qty_pct_entry": 0.01780417337429097,
          "wallet_exposure_limit": 1,
          "we_multiplier_close": 11.16265031727064,
          "we_multiplier_entry": 0.16131556098431954},
 "short": {"delay_between_fills_minutes_close": 532.1824187082782,
           "delay_between_fills_minutes_entry": 2961.1794750855497,
           "delay_weight_close": 53.600503507953164,
           "delay_weight_entry": 44.82797853047651,
           "ema_dist_lower": 0.018984033229476775,
           "ema_dist_upper": 0.01561115283557245,
           "ema_span_0": 874.2063587613397,
           "ema_span_1": 2817.7221567605384,
           "enabled": false,
           "markup_range": 0.04027509100167483,
           "min_markup": 0.05710816837304762,
           "n_close_orders": 6,
           "qty_pct_close": 0.03338130008374554,
           "qty_pct_entry": 0.052470961246267635,
           "wallet_exposure_limit": 1.0,
           "we_multiplier_close": 60.36243374057479,
           "we_multiplier_entry": 3.312182554745383}}