{"config_name": "recursive_grid_0days",
 "logging_level": 0,
 "long": {"auto_unstuck_ema_dist": 0.002788374315729245,
          "auto_unstuck_wallet_exposure_threshold": 0.05570422780574601,
          "backwards_tp": true,
          "ddown_factor": 2.349308307943804,
          "ema_span_0": 396.0209925989959,
          "ema_span_1": 348.6957434253558,
          "enabled": true,
          "initial_eprice_ema_dist": -0.002881982372017279,
          "initial_qty_pct": 0.01,
          "markup_range": 0.002669746861683308,
          "min_markup": 0.0032394870079827803,
          "n_close_orders": 16,
          "rentry_pprice_dist": 0.030718053114516655,
          "rentry_pprice_dist_wallet_exposure_weighting": 3.972986887506677,
          "wallet_exposure_limit": 1},
 "short": {"auto_unstuck_ema_dist": 0.003114376885601247,
           "auto_unstuck_wallet_exposure_threshold": 0.06829167580792317,
           "backwards_tp": true,
           "ddown_factor": 2.4869894314324457,
           "ema_span_0": 633.4348973490529,
           "ema_span_1": 947.5453769947088,
           "enabled": false,
           "initial_eprice_ema_dist": -0.03645257086399169,
           "initial_qty_pct": 0.07508120439896152,
           "markup_range": 0.053065122589247886,
           "min_markup": 0.004415043720267983,
           "n_close_orders": 4,
           "rentry_pprice_dist": 0.02988007943194673,
           "rentry_pprice_dist_wallet_exposure_weighting": 26.176122427601143,
           "wallet_exposure_limit": 1.0}}