{"config_name": "recursive_grid_0days",
 "logging_level": 0,
 "long": {"auto_unstuck_ema_dist": -0.0026977306318597557,
          "auto_unstuck_wallet_exposure_threshold": 0.05824893303598401,
          "backwards_tp": true,
          "ddown_factor": 1.5051193825507918,
          "ema_span_0": 566.5854477871777,
          "ema_span_1": 771.3690107766206,
          "enabled": true,
          "initial_eprice_ema_dist": 0.01,
          "initial_qty_pct": 0.03401983933356825,
          "markup_range": 0.011135890990377897,
          "min_markup": 0.004735046574943799,
          "n_close_orders": 14,
          "rentry_pprice_dist": 0.03529456219048213,
          "rentry_pprice_dist_wallet_exposure_weighting": 1.8405486887871136,
          "wallet_exposure_limit": 1},
 "short": {"auto_unstuck_ema_dist": -0.04820897847444369,
           "auto_unstuck_wallet_exposure_threshold": 0.060371423660179294,
           "backwards_tp": true,
           "ddown_factor": 1.1338392549715577,
           "ema_span_0": 20.48681479621206,
           "ema_span_1": 1331.6165045485145,
           "enabled": false,
           "initial_eprice_ema_dist": -0.070464044551451,
           "initial_qty_pct": 0.015577231573513541,
           "markup_range": 0.03648150646570315,
           "min_markup": 0.0013936392350744542,
           "n_close_orders": 7,
           "rentry_pprice_dist": 0.021660491854858122,
           "rentry_pprice_dist_wallet_exposure_weighting": 39.81868445852281,
           "wallet_exposure_limit": 1.0}}