{"config_name": "recursive_grid_0days",
 "logging_level": 0,
 "long": {"auto_unstuck_ema_dist": 0.005,
          "auto_unstuck_wallet_exposure_threshold": 0.05285338112660134,
          "backwards_tp": true,
          "ddown_factor": 2.240758005700005,
          "ema_span_0": 711.0600734064975,
          "ema_span_1": 885.5099357647175,
          "enabled": true,
          "initial_eprice_ema_dist": 0.007557557318168234,
          "initial_qty_pct": 0.010427174938377718,
          "markup_range": 0.0025646216672035606,
          "min_markup": 0.006930871534985608,
          "n_close_orders": 2,
          "rentry_pprice_dist": 0.02486318559733093,
          "rentry_pprice_dist_wallet_exposure_weighting": 6.946377936075275,
          "wallet_exposure_limit": 1},
 "short": {"auto_unstuck_ema_dist": -0.0944472199476471,
           "auto_unstuck_wallet_exposure_threshold": 0.08677273573220597,
           "backwards_tp": true,
           "ddown_factor": 1.5636049180903817,
           "ema_span_0": 182.12166846806159,
           "ema_span_1": 149.71832905630163,
           "enabled": false,
           "initial_eprice_ema_dist": -0.08557553991410073,
           "initial_qty_pct": 0.053142964402573954,
           "markup_range": 0.008176359557289981,
           "min_markup": 0.004249938405991671,
           "n_close_orders": 12,
           "rentry_pprice_dist": 0.02189549624659346,
           "rentry_pprice_dist_wallet_exposure_weighting": 26.975951693669124,
           "wallet_exposure_limit": 1.0}}