{"config_name": "recursive_grid_0days",
 "logging_level": 0,
 "long": {"auto_unstuck_ema_dist": 0.004790516259803196,
          "auto_unstuck_wallet_exposure_threshold": 0.051398076397342424,
          "backwards_tp": true,
          "ddown_factor": 1.5847177567422122,
          "ema_span_0": 552.8470927558959,
          "ema_span_1": 1206.8341760560002,
          "enabled": true,
          "initial_eprice_ema_dist": 0.0005547789425570291,
          "initial_qty_pct": 0.013024600507328645,
          "markup_range": 0.006017222865758545,
          "min_markup": 0.009388155774989491,
          "n_close_orders": 4,
          "rentry_pprice_dist": 0.033638484001509796,
          "rentry_pprice_dist_wallet_exposure_weighting": 0.0,
          "wallet_exposure_limit": 1},
 "short": {"auto_unstuck_ema_dist": -0.08601676472183935,
           "auto_unstuck_wallet_exposure_threshold": 0.059975165745622276,
           "backwards_tp": true,
           "ddown_factor": 1.5965268586530932,
           "ema_span_0": 669.7227883566069,
           "ema_span_1": 249.87498525936033,
           "enabled": false,
           "initial_eprice_ema_dist": -0.02709708001517959,
           "initial_qty_pct": 0.08258019028501623,
           "markup_range": 0.008302365360463528,
           "min_markup": 0.00426153166043331,
           "n_close_orders": 14,
           "rentry_pprice_dist": 0.03244591567874968,
           "rentry_pprice_dist_wallet_exposure_weighting": 23.682396050504714,
           "wallet_exposure_limit": 1.0}}