{"config_name": "recursive_grid_0days",
 "logging_level": 0,
 "long": {"auto_unstuck_ema_dist": -0.0012817207830708073,
          "auto_unstuck_wallet_exposure_threshold": 0.05466650421518466,
          "backwards_tp": true,
          "ddown_factor": 2.752880707299885,
          "ema_span_0": 309.61700017024464,
          "ema_span_1": 1170.199335729906,
          "enabled": true,
          "initial_eprice_ema_dist": 0.008585758632971303,
          "initial_qty_pct": 0.012976730135398674,
          "markup_range": 0.0010713316261385952,
          "min_markup": 0.007089669375618646,
          "n_close_orders": 3,
          "rentry_pprice_dist": 0.02000932415185919,
          "rentry_pprice_dist_wallet_exposure_weighting": 2.831530815515366,
          "wallet_exposure_limit": 1},
 "short": {"auto_unstuck_ema_dist": -0.05264970149356374,
           "auto_unstuck_wallet_exposure_threshold": 0.07155369914241475,
           "backwards_tp": true,
           "ddown_factor": 2.2127965929269022,
           "ema_span_0": 656.3305715374489,
           "ema_span_1": 1083.4562607130244,
           "enabled": false,
           "initial_eprice_ema_dist": -0.03125123618405069,
           "initial_qty_pct": 0.07783776330497548,
           "markup_range": 0.026832519730388756,
           "min_markup": 0.007385236118743173,
           "n_close_orders": 4,
           "rentry_pprice_dist": 0.024019324526259204,
           "rentry_pprice_dist_wallet_exposure_weighting": 4.000829080527226,
           "wallet_exposure_limit": 1.0}}