{"config_name": "recursive_grid_0days",
 "logging_level": 0,
 "long": {"auto_unstuck_ema_dist": 0.005,
          "auto_unstuck_wallet_exposure_threshold": 0.0738370961563997,
          "backwards_tp": true,
          "ddown_factor": 2.3165177854734096,
          "ema_span_0": 253.8800911650475,
          "ema_span_1": 798.3926070471597,
          "enabled": true,
          "initial_eprice_ema_dist": 0.0068058625748453885,
          "initial_qty_pct": 0.023258682326162454,
          "markup_range": 0.046537996571926914,
          "min_markup": 0.007440338211155297,
          "n_close_orders": 1,
          "rentry_pprice_dist": 0.04411048035716361,
          "rentry_pprice_dist_wallet_exposure_weighting": 1.4966126437131981,
          "wallet_exposure_limit": 1.0},
 "short": {"auto_unstuck_ema_dist": -0.05309878708720995,
           "auto_unstuck_wallet_exposure_threshold": 0.0929766009331789,
           "backwards_tp": true,
           "ddown_factor": 1.513865967121279,
           "ema_span_0": 489.41677970030105,
           "ema_span_1": 244.4556477796031,
           "enabled": false,
           "initial_eprice_ema_dist": -0.044778274530472985,
           "initial_qty_pct": 0.09138933092590307,
           "markup_range": 0.022606750782170327,
           "min_markup": 0.0066520900238122745,
           "n_close_orders": 11,
           "rentry_pprice_dist": 0.041132976960029086,
           "rentry_pprice_dist_wallet_exposure_weighting": 34.75654391174392,
           "wallet_exposure_limit": 1.0}}