{"config_name": "recursive_grid_0days",
 "logging_level": 0,
 "long": {"auto_unstuck_ema_dist": 0.004264262969967403,
          "auto_unstuck_wallet_exposure_threshold": 0.055052167350226264,
          "backwards_tp": true,
          "ddown_factor": 2.1673148902074013,
          "ema_span_0": 565.7922058110986,
          "ema_span_1": 1084.7759460897103,
          "enabled": true,
          "initial_eprice_ema_dist": 0.007501675756181148,
          "initial_qty_pct": 0.015531720728822567,
          "markup_range": 0.001693253927252779,
          "min_markup": 0.008791405070273834,
          "n_close_orders": 2,
          "rentry_pprice_dist": 0.02373519344434808,
          "rentry_pprice_dist_wallet_exposure_weighting": 0.0,
          "wallet_exposure_limit": 1},
 "short": {"auto_unstuck_ema_dist": -0.05917329926835417,
           "auto_unstuck_wallet_exposure_threshold": 0.08610619819797566,
           "backwards_tp": true,
           "ddown_factor": 1.9244278706874018,
           "ema_span_0": 633.4109360678993,
           "ema_span_1": 1010.7546455321212,
           "enabled": false,
           "initial_eprice_ema_dist": -0.09014289755618722,
           "initial_qty_pct": 0.0828929210162172,
           "markup_range": 0.008649570241867065,
           "min_markup": 0.00973272808259466,
           "n_close_orders": 11,
           "rentry_pprice_dist": 0.024455230656115486,
           "rentry_pprice_dist_wallet_exposure_weighting": 34.51937460180507,
           "wallet_exposure_limit": 1.0}}