{"config_name": "recursive_grid_0days",
 "logging_level": 0,
 "long": {"auto_unstuck_ema_dist": -0.002773868617668802,
          "auto_unstuck_wallet_exposure_threshold": 0.08254979316745877,
          "backwards_tp": true,
          "ddown_factor": 2.94653944276225,
          "ema_span_0": 588.049746512964,
          "ema_span_1": 1295.4301897599507,
          "enabled": true,
          "initial_eprice_ema_dist": 0.01,
          "initial_qty_pct": 0.031176822413385923,
          "markup_range": 0.004273455866152009,
          "min_markup": 0.005382799472138482,
          "n_close_orders": 5,
          "rentry_pprice_dist": 0.03685577573302897,
          "rentry_pprice_dist_wallet_exposure_weighting": 1.2209948584075436,
          "wallet_exposure_limit": 1},
 "short": {"auto_unstuck_ema_dist": -0.02866560341547722,
           "auto_unstuck_wallet_exposure_threshold": 0.09769199253602795,
           "backwards_tp": true,
           "ddown_factor": 1.5658401173590304,
           "ema_span_0": 381.73810887027986,
           "ema_span_1": 432.65284939359157,
           "enabled": false,
           "initial_eprice_ema_dist": -0.04416874531152548,
           "initial_qty_pct": 0.08275238385767753,
           "markup_range": 0.024667453178964047,
           "min_markup": 0.006559184235568732,
           "n_close_orders": 16,
           "rentry_pprice_dist": 0.012602304262926836,
           "rentry_pprice_dist_wallet_exposure_weighting": 14.750843960321296,
           "wallet_exposure_limit": 1.0}}