{"config_name": "recursive_grid_0days",
 "logging_level": 0,
 "long": {"auto_unstuck_ema_dist": -0.0017918576000004517,
          "auto_unstuck_wallet_exposure_threshold": 0.05052912748945817,
          "backwards_tp": true,
          "ddown_factor": 1.719356300569451,
          "ema_span_0": 687.2796133557055,
          "ema_span_1": 1113.6119028366727,
          "enabled": true,
          "initial_eprice_ema_dist": 0.002982458318286502,
          "initial_qty_pct": 0.014563839805615693,
          "markup_range": 0.0008623580763768405,
          "min_markup": 0.004606870607669235,
          "n_close_orders": 16,
          "rentry_pprice_dist": 0.017589202374124296,
          "rentry_pprice_dist_wallet_exposure_weighting": 5.24411898775487,
          "wallet_exposure_limit": 1.0},
 "short": {"auto_unstuck_ema_dist": -0.057189238130544204,
           "auto_unstuck_wallet_exposure_threshold": 0.07936937575229465,
           "backwards_tp": true,
           "ddown_factor": 2.090136839795671,
           "ema_span_0": 432.82165882699303,
           "ema_span_1": 244.09875850773076,
           "enabled": false,
           "initial_eprice_ema_dist": -0.01217732932406336,
           "initial_qty_pct": 0.04812143705344487,
           "markup_range": 0.0390356901464548,
           "min_markup": 0.0044421337575991544,
           "n_close_orders": 16,
           "rentry_pprice_dist": 0.03767535264934262,
           "rentry_pprice_dist_wallet_exposure_weighting": 14.603273041872132,
           "wallet_exposure_limit": 1.0}}