{"config_name": "recursive_grid_0days",
 "logging_level": 0,
 "long": {"auto_unstuck_ema_dist": 0.001988339249390932,
          "auto_unstuck_wallet_exposure_threshold": 0.09851522410242142,
          "backwards_tp": true,
          "ddown_factor": 2.949600902416711,
          "ema_span_0": 476.4596718871177,
          "ema_span_1": 1183.8094523453135,
          "enabled": true,
          "initial_eprice_ema_dist": 0.007138035997242703,
          "initial_qty_pct": 0.01548851379512851,
          "markup_range": 0.006303934667367555,
          "min_markup": 0.003947818476330963,
          "n_close_orders": 3,
          "rentry_pprice_dist": 0.03890541145188689,
          "rentry_pprice_dist_wallet_exposure_weighting": 0.25518258159062057,
          "wallet_exposure_limit": 1},
 "short": {"auto_unstuck_ema_dist": -0.08845314168888943,
           "auto_unstuck_wallet_exposure_threshold": 0.05655599377054645,
           "backwards_tp": true,
           "ddown_factor": 2.9581692578698653,
           "ema_span_0": 449.2248566120744,
           "ema_span_1": 774.0020104733427,
           "enabled": false,
           "initial_eprice_ema_dist": -0.08442770068577293,
           "initial_qty_pct": 0.062377697784102015,
           "markup_range": 0.024725140477800587,
           "min_markup": 0.0029646179568479595,
           "n_close_orders": 6,
           "rentry_pprice_dist": 0.03498582842733076,
           "rentry_pprice_dist_wallet_exposure_weighting": 15.558830301139581,
           "wallet_exposure_limit": 1.0}}