{"config_name": "recursive_grid_0days",
 "logging_level": 0,
 "long": {"auto_unstuck_ema_dist": -0.005273022527524054,
          "auto_unstuck_wallet_exposure_threshold": 0.050577551981988086,
          "backwards_tp": true,
          "ddown_factor": 2.2720319962190247,
          "ema_span_0": 668.0213125169179,
          "ema_span_1": 1114.9632424713802,
          "enabled": true,
          "initial_eprice_ema_dist": 0.008077139464163021,
          "initial_qty_pct": 0.04052230810793376,
          "markup_range": 0.0038631102479693286,
          "min_markup": 0.0032478824439072258,
          "n_close_orders": 1,
          "rentry_pprice_dist": 0.02745324874447038,
          "rentry_pprice_dist_wallet_exposure_weighting": 0.0,
          "wallet_exposure_limit": 1},
 "short": {"auto_unstuck_ema_dist": -0.04869010515637619,
           "auto_unstuck_wallet_exposure_threshold": 0.08920077717063574,
           "backwards_tp": true,
           "ddown_factor": 1.687267010811134,
           "ema_span_0": 224.4693188439165,
           "ema_span_1": 672.921686301267,
           "enabled": false,
           "initial_eprice_ema_dist": -0.05626224877796355,
           "initial_qty_pct": 0.03944134803652202,
           "markup_range": 0.007385437452805039,
           "min_markup": 0.008434998339178353,
           "n_close_orders": 10,
           "rentry_pprice_dist": 0.044531607060625075,
           "rentry_pprice_dist_wallet_exposure_weighting": 6.410993250333696,
           "wallet_exposure_limit": 1.0}}