{"config_name": "recursive_grid_0days",
 "logging_level": 0,
 "long": {"auto_unstuck_ema_dist": 0.003935594913004989,
          "auto_unstuck_wallet_exposure_threshold": 0.057306393418514734,
          "backwards_tp": true,
          "ddown_factor": 1.6925791481454844,
          "ema_span_0": 195.44566458025074,
          "ema_span_1": 230.7255559080592,
          "enabled": true,
          "initial_eprice_ema_dist": 0.005031080711151725,
          "initial_qty_pct": 0.01750783004170461,
          "markup_range": 0.007532630992819436,
          "min_markup": 0.007184075814093945,
          "n_close_orders": 1,
          "rentry_pprice_dist": 0.024097084773870053,
          "rentry_pprice_dist_wallet_exposure_weighting": 1.7975846513210345,
          "wallet_exposure_limit": 1},
 "short": {"auto_unstuck_ema_dist": -0.02625475532832501,
           "auto_unstuck_wallet_exposure_threshold": 0.0853820118067514,
           "backwards_tp": true,
           "ddown_factor": 1.4490343931029779,
           "ema_span_0": 567.165563593422,
           "ema_span_1": 158.44880051032737,
           "enabled": false,
           "initial_eprice_ema_dist": -0.08224121136880316,
           "initial_qty_pct": 0.02585117665883562,
           "markup_range": 0.022153799213912216,
           "min_markup": 0.0068973611459946784,
           "n_close_orders": 10,
           "rentry_pprice_dist": 0.030831514453196367,
           "rentry_pprice_dist_wallet_exposure_weighting": 17.474747323632545,
           "wallet_exposure_limit": 1.0}}