{"config_name": "recursive_grid_0days",
 "logging_level": 0,
 "long": {"auto_unstuck_ema_dist": -0.016366821827682416,
          "auto_unstuck_wallet_exposure_threshold": 0.05998730192388632,
          "backwards_tp": true,
          "ddown_factor": 1.2767991982467572,
          "ema_span_0": 178.66290119687912,
          "ema_span_1": 1281.3173848284416,
          "enabled": true,
          "initial_eprice_ema_dist": -0.052469449276235494,
          "initial_qty_pct": 0.015733849259141522,
          "markup_range": 0.006960208104482713,
          "min_markup": 0.0023867689220466257,
          "n_close_orders": 6,
          "rentry_pprice_dist": 0.01963765457832138,
          "rentry_pprice_dist_wallet_exposure_weighting": 2.7100614496816613,
          "wallet_exposure_limit": 1.0},
 "short": {"auto_unstuck_ema_dist": -0.0325281444018997,
           "auto_unstuck_wallet_exposure_threshold": 0.051765260904369524,
           "backwards_tp": true,
           "ddown_factor": 1.285036889874833,
           "ema_span_0": 540.3266777057798,
           "ema_span_1": 584.2219872858967,
           "enabled": false,
           "initial_eprice_ema_dist": -0.03498881490004817,
           "initial_qty_pct": 0.028848959996046947,
           "markup_range": 0.05276748878783771,
           "min_markup": 0.006764502637498335,
           "n_close_orders": 15,
           "rentry_pprice_dist": 0.04468131276119998,
           "rentry_pprice_dist_wallet_exposure_weighting": 5.431781995185596,
           "wallet_exposure_limit": 1.0}}