{"config_name": "recursive_grid_0days",
 "logging_level": 0,
 "long": {"auto_unstuck_ema_dist": 0,
          "auto_unstuck_wallet_exposure_threshold": 0,
          "backwards_tp": false,
          "ddown_factor": 1,
          "ema_span_0": 53.88541354241657,
          "ema_span_1": 46.243639950143034,
          "enabled": true,
          "initial_eprice_ema_dist": -0.1,
          "initial_qty_pct": 0.0031276705239361153,
          "markup_range": 0.022500702291941597,
          "min_markup": 0.017022592101726602,
          "n_close_orders": 5,
          "rentry_pprice_dist": 0.033863790076736684,
          "rentry_pprice_dist_wallet_exposure_weighting": 0.0,
          "wallet_exposure_limit": 0.2},
 "short": {"auto_unstuck_ema_dist": 0.049379285402591275,
           "auto_unstuck_wallet_exposure_threshold": 0.08483450462176143,
           "backwards_tp": true,
           "ddown_factor": 2.652662339010109,
           "ema_span_0": 3908.1570713415695,
           "ema_span_1": 6825.809348902969,
           "enabled": false,
           "initial_eprice_ema_dist": -0.02122267107700454,
           "initial_qty_pct": 0.015,
           "markup_range": 0.02278919436645338,
           "min_markup": 0.0037038545771452295,
           "n_close_orders": 16,
           "rentry_pprice_dist": 0.015952670642825222,
           "rentry_pprice_dist_wallet_exposure_weighting": 65.37983351865287,
           "wallet_exposure_limit": 0.1}}