{"config_name": "neat_grid_0days",
 "logging_level": 0,
 "long": {"auto_unstuck_ema_dist": 0.025422082428819857,
          "auto_unstuck_wallet_exposure_threshold": 0.46253263651631815,
          "backwards_tp": true,
          "ema_span_0": 1927.8679320744518,
          "ema_span_1": 1545.7479113460429,
          "enabled": true,
          "eprice_exp_base": 1.3039682552215872,
          "eqty_exp_base": 1.166321897734262,
          "grid_span": 0.16434665591499129,
          "initial_eprice_ema_dist": -0.03666786991606172,
          "initial_qty_pct": 0.01,
          "markup_range": 0.0019242205088191688,
          "max_n_entry_orders": 7,
          "min_markup": 0.002,
          "n_close_orders": 18,
          "wallet_exposure_limit": 0.2},
 "short": {"auto_unstuck_ema_dist": 0.04736720674795494,
           "auto_unstuck_wallet_exposure_threshold": 0.5823819596919059,
           "backwards_tp": true,
           "ema_span_0": 3857.6011009291537,
           "ema_span_1": 2557.761407341819,
           "enabled": true,
           "eprice_exp_base": 2.0894670181637296,
           "eqty_exp_base": 2.145902942339587,
           "grid_span": 0.23880754541556762,
           "initial_eprice_ema_dist": -0.07888050251755527,
           "initial_qty_pct": 0.01,
           "markup_range": 0.0028686918691988427,
           "max_n_entry_orders": 8,
           "min_markup": 0.002,
           "n_close_orders": 14,
           "wallet_exposure_limit": 0.1}}