{"config_name": "recursive_grid_0days",
 "logging_level": 0,
 "long": {"auto_unstuck_ema_dist": 0,
          "auto_unstuck_wallet_exposure_threshold": 0.0,
          "backwards_tp": true,
          "ddown_factor": 1.493533444911011,
          "ema_span_0": 167.41342080800212,
          "ema_span_1": 773.7991732689309,
          "enabled": true,
          "initial_eprice_ema_dist": 0.004,
          "initial_qty_pct": 0.03292492729018964,
          "markup_range": 0.004735601806104626,
          "min_markup": 0.0036728678107300705,
          "n_close_orders": 2,
          "rentry_pprice_dist": 0.025776886478197647,
          "rentry_pprice_dist_wallet_exposure_weighting": 1.8616591612594398,
          "wallet_exposure_limit": 0.2},
 "short": {"auto_unstuck_ema_dist": -0.05547776925291233,
           "auto_unstuck_wallet_exposure_threshold": 0.06469096530214886,
           "backwards_tp": true,
           "ddown_factor": 0.9218292867823287,
           "ema_span_0": 277.2804656388923,
           "ema_span_1": 854.8723085414199,
           "enabled": false,
           "initial_eprice_ema_dist": -0.09863660354696756,
           "initial_qty_pct": 0.09179510506570644,
           "markup_range": 0.04169487398875659,
           "min_markup": 0.001544673249172711,
           "n_close_orders": 10,
           "rentry_pprice_dist": 0.04804522364764708,
           "rentry_pprice_dist_wallet_exposure_weighting": 6.454325115034201,
           "wallet_exposure_limit": 1.0}}