{"config_name": "emas_0days",
 "long": {"delay_between_fills_minutes_close": 3592.7510340784056,
          "delay_between_fills_minutes_entry": 4139.411151984942,
          "delay_weight_close": -42.02439798502117,
          "delay_weight_entry": 11.4484253453385,
          "ema_dist_lower": 0.0014955932403217832,
          "ema_dist_upper": 0.014119874295092429,
          "ema_span_0": 513.1045047446095,
          "ema_span_1": 1596.7513697457591,
          "enabled": true,
          "markup_range": 0.0635856991812172,
          "min_markup": 0.07,
          "n_close_orders": 15,
          "qty_pct_close": 0.005,
          "qty_pct_entry": 0.01000775789874539,
          "wallet_exposure_limit": 1,
          "we_multiplier_close": 6.249695298298202,
          "we_multiplier_entry": 37.66200334741876},
 "short": {"delay_between_fills_minutes_close": 2663.265662019958,
           "delay_between_fills_minutes_entry": 2618.392464934719,
           "delay_weight_close": 54.35774933671573,
           "delay_weight_entry": 68.13222760238517,
           "ema_dist_lower": 0.016623866758095428,
           "ema_dist_upper": 0.004797041399258917,
           "ema_span_0": 1118.5743137583113,
           "ema_span_1": 3767.085733544819,
           "enabled": false,
           "markup_range": 0.02427080548272262,
           "min_markup": 0.005900024944698674,
           "n_close_orders": 3,
           "qty_pct_close": 0.01115902879318694,
           "qty_pct_entry": 0.02203774494537416,
           "wallet_exposure_limit": 1.0,
           "we_multiplier_close": 0.5533260049448041,
           "we_multiplier_entry": 31.2987057940144}}