{"config_name": "recursive_grid_0days",
 "logging_level": 0,
 "long": {"auto_unstuck_ema_dist": 0,
          "auto_unstuck_wallet_exposure_threshold": 0,
          "backwards_tp": false,
          "ddown_factor": 1.6223564836021447,
          "ema_span_0": 520.848523247422,
          "ema_span_1": 166.57283377455553,
          "enabled": true,
          "initial_eprice_ema_dist": -0.1,
          "initial_qty_pct": 0.002633080711290755,
          "markup_range": 0.02797733984681742,
          "min_markup": 0.015937287026697416,
          "n_close_orders": 5,
          "rentry_pprice_dist": 0.03804142696072658,
          "rentry_pprice_dist_wallet_exposure_weighting": 0,
          "wallet_exposure_limit": 0.2},
 "short": {"auto_unstuck_ema_dist": 0.01789638861306862,
           "auto_unstuck_wallet_exposure_threshold": 0.02288171089821561,
           "backwards_tp": true,
           "ddown_factor": 2.288594502233777,
           "ema_span_0": 3833.625718757783,
           "ema_span_1": 2122.6741630997667,
           "enabled": false,
           "initial_eprice_ema_dist": -0.08852302126555475,
           "initial_qty_pct": 0.015,
           "markup_range": 0.02999406414507689,
           "min_markup": 0.0028826594951350103,
           "n_close_orders": 8,
           "rentry_pprice_dist": 0.022960574389731456,
           "rentry_pprice_dist_wallet_exposure_weighting": 3.385645487964762,
           "wallet_exposure_limit": 0.1}}