{"config_name": "recursive_grid_0days",
 "logging_level": 0,
 "long": {"auto_unstuck_ema_dist": 0.0020057540520533445,
          "auto_unstuck_wallet_exposure_threshold": 0.030545478426166825,
          "backwards_tp": true,
          "ddown_factor": 2.549461121489106,
          "ema_span_0": 1767.5740478617438,
          "ema_span_1": 9591.287583664813,
          "enabled": true,
          "initial_eprice_ema_dist": -0.04488507088418528,
          "initial_qty_pct": 0.015,
          "markup_range": 0.0005673713376618763,
          "min_markup": 0.0030129979174303902,
          "n_close_orders": 12,
          "rentry_pprice_dist": 0.0495210055279446,
          "rentry_pprice_dist_wallet_exposure_weighting": 0.47474597259516904,
          "wallet_exposure_limit": 0.1},
 "short": {"auto_unstuck_ema_dist": 0.010029855847695324,
           "auto_unstuck_wallet_exposure_threshold": 0.06843235249960283,
           "backwards_tp": true,
           "ddown_factor": 2.8765913285635554,
           "ema_span_0": 4033.548604808298,
           "ema_span_1": 8443.584811700826,
           "enabled": true,
           "initial_eprice_ema_dist": -0.019452922816538862,
           "initial_qty_pct": 0.015,
           "markup_range": 0.015831357069028655,
           "min_markup": 0.0029512107897692952,
           "n_close_orders": 6,
           "rentry_pprice_dist": 0.04756912860512383,
           "rentry_pprice_dist_wallet_exposure_weighting": 2.714844588616285,
           "wallet_exposure_limit": 0.1}}