{"config_name": "recursive_grid_0days",
 "logging_level": 0,
 "long": {"auto_unstuck_ema_dist": -0.0015086151927812565,
          "auto_unstuck_wallet_exposure_threshold": 0.0772429667444814,
          "backwards_tp": false,
          "ddown_factor": 0.7116652108729864,
          "ema_span_0": 1402.9823454032557,
          "ema_span_1": 836.2904073874262,
          "enabled": true,
          "initial_eprice_ema_dist": 0.002423045541008725,
          "initial_qty_pct": 0.021484739478839145,
          "markup_range": 0.03207267192547174,
          "min_markup": 0.003100371656465737,
          "n_close_orders": 9,
          "rentry_pprice_dist": 0.01773761901144529,
          "rentry_pprice_dist_wallet_exposure_weighting": 0.0,
          "wallet_exposure_limit": 0.2},
 "short": {"auto_unstuck_ema_dist": -0.025918650852131866,
           "auto_unstuck_wallet_exposure_threshold": 0.09101336756948625,
           "backwards_tp": true,
           "ddown_factor": 2.2585223133763,
           "ema_span_0": 1361.4749585321704,
           "ema_span_1": 1079.6095976753427,
           "enabled": false,
           "initial_eprice_ema_dist": -0.02763339851142195,
           "initial_qty_pct": 0.09487736323484859,
           "markup_range": 0.05058473295190861,
           "min_markup": 0.008734655841489015,
           "n_close_orders": 15,
           "rentry_pprice_dist": 0.02211081576416599,
           "rentry_pprice_dist_wallet_exposure_weighting": 17.89452005570262,
           "wallet_exposure_limit": 1.0}}