{"config_name": "recursive_grid_0days",
 "logging_level": 0,
 "long": {"auto_unstuck_delay_minutes": 1183.054098314105,
          "auto_unstuck_ema_dist": -4.936716548771948e-05,
          "auto_unstuck_qty_pct": 0.031103584152665818,
          "auto_unstuck_wallet_exposure_threshold": 0.26454838764307176,
          "backwards_tp": true,
          "ddown_factor": 0.7546683473291835,
          "ema_span_0": 758.3959580293247,
          "ema_span_1": 591.1913501732686,
          "enabled": true,
          "initial_eprice_ema_dist": 0.0006480703404102479,
          "initial_qty_pct": 0.02207969069774147,
          "markup_range": 0.0035305569126508596,
          "min_markup": 0.00956016006081945,
          "n_close_orders": 8,
          "rentry_pprice_dist": 0.04043323589420054,
          "rentry_pprice_dist_wallet_exposure_weighting": 0.0,
          "wallet_exposure_limit": 0.1},
 "short": {"auto_unstuck_delay_minutes": 446.06680724220604,
           "auto_unstuck_ema_dist": -0.05443481471692952,
           "auto_unstuck_qty_pct": 0.07651129730181255,
           "auto_unstuck_wallet_exposure_threshold": 0.39463945710477766,
           "backwards_tp": true,
           "ddown_factor": 0.6247051360730517,
           "ema_span_0": 1290.422596353804,
           "ema_span_1": 1058.3741455514955,
           "enabled": false,
           "initial_eprice_ema_dist": -0.04759081742927428,
           "initial_qty_pct": 0.011684710787980595,
           "markup_range": 0.04493895508629363,
           "min_markup": 0.005990432386308757,
           "n_close_orders": 3,
           "rentry_pprice_dist": 0.043830156497402774,
           "rentry_pprice_dist_wallet_exposure_weighting": 17.8063946088273,
           "wallet_exposure_limit": 1.0}}