{"config_name": "recursive_grid_0days",
 "logging_level": 0,
 "long": {"auto_unstuck_delay_minutes": 1057.9596289756012,
          "auto_unstuck_ema_dist": 0.003,
          "auto_unstuck_qty_pct": 0.035401139758395296,
          "auto_unstuck_wallet_exposure_threshold": 0.18372337075762968,
          "backwards_tp": true,
          "ddown_factor": 0.5826187307590899,
          "ema_span_0": 279.86403874607015,
          "ema_span_1": 181.5784969935263,
          "enabled": true,
          "initial_eprice_ema_dist": -0.1,
          "initial_qty_pct": 0.010787938926085214,
          "markup_range": 0.004594738708172344,
          "min_markup": 0.01,
          "n_close_orders": 8,
          "rentry_pprice_dist": 0.03911837901896692,
          "rentry_pprice_dist_wallet_exposure_weighting": 0.4879515085577846,
          "wallet_exposure_limit": 0.1},
 "short": {"auto_unstuck_delay_minutes": 1081.7635635222928,
           "auto_unstuck_ema_dist": -0.06665576809388268,
           "auto_unstuck_qty_pct": 0.09073031353795938,
           "auto_unstuck_wallet_exposure_threshold": 0.317049496753678,
           "backwards_tp": true,
           "ddown_factor": 0.6741682991299749,
           "ema_span_0": 452.88370009082337,
           "ema_span_1": 231.1909803488462,
           "enabled": false,
           "initial_eprice_ema_dist": -0.05410496833688166,
           "initial_qty_pct": 0.026860719390235543,
           "markup_range": 0.004301150544770003,
           "min_markup": 0.009944831062017323,
           "n_close_orders": 2,
           "rentry_pprice_dist": 0.01575680914548743,
           "rentry_pprice_dist_wallet_exposure_weighting": 12.09993839811563,
           "wallet_exposure_limit": 1.0}}