{"config_name": "recursive_grid_0days",
 "logging_level": 0,
 "long": {"auto_unstuck_delay_minutes": 1440,
          "auto_unstuck_ema_dist": -0.015553639131572166,
          "auto_unstuck_qty_pct": 0.011531940227052756,
          "auto_unstuck_wallet_exposure_threshold": 0.7748760650176475,
          "backwards_tp": true,
          "ddown_factor": 1.8458050819412395,
          "ema_span_0": 856.6574513003521,
          "ema_span_1": 654.8558482300491,
          "enabled": true,
          "initial_eprice_ema_dist": 0.003,
          "initial_qty_pct": 0.022407171801837857,
          "markup_range": 0.003007604398269528,
          "min_markup": 0.0064539969235103455,
          "n_close_orders": 9,
          "rentry_pprice_dist": 0.03876024202209106,
          "rentry_pprice_dist_wallet_exposure_weighting": 0.6558565273455321,
          "wallet_exposure_limit": 0.1},
 "short": {"auto_unstuck_delay_minutes": 689.1322094816733,
           "auto_unstuck_ema_dist": -0.04041412503570739,
           "auto_unstuck_qty_pct": 0.09547297759207062,
           "auto_unstuck_wallet_exposure_threshold": 0.22841545705488234,
           "backwards_tp": true,
           "ddown_factor": 0.9208714136597005,
           "ema_span_0": 167.5131548081351,
           "ema_span_1": 137.97964014442383,
           "enabled": false,
           "initial_eprice_ema_dist": -0.017794273322870577,
           "initial_qty_pct": 0.032343070796281764,
           "markup_range": 0.006833655333011436,
           "min_markup": 0.007041662427203684,
           "n_close_orders": 8,
           "rentry_pprice_dist": 0.012099973421612967,
           "rentry_pprice_dist_wallet_exposure_weighting": 14.966977028529836,
           "wallet_exposure_limit": 1.0}}