{"config_name": "clock_0days",
 "long": {"delay_between_fills_minutes_close": 443.25263107790767,
          "delay_between_fills_minutes_entry": 340.3697154031107,
          "delay_weight_close": 113.19053338947778,
          "delay_weight_entry": 24.157230551842417,
          "ema_dist_lower": 0.017496434411208073,
          "ema_dist_upper": -0.12044823457817519,
          "ema_span_0": 893.7627073580202,
          "ema_span_1": 710.9250694181338,
          "enabled": true,
          "markup_range": 0.023469473310226814,
          "min_markup": 0.028516333361132032,
          "n_close_orders": 2,
          "qty_pct_close": 0.011637080067951515,
          "qty_pct_entry": 0.014762638104969463,
          "wallet_exposure_limit": 0.3,
          "we_multiplier_close": 2.7509536457075536,
          "we_multiplier_entry": 56.27820655696074},
 "short": {"delay_between_fills_minutes_close": 941.894687655462,
           "delay_between_fills_minutes_entry": 1297.089420051078,
           "delay_weight_close": 14.811861545061255,
           "delay_weight_entry": 1.0374701944552478,
           "ema_dist_lower": 0.018480968538001026,
           "ema_dist_upper": 0.017660063257470892,
           "ema_span_0": 265.42199128920026,
           "ema_span_1": 305.4090883634544,
           "enabled": false,
           "markup_range": 0.04371423357153364,
           "min_markup": 0.08269140087806848,
           "n_close_orders": 9,
           "qty_pct_close": 0.04983584424452966,
           "qty_pct_entry": 0.0748053867535969,
           "wallet_exposure_limit": 1.0,
           "we_multiplier_close": 8.0278539376231,
           "we_multiplier_entry": 56.16032553972422}}