{"config_name": "clock_0days",
 "long": {"backwards_tp": true,
          "delay_between_fills_minutes_close": 1013.9349789592839,
          "delay_between_fills_minutes_entry": 1131.8857138438823,
          "delay_weight_close": 0.0,
          "delay_weight_entry": 26.412128720355163,
          "ema_dist_close": -0.004432984603749428,
          "ema_dist_entry": -0.0022554001212967715,
          "ema_span_0": 1086.2727996798617,
          "ema_span_1": 1037.9815610614273,
          "enabled": true,
          "markup_range": 0.01452738948382653,
          "min_markup": 0.005786279031646297,
          "n_close_orders": 8,
          "qty_pct_close": 0.048696063463979415,
          "qty_pct_entry": 0.010553884175737143,
          "wallet_exposure_limit": 0.4,
          "we_multiplier_close": 0,
          "we_multiplier_entry": 61.09765969441511},
 "short": {"backwards_tp": true,
           "delay_between_fills_minutes_close": 862.4030321137922,
           "delay_between_fills_minutes_entry": 1430.6525445895297,
           "delay_weight_close": 0.0,
           "delay_weight_entry": 51.425860699853985,
           "ema_dist_close": -0.004888344885572554,
           "ema_dist_entry": -0.03292037657650529,
           "ema_span_0": 568.5725696698127,
           "ema_span_1": 202.41126406926034,
           "enabled": false,
           "markup_range": 0.03280223166349131,
           "min_markup": 0.0043371130477412095,
           "n_close_orders": 9,
           "qty_pct_close": 0.040170393291198314,
           "qty_pct_entry": 0.03875341246277171,
           "wallet_exposure_limit": 1.0,
           "we_multiplier_close": 0.0,
           "we_multiplier_entry": 15.917761965549937}}