{"config_name": "recursive_grid_0days",
 "logging_level": 0,
 "long": {"auto_unstuck_ema_dist": 0,
          "auto_unstuck_wallet_exposure_threshold": 0,
          "backwards_tp": false,
          "ddown_factor": 1.7556775750567641,
          "ema_span_0": 184.9273473383801,
          "ema_span_1": 18.433634470915713,
          "enabled": true,
          "initial_eprice_ema_dist": -0.1,
          "initial_qty_pct": 0.0014588406237457064,
          "markup_range": 0.036435007903317045,
          "min_markup": 0.01179917395281225,
          "n_close_orders": 5,
          "rentry_pprice_dist": 0.033728682100623054,
          "rentry_pprice_dist_wallet_exposure_weighting": 0,
          "wallet_exposure_limit": 0.2},
 "short": {"auto_unstuck_ema_dist": 0.007543449836370499,
           "auto_unstuck_wallet_exposure_threshold": 0.08044649086281326,
           "backwards_tp": true,
           "ddown_factor": 0.5491947098378401,
           "ema_span_0": 3493.80736715238,
           "ema_span_1": 4839.26308462209,
           "enabled": false,
           "initial_eprice_ema_dist": -0.07990428920188626,
           "initial_qty_pct": 0.015,
           "markup_range": 0.010013501239453519,
           "min_markup": 0.003108032483237941,
           "n_close_orders": 6,
           "rentry_pprice_dist": 0.03984697576010482,
           "rentry_pprice_dist_wallet_exposure_weighting": 69.58235326383011,
           "wallet_exposure_limit": 0.1}}
