{"config_name": "neat_grid_0days",
 "logging_level": 0,
 "long": {"auto_unstuck_ema_dist": 0.015382606611360507,
          "auto_unstuck_wallet_exposure_threshold": 0.5671206133590732,
          "backwards_tp": true,
          "ema_span_0": 1035.6811608633925,
          "ema_span_1": 447.4936989759723,
          "enabled": true,
          "eprice_exp_base": 1.0824767853485366,
          "eqty_exp_base": 1.5314403792360376,
          "grid_span": 0.17292596847061756,
          "initial_eprice_ema_dist": -0.09541923765411608,
          "initial_qty_pct": 0.01,
          "markup_range": 0.0029445492426308202,
          "max_n_entry_orders": 19,
          "min_markup": 0.002,
          "n_close_orders": 6,
          "wallet_exposure_limit": 0.2},
 "short": {"auto_unstuck_ema_dist": 0.04206644557369366,
           "auto_unstuck_wallet_exposure_threshold": 0.11660223133616435,
           "backwards_tp": true,
           "ema_span_0": 30.11508677545055,
           "ema_span_1": 152.6847907231943,
           "enabled": true,
           "eprice_exp_base": 1.1849011094335844,
           "eqty_exp_base": 1.3379981404733596,
           "grid_span": 0.2749633996813889,
           "initial_eprice_ema_dist": -0.027379137306833806,
           "initial_qty_pct": 0.01,
           "markup_range": 0.002079249946120364,
           "max_n_entry_orders": 9,
           "min_markup": 0.002,
           "n_close_orders": 20,
           "wallet_exposure_limit": 0.1}}