{"config_name": "clock_0days",
 "long": {"delay_between_fills_minutes_close": 203.90930211426573,
          "delay_between_fills_minutes_entry": 1193.6408731562728,
          "delay_weight_close": 0,
          "delay_weight_entry": 9.480361046144054,
          "ema_dist_lower": 0.0011347293646902933,
          "ema_dist_upper": 0.009184455647150177,
          "ema_span_0": 676.4561954261579,
          "ema_span_1": 1373.5736819865817,
          "enabled": true,
          "markup_range": 0.07320805112692212,
          "min_markup": 0.08282746375375448,
          "n_close_orders": 5,
          "qty_pct_close": 0.0447537991355126,
          "qty_pct_entry": 0.020877348105477738,
          "wallet_exposure_limit": 0.25,
          "we_multiplier_close": 0,
          "we_multiplier_entry": 12.591349663664424},
 "short": {"delay_between_fills_minutes_close": 371.73367467792997,
           "delay_between_fills_minutes_entry": 155.54556004270088,
           "delay_weight_close": 17.217253769086817,
           "delay_weight_entry": 13.326083429003344,
           "ema_dist_lower": 0.0006002220184015217,
           "ema_dist_upper": 0.01593707857744132,
           "ema_span_0": 656.2374976045315,
           "ema_span_1": 910.5715146516026,
           "enabled": false,
           "markup_range": 0.03687074197129449,
           "min_markup": 0.028129641436545207,
           "n_close_orders": 10,
           "qty_pct_close": 0.024759995057348157,
           "qty_pct_entry": 0.08917742349140614,
           "wallet_exposure_limit": 1.0,
           "we_multiplier_close": 2.664164438397437,
           "we_multiplier_entry": 42.114315000038744}}