{"config_name": "recursive_grid_0days",
 "logging_level": 0,
 "long": {"auto_unstuck_ema_dist": 0,
          "auto_unstuck_wallet_exposure_threshold": 0.0,
          "backwards_tp": false,
          "ddown_factor": 2.8499078728614533,
          "ema_span_0": 498.58208022327403,
          "ema_span_1": 663.1161827002344,
          "enabled": true,
          "initial_eprice_ema_dist": -0.1,
          "initial_qty_pct": 0.002282332577221463,
          "markup_range": 0.031057730539595985,
          "min_markup": 0.007911347240700256,
          "n_close_orders": 4,
          "rentry_pprice_dist": 0.04163862422725867,
          "rentry_pprice_dist_wallet_exposure_weighting": 0.47639022517054286,
          "wallet_exposure_limit": 0.2},
 "short": {"auto_unstuck_ema_dist": 0.06813153136464659,
           "auto_unstuck_wallet_exposure_threshold": 0.06316394175632847,
           "backwards_tp": false,
           "ddown_factor": 0.9956859770136975,
           "ema_span_0": 3914.883918317894,
           "ema_span_1": 6861.7185650323645,
           "enabled": false,
           "initial_eprice_ema_dist": -0.014721707210529567,
           "initial_qty_pct": 0.015,
           "markup_range": 0.027895673327003576,
           "min_markup": 0.0014746487992971869,
           "n_close_orders": 12,
           "rentry_pprice_dist": 0.028124750884314167,
           "rentry_pprice_dist_wallet_exposure_weighting": 3.392404221363421,
           "wallet_exposure_limit": 0.1}}