{"config_name": "recursive_grid_0days",
 "logging_level": 0,
 "long": {"auto_unstuck_ema_dist": -0.01056688233327101,
          "auto_unstuck_wallet_exposure_threshold": 0.037298471920714026,
          "backwards_tp": true,
          "ddown_factor": 0.534249811187825,
          "ema_span_0": 483.02553935512594,
          "ema_span_1": 947.2156955160717,
          "enabled": true,
          "initial_eprice_ema_dist": -0.029251354599864395,
          "initial_qty_pct": 0.014704800185450359,
          "markup_range": 1.2336286924864424e-05,
          "min_markup": 0.0064067422533669715,
          "n_close_orders": 1,
          "rentry_pprice_dist": 0.027675583949545147,
          "rentry_pprice_dist_wallet_exposure_weighting": 1.6942841650547757,
          "wallet_exposure_limit": 1.0},
 "short": {"auto_unstuck_ema_dist": -0.036388438731175504,
           "auto_unstuck_wallet_exposure_threshold": 0.09177919687080577,
           "backwards_tp": true,
           "ddown_factor": 2.0322575684191153,
           "ema_span_0": 376.3092797892008,
           "ema_span_1": 813.6808650198167,
           "enabled": false,
           "initial_eprice_ema_dist": -0.04621808006671314,
           "initial_qty_pct": 0.08133607388741478,
           "markup_range": 0.05156498533593394,
           "min_markup": 0.00976676346556303,
           "n_close_orders": 6,
           "rentry_pprice_dist": 0.025171237746249946,
           "rentry_pprice_dist_wallet_exposure_weighting": 2.28327546238122,
           "wallet_exposure_limit": 1.0}}