{"config_name": "recursive_grid_0days",
 "logging_level": 0,
 "long": {"auto_unstuck_ema_dist": -0.00385338742053339,
          "auto_unstuck_wallet_exposure_threshold": 0.04377912150492859,
          "backwards_tp": true,
          "ddown_factor": 0.6559958496467289,
          "ema_span_0": 327.23464549259415,
          "ema_span_1": 612.4347727189374,
          "enabled": true,
          "initial_eprice_ema_dist": 0.00858088440181352,
          "initial_qty_pct": 0.021647814220278064,
          "markup_range": 0.009775645017613842,
          "min_markup": 0.009644946355672371,
          "n_close_orders": 3,
          "rentry_pprice_dist": 0.03135848917922828,
          "rentry_pprice_dist_wallet_exposure_weighting": 1.0745651133679415,
          "wallet_exposure_limit": 1.0},
 "short": {"auto_unstuck_ema_dist": -0.0066525601545099206,
           "auto_unstuck_wallet_exposure_threshold": 0.03681488620440927,
           "backwards_tp": true,
           "ddown_factor": 2.3317258096723936,
           "ema_span_0": 235.37593638880236,
           "ema_span_1": 1403.8994554735648,
           "enabled": false,
           "initial_eprice_ema_dist": -0.097837407241784,
           "initial_qty_pct": 0.09848674255486294,
           "markup_range": 0.05568510988117476,
           "min_markup": 0.0011695326565884668,
           "n_close_orders": 7,
           "rentry_pprice_dist": 0.023761587425885168,
           "rentry_pprice_dist_wallet_exposure_weighting": 5.089231516464974,
           "wallet_exposure_limit": 1.0}}