{"config_name": "recursive_grid_0days",
 "logging_level": 0,
 "long": {"auto_unstuck_ema_dist": -0.007029820936419253,
          "auto_unstuck_wallet_exposure_threshold": 0.07629793567716212,
          "backwards_tp": true,
          "ddown_factor": 0.7262877791294804,
          "ema_span_0": 309.96781881779395,
          "ema_span_1": 715.2624022577505,
          "enabled": true,
          "initial_eprice_ema_dist": 0.0028312680628040906,
          "initial_qty_pct": 0.04776584362362957,
          "markup_range": 0.006845024548640939,
          "min_markup": 0.0048962233229236695,
          "n_close_orders": 2,
          "rentry_pprice_dist": 0.03065968849337296,
          "rentry_pprice_dist_wallet_exposure_weighting": 1.438992142545998,
          "wallet_exposure_limit": 1.0},
 "short": {"auto_unstuck_ema_dist": -0.026575629768895492,
           "auto_unstuck_wallet_exposure_threshold": 0.08749777836503497,
           "backwards_tp": true,
           "ddown_factor": 1.6226117219314475,
           "ema_span_0": 193.404400483655,
           "ema_span_1": 628.5950084399334,
           "enabled": false,
           "initial_eprice_ema_dist": -0.09604609627956606,
           "initial_qty_pct": 0.07582025006219517,
           "markup_range": 0.04782761993886146,
           "min_markup": 0.001,
           "n_close_orders": 11,
           "rentry_pprice_dist": 0.010177743122417381,
           "rentry_pprice_dist_wallet_exposure_weighting": 4.019173754258336,
           "wallet_exposure_limit": 1.0}}