{"config_name": "recursive_grid_0days",
 "logging_level": 0,
 "long": {"auto_unstuck_ema_dist": -0.0006492617731890912,
          "auto_unstuck_wallet_exposure_threshold": 0.04338089380904945,
          "backwards_tp": true,
          "ddown_factor": 2.10293456433769,
          "ema_span_0": 234.6136925004134,
          "ema_span_1": 374.78755695396467,
          "enabled": true,
          "initial_eprice_ema_dist": 0.005666312706848222,
          "initial_qty_pct": 0.011672159434887143,
          "markup_range": 0.0006437351234588799,
          "min_markup": 0.0053291582536567645,
          "n_close_orders": 11,
          "rentry_pprice_dist": 0.020283325189781688,
          "rentry_pprice_dist_wallet_exposure_weighting": 6.410563172668687,
          "wallet_exposure_limit": 1.0},
 "short": {"auto_unstuck_ema_dist": -0.07392544776100987,
           "auto_unstuck_wallet_exposure_threshold": 0.039529516602165984,
           "backwards_tp": true,
           "ddown_factor": 1.7844224200520622,
           "ema_span_0": 661.9170141697047,
           "ema_span_1": 1356.7887098478957,
           "enabled": false,
           "initial_eprice_ema_dist": -0.039444930200712006,
           "initial_qty_pct": 0.033525711359668996,
           "markup_range": 0.0382807571291017,
           "min_markup": 0.008724352164557587,
           "n_close_orders": 1,
           "rentry_pprice_dist": 0.020255661172780007,
           "rentry_pprice_dist_wallet_exposure_weighting": 15.757787371728602,
           "wallet_exposure_limit": 1.0}}