{"config_name": "recursive_grid_0days",
 "logging_level": 0,
 "long": {"auto_unstuck_ema_dist": -0.0022469061798292486,
          "auto_unstuck_wallet_exposure_threshold": 0.04037615641806881,
          "backwards_tp": true,
          "ddown_factor": 1.7492244749680481,
          "ema_span_0": 116.77569975100225,
          "ema_span_1": 559.6778708313627,
          "enabled": true,
          "initial_eprice_ema_dist": 0.009999999034359145,
          "initial_qty_pct": 0.018606873646580386,
          "markup_range": 0.0026795367668038914,
          "min_markup": 0.003929847577754042,
          "n_close_orders": 14,
          "rentry_pprice_dist": 0.018047420815391044,
          "rentry_pprice_dist_wallet_exposure_weighting": 2.9546380526463687,
          "wallet_exposure_limit": 1.0},
 "short": {"auto_unstuck_ema_dist": -0.01783762624979343,
           "auto_unstuck_wallet_exposure_threshold": 0.04930296865320445,
           "backwards_tp": true,
           "ddown_factor": 2.6640905768516743,
           "ema_span_0": 567.7946376424492,
           "ema_span_1": 159.4884265999106,
           "enabled": false,
           "initial_eprice_ema_dist": -0.03908254287290346,
           "initial_qty_pct": 0.08629703833348437,
           "markup_range": 0.045602474801699266,
           "min_markup": 0.003925674204502282,
           "n_close_orders": 1,
           "rentry_pprice_dist": 0.04390094998349842,
           "rentry_pprice_dist_wallet_exposure_weighting": 0.6331171285099657,
           "wallet_exposure_limit": 1.0}}