{"config_name": "recursive_grid_0days",
 "logging_level": 0,
 "long": {"auto_unstuck_ema_dist": 0.0009989160499748104,
          "auto_unstuck_wallet_exposure_threshold": 0.07331498786843293,
          "backwards_tp": true,
          "ddown_factor": 2.294929798744732,
          "ema_span_0": 512.6261171848734,
          "ema_span_1": 550.3507319339014,
          "enabled": true,
          "initial_eprice_ema_dist": 0.0008189268036151426,
          "initial_qty_pct": 0.036017415499930906,
          "markup_range": 0.010169262507586468,
          "min_markup": 0.00639778100541587,
          "n_close_orders": 2,
          "rentry_pprice_dist": 0.04348043726335545,
          "rentry_pprice_dist_wallet_exposure_weighting": 0.1554695172401914,
          "wallet_exposure_limit": 1.0},
 "short": {"auto_unstuck_ema_dist": -0.09566112020042322,
           "auto_unstuck_wallet_exposure_threshold": 0.04454875075104412,
           "backwards_tp": true,
           "ddown_factor": 0.3622610676394329,
           "ema_span_0": 10,
           "ema_span_1": 10,
           "enabled": false,
           "initial_eprice_ema_dist": 0.01,
           "initial_qty_pct": 0.01,
           "markup_range": 0.0,
           "min_markup": 0.005598478568794973,
           "n_close_orders": 11,
           "rentry_pprice_dist": 0.005,
           "rentry_pprice_dist_wallet_exposure_weighting": 21.02603901561016,
           "wallet_exposure_limit": 1.0}}