{"config_name": "recursive_grid_0days",
 "logging_level": 0,
 "long": {"auto_unstuck_ema_dist": -0.015048934142585029,
          "auto_unstuck_wallet_exposure_threshold": 0.03689907462848191,
          "backwards_tp": true,
          "ddown_factor": 2.34061570370423,
          "ema_span_0": 692.1066902383619,
          "ema_span_1": 637.002209788333,
          "enabled": true,
          "initial_eprice_ema_dist": 0.006862068079457837,
          "initial_qty_pct": 0.019870434446801494,
          "markup_range": 0.002019515883030427,
          "min_markup": 0.006649040481252298,
          "n_close_orders": 4,
          "rentry_pprice_dist": 0.024120886066792677,
          "rentry_pprice_dist_wallet_exposure_weighting": 0.0,
          "wallet_exposure_limit": 1.0},
 "short": {"auto_unstuck_ema_dist": -0.1,
           "auto_unstuck_wallet_exposure_threshold": 0.05913284394838834,
           "backwards_tp": true,
           "ddown_factor": 0.1,
           "ema_span_0": 246.27970704723447,
           "ema_span_1": 826.3754472944953,
           "enabled": false,
           "initial_eprice_ema_dist": -0.0351132044119709,
           "initial_qty_pct": 0.03914421168303796,
           "markup_range": 0.06,
           "min_markup": 0.005924340918053958,
           "n_close_orders": 12,
           "rentry_pprice_dist": 0.02193604441721342,
           "rentry_pprice_dist_wallet_exposure_weighting": 0.0,
           "wallet_exposure_limit": 1.0}}