{"config_name": "recursive_grid_0days",
 "logging_level": 0,
 "long": {"auto_unstuck_ema_dist": -0.003600455123416646,
          "auto_unstuck_wallet_exposure_threshold": 0.05219843125965625,
          "backwards_tp": true,
          "ddown_factor": 2.4027376510027723,
          "ema_span_0": 551.6263593085894,
          "ema_span_1": 217.19173712578186,
          "enabled": true,
          "initial_eprice_ema_dist": 0.003154383542102399,
          "initial_qty_pct": 0.02565671759130305,
          "markup_range": 0.009647202671722942,
          "min_markup": 0.0044346935059956264,
          "n_close_orders": 9,
          "rentry_pprice_dist": 0.039486197779570346,
          "rentry_pprice_dist_wallet_exposure_weighting": 0.15580914160214987,
          "wallet_exposure_limit": 1.0},
 "short": {"auto_unstuck_ema_dist": -0.07267502657401985,
           "auto_unstuck_wallet_exposure_threshold": 0.06569592846570133,
           "backwards_tp": true,
           "ddown_factor": 2.878396513980277,
           "ema_span_0": 433.33819526251415,
           "ema_span_1": 1095.0165188874566,
           "enabled": false,
           "initial_eprice_ema_dist": 0.00914351333590907,
           "initial_qty_pct": 0.022806905666001957,
           "markup_range": 0.05514161671399769,
           "min_markup": 0.0017937050350995284,
           "n_close_orders": 9,
           "rentry_pprice_dist": 0.02768556766470228,
           "rentry_pprice_dist_wallet_exposure_weighting": 24.226556431321452,
           "wallet_exposure_limit": 1.0}}