{"config_name": "recursive_grid_0days",
 "logging_level": 0,
 "long": {"auto_unstuck_ema_dist": -0.05193500425011686,
          "auto_unstuck_wallet_exposure_threshold": 0.08016589289479119,
          "backwards_tp": true,
          "ddown_factor": 1.063986327563567,
          "ema_span_0": 155.4268385788291,
          "ema_span_1": 132.19215322425697,
          "enabled": true,
          "initial_eprice_ema_dist": 0.006966707481701281,
          "initial_qty_pct": 0.03470207045560089,
          "markup_range": 0.002047508288167944,
          "min_markup": 0.003056710115930409,
          "n_close_orders": 6,
          "rentry_pprice_dist": 0.028564083591130936,
          "rentry_pprice_dist_wallet_exposure_weighting": 3.654924579145838,
          "wallet_exposure_limit": 1.0},
 "short": {"auto_unstuck_ema_dist": -0.07830237317980378,
           "auto_unstuck_wallet_exposure_threshold": 0.1,
           "backwards_tp": true,
           "ddown_factor": 2.7938252833314694,
           "ema_span_0": 10,
           "ema_span_1": 589.6752336521644,
           "enabled": false,
           "initial_eprice_ema_dist": -0.044036914799242766,
           "initial_qty_pct": 0.0482499897021252,
           "markup_range": 0.06,
           "min_markup": 0.01,
           "n_close_orders": 1,
           "rentry_pprice_dist": 0.05,
           "rentry_pprice_dist_wallet_exposure_weighting": 0.0,
           "wallet_exposure_limit": 1.0}}