{"config_name": "recursive_grid_0days",
 "logging_level": 0,
 "long": {"auto_unstuck_ema_dist": -0.003723192208079411,
          "auto_unstuck_wallet_exposure_threshold": 0.09002965762337325,
          "backwards_tp": true,
          "ddown_factor": 1.7920744722655717,
          "ema_span_0": 634.5734000958433,
          "ema_span_1": 1154.6659972927068,
          "enabled": true,
          "initial_eprice_ema_dist": 0.009999998969868619,
          "initial_qty_pct": 0.022105717606676824,
          "markup_range": 0.0027766759937513878,
          "min_markup": 0.008072116693667412,
          "n_close_orders": 16,
          "rentry_pprice_dist": 0.025957710345612454,
          "rentry_pprice_dist_wallet_exposure_weighting": 4.6379292278802335,
          "wallet_exposure_limit": 1.0},
 "short": {"auto_unstuck_ema_dist": -0.018541077486658092,
           "auto_unstuck_wallet_exposure_threshold": 0.08911626535964788,
           "backwards_tp": true,
           "ddown_factor": 2.686335870241376,
           "ema_span_0": 389.6299351287222,
           "ema_span_1": 518.1752894858259,
           "enabled": false,
           "initial_eprice_ema_dist": -0.039644793459724964,
           "initial_qty_pct": 0.03249957991340383,
           "markup_range": 0.055122867176315545,
           "min_markup": 0.003427040781642507,
           "n_close_orders": 13,
           "rentry_pprice_dist": 0.040638404041824235,
           "rentry_pprice_dist_wallet_exposure_weighting": 33.89472407294584,
           "wallet_exposure_limit": 1.0}}