{"config_name": "recursive_grid_0days",
 "logging_level": 0,
 "long": {"auto_unstuck_ema_dist": -0.009284419588238032,
          "auto_unstuck_wallet_exposure_threshold": 0.0466551636775442,
          "backwards_tp": true,
          "ddown_factor": 1.1212272094912084,
          "ema_span_0": 203.70771333827562,
          "ema_span_1": 933.1685930377489,
          "enabled": true,
          "initial_eprice_ema_dist": 0.0035767578635347284,
          "initial_qty_pct": 0.011063861992867685,
          "markup_range": 0.003965289145253069,
          "min_markup": 0.002157787662574813,
          "n_close_orders": 2,
          "rentry_pprice_dist": 0.02818212491636365,
          "rentry_pprice_dist_wallet_exposure_weighting": 2.8251217137706055,
          "wallet_exposure_limit": 1},
 "short": {"auto_unstuck_ema_dist": -0.024066795267452163,
           "auto_unstuck_wallet_exposure_threshold": 0.07970922290662513,
           "backwards_tp": true,
           "ddown_factor": 1.817104762238383,
           "ema_span_0": 38.18522084355669,
           "ema_span_1": 1439.5057792546681,
           "enabled": false,
           "initial_eprice_ema_dist": -0.06670929399653923,
           "initial_qty_pct": 0.012275008429185812,
           "markup_range": 0.046153675568307254,
           "min_markup": 0.0025260186110778963,
           "n_close_orders": 7,
           "rentry_pprice_dist": 0.023560102516047506,
           "rentry_pprice_dist_wallet_exposure_weighting": 16.473880315735844,
           "wallet_exposure_limit": 1.0}}