{"config_name": "recursive_grid_0days",
 "logging_level": 0,
 "long": {"auto_unstuck_ema_dist": -0.009284419588238032,
          "auto_unstuck_wallet_exposure_threshold": 0.0466551636775442,
          "backwards_tp": true,
          "ddown_factor": 1.1212272094912084,
          "ema_span_0": 203.70771333827562,
          "ema_span_1": 933.1685930377489,
          "enabled": true,
          "initial_eprice_ema_dist": 0.0035767578635347284,
          "initial_qty_pct": 0.011063861992867685,
          "markup_range": 0.003965289145253069,
          "min_markup": 0.002157787662574813,
          "n_close_orders": 2,
          "rentry_pprice_dist": 0.02818212491636365,
          "rentry_pprice_dist_wallet_exposure_weighting": 2.8251217137706055,
          "wallet_exposure_limit": 1},
 "short": {"auto_unstuck_ema_dist": -0.087507800151933,
           "auto_unstuck_wallet_exposure_threshold": 0.04431482772097793,
           "backwards_tp": true,
           "ddown_factor": 1.4104803459756268,
           "ema_span_0": 266.9426472826434,
           "ema_span_1": 1004.5585016853328,
           "enabled": false,
           "initial_eprice_ema_dist": -0.009674950610074243,
           "initial_qty_pct": 0.09913262337659048,
           "markup_range": 0.04048092314806504,
           "min_markup": 0.0016097344407541266,
           "n_close_orders": 10,
           "rentry_pprice_dist": 0.00732632565658827,
           "rentry_pprice_dist_wallet_exposure_weighting": 18.584772803555175,
           "wallet_exposure_limit": 1.0}}