{"config_name": "recursive_grid_0days",
 "logging_level": 0,
 "long": {"auto_unstuck_ema_dist": -0.009284419588238032,
          "auto_unstuck_wallet_exposure_threshold": 0.0466551636775442,
          "backwards_tp": true,
          "ddown_factor": 1.1212272094912084,
          "ema_span_0": 203.70771333827562,
          "ema_span_1": 933.1685930377489,
          "enabled": true,
          "initial_eprice_ema_dist": 0.0035767578635347284,
          "initial_qty_pct": 0.011063861992867685,
          "markup_range": 0.003965289145253069,
          "min_markup": 0.002157787662574813,
          "n_close_orders": 2,
          "rentry_pprice_dist": 0.02818212491636365,
          "rentry_pprice_dist_wallet_exposure_weighting": 2.8251217137706055,
          "wallet_exposure_limit": 1},
 "short": {"auto_unstuck_ema_dist": -0.08469969824528907,
           "auto_unstuck_wallet_exposure_threshold": 0.07154062774829804,
           "backwards_tp": true,
           "ddown_factor": 2.263869757398616,
           "ema_span_0": 677.3170950683502,
           "ema_span_1": 134.4410282752784,
           "enabled": false,
           "initial_eprice_ema_dist": -0.0757140393397752,
           "initial_qty_pct": 0.02592305139010575,
           "markup_range": 0.04148205837164962,
           "min_markup": 0.0023332394387904597,
           "n_close_orders": 8,
           "rentry_pprice_dist": 0.022720422117472112,
           "rentry_pprice_dist_wallet_exposure_weighting": 11.5965964329069,
           "wallet_exposure_limit": 1.0}}