{"config_name": "recursive_grid_0days",
 "logging_level": 0,
 "long": {"auto_unstuck_ema_dist": -0.03941755546806723,
          "auto_unstuck_wallet_exposure_threshold": 0.09100273783309376,
          "backwards_tp": true,
          "ddown_factor": 2.5748373669811913,
          "ema_span_0": 451.0120464821827,
          "ema_span_1": 10,
          "enabled": true,
          "initial_eprice_ema_dist": -0.04262451736264504,
          "initial_qty_pct": 0.04566234179500559,
          "markup_range": 0.003961232436174421,
          "min_markup": 0.001,
          "n_close_orders": 16,
          "rentry_pprice_dist": 0.029861559722798272,
          "rentry_pprice_dist_wallet_exposure_weighting": 17.62287890928851,
          "wallet_exposure_limit": 1.0},
 "short": {"auto_unstuck_ema_dist": -0.03872436800152648,
           "auto_unstuck_wallet_exposure_threshold": 0.037294509811862636,
           "backwards_tp": true,
           "ddown_factor": 1.8254146831223996,
           "ema_span_0": 250.59542352659454,
           "ema_span_1": 379.31250308505867,
           "enabled": false,
           "initial_eprice_ema_dist": -0.036881982289067854,
           "initial_qty_pct": 0.09442717884005676,
           "markup_range": 0.014128735096765243,
           "min_markup": 0.00881116316300979,
           "n_close_orders": 3,
           "rentry_pprice_dist": 0.02907879129304049,
           "rentry_pprice_dist_wallet_exposure_weighting": 15.014135504143107,
           "wallet_exposure_limit": 1.0}}