{"config_name": "recursive_grid_0days",
 "logging_level": 0,
 "long": {"auto_unstuck_ema_dist": -0.009284419588238032,
          "auto_unstuck_wallet_exposure_threshold": 0.0466551636775442,
          "backwards_tp": true,
          "ddown_factor": 1.1212272094912084,
          "ema_span_0": 203.70771333827562,
          "ema_span_1": 933.1685930377489,
          "enabled": true,
          "initial_eprice_ema_dist": 0.0035767578635347284,
          "initial_qty_pct": 0.011063861992867685,
          "markup_range": 0.003965289145253069,
          "min_markup": 0.002157787662574813,
          "n_close_orders": 2,
          "rentry_pprice_dist": 0.02818212491636365,
          "rentry_pprice_dist_wallet_exposure_weighting": 2.8251217137706055,
          "wallet_exposure_limit": 1},
 "short": {"auto_unstuck_ema_dist": -0.09074374417248676,
           "auto_unstuck_wallet_exposure_threshold": 0.07197741878913347,
           "backwards_tp": true,
           "ddown_factor": 2.341174750254804,
           "ema_span_0": 59.199478354937426,
           "ema_span_1": 1227.6669105783856,
           "enabled": false,
           "initial_eprice_ema_dist": -0.09699227076037038,
           "initial_qty_pct": 0.04629518663585852,
           "markup_range": 0.0028814287169211376,
           "min_markup": 0.002402103896563236,
           "n_close_orders": 3,
           "rentry_pprice_dist": 0.01422648365550007,
           "rentry_pprice_dist_wallet_exposure_weighting": 15.847914509833634,
           "wallet_exposure_limit": 1.0}}