{"config_name": "recursive_grid_0days",
 "logging_level": 0,
 "long": {"auto_unstuck_ema_dist": -0.009284419588238032,
          "auto_unstuck_wallet_exposure_threshold": 0.0466551636775442,
          "backwards_tp": true,
          "ddown_factor": 1.1212272094912084,
          "ema_span_0": 203.70771333827562,
          "ema_span_1": 933.1685930377489,
          "enabled": true,
          "initial_eprice_ema_dist": 0.0035767578635347284,
          "initial_qty_pct": 0.011063861992867685,
          "markup_range": 0.003965289145253069,
          "min_markup": 0.002157787662574813,
          "n_close_orders": 2,
          "rentry_pprice_dist": 0.02818212491636365,
          "rentry_pprice_dist_wallet_exposure_weighting": 2.8251217137706055,
          "wallet_exposure_limit": 1},
 "short": {"auto_unstuck_ema_dist": -0.013507715689882883,
           "auto_unstuck_wallet_exposure_threshold": 0.03256433935783301,
           "backwards_tp": true,
           "ddown_factor": 2.9941283168560564,
           "ema_span_0": 31.74474873393275,
           "ema_span_1": 804.536987689983,
           "enabled": false,
           "initial_eprice_ema_dist": -0.039829765335261204,
           "initial_qty_pct": 0.03045999064070542,
           "markup_range": 0.020262527023079183,
           "min_markup": 0.008898494669383233,
           "n_close_orders": 11,
           "rentry_pprice_dist": 0.011846525750943198,
           "rentry_pprice_dist_wallet_exposure_weighting": 24.494877012781647,
           "wallet_exposure_limit": 1.0}}