{"config_name": "recursive_grid_0days",
 "logging_level": 0,
 "long": {"auto_unstuck_ema_dist": -0.009284419588238032,
          "auto_unstuck_wallet_exposure_threshold": 0.0466551636775442,
          "backwards_tp": true,
          "ddown_factor": 1.1212272094912084,
          "ema_span_0": 203.70771333827562,
          "ema_span_1": 933.1685930377489,
          "enabled": true,
          "initial_eprice_ema_dist": 0.0035767578635347284,
          "initial_qty_pct": 0.011063861992867685,
          "markup_range": 0.003965289145253069,
          "min_markup": 0.002157787662574813,
          "n_close_orders": 2,
          "rentry_pprice_dist": 0.02818212491636365,
          "rentry_pprice_dist_wallet_exposure_weighting": 2.8251217137706055,
          "wallet_exposure_limit": 1},
 "short": {"auto_unstuck_ema_dist": -0.04462472826394135,
           "auto_unstuck_wallet_exposure_threshold": 0.052853418558908107,
           "backwards_tp": true,
           "ddown_factor": 0.20074448722957858,
           "ema_span_0": 260.129539341582,
           "ema_span_1": 871.4791372899485,
           "enabled": false,
           "initial_eprice_ema_dist": 0.0039047593970508265,
           "initial_qty_pct": 0.03127489690902129,
           "markup_range": 0.0011242472872301046,
           "min_markup": 0.0022202209698600523,
           "n_close_orders": 15,
           "rentry_pprice_dist": 0.04815416554143309,
           "rentry_pprice_dist_wallet_exposure_weighting": 29.143435090423754,
           "wallet_exposure_limit": 1.0}}