{"config_name": "recursive_grid_0days",
 "logging_level": 0,
 "long": {"auto_unstuck_ema_dist": -0.009284419588238032,
          "auto_unstuck_wallet_exposure_threshold": 0.0466551636775442,
          "backwards_tp": true,
          "ddown_factor": 1.1212272094912084,
          "ema_span_0": 203.70771333827562,
          "ema_span_1": 933.1685930377489,
          "enabled": true,
          "initial_eprice_ema_dist": 0.0035767578635347284,
          "initial_qty_pct": 0.011063861992867685,
          "markup_range": 0.003965289145253069,
          "min_markup": 0.002157787662574813,
          "n_close_orders": 2,
          "rentry_pprice_dist": 0.02818212491636365,
          "rentry_pprice_dist_wallet_exposure_weighting": 2.8251217137706055,
          "wallet_exposure_limit": 1},
 "short": {"auto_unstuck_ema_dist": -0.09733911462418923,
           "auto_unstuck_wallet_exposure_threshold": 0.07657987254988485,
           "backwards_tp": true,
           "ddown_factor": 2.0218590861365033,
           "ema_span_0": 648.5128781330897,
           "ema_span_1": 899.0387505848221,
           "enabled": false,
           "initial_eprice_ema_dist": -0.04354353892878329,
           "initial_qty_pct": 0.03816955121510414,
           "markup_range": 0.04709975565922741,
           "min_markup": 0.0023491353388718815,
           "n_close_orders": 3,
           "rentry_pprice_dist": 0.03760855035940038,
           "rentry_pprice_dist_wallet_exposure_weighting": 25.299581983357943,
           "wallet_exposure_limit": 1.0}}