{"config_name": "recursive_grid_0days",
 "logging_level": 0,
 "long": {"auto_unstuck_ema_dist": -0.009284419588238032,
          "auto_unstuck_wallet_exposure_threshold": 0.0466551636775442,
          "backwards_tp": true,
          "ddown_factor": 1.1212272094912084,
          "ema_span_0": 203.70771333827562,
          "ema_span_1": 933.1685930377489,
          "enabled": true,
          "initial_eprice_ema_dist": 0.0035767578635347284,
          "initial_qty_pct": 0.011063861992867685,
          "markup_range": 0.003965289145253069,
          "min_markup": 0.002157787662574813,
          "n_close_orders": 2,
          "rentry_pprice_dist": 0.02818212491636365,
          "rentry_pprice_dist_wallet_exposure_weighting": 2.8251217137706055,
          "wallet_exposure_limit": 1},
 "short": {"auto_unstuck_ema_dist": -0.045429692451987226,
           "auto_unstuck_wallet_exposure_threshold": 0.04425060639263255,
           "backwards_tp": true,
           "ddown_factor": 2.8405057801085936,
           "ema_span_0": 69.84841800073353,
           "ema_span_1": 675.9825135196381,
           "enabled": false,
           "initial_eprice_ema_dist": -0.06829952666687834,
           "initial_qty_pct": 0.08510010496184756,
           "markup_range": 0.021222426258622768,
           "min_markup": 0.002432647199087995,
           "n_close_orders": 15,
           "rentry_pprice_dist": 0.011848818919592597,
           "rentry_pprice_dist_wallet_exposure_weighting": 30.48532681281294,
           "wallet_exposure_limit": 1.0}}