{"config_name": "recursive_grid_0days",
 "logging_level": 0,
 "long": {"auto_unstuck_ema_dist": -0.0034203294016824735,
          "auto_unstuck_wallet_exposure_threshold": 0.03000031864601613,
          "backwards_tp": true,
          "ddown_factor": 1.5221710826164137,
          "ema_span_0": 330.9563166240071,
          "ema_span_1": 693.9894642137627,
          "enabled": true,
          "initial_eprice_ema_dist": 0.0007546079036159325,
          "initial_qty_pct": 0.03012716054290227,
          "markup_range": 0.005288829613577301,
          "min_markup": 0.005726919522678818,
          "n_close_orders": 6,
          "rentry_pprice_dist": 0.039228467625542364,
          "rentry_pprice_dist_wallet_exposure_weighting": 1.758861686821196,
          "wallet_exposure_limit": 1.0},
 "short": {"auto_unstuck_ema_dist": -0.09901234701816397,
           "auto_unstuck_wallet_exposure_threshold": 0.03,
           "backwards_tp": true,
           "ddown_factor": 1.201821424081753,
           "ema_span_0": 338.17882152760313,
           "ema_span_1": 576.7734054058527,
           "enabled": false,
           "initial_eprice_ema_dist": 0.008935003231386837,
           "initial_qty_pct": 0.1,
           "markup_range": 0.06,
           "min_markup": 0.01,
           "n_close_orders": 2,
           "rentry_pprice_dist": 0.010858887680657198,
           "rentry_pprice_dist_wallet_exposure_weighting": 6.273093772424611,
           "wallet_exposure_limit": 1.0}}