{"config_name": "recursive_grid_0days",
 "logging_level": 0,
 "long": {"auto_unstuck_ema_dist": -0.0026122447968289723,
          "auto_unstuck_wallet_exposure_threshold": 0.07889030371377959,
          "backwards_tp": true,
          "ddown_factor": 1.5912202848017223,
          "ema_span_0": 128.56329265155208,
          "ema_span_1": 372.3846708359675,
          "enabled": true,
          "initial_eprice_ema_dist": 0.00778365709354927,
          "initial_qty_pct": 0.014286754128374012,
          "markup_range": 9.058245764618439e-10,
          "min_markup": 0.005470730399069133,
          "n_close_orders": 4,
          "rentry_pprice_dist": 0.012985998516022404,
          "rentry_pprice_dist_wallet_exposure_weighting": 10.68099582574211,
          "wallet_exposure_limit": 1.0},
 "short": {"auto_unstuck_ema_dist": -0.014072765698665834,
           "auto_unstuck_wallet_exposure_threshold": 0.03,
           "backwards_tp": true,
           "ddown_factor": 0.31535176324836467,
           "ema_span_0": 150.42584428117604,
           "ema_span_1": 941.2531569446496,
           "enabled": false,
           "initial_eprice_ema_dist": -0.0570726624090022,
           "initial_qty_pct": 0.03187037516899528,
           "markup_range": 0.0,
           "min_markup": 0.0029594773472729156,
           "n_close_orders": 2,
           "rentry_pprice_dist": 0.005,
           "rentry_pprice_dist_wallet_exposure_weighting": 34.564673493637635,
           "wallet_exposure_limit": 1.0}}