{"config_name": "recursive_grid_0days",
 "logging_level": 0,
 "long": {"auto_unstuck_ema_dist": 0.0009999216738784907,
          "auto_unstuck_wallet_exposure_threshold": 0.06340718156380974,
          "backwards_tp": true,
          "ddown_factor": 0.35208844562221614,
          "ema_span_0": 145.76298247678326,
          "ema_span_1": 198.6519907180727,
          "enabled": true,
          "initial_eprice_ema_dist": -0.08616041511181455,
          "initial_qty_pct": 0.021574452390607117,
          "markup_range": 0.006939929015969147,
          "min_markup": 0.007151840585533855,
          "n_close_orders": 2,
          "rentry_pprice_dist": 0.032422337136592025,
          "rentry_pprice_dist_wallet_exposure_weighting": 2.779334487080954,
          "wallet_exposure_limit": 1.0},
 "short": {"auto_unstuck_ema_dist": -0.05595459826241916,
           "auto_unstuck_wallet_exposure_threshold": 0.07387228493672401,
           "backwards_tp": true,
           "ddown_factor": 0.10974269767529399,
           "ema_span_0": 32.898794507958826,
           "ema_span_1": 186.64087995912422,
           "enabled": false,
           "initial_eprice_ema_dist": -0.00892824836245848,
           "initial_qty_pct": 0.04468294347579118,
           "markup_range": 0.03766868849744128,
           "min_markup": 0.00630258567180873,
           "n_close_orders": 11,
           "rentry_pprice_dist": 0.04047237598167636,
           "rentry_pprice_dist_wallet_exposure_weighting": 10.987073957113092,
           "wallet_exposure_limit": 1.0}}