{"config_name": "recursive_grid_0days",
 "logging_level": 0,
 "long": {"auto_unstuck_ema_dist": -0.012431965493874925,
          "auto_unstuck_wallet_exposure_threshold": 0.08312337813422314,
          "backwards_tp": true,
          "ddown_factor": 2.8720876238804847,
          "ema_span_0": 621.3079417365424,
          "ema_span_1": 686.5579749377317,
          "enabled": true,
          "initial_eprice_ema_dist": 0.008756625456401268,
          "initial_qty_pct": 0.015084846393620347,
          "markup_range": 0.002174557156671795,
          "min_markup": 0.004334677869804894,
          "n_close_orders": 10,
          "rentry_pprice_dist": 0.01745685924461153,
          "rentry_pprice_dist_wallet_exposure_weighting": 0.7392924326672163,
          "wallet_exposure_limit": 1.0},
 "short": {"auto_unstuck_ema_dist": -0.09926336770060852,
           "auto_unstuck_wallet_exposure_threshold": 0.03,
           "backwards_tp": true,
           "ddown_factor": 2.7593714955088724,
           "ema_span_0": 448.22968808698727,
           "ema_span_1": 554.2011518478408,
           "enabled": false,
           "initial_eprice_ema_dist": 0.01,
           "initial_qty_pct": 0.03713482988359365,
           "markup_range": 0.06,
           "min_markup": 0.006605088436036695,
           "n_close_orders": 11,
           "rentry_pprice_dist": 0.05,
           "rentry_pprice_dist_wallet_exposure_weighting": 3.4657370766464766,
           "wallet_exposure_limit": 1.0}}