{"config_name": "recursive_grid_0days",
 "logging_level": 0,
 "long": {"auto_unstuck_ema_dist": 0,
          "auto_unstuck_wallet_exposure_threshold": 0,
          "backwards_tp": false,
          "ddown_factor": 1.0750359085518144,
          "ema_span_0": 40.66295801687216,
          "ema_span_1": 80.0476602049042,
          "enabled": true,
          "initial_eprice_ema_dist": -0.08211960361667052,
          "initial_qty_pct": 0.0014075002494839694,
          "markup_range": 0.037538913323272236,
          "min_markup": 0.016156464878583982,
          "n_close_orders": 4,
          "rentry_pprice_dist": 0.029725819010784568,
          "rentry_pprice_dist_wallet_exposure_weighting": 0,
          "wallet_exposure_limit": 0.2},
 "short": {"auto_unstuck_ema_dist": 0.05131041510421901,
           "auto_unstuck_wallet_exposure_threshold": 0.06787660101477191,
           "backwards_tp": true,
           "ddown_factor": 0.6245167949027307,
           "ema_span_0": 1099.0582253453763,
           "ema_span_1": 3017.281981942384,
           "enabled": false,
           "initial_eprice_ema_dist": -0.034424979489559124,
           "initial_qty_pct": 0.015,
           "markup_range": 0.012576445909583168,
           "min_markup": 0.0013517900125571466,
           "n_close_orders": 11,
           "rentry_pprice_dist": 0.02687371954932369,
           "rentry_pprice_dist_wallet_exposure_weighting": 77.70847331814552,
           "wallet_exposure_limit": 0.1}}