{"config_name": "clock_0days",
 "long": {"backwards_tp": true,
          "delay_between_fills_minutes_close": 843.8062754394466,
          "delay_between_fills_minutes_entry": 1254.1998654628828,
          "delay_weight_close": 0,
          "delay_weight_entry": 22.114246866238716,
          "ema_dist_close": -0.010590967270480561,
          "ema_dist_entry": -0.0031779221990127574,
          "ema_span_0": 1264.5205949927224,
          "ema_span_1": 1135.4703474553714,
          "enabled": true,
          "markup_range": 0.005299958620327096,
          "min_markup": 0.004850840376368157,
          "n_close_orders": 2,
          "qty_pct_close": 0.010477019753562508,
          "qty_pct_entry": 0.01393948871121172,
          "wallet_exposure_limit": 0.5,
          "we_multiplier_close": 0,
          "we_multiplier_entry": 90.0925043862446},
 "short": {"backwards_tp": true,
           "delay_between_fills_minutes_close": 1290.109837753021,
           "delay_between_fills_minutes_entry": 521.885393385709,
           "delay_weight_close": 0,
           "delay_weight_entry": 14.421848532145635,
           "ema_dist_close": -0.005619978757347521,
           "ema_dist_entry": -0.00010099139357074016,
           "ema_span_0": 1434.6768425168357,
           "ema_span_1": 1253.5224121355263,
           "enabled": true,
           "markup_range": 0.0008521057737545495,
           "min_markup": 0.00985146399266187,
           "n_close_orders": 6,
           "qty_pct_close": 0.011949234114415458,
           "qty_pct_entry": 0.011852710143042922,
           "wallet_exposure_limit": 0.25,
           "we_multiplier_close": 0,
           "we_multiplier_entry": 93.04410446920267}}