{"config_name": "clock_0days",
 "long": {"backwards_tp": true,
          "delay_between_fills_minutes_close": 1192.3766439272654,
          "delay_between_fills_minutes_entry": 1322.1397061181578,
          "delay_weight_close": 0,
          "delay_weight_entry": 25.8069389660185,
          "ema_dist_close": -0.00542680938903969,
          "ema_dist_entry": -0.005475363529478108,
          "ema_span_0": 1404.643805573715,
          "ema_span_1": 1440,
          "enabled": true,
          "markup_range": 0.012440340650936736,
          "min_markup": 0.007313744998959455,
          "n_close_orders": 11,
          "qty_pct_close": 0.039727087237752055,
          "qty_pct_entry": 0.01,
          "wallet_exposure_limit": 0.5,
          "we_multiplier_close": 0,
          "we_multiplier_entry": 38.88735096063361},
 "short": {"backwards_tp": true,
           "delay_between_fills_minutes_close": 1281.5702941297523,
           "delay_between_fills_minutes_entry": 1181.9792315064597,
           "delay_weight_close": 0,
           "delay_weight_entry": 23.777234036171492,
           "ema_dist_close": -0.004877437683284236,
           "ema_dist_entry": -0.004034190027347494,
           "ema_span_0": 1358.4509400539923,
           "ema_span_1": 1440,
           "enabled": true,
           "markup_range": 0.005728218720252922,
           "min_markup": 0.009470125350120132,
           "n_close_orders": 2,
           "qty_pct_close": 0.03826987041945067,
           "qty_pct_entry": 0.016068391504973214,
           "wallet_exposure_limit": 0.25,
           "we_multiplier_close": 0,
           "we_multiplier_entry": 46.66766118910279}}