{"config_name": "clock_0days",
 "long": {"backwards_tp": true,
          "delay_between_fills_minutes_close": 1340.223587150876,
          "delay_between_fills_minutes_entry": 1229.9596005630901,
          "delay_weight_close": 0,
          "delay_weight_entry": 13.558382245322763,
          "ema_dist_close": 0.0019477321934161136,
          "ema_dist_entry": -0.0021019889556244805,
          "ema_span_0": 319.46408506603143,
          "ema_span_1": 1209.097517288278,
          "enabled": true,
          "markup_range": 0.00812551930985183,
          "min_markup": 0.005319031151937854,
          "n_close_orders": 9,
          "qty_pct_close": 0.011874972273103093,
          "qty_pct_entry": 0.011778652588517263,
          "wallet_exposure_limit": 0.5,
          "we_multiplier_close": 0.0,
          "we_multiplier_entry": 43.47108671166774},
 "short": {"backwards_tp": true,
           "delay_between_fills_minutes_close": 1427.4254589226707,
           "delay_between_fills_minutes_entry": 1440,
           "delay_weight_close": 0,
           "delay_weight_entry": 7.161749128657294,
           "ema_dist_close": -0.0049016399747316905,
           "ema_dist_entry": 0.001691988744797479,
           "ema_span_0": 1367.7480297062204,
           "ema_span_1": 1440,
           "enabled": true,
           "markup_range": 0.0036831799257962994,
           "min_markup": 0.009943602988848154,
           "n_close_orders": 11,
           "qty_pct_close": 0.01,
           "qty_pct_entry": 0.012691816111753003,
           "wallet_exposure_limit": 0.25,
           "we_multiplier_close": 0,
           "we_multiplier_entry": 189.29623872565676}}