{"config_name": "clock_0days",
 "long": {"backwards_tp": true,
          "delay_between_fills_minutes_close": 1411.5116414725467,
          "delay_between_fills_minutes_entry": 852.7989824047584,
          "delay_weight_close": 0,
          "delay_weight_entry": 13.535988226294798,
          "ema_dist_close": 0.003,
          "ema_dist_entry": 0.003,
          "ema_span_0": 1411.7472691026019,
          "ema_span_1": 1440,
          "enabled": true,
          "markup_range": 0.006649056730996544,
          "min_markup": 0.007192660214725988,
          "n_close_orders": 3,
          "qty_pct_close": 0.01282583936225587,
          "qty_pct_entry": 0.010882435515276246,
          "wallet_exposure_limit": 0.5,
          "we_multiplier_close": 0.0,
          "we_multiplier_entry": 168.58711239122906},
 "short": {"backwards_tp": true,
           "delay_between_fills_minutes_close": 1271.1270343705717,
           "delay_between_fills_minutes_entry": 925.9232684179697,
           "delay_weight_close": 0,
           "delay_weight_entry": 6.704435810067577,
           "ema_dist_close": 0.002965489071591147,
           "ema_dist_entry": -0.004152150959095222,
           "ema_span_0": 1409.0020485734528,
           "ema_span_1": 972.5768852525921,
           "enabled": true,
           "markup_range": 0.0045891700643101874,
           "min_markup": 0.007247138972403801,
           "n_close_orders": 8,
           "qty_pct_close": 0.049467367828806015,
           "qty_pct_entry": 0.017524314820923512,
           "wallet_exposure_limit": 0.25,
           "we_multiplier_close": 0,
           "we_multiplier_entry": 144.3623664320802}}