{"config_name": "clock_0days",
 "long": {"backwards_tp": true,
          "delay_between_fills_minutes_close": 1408.8019608525963,
          "delay_between_fills_minutes_entry": 1406.1306241711843,
          "delay_weight_close": 0,
          "delay_weight_entry": 7.103101462939614,
          "ema_dist_close": -0.0032078367153233426,
          "ema_dist_entry": 0.0009742862889222273,
          "ema_span_0": 1413.9219947230993,
          "ema_span_1": 1422.720098096993,
          "enabled": true,
          "markup_range": 0.01219091652796689,
          "min_markup": 0.006502114866885868,
          "n_close_orders": 15,
          "qty_pct_close": 0.01,
          "qty_pct_entry": 0.013531787794179548,
          "wallet_exposure_limit": 0.5,
          "we_multiplier_close": 0,
          "we_multiplier_entry": 88.64861598831007},
 "short": {"backwards_tp": true,
           "delay_between_fills_minutes_close": 1364.038037218008,
           "delay_between_fills_minutes_entry": 1094.0185444295157,
           "delay_weight_close": 0,
           "delay_weight_entry": 24.84961398258809,
           "ema_dist_close": 0.003,
           "ema_dist_entry": -0.0015906715893503997,
           "ema_span_0": 5,
           "ema_span_1": 1440,
           "enabled": true,
           "markup_range": 0.0029027391767988417,
           "min_markup": 0.003444558271861968,
           "n_close_orders": 3,
           "qty_pct_close": 0.037786799385210526,
           "qty_pct_entry": 0.017765385322878694,
           "wallet_exposure_limit": 0.25,
           "we_multiplier_close": 0,
           "we_multiplier_entry": 140.72713900261292}}