{"config_name": "clock_0days",
 "long": {"backwards_tp": true,
          "delay_between_fills_minutes_close": 1307.8570153283044,
          "delay_between_fills_minutes_entry": 1221.0448571014745,
          "delay_weight_close": 0,
          "delay_weight_entry": 8.590555026277665,
          "ema_dist_close": -0.0024862239296834596,
          "ema_dist_entry": 0.0012393322077052654,
          "ema_span_0": 1435.6541939696845,
          "ema_span_1": 33.66059548440972,
          "enabled": true,
          "markup_range": 0.00845785685021769,
          "min_markup": 0.00904683308430615,
          "n_close_orders": 12,
          "qty_pct_close": 0.01,
          "qty_pct_entry": 0.01,
          "wallet_exposure_limit": 0.5,
          "we_multiplier_close": 0,
          "we_multiplier_entry": 160.727350848156},
 "short": {"backwards_tp": true,
           "delay_between_fills_minutes_close": 932.6987006182067,
           "delay_between_fills_minutes_entry": 802.4006604869096,
           "delay_weight_close": 0,
           "delay_weight_entry": 12.160164691220317,
           "ema_dist_close": -0.00558493957531446,
           "ema_dist_entry": 0.0007177650503848989,
           "ema_span_0": 1281.773175471809,
           "ema_span_1": 1245.533594138796,
           "enabled": true,
           "markup_range": 0.024848758377290506,
           "min_markup": 0.006420701983571639,
           "n_close_orders": 15,
           "qty_pct_close": 0.012342890264713215,
           "qty_pct_entry": 0.016325508671160352,
           "wallet_exposure_limit": 0.25,
           "we_multiplier_close": 0,
           "we_multiplier_entry": 25.0636787112226}}