{"config_name": "clock_0days",
 "long": {"backwards_tp": true,
          "delay_between_fills_minutes_close": 1422.526768527669,
          "delay_between_fills_minutes_entry": 1025.3111873429439,
          "delay_weight_close": 0,
          "delay_weight_entry": 24.423939078533667,
          "ema_dist_close": 0.0019735718548970003,
          "ema_dist_entry": -0.0035619715471845313,
          "ema_span_0": 790.8850627635896,
          "ema_span_1": 1085.730754659332,
          "enabled": true,
          "markup_range": 0.010613399281713747,
          "min_markup": 0.0037678418205995537,
          "n_close_orders": 9,
          "qty_pct_close": 0.010008367044833598,
          "qty_pct_entry": 0.010920264483684806,
          "wallet_exposure_limit": 0.5,
          "we_multiplier_close": 0,
          "we_multiplier_entry": 17.924588914717745},
 "short": {"backwards_tp": true,
           "delay_between_fills_minutes_close": 1297.5455284518566,
           "delay_between_fills_minutes_entry": 1293.908589485394,
           "delay_weight_close": 0,
           "delay_weight_entry": 10.496287438111729,
           "ema_dist_close": 0.003,
           "ema_dist_entry": -0.005610722532265042,
           "ema_span_0": 160.28809630756314,
           "ema_span_1": 1139.3971535451503,
           "enabled": true,
           "markup_range": 0.0122652696491363,
           "min_markup": 0.004924219621338225,
           "n_close_orders": 4,
           "qty_pct_close": 0.016476917422270008,
           "qty_pct_entry": 0.015192169446612964,
           "wallet_exposure_limit": 0.25,
           "we_multiplier_close": 0.0,
           "we_multiplier_entry": 68.50236736857113}}