{"config_name": "clock_0days",
 "long": {"backwards_tp": true,
          "delay_between_fills_minutes_close": 1378.7982449594863,
          "delay_between_fills_minutes_entry": 984.2157625033796,
          "delay_weight_close": 0,
          "delay_weight_entry": 13.63693346144265,
          "ema_dist_close": -0.0006190950774128511,
          "ema_dist_entry": -0.0029822847169533465,
          "ema_span_0": 925.345001531243,
          "ema_span_1": 1245.2923925607656,
          "enabled": true,
          "markup_range": 0.010307457445163924,
          "min_markup": 0.003477114624682902,
          "n_close_orders": 3,
          "qty_pct_close": 0.012142013957443555,
          "qty_pct_entry": 0.010976057891855313,
          "wallet_exposure_limit": 0.5,
          "we_multiplier_close": 0,
          "we_multiplier_entry": 186.9269738977645},
 "short": {"backwards_tp": true,
           "delay_between_fills_minutes_close": 1117.0802267535717,
           "delay_between_fills_minutes_entry": 980.919493403625,
           "delay_weight_close": 0,
           "delay_weight_entry": 5.635967423286191,
           "ema_dist_close": 0.0020290394387678197,
           "ema_dist_entry": -0.00278825812787698,
           "ema_span_0": 1207.5545562492227,
           "ema_span_1": 1154.6979989559036,
           "enabled": true,
           "markup_range": 0.0175145676129917,
           "min_markup": 0.009997930054504178,
           "n_close_orders": 7,
           "qty_pct_close": 0.012231440645569214,
           "qty_pct_entry": 0.017423050452838453,
           "wallet_exposure_limit": 0.25,
           "we_multiplier_close": 0,
           "we_multiplier_entry": 35.90850339214094}}