{"config_name": "clock_0days",
 "long": {"backwards_tp": true,
          "delay_between_fills_minutes_close": 1394.726937301231,
          "delay_between_fills_minutes_entry": 614.8848553657792,
          "delay_weight_close": 0,
          "delay_weight_entry": 20.217761357072334,
          "ema_dist_close": 0.001986545622472428,
          "ema_dist_entry": -0.0007368244081638357,
          "ema_span_0": 255.9440121901685,
          "ema_span_1": 1418.7555980471943,
          "enabled": true,
          "markup_range": 0.0036444725053662664,
          "min_markup": 0.004656415018544815,
          "n_close_orders": 10,
          "qty_pct_close": 0.04134095167759486,
          "qty_pct_entry": 0.017220859293991943,
          "wallet_exposure_limit": 0.5,
          "we_multiplier_close": 0,
          "we_multiplier_entry": 58.30098820526995},
 "short": {"backwards_tp": true,
           "delay_between_fills_minutes_close": 914.7730701899831,
           "delay_between_fills_minutes_entry": 867.9077613741998,
           "delay_weight_close": 0,
           "delay_weight_entry": 9.326849052778552,
           "ema_dist_close": 0.003,
           "ema_dist_entry": -0.00048324502108546864,
           "ema_span_0": 1274.1766797928876,
           "ema_span_1": 1440,
           "enabled": true,
           "markup_range": 0.0056282279308140105,
           "min_markup": 0.0017910363094888547,
           "n_close_orders": 10,
           "qty_pct_close": 0.026346487014643986,
           "qty_pct_entry": 0.016630556262719615,
           "wallet_exposure_limit": 0.25,
           "we_multiplier_close": 0,
           "we_multiplier_entry": 156.6325085064252}}