{"config_name": "clock_0days",
 "long": {"backwards_tp": true,
          "delay_between_fills_minutes_close": 582.8340898846961,
          "delay_between_fills_minutes_entry": 1083.0799844250087,
          "delay_weight_close": 0,
          "delay_weight_entry": 17.324152146605464,
          "ema_dist_close": -0.008514134328157468,
          "ema_dist_entry": 0.003,
          "ema_span_0": 21.896483369782302,
          "ema_span_1": 1440,
          "enabled": true,
          "markup_range": 0.03089794978530074,
          "min_markup": 0.008927240810657409,
          "n_close_orders": 14,
          "qty_pct_close": 0.04461872891190394,
          "qty_pct_entry": 0.01,
          "wallet_exposure_limit": 0.5,
          "we_multiplier_close": 0,
          "we_multiplier_entry": 13.984378584490202},
 "short": {"backwards_tp": true,
           "delay_between_fills_minutes_close": 477.1629657847564,
           "delay_between_fills_minutes_entry": 1301.5402114550907,
           "delay_weight_close": 0,
           "delay_weight_entry": 1.8744806319647145,
           "ema_dist_close": -0.003185548540016422,
           "ema_dist_entry": 0.0028542019834967634,
           "ema_span_0": 1312.4434513740257,
           "ema_span_1": 1262.3789695518708,
           "enabled": true,
           "markup_range": 0.03877482978896345,
           "min_markup": 0.005070305679249022,
           "n_close_orders": 2,
           "qty_pct_close": 0.01608877048101576,
           "qty_pct_entry": 0.018454423881729687,
           "wallet_exposure_limit": 0.25,
           "we_multiplier_close": 0,
           "we_multiplier_entry": 146.4396608008376}}