{"config_name": "clock_0days",
 "long": {"backwards_tp": true,
          "delay_between_fills_minutes_close": 945.6565807332681,
          "delay_between_fills_minutes_entry": 1398.8285158302738,
          "delay_weight_close": 0,
          "delay_weight_entry": 39.78977151043,
          "ema_dist_close": -0.0003485943797148189,
          "ema_dist_entry": 0.0024858689636645948,
          "ema_span_0": 1145.6178505306973,
          "ema_span_1": 1132.9513453671823,
          "enabled": true,
          "markup_range": 0.0026953525966025493,
          "min_markup": 0.00836001529977399,
          "n_close_orders": 3,
          "qty_pct_close": 0.0491589515351825,
          "qty_pct_entry": 0.012337645644128686,
          "wallet_exposure_limit": 0.5,
          "we_multiplier_close": 0,
          "we_multiplier_entry": 200},
 "short": {"backwards_tp": true,
           "delay_between_fills_minutes_close": 475.6343424165026,
           "delay_between_fills_minutes_entry": 869.432177162371,
           "delay_weight_close": 0,
           "delay_weight_entry": 19.375978973066687,
           "ema_dist_close": 0.003,
           "ema_dist_entry": 0.0010248335762962496,
           "ema_span_0": 438.18275255130845,
           "ema_span_1": 1432.7620770371066,
           "enabled": true,
           "markup_range": 0.0038951554082186316,
           "min_markup": 0.006974412235037378,
           "n_close_orders": 3,
           "qty_pct_close": 0.03250297908296344,
           "qty_pct_entry": 0.020020557218943937,
           "wallet_exposure_limit": 0.25,
           "we_multiplier_close": 0,
           "we_multiplier_entry": 112.62746869297439}}