{"config_name": "clock_0days",
 "long": {"backwards_tp": true,
          "delay_between_fills_minutes_close": 1127.366114545475,
          "delay_between_fills_minutes_entry": 1382.615497626726,
          "delay_weight_close": 0,
          "delay_weight_entry": 16.938035629861382,
          "ema_dist_close": -0.020434250477334034,
          "ema_dist_entry": 0.000974078058477441,
          "ema_span_0": 31.930172146325724,
          "ema_span_1": 1346.9719020960108,
          "enabled": true,
          "markup_range": 0.02549939119026632,
          "min_markup": 0.009972468688528026,
          "n_close_orders": 15,
          "qty_pct_close": 0.01,
          "qty_pct_entry": 0.010571356294291494,
          "wallet_exposure_limit": 0.5,
          "we_multiplier_close": 0,
          "we_multiplier_entry": 8.373034005550474},
 "short": {"backwards_tp": true,
           "delay_between_fills_minutes_close": 774.305794797434,
           "delay_between_fills_minutes_entry": 689.0622123826591,
           "delay_weight_close": 0,
           "delay_weight_entry": 0.6823296087562769,
           "ema_dist_close": -3.863310256472933e-05,
           "ema_dist_entry": -0.008832194645581845,
           "ema_span_0": 1408.9639779399733,
           "ema_span_1": 1440,
           "enabled": true,
           "markup_range": 0.0035245343980153127,
           "min_markup": 0.004840520812370948,
           "n_close_orders": 2,
           "qty_pct_close": 0.01649166045197091,
           "qty_pct_entry": 0.016931580527137145,
           "wallet_exposure_limit": 0.25,
           "we_multiplier_close": 0,
           "we_multiplier_entry": 167.12297360373321}}