{"config_name": "emas_0days",
 "long": {"delay_between_fills_minutes_close": 101.88680724860689,
          "delay_between_fills_minutes_entry": 426.77891951534815,
          "delay_weight_close": 50.553015240425864,
          "delay_weight_entry": 31.794022368775167,
          "ema_dist_lower": -0.21753581099016417,
          "ema_dist_upper": -0.053963054927076204,
          "ema_span_0": 710.8675207234031,
          "ema_span_1": 1048.902539203851,
          "enabled": true,
          "markup_range": 0.02623454799674955,
          "min_markup": 0.018941636312729243,
          "n_close_orders": 4,
          "qty_pct_close": 0.001,
          "qty_pct_entry": 0.0023867348845556307,
          "wallet_exposure_limit": 0.25,
          "we_multiplier_close": 14.654713800191194,
          "we_multiplier_entry": 132.68280571382067},
 "short": {"delay_between_fills_minutes_close": 1.0,
           "delay_between_fills_minutes_entry": 1.0,
           "delay_weight_close": 63.958219688500805,
           "delay_weight_entry": 90.85103264307364,
           "ema_dist_lower": -0.00877025206686255,
           "ema_dist_upper": -0.7765856222599435,
           "ema_span_0": 661.8061442131045,
           "ema_span_1": 499.1761645693377,
           "enabled": false,
           "markup_range": 0.019195578765426494,
           "min_markup": 0.017273993010616846,
           "n_close_orders": 4,
           "qty_pct_close": 0.060988927166515806,
           "qty_pct_entry": 0.060860884615079616,
           "wallet_exposure_limit": 0.1,
           "we_multiplier_close": 145.0527474704241,
           "we_multiplier_entry": 22.397684049461844}}