{"config_name": "recursive_grid_0days",
 "logging_level": 0,
 "long": {"auto_unstuck_ema_dist": 0.08432173021265575,
          "auto_unstuck_wallet_exposure_threshold": 0.0481293987807491,
          "backwards_tp": false,
          "ddown_factor": 1.311641032378782,
          "ema_span_0": 1885.696082075736,
          "ema_span_1": 1665.5682363769324,
          "enabled": false,
          "initial_eprice_ema_dist": -0.08483458740106434,
          "initial_qty_pct": 0.015,
          "markup_range": 0.02948426909479359,
          "min_markup": 0.002405670553947922,
          "n_close_orders": 7,
          "rentry_pprice_dist": 0.016539016399846142,
          "rentry_pprice_dist_wallet_exposure_weighting": 89.11673352908717,
          "wallet_exposure_limit": 0.1},
 "short": {"auto_unstuck_ema_dist": 0,
           "auto_unstuck_wallet_exposure_threshold": 0,
           "backwards_tp": false,
           "ddown_factor": 2.5714343574159124,
           "ema_span_0": 588.3207254286199,
           "ema_span_1": 813.5330738217967,
           "enabled": true,
           "initial_eprice_ema_dist": -0.07988431368190592,
           "initial_qty_pct": 0.0013186314989870349,
           "markup_range": 0.037798537660526564,
           "min_markup": 0.004840946928098694,
           "n_close_orders": 1,
           "rentry_pprice_dist": 0.028578495259158777,
           "rentry_pprice_dist_wallet_exposure_weighting": 0,
           "wallet_exposure_limit": 0.2}}