{"config_name": "clock_0days",
 "long": {"backwards_tp": true,
          "delay_between_fills_minutes_close": 546.9975748803503,
          "delay_between_fills_minutes_entry": 1420.2144945844461,
          "delay_weight_close": 0,
          "delay_weight_entry": 22.268118356926273,
          "ema_dist_close": -0.014394932698228764,
          "ema_dist_entry": 0.00101411683058362,
          "ema_span_0": 1405.53982893777,
          "ema_span_1": 1277.7038865902266,
          "enabled": true,
          "markup_range": 0.03547514668670403,
          "min_markup": 0.0024866645701192604,
          "n_close_orders": 14,
          "qty_pct_close": 0.01259000107539993,
          "qty_pct_entry": 0.01,
          "wallet_exposure_limit": 0.6,
          "we_multiplier_close": 0,
          "we_multiplier_entry": 15.280425174694667},
 "short": {"backwards_tp": true,
           "delay_between_fills_minutes_close": 1104.770763232889,
           "delay_between_fills_minutes_entry": 1381.2617306981997,
           "delay_weight_close": 0,
           "delay_weight_entry": 27.127021323513603,
           "ema_dist_close": -0.004913964824267639,
           "ema_dist_entry": -0.00047057471280516024,
           "ema_span_0": 1130.3814853850256,
           "ema_span_1": 344.01018835101127,
           "enabled": true,
           "markup_range": 0.015300215110852684,
           "min_markup": 0.009185584299293387,
           "n_close_orders": 15,
           "qty_pct_close": 0.04494821660186834,
           "qty_pct_entry": 0.01,
           "wallet_exposure_limit": 0.18,
           "we_multiplier_close": 0,
           "we_multiplier_entry": 23.262486826951026}}