{"config_name": "clock_0days",
 "long": {"backwards_tp": true,
          "delay_between_fills_minutes_close": 356.3596663863405,
          "delay_between_fills_minutes_entry": 981.266626903279,
          "delay_weight_close": 0,
          "delay_weight_entry": 13.02540198939825,
          "ema_dist_close": -0.002759701315150153,
          "ema_dist_entry": -0.0023669027835998505,
          "ema_span_0": 1440,
          "ema_span_1": 708.1317657564625,
          "enabled": true,
          "markup_range": 0.017401490486032525,
          "min_markup": 0.007429026673003267,
          "n_close_orders": 11,
          "qty_pct_close": 0.011250637352506738,
          "qty_pct_entry": 0.012507200871540612,
          "wallet_exposure_limit": 0.6,
          "we_multiplier_close": 0,
          "we_multiplier_entry": 34.307990799764475},
 "short": {"backwards_tp": true,
           "delay_between_fills_minutes_close": 975.5752843358483,
           "delay_between_fills_minutes_entry": 906.1610588106624,
           "delay_weight_close": 0,
           "delay_weight_entry": 11.052533197119924,
           "ema_dist_close": 0.0016002499875007723,
           "ema_dist_entry": 0.0011023298633447392,
           "ema_span_0": 699.8012949391322,
           "ema_span_1": 868.2820136504358,
           "enabled": true,
           "markup_range": 0.013477657004877897,
           "min_markup": 0.009339972156279864,
           "n_close_orders": 6,
           "qty_pct_close": 0.01,
           "qty_pct_entry": 0.020853497247424635,
           "wallet_exposure_limit": 0.18,
           "we_multiplier_close": 0.0,
           "we_multiplier_entry": 11.26222747146325}}