{"config_name": "clock_0days",
 "long": {"backwards_tp": true,
          "delay_between_fills_minutes_close": 1152.3478229822895,
          "delay_between_fills_minutes_entry": 1369.9735837864716,
          "delay_weight_close": 0,
          "delay_weight_entry": 16.977183064679956,
          "ema_dist_close": -0.005199668393898844,
          "ema_dist_entry": 0.003,
          "ema_span_0": 1104.4290202833313,
          "ema_span_1": 1395.560109999496,
          "enabled": true,
          "markup_range": 0.020267747297619175,
          "min_markup": 0.009766167322276288,
          "n_close_orders": 10,
          "qty_pct_close": 0.010984108733330467,
          "qty_pct_entry": 0.011232360807744216,
          "wallet_exposure_limit": 0.6,
          "we_multiplier_close": 0,
          "we_multiplier_entry": 8.21912613056444},
 "short": {"backwards_tp": true,
           "delay_between_fills_minutes_close": 1345.290777352894,
           "delay_between_fills_minutes_entry": 1229.2466071376498,
           "delay_weight_close": 0,
           "delay_weight_entry": 13.401982770965683,
           "ema_dist_close": 0.003,
           "ema_dist_entry": 0.0003833736821411361,
           "ema_span_0": 258.5632709774601,
           "ema_span_1": 1360.672680275353,
           "enabled": true,
           "markup_range": 0.012237540650856011,
           "min_markup": 0.008376315135451248,
           "n_close_orders": 6,
           "qty_pct_close": 0.016936961550934822,
           "qty_pct_entry": 0.013835373041662841,
           "wallet_exposure_limit": 0.18,
           "we_multiplier_close": 0,
           "we_multiplier_entry": 37.90278683437394}}