{"config_name": "clock_0days",
 "long": {"backwards_tp": true,
          "delay_between_fills_minutes_close": 296.04311181949123,
          "delay_between_fills_minutes_entry": 1331.2570531817325,
          "delay_weight_close": 0,
          "delay_weight_entry": 15.903101323805746,
          "ema_dist_close": 0.0004636258947279242,
          "ema_dist_entry": 0.001539796829532873,
          "ema_span_0": 156.2298877500689,
          "ema_span_1": 1258.7468593676908,
          "enabled": true,
          "markup_range": 0.003645845073578678,
          "min_markup": 0.00768978912284366,
          "n_close_orders": 8,
          "qty_pct_close": 0.011162977624634184,
          "qty_pct_entry": 0.024513297776491503,
          "wallet_exposure_limit": 0.6,
          "we_multiplier_close": 0,
          "we_multiplier_entry": 96.95214650482382},
 "short": {"backwards_tp": true,
           "delay_between_fills_minutes_close": 1440,
           "delay_between_fills_minutes_entry": 852.594476596023,
           "delay_weight_close": 0,
           "delay_weight_entry": 6.918233943489289,
           "ema_dist_close": 0.0017622893417825324,
           "ema_dist_entry": -0.0014778112079534703,
           "ema_span_0": 1394.038723807537,
           "ema_span_1": 1027.9162200152693,
           "enabled": true,
           "markup_range": 0.01020769402805386,
           "min_markup": 0.009246393168014691,
           "n_close_orders": 16,
           "qty_pct_close": 0.014401343766222803,
           "qty_pct_entry": 0.02522978062457741,
           "wallet_exposure_limit": 0.18,
           "we_multiplier_close": 0,
           "we_multiplier_entry": 15.123589790570241}}