{"config_name": "clock_0days",
 "long": {"backwards_tp": true,
          "delay_between_fills_minutes_close": 1193.5489712745593,
          "delay_between_fills_minutes_entry": 1227.1277172632592,
          "delay_weight_close": 0,
          "delay_weight_entry": 18.79930364263791,
          "ema_dist_close": -0.004473721856533037,
          "ema_dist_entry": 0.0023267144884142063,
          "ema_span_0": 1088.5490604076786,
          "ema_span_1": 83.19546968291633,
          "enabled": true,
          "markup_range": 0.005500579242129216,
          "min_markup": 0.005080532978337717,
          "n_close_orders": 3,
          "qty_pct_close": 0.01,
          "qty_pct_entry": 0.0177499931598145,
          "wallet_exposure_limit": 0.6,
          "we_multiplier_close": 0,
          "we_multiplier_entry": 160.14742232001396},
 "short": {"backwards_tp": true,
           "delay_between_fills_minutes_close": 1405.8272996235542,
           "delay_between_fills_minutes_entry": 1271.7651410909887,
           "delay_weight_close": 0,
           "delay_weight_entry": 20.378717451268074,
           "ema_dist_close": 0.0022724909769517823,
           "ema_dist_entry": 0.0007069808664729497,
           "ema_span_0": 1429.1633600457528,
           "ema_span_1": 390.7379652465472,
           "enabled": true,
           "markup_range": 0.005381241778253021,
           "min_markup": 0.005916370501226348,
           "n_close_orders": 5,
           "qty_pct_close": 0.010938732093121673,
           "qty_pct_entry": 0.01603613229301013,
           "wallet_exposure_limit": 0.18,
           "we_multiplier_close": 0,
           "we_multiplier_entry": 109.06546151459216}}