{"config_name": "clock_0days",
 "long": {"backwards_tp": true,
          "delay_between_fills_minutes_close": 732.5820579659527,
          "delay_between_fills_minutes_entry": 1406.132371229696,
          "delay_weight_close": 0,
          "delay_weight_entry": 16.013610733121713,
          "ema_dist_close": 0.0010792271826753706,
          "ema_dist_entry": 0.003,
          "ema_span_0": 413.2301356308896,
          "ema_span_1": 912.376972268507,
          "enabled": true,
          "markup_range": 0.00615797726297187,
          "min_markup": 0.0011072164189866757,
          "n_close_orders": 14,
          "qty_pct_close": 0.012983564800941642,
          "qty_pct_entry": 0.02205446322183293,
          "wallet_exposure_limit": 0.6,
          "we_multiplier_close": 0,
          "we_multiplier_entry": 66.48528503479434},
 "short": {"backwards_tp": true,
           "delay_between_fills_minutes_close": 593.6820248177992,
           "delay_between_fills_minutes_entry": 1375.7312180757353,
           "delay_weight_close": 0,
           "delay_weight_entry": 2.282965926907199,
           "ema_dist_close": -0.0445563976979418,
           "ema_dist_entry": -0.01644895600175827,
           "ema_span_0": 120.30885015214969,
           "ema_span_1": 355.54246202367176,
           "enabled": true,
           "markup_range": 0.03717515114487019,
           "min_markup": 0.0093146609548658,
           "n_close_orders": 12,
           "qty_pct_close": 0.01613100417810144,
           "qty_pct_entry": 0.03201544435227483,
           "wallet_exposure_limit": 0.18,
           "we_multiplier_close": 0,
           "we_multiplier_entry": 62.62846721134305}}