{"config_name": "clock_0days",
 "long": {"backwards_tp": true,
          "delay_between_fills_minutes_close": 1368.3163237811827,
          "delay_between_fills_minutes_entry": 1070.6751158494005,
          "delay_weight_close": 0.0,
          "delay_weight_entry": 12.40730933081538,
          "ema_dist_close": 0.003,
          "ema_dist_entry": -0.0017025322838624627,
          "ema_span_0": 1352.4147702131781,
          "ema_span_1": 1345.1322402497901,
          "enabled": true,
          "markup_range": 0.004977077220555322,
          "min_markup": 0.009550533340510791,
          "n_close_orders": 5,
          "qty_pct_close": 0.010664743623837862,
          "qty_pct_entry": 0.012567211361341868,
          "wallet_exposure_limit": 0.6,
          "we_multiplier_close": 0,
          "we_multiplier_entry": 34.30989825372442},
 "short": {"backwards_tp": true,
           "delay_between_fills_minutes_close": 1440,
           "delay_between_fills_minutes_entry": 990.7105924677876,
           "delay_weight_close": 0,
           "delay_weight_entry": 13.167212307525006,
           "ema_dist_close": 0.003,
           "ema_dist_entry": -0.002916954621914063,
           "ema_span_0": 1229.836830121096,
           "ema_span_1": 1433.8469909143707,
           "enabled": true,
           "markup_range": 0.005632532861428053,
           "min_markup": 0.0034245474707145563,
           "n_close_orders": 4,
           "qty_pct_close": 0.01661798928383412,
           "qty_pct_entry": 0.01,
           "wallet_exposure_limit": 0.18,
           "we_multiplier_close": 0,
           "we_multiplier_entry": 58.14682090522578}}