{"config_name": "clock_0days",
 "long": {"backwards_tp": true,
          "delay_between_fills_minutes_close": 1090.658431447182,
          "delay_between_fills_minutes_entry": 1063.3407557844457,
          "delay_weight_close": 0,
          "delay_weight_entry": 17.082845868404284,
          "ema_dist_close": 0.003,
          "ema_dist_entry": 0.0007269730994617804,
          "ema_span_0": 1089.6876082928409,
          "ema_span_1": 1153.7733065606087,
          "enabled": true,
          "markup_range": 0.006609027805819016,
          "min_markup": 0.008248788855285528,
          "n_close_orders": 7,
          "qty_pct_close": 0.015610856866637218,
          "qty_pct_entry": 0.012212793006890672,
          "wallet_exposure_limit": 0.6,
          "we_multiplier_close": 0,
          "we_multiplier_entry": 63.87021642672912},
 "short": {"backwards_tp": true,
           "delay_between_fills_minutes_close": 1304.511419116974,
           "delay_between_fills_minutes_entry": 1440,
           "delay_weight_close": 0,
           "delay_weight_entry": 12.565553387008649,
           "ema_dist_close": -0.0010403814142414087,
           "ema_dist_entry": -0.05,
           "ema_span_0": 374.8270982015794,
           "ema_span_1": 1255.1363313634765,
           "enabled": true,
           "markup_range": 0.03532602436715029,
           "min_markup": 0.008140180990465816,
           "n_close_orders": 11,
           "qty_pct_close": 0.01698428645621507,
           "qty_pct_entry": 0.017703390034408444,
           "wallet_exposure_limit": 0.18,
           "we_multiplier_close": 0,
           "we_multiplier_entry": 0}}