{"config_name": "clock_0days",
 "long": {"backwards_tp": true,
          "delay_between_fills_minutes_close": 1034.736577235829,
          "delay_between_fills_minutes_entry": 1222.1196738525837,
          "delay_weight_close": 0,
          "delay_weight_entry": 23.291149218156345,
          "ema_dist_close": -0.009520518094392905,
          "ema_dist_entry": 0.002407456172425741,
          "ema_span_0": 1282.3573898516088,
          "ema_span_1": 422.2425738445643,
          "enabled": true,
          "markup_range": 0.008481723105200694,
          "min_markup": 0.006005324949733676,
          "n_close_orders": 16,
          "qty_pct_close": 0.02588404119321372,
          "qty_pct_entry": 0.011501775518051111,
          "wallet_exposure_limit": 0.6,
          "we_multiplier_close": 0,
          "we_multiplier_entry": 78.0585526006495},
 "short": {"backwards_tp": true,
           "delay_between_fills_minutes_close": 1379.7201482074315,
           "delay_between_fills_minutes_entry": 1209.2411992641676,
           "delay_weight_close": 0,
           "delay_weight_entry": 9.45961474595686,
           "ema_dist_close": -0.018175763277424747,
           "ema_dist_entry": -0.002017983369407918,
           "ema_span_0": 1400.6194813848583,
           "ema_span_1": 1375.030723972607,
           "enabled": true,
           "markup_range": 0.01672861342280832,
           "min_markup": 0.008718724444382781,
           "n_close_orders": 13,
           "qty_pct_close": 0.01689467865323469,
           "qty_pct_entry": 0.02377518107260414,
           "wallet_exposure_limit": 0.18,
           "we_multiplier_close": 0,
           "we_multiplier_entry": 35.520534023505846}}