{"config_name": "clock_0days",
 "long": {"backwards_tp": true,
          "delay_between_fills_minutes_close": 732.5820579659527,
          "delay_between_fills_minutes_entry": 1406.132371229696,
          "delay_weight_close": 0,
          "delay_weight_entry": 16.013610733121713,
          "ema_dist_close": 0.0010792271826753706,
          "ema_dist_entry": 0.003,
          "ema_span_0": 413.2301356308896,
          "ema_span_1": 912.376972268507,
          "enabled": true,
          "markup_range": 0.00615797726297187,
          "min_markup": 0.0011072164189866757,
          "n_close_orders": 14,
          "qty_pct_close": 0.012983564800941642,
          "qty_pct_entry": 0.02205446322183293,
          "wallet_exposure_limit": 0.6,
          "we_multiplier_close": 0,
          "we_multiplier_entry": 66.48528503479434},
 "short": {"backwards_tp": true,
           "delay_between_fills_minutes_close": 1286.1565080048497,
           "delay_between_fills_minutes_entry": 1036.8479252004445,
           "delay_weight_close": 0,
           "delay_weight_entry": 7.071878936106684,
           "ema_dist_close": 0.0014790839138985206,
           "ema_dist_entry": 0.002685282125813024,
           "ema_span_0": 1440,
           "ema_span_1": 185.37843259537559,
           "enabled": true,
           "markup_range": 0.004886916992202987,
           "min_markup": 0.003969495139060888,
           "n_close_orders": 10,
           "qty_pct_close": 0.01563110068993105,
           "qty_pct_entry": 0.018733057961183467,
           "wallet_exposure_limit": 0.18,
           "we_multiplier_close": 0,
           "we_multiplier_entry": 110.79024343833181}}