{"config_name": "clock_0days",
 "long": {"backwards_tp": true,
          "delay_between_fills_minutes_close": 296.04311181949123,
          "delay_between_fills_minutes_entry": 1331.2570531817325,
          "delay_weight_close": 0,
          "delay_weight_entry": 15.903101323805746,
          "ema_dist_close": 0.0004636258947279242,
          "ema_dist_entry": 0.001539796829532873,
          "ema_span_0": 156.2298877500689,
          "ema_span_1": 1258.7468593676908,
          "enabled": true,
          "markup_range": 0.003645845073578678,
          "min_markup": 0.00768978912284366,
          "n_close_orders": 8,
          "qty_pct_close": 0.011162977624634184,
          "qty_pct_entry": 0.024513297776491503,
          "wallet_exposure_limit": 0.6,
          "we_multiplier_close": 0.0,
          "we_multiplier_entry": 96.95214650482382},
 "short": {"backwards_tp": true,
           "delay_between_fills_minutes_close": 837.6581072221991,
           "delay_between_fills_minutes_entry": 980.7276196679118,
           "delay_weight_close": 0,
           "delay_weight_entry": 7.252682125837448,
           "ema_dist_close": -0.0054877664407888965,
           "ema_dist_entry": -2.2935670071130604e-05,
           "ema_span_0": 1401.8754838845484,
           "ema_span_1": 1214.8366861992386,
           "enabled": true,
           "markup_range": 0.010254109306038955,
           "min_markup": 0.009093191881456866,
           "n_close_orders": 9,
           "qty_pct_close": 0.01232000434830817,
           "qty_pct_entry": 0.023827532198453197,
           "wallet_exposure_limit": 0.18,
           "we_multiplier_close": 0,
           "we_multiplier_entry": 34.84411444590546}}