{"config_name": "clock_0days",
 "long": {"backwards_tp": true,
          "delay_between_fills_minutes_close": 1134.931518605608,
          "delay_between_fills_minutes_entry": 1276.9972471844471,
          "delay_weight_close": 0,
          "delay_weight_entry": 17.560112339132615,
          "ema_dist_close": 0.0023771727455558105,
          "ema_dist_entry": -0.04828875698188771,
          "ema_span_0": 757.8844488579741,
          "ema_span_1": 996.8744612293269,
          "enabled": true,
          "markup_range": 0.005350966996424525,
          "min_markup": 0.005400699741920872,
          "n_close_orders": 4,
          "qty_pct_close": 0.012584293042121683,
          "qty_pct_entry": 0.011057825718991221,
          "wallet_exposure_limit": 0.6,
          "we_multiplier_close": 0,
          "we_multiplier_entry": 94.00181012450935},
 "short": {"backwards_tp": true,
           "delay_between_fills_minutes_close": 1253.4003743997082,
           "delay_between_fills_minutes_entry": 1195.1528564772243,
           "delay_weight_close": 0,
           "delay_weight_entry": 16.879447866151743,
           "ema_dist_close": 0.0019323801358721512,
           "ema_dist_entry": 0.003,
           "ema_span_0": 1299.946845577701,
           "ema_span_1": 1247.8404950560127,
           "enabled": true,
           "markup_range": 0.017617843196465026,
           "min_markup": 0.004590901317333959,
           "n_close_orders": 5,
           "qty_pct_close": 0.01,
           "qty_pct_entry": 0.021057279083491774,
           "wallet_exposure_limit": 0.18,
           "we_multiplier_close": 0,
           "we_multiplier_entry": 27.039248387437734}}