{"config_name": "clock_0days",
 "long": {"backwards_tp": true,
          "delay_between_fills_minutes_close": 651.5432473010028,
          "delay_between_fills_minutes_entry": 867.4841606684297,
          "delay_weight_close": 0,
          "delay_weight_entry": 22.07367331862498,
          "ema_dist_close": -0.001838477954340393,
          "ema_dist_entry": -0.003004112435102485,
          "ema_span_0": 1287.222861619812,
          "ema_span_1": 542.351517090322,
          "enabled": true,
          "markup_range": 0.0018796522808316983,
          "min_markup": 0.007401689108779128,
          "n_close_orders": 4,
          "qty_pct_close": 0.010177927064575924,
          "qty_pct_entry": 0.013692815148870796,
          "wallet_exposure_limit": 0.6,
          "we_multiplier_close": 0,
          "we_multiplier_entry": 57.81016859091569},
 "short": {"backwards_tp": true,
           "delay_between_fills_minutes_close": 1325.2023857546358,
           "delay_between_fills_minutes_entry": 766.9561762527213,
           "delay_weight_close": 0,
           "delay_weight_entry": 10.273143117253488,
           "ema_dist_close": 0.000930994598890013,
           "ema_dist_entry": 0.003,
           "ema_span_0": 1372.7636239105016,
           "ema_span_1": 792.4261199375267,
           "enabled": true,
           "markup_range": 0.00248956065082998,
           "min_markup": 0.009332586450701428,
           "n_close_orders": 10,
           "qty_pct_close": 0.012379529019367426,
           "qty_pct_entry": 0.022177861213894114,
           "wallet_exposure_limit": 0.18,
           "we_multiplier_close": 0,
           "we_multiplier_entry": 29.76155010366211}}