{"config_name": "clock_0days",
 "long": {"backwards_tp": true,
          "delay_between_fills_minutes_close": 1031.4808061311576,
          "delay_between_fills_minutes_entry": 1258.458431268644,
          "delay_weight_close": 0,
          "delay_weight_entry": 28.42663880699813,
          "ema_dist_close": -0.0038036907009801535,
          "ema_dist_entry": 0.002558674519962073,
          "ema_span_0": 1015.577268680126,
          "ema_span_1": 1069.2726883750784,
          "enabled": true,
          "markup_range": 0.006365771493856283,
          "min_markup": 0.0031105272558255345,
          "n_close_orders": 2,
          "qty_pct_close": 0.03497892996850424,
          "qty_pct_entry": 0.015413664489543542,
          "wallet_exposure_limit": 0.6,
          "we_multiplier_close": 0,
          "we_multiplier_entry": 40.363756343518986},
 "short": {"backwards_tp": true,
           "delay_between_fills_minutes_close": 1279.9716707731468,
           "delay_between_fills_minutes_entry": 1399.083004704052,
           "delay_weight_close": 0,
           "delay_weight_entry": 7.669461916623316,
           "ema_dist_close": 0.0019154012220206744,
           "ema_dist_entry": 0.003,
           "ema_span_0": 399.0789440670419,
           "ema_span_1": 1440,
           "enabled": true,
           "markup_range": 0.007159878529020763,
           "min_markup": 0.002761618790257853,
           "n_close_orders": 7,
           "qty_pct_close": 0.02623317807556986,
           "qty_pct_entry": 0.03616761936808055,
           "wallet_exposure_limit": 0.18,
           "we_multiplier_close": 0,
           "we_multiplier_entry": 85.09577245840394}}