{"config_name": "clock_0days",
 "long": {"backwards_tp": true,
          "delay_between_fills_minutes_close": 1008.235619649253,
          "delay_between_fills_minutes_entry": 1040.3677588949402,
          "delay_weight_close": 0,
          "delay_weight_entry": 10.030049327887875,
          "ema_dist_close": -0.038842570002926284,
          "ema_dist_entry": 0.003,
          "ema_span_0": 41.529050683481664,
          "ema_span_1": 1236.812702431563,
          "enabled": true,
          "markup_range": 0.02885221171612267,
          "min_markup": 0.01,
          "n_close_orders": 7,
          "qty_pct_close": 0.03391166008997054,
          "qty_pct_entry": 0.01,
          "wallet_exposure_limit": 0.6,
          "we_multiplier_close": 0,
          "we_multiplier_entry": 189.85784644189266},
 "short": {"backwards_tp": true,
           "delay_between_fills_minutes_close": 1409.4884099569424,
           "delay_between_fills_minutes_entry": 963.536540490896,
           "delay_weight_close": 0,
           "delay_weight_entry": 19.691696382487898,
           "ema_dist_close": -0.0024721941317591913,
           "ema_dist_entry": -0.006311771751440094,
           "ema_span_0": 958.2526572063416,
           "ema_span_1": 589.087483635927,
           "enabled": true,
           "markup_range": 0.0033509703753281314,
           "min_markup": 0.005487309394343901,
           "n_close_orders": 7,
           "qty_pct_close": 0.011547489788687125,
           "qty_pct_entry": 0.016724751108605957,
           "wallet_exposure_limit": 0.18,
           "we_multiplier_close": 0,
           "we_multiplier_entry": 51.349135934258754}}