{"config_name": "clock_0days",
 "long": {"backwards_tp": true,
          "delay_between_fills_minutes_close": 266.5693245002853,
          "delay_between_fills_minutes_entry": 1434.9894757552536,
          "delay_weight_close": 0,
          "delay_weight_entry": 13.079929249814063,
          "ema_dist_close": -0.030536939622832604,
          "ema_dist_entry": 0.0029611926881566966,
          "ema_span_0": 1194.7180064452657,
          "ema_span_1": 16.608847485680933,
          "enabled": true,
          "markup_range": 0.04,
          "min_markup": 0.009897470685412506,
          "n_close_orders": 4,
          "qty_pct_close": 0.022471645458377158,
          "qty_pct_entry": 0.023013311791010606,
          "wallet_exposure_limit": 0.6,
          "we_multiplier_close": 0,
          "we_multiplier_entry": 68.10919122741915},
 "short": {"backwards_tp": true,
           "delay_between_fills_minutes_close": 1436.1968096120331,
           "delay_between_fills_minutes_entry": 965.9473173969043,
           "delay_weight_close": 0,
           "delay_weight_entry": 4.666657672016,
           "ema_dist_close": 0.003,
           "ema_dist_entry": 0.002732104250918202,
           "ema_span_0": 1440,
           "ema_span_1": 683.1421093949673,
           "enabled": true,
           "markup_range": 0.009360254510681853,
           "min_markup": 0.004217071789429639,
           "n_close_orders": 3,
           "qty_pct_close": 0.028262668312326246,
           "qty_pct_entry": 0.016791565378778787,
           "wallet_exposure_limit": 0.18,
           "we_multiplier_close": 0,
           "we_multiplier_entry": 68.2025087247568}}