{"config_name": "clock_0days",
 "long": {"backwards_tp": true,
          "delay_between_fills_minutes_close": 274.04390660292495,
          "delay_between_fills_minutes_entry": 1188.6541616283175,
          "delay_weight_close": 0,
          "delay_weight_entry": 16.57499190518851,
          "ema_dist_close": 0.0014768573886497155,
          "ema_dist_entry": 0.0013151247237233525,
          "ema_span_0": 575.0561670986906,
          "ema_span_1": 1127.998153913959,
          "enabled": true,
          "markup_range": 0.015474749220026434,
          "min_markup": 0.00781287666352481,
          "n_close_orders": 5,
          "qty_pct_close": 0.013794136911978287,
          "qty_pct_entry": 0.01,
          "wallet_exposure_limit": 0.6,
          "we_multiplier_close": 0,
          "we_multiplier_entry": 37.87756867793707},
 "short": {"backwards_tp": true,
           "delay_between_fills_minutes_close": 1276.3562647585602,
           "delay_between_fills_minutes_entry": 820.1054948640173,
           "delay_weight_close": 0,
           "delay_weight_entry": 10.248134224588807,
           "ema_dist_close": -0.008788275682557526,
           "ema_dist_entry": 0.0020320189172410227,
           "ema_span_0": 1431.4887952679726,
           "ema_span_1": 1097.7033496724653,
           "enabled": true,
           "markup_range": 0.012887213680132339,
           "min_markup": 0.0011214714912767942,
           "n_close_orders": 13,
           "qty_pct_close": 0.021083068908454156,
           "qty_pct_entry": 0.020756355575423182,
           "wallet_exposure_limit": 0.18,
           "we_multiplier_close": 0,
           "we_multiplier_entry": 39.58152970179938}}