{"config_name": "clock_0days",
 "long": {"backwards_tp": true,
          "delay_between_fills_minutes_close": 800.8212981358797,
          "delay_between_fills_minutes_entry": 1376.0799884959688,
          "delay_weight_close": 0,
          "delay_weight_entry": 7.944895709502841,
          "ema_dist_close": -0.00010789175963001746,
          "ema_dist_entry": 0.00022746863064399567,
          "ema_span_0": 962.4051451493934,
          "ema_span_1": 1215.1641149045583,
          "enabled": true,
          "markup_range": 0.016143140700004333,
          "min_markup": 0.01,
          "n_close_orders": 15,
          "qty_pct_close": 0.01,
          "qty_pct_entry": 0.010878252039533997,
          "wallet_exposure_limit": 0.6,
          "we_multiplier_close": 0,
          "we_multiplier_entry": 110.69219309790321},
 "short": {"backwards_tp": true,
           "delay_between_fills_minutes_close": 881.1213888258203,
           "delay_between_fills_minutes_entry": 719.681606759002,
           "delay_weight_close": 0,
           "delay_weight_entry": 13.833383269479096,
           "ema_dist_close": -0.0020516010635021065,
           "ema_dist_entry": 0.0027042623615420045,
           "ema_span_0": 765.7485636386348,
           "ema_span_1": 1363.61087242436,
           "enabled": true,
           "markup_range": 0.01663330427017499,
           "min_markup": 0.00936326141196701,
           "n_close_orders": 14,
           "qty_pct_close": 0.012070304306856098,
           "qty_pct_entry": 0.0127602795625133,
           "wallet_exposure_limit": 0.18,
           "we_multiplier_close": 0,
           "we_multiplier_entry": 33.04263489609092}}