{"config_name": "clock_0days",
 "long": {"backwards_tp": true,
          "delay_between_fills_minutes_close": 880.2547492893028,
          "delay_between_fills_minutes_entry": 1042.3109955917278,
          "delay_weight_close": 0,
          "delay_weight_entry": 33.86809192285133,
          "ema_dist_close": -0.015225892641901311,
          "ema_dist_entry": 0.003,
          "ema_span_0": 966.6072836364096,
          "ema_span_1": 687.455969184123,
          "enabled": true,
          "markup_range": 0.009411191691572302,
          "min_markup": 0.002156728882268827,
          "n_close_orders": 4,
          "qty_pct_close": 0.011607664305046724,
          "qty_pct_entry": 0.01126417397351707,
          "wallet_exposure_limit": 0.6,
          "we_multiplier_close": 0.0,
          "we_multiplier_entry": 41.098557039062214},
 "short": {"backwards_tp": true,
           "delay_between_fills_minutes_close": 1208.2874773486021,
           "delay_between_fills_minutes_entry": 706.5413623161076,
           "delay_weight_close": 0,
           "delay_weight_entry": 15.210720330093078,
           "ema_dist_close": -0.012980391064334644,
           "ema_dist_entry": 0.003,
           "ema_span_0": 1295.0550338328435,
           "ema_span_1": 858.1989149785355,
           "enabled": true,
           "markup_range": 0.006989222720616003,
           "min_markup": 0.003231423570495438,
           "n_close_orders": 3,
           "qty_pct_close": 0.010892872719808955,
           "qty_pct_entry": 0.0245303091413102,
           "wallet_exposure_limit": 0.18,
           "we_multiplier_close": 0,
           "we_multiplier_entry": 43.94345625748372}}