{"config_name": "clock_0days",
 "long": {"backwards_tp": true,
          "delay_between_fills_minutes_close": 493.44410598371735,
          "delay_between_fills_minutes_entry": 1304.5568742891576,
          "delay_weight_close": 0,
          "delay_weight_entry": 22.33901174430481,
          "ema_dist_close": -0.005647133173545068,
          "ema_dist_entry": 0.0007999820228565244,
          "ema_span_0": 1335.899649891333,
          "ema_span_1": 1378.6298016045178,
          "enabled": true,
          "markup_range": 0.01717996204030232,
          "min_markup": 0.0070885100330272425,
          "n_close_orders": 7,
          "qty_pct_close": 0.029678069533888886,
          "qty_pct_entry": 0.012948367049222628,
          "wallet_exposure_limit": 0.6,
          "we_multiplier_close": 0,
          "we_multiplier_entry": 57.77794815138126},
 "short": {"backwards_tp": true,
           "delay_between_fills_minutes_close": 1375.677024334134,
           "delay_between_fills_minutes_entry": 929.493221214798,
           "delay_weight_close": 0.0,
           "delay_weight_entry": 3.25932542653148,
           "ema_dist_close": -0.003092645679880772,
           "ema_dist_entry": -0.000583653572066677,
           "ema_span_0": 1341.4866933818237,
           "ema_span_1": 1440,
           "enabled": true,
           "markup_range": 0.011894076551194196,
           "min_markup": 0.006483217999374388,
           "n_close_orders": 3,
           "qty_pct_close": 0.02487521481727773,
           "qty_pct_entry": 0.027529140012811506,
           "wallet_exposure_limit": 0.18,
           "we_multiplier_close": 0,
           "we_multiplier_entry": 28.26247604465906}}