{"config_name": "clock_0days",
 "long": {"backwards_tp": true,
          "delay_between_fills_minutes_close": 1322.4252380178555,
          "delay_between_fills_minutes_entry": 1334.5998980190411,
          "delay_weight_close": 0,
          "delay_weight_entry": 25.73452869237908,
          "ema_dist_close": 0.002844994151748173,
          "ema_dist_entry": -0.00236878415988228,
          "ema_span_0": 1180.7945678211152,
          "ema_span_1": 850.0988710672494,
          "enabled": true,
          "markup_range": 0.0034026365029779407,
          "min_markup": 0.002527349663515262,
          "n_close_orders": 12,
          "qty_pct_close": 0.019998274413839265,
          "qty_pct_entry": 0.014757905607204556,
          "wallet_exposure_limit": 0.6,
          "we_multiplier_close": 0,
          "we_multiplier_entry": 128.76594065568275},
 "short": {"backwards_tp": true,
           "delay_between_fills_minutes_close": 1216.1172766622021,
           "delay_between_fills_minutes_entry": 888.6395440359216,
           "delay_weight_close": 0,
           "delay_weight_entry": 13.76274423057697,
           "ema_dist_close": 0.003,
           "ema_dist_entry": 0.0016373066461983126,
           "ema_span_0": 348.53179650463835,
           "ema_span_1": 805.5873836006706,
           "enabled": true,
           "markup_range": 0.004752939734630967,
           "min_markup": 0.0029911321978454016,
           "n_close_orders": 3,
           "qty_pct_close": 0.03944955003721537,
           "qty_pct_entry": 0.017350594213668035,
           "wallet_exposure_limit": 0.18,
           "we_multiplier_close": 0,
           "we_multiplier_entry": 109.38033237041557}}