{"config_name": "clock_0days",
 "long": {"backwards_tp": true,
          "delay_between_fills_minutes_close": 1193.5489712745593,
          "delay_between_fills_minutes_entry": 1227.1277172632592,
          "delay_weight_close": 0,
          "delay_weight_entry": 18.79930364263791,
          "ema_dist_close": -0.004473721856533037,
          "ema_dist_entry": 0.0023267144884142063,
          "ema_span_0": 1088.5490604076786,
          "ema_span_1": 83.19546968291633,
          "enabled": true,
          "markup_range": 0.005500579242129216,
          "min_markup": 0.005080532978337717,
          "n_close_orders": 3,
          "qty_pct_close": 0.01,
          "qty_pct_entry": 0.0177499931598145,
          "wallet_exposure_limit": 0.6,
          "we_multiplier_close": 0.0,
          "we_multiplier_entry": 160.14742232001396},
 "short": {"backwards_tp": true,
           "delay_between_fills_minutes_close": 1337.2947501628025,
           "delay_between_fills_minutes_entry": 1188.300460923838,
           "delay_weight_close": 0,
           "delay_weight_entry": 12.370063891979287,
           "ema_dist_close": 0.003,
           "ema_dist_entry": 0.003,
           "ema_span_0": 430.520241931546,
           "ema_span_1": 1440,
           "enabled": true,
           "markup_range": 0.010452254851363744,
           "min_markup": 0.007847121913056756,
           "n_close_orders": 4,
           "qty_pct_close": 0.028922439511346917,
           "qty_pct_entry": 0.010017434619553785,
           "wallet_exposure_limit": 0.18,
           "we_multiplier_close": 0,
           "we_multiplier_entry": 125.30913840548953}}