{"config_name": "clock_0days",
 "long": {"backwards_tp": true,
          "delay_between_fills_minutes_close": 296.67341343422584,
          "delay_between_fills_minutes_entry": 792.4715043215007,
          "delay_weight_close": 0,
          "delay_weight_entry": 14.59596439316789,
          "ema_dist_close": 0.0005591977148157494,
          "ema_dist_entry": -0.0040273050338500375,
          "ema_span_0": 1103.150166062758,
          "ema_span_1": 277.4053555529471,
          "enabled": true,
          "markup_range": 0.028145519019587107,
          "min_markup": 0.007067307761032533,
          "n_close_orders": 3,
          "qty_pct_close": 0.03653903579493937,
          "qty_pct_entry": 0.01,
          "wallet_exposure_limit": 0.6,
          "we_multiplier_close": 0,
          "we_multiplier_entry": 52.29359780496627},
 "short": {"backwards_tp": true,
           "delay_between_fills_minutes_close": 485.6229082045428,
           "delay_between_fills_minutes_entry": 1263.4434583948246,
           "delay_weight_close": 0,
           "delay_weight_entry": 20.406218428994396,
           "ema_dist_close": -0.005200165896062209,
           "ema_dist_entry": -0.009354449067027546,
           "ema_span_0": 1440,
           "ema_span_1": 1440,
           "enabled": true,
           "markup_range": 0.04,
           "min_markup": 0.01,
           "n_close_orders": 3,
           "qty_pct_close": 0.03251438865987335,
           "qty_pct_entry": 0.010684579545721627,
           "wallet_exposure_limit": 0.18,
           "we_multiplier_close": 0,
           "we_multiplier_entry": 10.501465736476879}}