{"config_name": "clock_0days",
 "long": {"backwards_tp": true,
          "delay_between_fills_minutes_close": 1231.8910279715258,
          "delay_between_fills_minutes_entry": 1213.5243667675265,
          "delay_weight_close": 0,
          "delay_weight_entry": 10.083914901568367,
          "ema_dist_close": 5.3814767271633825e-05,
          "ema_dist_entry": 0.001545203072978891,
          "ema_span_0": 284.68747495801597,
          "ema_span_1": 554.6201199204177,
          "enabled": true,
          "markup_range": 0.007138635407690353,
          "min_markup": 0.008717258381683813,
          "n_close_orders": 5,
          "qty_pct_close": 0.01,
          "qty_pct_entry": 0.019278385556916015,
          "wallet_exposure_limit": 0.6,
          "we_multiplier_close": 0,
          "we_multiplier_entry": 74.03039864761136},
 "short": {"backwards_tp": true,
           "delay_between_fills_minutes_close": 1140.3639053903325,
           "delay_between_fills_minutes_entry": 1307.3144134516915,
           "delay_weight_close": 0,
           "delay_weight_entry": 12.433558781255684,
           "ema_dist_close": 0.0019688615158469343,
           "ema_dist_entry": 0.0027021824935005915,
           "ema_span_0": 1158.8379298355985,
           "ema_span_1": 888.0856237933098,
           "enabled": true,
           "markup_range": 0.005228386621940565,
           "min_markup": 0.009395841913936583,
           "n_close_orders": 3,
           "qty_pct_close": 0.03646452068739299,
           "qty_pct_entry": 0.025188695766758258,
           "wallet_exposure_limit": 0.18,
           "we_multiplier_close": 0,
           "we_multiplier_entry": 72.66112918443193}}