{"config_name": "clock_0days",
 "long": {"backwards_tp": true,
          "delay_between_fills_minutes_close": 1031.4808061311576,
          "delay_between_fills_minutes_entry": 1258.458431268644,
          "delay_weight_close": 0,
          "delay_weight_entry": 28.42663880699813,
          "ema_dist_close": -0.0038036907009801535,
          "ema_dist_entry": 0.002558674519962073,
          "ema_span_0": 1015.577268680126,
          "ema_span_1": 1069.2726883750784,
          "enabled": true,
          "markup_range": 0.006365771493856283,
          "min_markup": 0.0031105272558255345,
          "n_close_orders": 2,
          "qty_pct_close": 0.03497892996850424,
          "qty_pct_entry": 0.015413664489543542,
          "wallet_exposure_limit": 0.6,
          "we_multiplier_close": 0,
          "we_multiplier_entry": 40.363756343518986},
 "short": {"backwards_tp": true,
           "delay_between_fills_minutes_close": 887.7985480126526,
           "delay_between_fills_minutes_entry": 1286.1600882269647,
           "delay_weight_close": 0,
           "delay_weight_entry": 5.705517907631812,
           "ema_dist_close": 0.003,
           "ema_dist_entry": 0.0023370966814015956,
           "ema_span_0": 1401.8709313060451,
           "ema_span_1": 891.7490514918863,
           "enabled": true,
           "markup_range": 0.007793239986578405,
           "min_markup": 0.007685650452877449,
           "n_close_orders": 11,
           "qty_pct_close": 0.012338179096801554,
           "qty_pct_entry": 0.02188643972894826,
           "wallet_exposure_limit": 0.18,
           "we_multiplier_close": 0,
           "we_multiplier_entry": 77.87965170744599}}