{"config_name": "clock_0days",
 "long": {"backwards_tp": true,
          "delay_between_fills_minutes_close": 1282.7951906918836,
          "delay_between_fills_minutes_entry": 892.6236039780362,
          "delay_weight_close": 0,
          "delay_weight_entry": 17.67002194243538,
          "ema_dist_close": -0.03064114150849714,
          "ema_dist_entry": -0.0020615119824363426,
          "ema_span_0": 976.3503587594364,
          "ema_span_1": 841.3509860075711,
          "enabled": true,
          "markup_range": 0.0012060051006250096,
          "min_markup": 0.008243538856533126,
          "n_close_orders": 8,
          "qty_pct_close": 0.013654037017390944,
          "qty_pct_entry": 0.018284746306567713,
          "wallet_exposure_limit": 0.6,
          "we_multiplier_close": 0,
          "we_multiplier_entry": 49.56372025276749},
 "short": {"backwards_tp": true,
           "delay_between_fills_minutes_close": 1284.2045654404676,
           "delay_between_fills_minutes_entry": 733.7887094334028,
           "delay_weight_close": 0,
           "delay_weight_entry": 11.332367539787786,
           "ema_dist_close": 0.003,
           "ema_dist_entry": 0.0015480677873376076,
           "ema_span_0": 1430.018505190823,
           "ema_span_1": 1065.8938841991305,
           "enabled": true,
           "markup_range": 0.004765558794553631,
           "min_markup": 0.008555171937001655,
           "n_close_orders": 2,
           "qty_pct_close": 0.012821322402511466,
           "qty_pct_entry": 0.02200399567669454,
           "wallet_exposure_limit": 0.18,
           "we_multiplier_close": 0,
           "we_multiplier_entry": 46.96508741172132}}