{"config_name": "clock_0days",
 "long": {"backwards_tp": true,
          "delay_between_fills_minutes_close": 1261.7170054075987,
          "delay_between_fills_minutes_entry": 1228.1626984729737,
          "delay_weight_close": 0,
          "delay_weight_entry": 28.607645297405938,
          "ema_dist_close": -0.019758818420033242,
          "ema_dist_entry": -0.0028545470100259217,
          "ema_span_0": 593.213137261978,
          "ema_span_1": 1275.3403374622121,
          "enabled": true,
          "markup_range": 0.005959759554048505,
          "min_markup": 0.005018847030432997,
          "n_close_orders": 9,
          "qty_pct_close": 0.013460528136586096,
          "qty_pct_entry": 0.012260785183929614,
          "wallet_exposure_limit": 0.6,
          "we_multiplier_close": 0,
          "we_multiplier_entry": 89.44017908009447},
 "short": {"backwards_tp": true,
           "delay_between_fills_minutes_close": 1299.1300131481228,
           "delay_between_fills_minutes_entry": 807.5814819986083,
           "delay_weight_close": 0,
           "delay_weight_entry": 16.535602741288166,
           "ema_dist_close": -0.001247834870021856,
           "ema_dist_entry": 0.0008642445558010095,
           "ema_span_0": 1075.8857520651245,
           "ema_span_1": 70.4224906722996,
           "enabled": true,
           "markup_range": 0.005841309807582226,
           "min_markup": 0.006177974258969999,
           "n_close_orders": 11,
           "qty_pct_close": 0.011050929477539018,
           "qty_pct_entry": 0.02678668886263254,
           "wallet_exposure_limit": 0.18,
           "we_multiplier_close": 0,
           "we_multiplier_entry": 11.382466590955037}}