{"config_name": "clock_0days",
 "long": {"backwards_tp": true,
          "delay_between_fills_minutes_close": 474.46846411656554,
          "delay_between_fills_minutes_entry": 648.8723114540308,
          "delay_weight_close": 0,
          "delay_weight_entry": 21.83313018104683,
          "ema_dist_close": 0.002937361380562193,
          "ema_dist_entry": 0.003,
          "ema_span_0": 1265.0152997129542,
          "ema_span_1": 986.7434259935719,
          "enabled": true,
          "markup_range": 0.008715211919717993,
          "min_markup": 0.004760969506586715,
          "n_close_orders": 2,
          "qty_pct_close": 0.041170006615998976,
          "qty_pct_entry": 0.01,
          "wallet_exposure_limit": 0.6,
          "we_multiplier_close": 0,
          "we_multiplier_entry": 186.1030930858416},
 "short": {"backwards_tp": true,
           "delay_between_fills_minutes_close": 1267.9257687252605,
           "delay_between_fills_minutes_entry": 1029.7921406458584,
           "delay_weight_close": 0,
           "delay_weight_entry": 8.109158279042235,
           "ema_dist_close": 0.001769227660839129,
           "ema_dist_entry": 0.0027143395057520428,
           "ema_span_0": 1429.4799920679282,
           "ema_span_1": 1430.9723681127712,
           "enabled": true,
           "markup_range": 0.01024740125552812,
           "min_markup": 0.0056562291292476434,
           "n_close_orders": 13,
           "qty_pct_close": 0.01378127532625111,
           "qty_pct_entry": 0.012094435861008343,
           "wallet_exposure_limit": 0.18,
           "we_multiplier_close": 0,
           "we_multiplier_entry": 17.96423955634092}}