{"config_name": "clock_0days",
 "long": {"backwards_tp": true,
          "delay_between_fills_minutes_close": 1259.1039008301127,
          "delay_between_fills_minutes_entry": 1280.1084536462347,
          "delay_weight_close": 0,
          "delay_weight_entry": 20.516616691659973,
          "ema_dist_close": -0.0037898060583891682,
          "ema_dist_entry": -0.01766131843540995,
          "ema_span_0": 1215.5457658906032,
          "ema_span_1": 188.60786052740906,
          "enabled": true,
          "markup_range": 0.00793434517267914,
          "min_markup": 0.0094697217528457,
          "n_close_orders": 5,
          "qty_pct_close": 0.03541541422652438,
          "qty_pct_entry": 0.010603880720036334,
          "wallet_exposure_limit": 0.6,
          "we_multiplier_close": 0,
          "we_multiplier_entry": 25.537627799422502},
 "short": {"backwards_tp": true,
           "delay_between_fills_minutes_close": 944.3045824875455,
           "delay_between_fills_minutes_entry": 400.1782209836297,
           "delay_weight_close": 0,
           "delay_weight_entry": 8.121652870043384,
           "ema_dist_close": 0.003,
           "ema_dist_entry": -0.0002222088943688405,
           "ema_span_0": 985.9734669145481,
           "ema_span_1": 1437.0729214272567,
           "enabled": true,
           "markup_range": 0.00487126795448634,
           "min_markup": 0.0032763568933442595,
           "n_close_orders": 3,
           "qty_pct_close": 0.016306825398188656,
           "qty_pct_entry": 0.018108254313535913,
           "wallet_exposure_limit": 0.18,
           "we_multiplier_close": 0,
           "we_multiplier_entry": 53.94498482623399}}