{"config_name": "clock_0days",
 "long": {"backwards_tp": true,
          "delay_between_fills_minutes_close": 1002.5050776261863,
          "delay_between_fills_minutes_entry": 943.1040199608566,
          "delay_weight_close": 0,
          "delay_weight_entry": 13.21432578260575,
          "ema_dist_close": -0.001281061459874586,
          "ema_dist_entry": -0.001955644503940422,
          "ema_span_0": 1056.516490115629,
          "ema_span_1": 1118.2671924516053,
          "enabled": true,
          "markup_range": 0.011300610663770425,
          "min_markup": 0.008729102148180436,
          "n_close_orders": 9,
          "qty_pct_close": 0.0422445633628082,
          "qty_pct_entry": 0.01,
          "wallet_exposure_limit": 0.6,
          "we_multiplier_close": 0,
          "we_multiplier_entry": 199.41564920990004},
 "short": {"backwards_tp": true,
           "delay_between_fills_minutes_close": 1093.7626314085162,
           "delay_between_fills_minutes_entry": 1381.8799440872276,
           "delay_weight_close": 0,
           "delay_weight_entry": 34.76135190431872,
           "ema_dist_close": 0.0025314737784796534,
           "ema_dist_entry": 0.0012787988547104624,
           "ema_span_0": 139.86772601021966,
           "ema_span_1": 1398.6434028589597,
           "enabled": true,
           "markup_range": 0.002466806669236581,
           "min_markup": 0.009822644542207812,
           "n_close_orders": 8,
           "qty_pct_close": 0.017849499727621374,
           "qty_pct_entry": 0.016247075297572897,
           "wallet_exposure_limit": 0.18,
           "we_multiplier_close": 0,
           "we_multiplier_entry": 30.693078690277698}}