{"config_name": "clock_0days",
 "long": {"backwards_tp": true,
          "delay_between_fills_minutes_close": 518.8535424485194,
          "delay_between_fills_minutes_entry": 1005.3997352173369,
          "delay_weight_close": 0,
          "delay_weight_entry": 13.512468189472953,
          "ema_dist_close": -0.0003229332806061388,
          "ema_dist_entry": 0.003,
          "ema_span_0": 1409.9767984328453,
          "ema_span_1": 1408.4098161938255,
          "enabled": true,
          "markup_range": 0.015599458581757646,
          "min_markup": 0.009866259178384774,
          "n_close_orders": 6,
          "qty_pct_close": 0.011469935210046809,
          "qty_pct_entry": 0.01522002098035394,
          "wallet_exposure_limit": 0.6,
          "we_multiplier_close": 0,
          "we_multiplier_entry": 21.303423564057407},
 "short": {"backwards_tp": true,
           "delay_between_fills_minutes_close": 1411.9481849041792,
           "delay_between_fills_minutes_entry": 1412.3072989979755,
           "delay_weight_close": 0,
           "delay_weight_entry": 9.627246681340786,
           "ema_dist_close": 0.003,
           "ema_dist_entry": -0.009368761699347377,
           "ema_span_0": 1440,
           "ema_span_1": 1440,
           "enabled": true,
           "markup_range": 0.022769948747385395,
           "min_markup": 0.00496333366498286,
           "n_close_orders": 8,
           "qty_pct_close": 0.015212235882220187,
           "qty_pct_entry": 0.01606581365851197,
           "wallet_exposure_limit": 0.18,
           "we_multiplier_close": 0,
           "we_multiplier_entry": 6.781040650997455}}