{"config_name": "clock_0days",
 "long": {"backwards_tp": true,
          "delay_between_fills_minutes_close": 266.5693245002853,
          "delay_between_fills_minutes_entry": 1434.9894757552536,
          "delay_weight_close": 0,
          "delay_weight_entry": 13.079929249814063,
          "ema_dist_close": -0.030536939622832604,
          "ema_dist_entry": 0.0029611926881566966,
          "ema_span_0": 1194.7180064452657,
          "ema_span_1": 16.608847485680933,
          "enabled": true,
          "markup_range": 0.04,
          "min_markup": 0.009897470685412506,
          "n_close_orders": 4,
          "qty_pct_close": 0.022471645458377158,
          "qty_pct_entry": 0.023013311791010606,
          "wallet_exposure_limit": 0.6,
          "we_multiplier_close": 0,
          "we_multiplier_entry": 68.10919122741915},
 "short": {"backwards_tp": true,
           "delay_between_fills_minutes_close": 1093.7626314085162,
           "delay_between_fills_minutes_entry": 1381.8799440872276,
           "delay_weight_close": 0,
           "delay_weight_entry": 34.76135190431872,
           "ema_dist_close": 0.0025314737784796534,
           "ema_dist_entry": 0.0012787988547104624,
           "ema_span_0": 139.86772601021966,
           "ema_span_1": 1398.6434028589597,
           "enabled": true,
           "markup_range": 0.002466806669236581,
           "min_markup": 0.009822644542207812,
           "n_close_orders": 8,
           "qty_pct_close": 0.017849499727621374,
           "qty_pct_entry": 0.016247075297572897,
           "wallet_exposure_limit": 0.18,
           "we_multiplier_close": 0,
           "we_multiplier_entry": 30.693078690277698}}