{"config_name": "clock_0days",
 "long": {"backwards_tp": true,
          "delay_between_fills_minutes_close": 1132.6247342316651,
          "delay_between_fills_minutes_entry": 1252.7861532360325,
          "delay_weight_close": 0,
          "delay_weight_entry": 18.607330191483594,
          "ema_dist_close": 0.0014529743850379864,
          "ema_dist_entry": 5.611942802633983e-05,
          "ema_span_0": 1221.9344164296451,
          "ema_span_1": 374.651086351251,
          "enabled": true,
          "markup_range": 0.014828905320324584,
          "min_markup": 0.003993434250431414,
          "n_close_orders": 6,
          "qty_pct_close": 0.020700805965404717,
          "qty_pct_entry": 0.01,
          "wallet_exposure_limit": 0.6,
          "we_multiplier_close": 0,
          "we_multiplier_entry": 113.02568802851714},
 "short": {"backwards_tp": true,
           "delay_between_fills_minutes_close": 1401.4341007903495,
           "delay_between_fills_minutes_entry": 1105.880217315733,
           "delay_weight_close": 0,
           "delay_weight_entry": 28.549150443411456,
           "ema_dist_close": 0.003,
           "ema_dist_entry": 0.0011801021499279894,
           "ema_span_0": 942.2182349228882,
           "ema_span_1": 1423.3406935671337,
           "enabled": true,
           "markup_range": 0.003791500281896079,
           "min_markup": 0.0024438918495338284,
           "n_close_orders": 7,
           "qty_pct_close": 0.01,
           "qty_pct_entry": 0.015569031632486064,
           "wallet_exposure_limit": 0.18,
           "we_multiplier_close": 0,
           "we_multiplier_entry": 148.66119583728013}}