{"config_name": "clock_0days",
 "long": {"backwards_tp": true,
          "delay_between_fills_minutes_close": 518.8535424485194,
          "delay_between_fills_minutes_entry": 1005.3997352173369,
          "delay_weight_close": 0,
          "delay_weight_entry": 13.512468189472953,
          "ema_dist_close": -0.0003229332806061388,
          "ema_dist_entry": 0.003,
          "ema_span_0": 1409.9767984328453,
          "ema_span_1": 1408.4098161938255,
          "enabled": true,
          "markup_range": 0.015599458581757646,
          "min_markup": 0.009866259178384774,
          "n_close_orders": 6,
          "qty_pct_close": 0.011469935210046809,
          "qty_pct_entry": 0.01522002098035394,
          "wallet_exposure_limit": 0.6,
          "we_multiplier_close": 0,
          "we_multiplier_entry": 21.303423564057407},
 "short": {"backwards_tp": true,
           "delay_between_fills_minutes_close": 983.6498931197547,
           "delay_between_fills_minutes_entry": 877.502243370668,
           "delay_weight_close": 0,
           "delay_weight_entry": 10.163076100883583,
           "ema_dist_close": -0.008501453728180706,
           "ema_dist_entry": -0.0009401399480995264,
           "ema_span_0": 252.82309555969405,
           "ema_span_1": 1429.274858059322,
           "enabled": true,
           "markup_range": 0.013238720531859857,
           "min_markup": 0.007433698549300025,
           "n_close_orders": 3,
           "qty_pct_close": 0.02000322388173843,
           "qty_pct_entry": 0.016942480832986717,
           "wallet_exposure_limit": 0.18,
           "we_multiplier_close": 0,
           "we_multiplier_entry": 35.51723101805403}}