{"config_name": "clock_0days",
 "long": {"backwards_tp": true,
          "delay_between_fills_minutes_close": 749.7357306542714,
          "delay_between_fills_minutes_entry": 1440,
          "delay_weight_close": 83.87879974930611,
          "delay_weight_entry": 17.474236121520043,
          "ema_dist_close": -0.002128532369412348,
          "ema_dist_entry": -0.011465809845271343,
          "ema_span_0": 5,
          "ema_span_1": 1238.6481971171381,
          "enabled": true,
          "markup_range": 0.053392355702364294,
          "min_markup": 0.006936492678194254,
          "n_close_orders": 3,
          "qty_pct_close": 0.01,
          "qty_pct_entry": 0.01642765749205361,
          "wallet_exposure_limit": 0.4,
          "we_multiplier_close": 21.944962655596754,
          "we_multiplier_entry": 40.69121188175828},
 "short": {"backwards_tp": true,
           "delay_between_fills_minutes_close": 390.88814000755156,
           "delay_between_fills_minutes_entry": 1316.594451807075,
           "delay_weight_close": 47.09139232479125,
           "delay_weight_entry": 76.35580841388918,
           "ema_dist_close": -0.009205313842029127,
           "ema_dist_entry": -0.0305555910995987,
           "ema_span_0": 1104.0880006156508,
           "ema_span_1": 398.12599459579513,
           "enabled": false,
           "markup_range": 0.03195699822284735,
           "min_markup": 0.008555464618760165,
           "n_close_orders": 8,
           "qty_pct_close": 0.04279682371473975,
           "qty_pct_entry": 0.028316086417871228,
           "wallet_exposure_limit": 1.0,
           "we_multiplier_close": 31.973480324324743,
           "we_multiplier_entry": 25.75357910244084}}