{"config_name": "recursive_grid_0days",
 "logging_level": 0,
 "long": {"auto_unstuck_ema_dist": 0.0,
          "auto_unstuck_wallet_exposure_threshold": 0,
          "backwards_tp": false,
          "ddown_factor": 2.6932778643965065,
          "ema_span_0": 712.7213681152577,
          "ema_span_1": 537.4468088072315,
          "enabled": true,
          "initial_eprice_ema_dist": -0.1,
          "initial_qty_pct": 0.0019183465876394,
          "markup_range": 0.023961678818383153,
          "min_markup": 0.007388041207572582,
          "n_close_orders": 5,
          "rentry_pprice_dist": 0.032402724815968446,
          "rentry_pprice_dist_wallet_exposure_weighting": 2.3823832238558103,
          "wallet_exposure_limit": 0.2},
 "short": {"auto_unstuck_ema_dist": 0.011349605146317915,
           "auto_unstuck_wallet_exposure_threshold": 0.021565413207662153,
           "backwards_tp": false,
           "ddown_factor": 0.26742499823738936,
           "ema_span_0": 3591.202213611321,
           "ema_span_1": 9099.264009752509,
           "enabled": false,
           "initial_eprice_ema_dist": -7.323535402929682e-05,
           "initial_qty_pct": 0.015,
           "markup_range": 0.01735229888981279,
           "min_markup": 0.0012429208679004984,
           "n_close_orders": 8,
           "rentry_pprice_dist": 0.020831266921509214,
           "rentry_pprice_dist_wallet_exposure_weighting": 34.31026808982619,
           "wallet_exposure_limit": 0.1}}