{"config_name": "recursive_grid_0days",
 "logging_level": 0,
 "long": {"auto_unstuck_ema_dist": 0,
          "auto_unstuck_wallet_exposure_threshold": 0,
          "backwards_tp": false,
          "ddown_factor": 3,
          "ema_span_0": 167.4301860912553,
          "ema_span_1": 68.07182928092507,
          "enabled": true,
          "initial_eprice_ema_dist": -0.1,
          "initial_qty_pct": 0.0032973698250136976,
          "markup_range": 0.02740101579473834,
          "min_markup": 0.0066541441283803245,
          "n_close_orders": 5,
          "rentry_pprice_dist": 0.033139491707697026,
          "rentry_pprice_dist_wallet_exposure_weighting": 0,
          "wallet_exposure_limit": 0.2},
 "short": {"auto_unstuck_ema_dist": 0.07665660544136871,
           "auto_unstuck_wallet_exposure_threshold": 0.08385670763386818,
           "backwards_tp": true,
           "ddown_factor": 1.737063107443812,
           "ema_span_0": 1290.6531685656275,
           "ema_span_1": 6849.198689129545,
           "enabled": false,
           "initial_eprice_ema_dist": -0.05040947801492521,
           "initial_qty_pct": 0.015,
           "markup_range": 0.015351563692931204,
           "min_markup": 0.0038112421867998033,
           "n_close_orders": 12,
           "rentry_pprice_dist": 0.04825052831787217,
           "rentry_pprice_dist_wallet_exposure_weighting": 44.25052806578835,
           "wallet_exposure_limit": 0.1}}
