{"config_name": "recursive_grid_0days",
 "logging_level": 0,
 "long": {"auto_unstuck_ema_dist": 0.0399018456107125,
          "auto_unstuck_wallet_exposure_threshold": 0.08258595881014363,
          "backwards_tp": false,
          "ddown_factor": 2.4932840077186715,
          "ema_span_0": 356.9015837776773,
          "ema_span_1": 403.3762494714954,
          "enabled": true,
          "initial_eprice_ema_dist": 0.00786663609104932,
          "initial_qty_pct": 0.015,
          "markup_range": 0.02143466067617642,
          "min_markup": 0.0018880857626329933,
          "n_close_orders": 8,
          "rentry_pprice_dist": 0.026226852759327964,
          "rentry_pprice_dist_wallet_exposure_weighting": 4.766920363305627,
          "wallet_exposure_limit": 0.1},
 "short": {"auto_unstuck_ema_dist": 0.09147902319517967,
           "auto_unstuck_wallet_exposure_threshold": 0.03754317018312028,
           "backwards_tp": false,
           "ddown_factor": 3,
           "ema_span_0": 2468.5819735539053,
           "ema_span_1": 4646.782084099797,
           "enabled": true,
           "initial_eprice_ema_dist": -0.017705732251428935,
           "initial_qty_pct": 0.015,
           "markup_range": 0.020938676549342942,
           "min_markup": 0.0026579844149593563,
           "n_close_orders": 4,
           "rentry_pprice_dist": 0.03140822646003326,
           "rentry_pprice_dist_wallet_exposure_weighting": 5.432872616931942,
           "wallet_exposure_limit": 0.1}}