{"config_name": "recursive_grid_0days",
 "logging_level": 0,
 "long": {"auto_unstuck_ema_dist": 0.07557346133810545,
          "auto_unstuck_wallet_exposure_threshold": 0.05517465626789048,
          "backwards_tp": false,
          "ddown_factor": 1.920546543265798,
          "ema_span_0": 737.7819478350134,
          "ema_span_1": 524.053777262785,
          "enabled": true,
          "initial_eprice_ema_dist": 0.00631198573286562,
          "initial_qty_pct": 0.015,
          "markup_range": 0.03,
          "min_markup": 0.0016825217578286368,
          "n_close_orders": 6,
          "rentry_pprice_dist": 0.029554360015142254,
          "rentry_pprice_dist_wallet_exposure_weighting": 2.436698677597255,
          "wallet_exposure_limit": 0.1},
 "short": {"auto_unstuck_ema_dist": 0.05951556623399253,
           "auto_unstuck_wallet_exposure_threshold": 0.04435738298702575,
           "backwards_tp": false,
           "ddown_factor": 1.1396373845883956,
           "ema_span_0": 2623.3773111490655,
           "ema_span_1": 8691.140096950607,
           "enabled": true,
           "initial_eprice_ema_dist": -0.02217727459244686,
           "initial_qty_pct": 0.015,
           "markup_range": 0.023019145655719143,
           "min_markup": 0.002241061937970016,
           "n_close_orders": 6,
           "rentry_pprice_dist": 0.02366604818214431,
           "rentry_pprice_dist_wallet_exposure_weighting": 6.260122231623424,
           "wallet_exposure_limit": 0.1}}