{"config_name": "recursive_grid_0days",
 "logging_level": 0,
 "long": {"auto_unstuck_ema_dist": 0,
          "auto_unstuck_wallet_exposure_threshold": 0,
          "backwards_tp": false,
          "ddown_factor": 1.7930414086778046,
          "ema_span_0": 868.5828009749896,
          "ema_span_1": 942.7304487114819,
          "enabled": true,
          "initial_eprice_ema_dist": -0.1,
          "initial_qty_pct": 0.001236160792060482,
          "markup_range": 0.03852593817554296,
          "min_markup": 0.015424044023767744,
          "n_close_orders": 4,
          "rentry_pprice_dist": 0.03789101603665771,
          "rentry_pprice_dist_wallet_exposure_weighting": 0,
          "wallet_exposure_limit": 0.2},
 "short": {"auto_unstuck_ema_dist": 0.0587749389063095,
           "auto_unstuck_wallet_exposure_threshold": 0.07434541306467746,
           "backwards_tp": true,
           "ddown_factor": 0.33037302461413637,
           "ema_span_0": 1666.9353908758121,
           "ema_span_1": 4918.423459780021,
           "enabled": false,
           "initial_eprice_ema_dist": -0.09157111957425348,
           "initial_qty_pct": 0.015,
           "markup_range": 0.027003632473740314,
           "min_markup": 0.0036772679983866612,
           "n_close_orders": 12,
           "rentry_pprice_dist": 0.010293135535908255,
           "rentry_pprice_dist_wallet_exposure_weighting": 18.695941715983217,
           "wallet_exposure_limit": 0.1}}