{"config_name": "clock_0days",
 "long": {"backwards_tp": true,
          "delay_between_fills_minutes_close": 1397.8508715280732,
          "delay_between_fills_minutes_entry": 1217.5905770559502,
          "delay_weight_close": 0,
          "delay_weight_entry": 18.694893809936417,
          "ema_dist_close": -0.001827577015631581,
          "ema_dist_entry": 0.0018728727827082281,
          "ema_span_0": 1049.3070765009556,
          "ema_span_1": 1083.8540453572405,
          "enabled": true,
          "markup_range": 0.016424724320818845,
          "min_markup": 0.008463927323348669,
          "n_close_orders": 3,
          "qty_pct_close": 0.03910207427104233,
          "qty_pct_entry": 0.010235827213326604,
          "wallet_exposure_limit": 0.4,
          "we_multiplier_close": 0,
          "we_multiplier_entry": 55.57289910311762},
 "short": {"backwards_tp": true,
           "delay_between_fills_minutes_close": 952.9949235808688,
           "delay_between_fills_minutes_entry": 810.2853357453779,
           "delay_weight_close": 0.0,
           "delay_weight_entry": 59.89702993346748,
           "ema_dist_close": 0.0018004022839964943,
           "ema_dist_entry": -0.03232790568349532,
           "ema_span_0": 410.7434084009685,
           "ema_span_1": 660.1773373948666,
           "enabled": false,
           "markup_range": 0.029119407699331034,
           "min_markup": 0.004065985540552866,
           "n_close_orders": 14,
           "qty_pct_close": 0.017243006726955133,
           "qty_pct_entry": 0.07052080196150308,
           "wallet_exposure_limit": 1.0,
           "we_multiplier_close": 0.0,
           "we_multiplier_entry": 19.305412125971124}}