{"config_name": "clock_0days",
 "long": {"backwards_tp": true,
          "delay_between_fills_minutes_close": 1085.9942678424527,
          "delay_between_fills_minutes_entry": 1245.126210524311,
          "delay_weight_close": 0,
          "delay_weight_entry": 9.293045631443892,
          "ema_dist_close": 0.001697817650781159,
          "ema_dist_entry": 0.00193525201172444,
          "ema_span_0": 1342.7049043201916,
          "ema_span_1": 123.51159194911713,
          "enabled": true,
          "markup_range": 0.009648214838041198,
          "min_markup": 0.006521295898014865,
          "n_close_orders": 12,
          "qty_pct_close": 0.01,
          "qty_pct_entry": 0.014669184420183026,
          "wallet_exposure_limit": 0.4,
          "we_multiplier_close": 0,
          "we_multiplier_entry": 50.12353214823967},
 "short": {"backwards_tp": true,
           "delay_between_fills_minutes_close": 946.3619279573861,
           "delay_between_fills_minutes_entry": 472.0344057224911,
           "delay_weight_close": 0.0,
           "delay_weight_entry": 39.14567944297268,
           "ema_dist_close": -0.0020063821098029507,
           "ema_dist_entry": -0.0250781136940293,
           "ema_span_0": 773.8212809919543,
           "ema_span_1": 1302.6918173608617,
           "enabled": false,
           "markup_range": 0.011967661270774407,
           "min_markup": 0.002992054645172237,
           "n_close_orders": 15,
           "qty_pct_close": 0.015027653776295474,
           "qty_pct_entry": 0.07096804939805904,
           "wallet_exposure_limit": 1.0,
           "we_multiplier_close": 0.0,
           "we_multiplier_entry": 74.02954403361437}}