{"config_name": "clock_0days",
 "long": {"backwards_tp": true,
          "delay_between_fills_minutes_close": 1118.607026585386,
          "delay_between_fills_minutes_entry": 1261.1656040413093,
          "delay_weight_close": 0,
          "delay_weight_entry": 9.6034239121861,
          "ema_dist_close": -0.0011827941544831511,
          "ema_dist_entry": 0.003,
          "ema_span_0": 374.1533597939961,
          "ema_span_1": 1401.8159497195154,
          "enabled": true,
          "markup_range": 0.0033471323583773617,
          "min_markup": 0.002742528331790798,
          "n_close_orders": 5,
          "qty_pct_close": 0.01,
          "qty_pct_entry": 0.012112155089173411,
          "wallet_exposure_limit": 0.6,
          "we_multiplier_close": 0,
          "we_multiplier_entry": 56.85133037895618},
 "short": {"backwards_tp": true,
           "delay_between_fills_minutes_close": 1435.649374399464,
           "delay_between_fills_minutes_entry": 608.0841245586839,
           "delay_weight_close": 0,
           "delay_weight_entry": 2.269004457529854,
           "ema_dist_close": -0.03016259598185823,
           "ema_dist_entry": 0.003,
           "ema_span_0": 1417.0639783211805,
           "ema_span_1": 1364.9096484851984,
           "enabled": true,
           "markup_range": 0.034179974148327616,
           "min_markup": 0.0036288464431372797,
           "n_close_orders": 14,
           "qty_pct_close": 0.03459395842669263,
           "qty_pct_entry": 0.015622824510140593,
           "wallet_exposure_limit": 0.18,
           "we_multiplier_close": 0,
           "we_multiplier_entry": 14.346701134268502}}