{"config_name": "clock_0days",
 "long": {"backwards_tp": true,
          "delay_between_fills_minutes_close": 1398.6161375197958,
          "delay_between_fills_minutes_entry": 1399.3081322489047,
          "delay_weight_close": 0,
          "delay_weight_entry": 22.255353065213683,
          "ema_dist_close": 0.003,
          "ema_dist_entry": 0.0010293672589006873,
          "ema_span_0": 672.6598303963946,
          "ema_span_1": 234.85356401678757,
          "enabled": true,
          "markup_range": 0.008174538648826871,
          "min_markup": 0.00732732597461285,
          "n_close_orders": 7,
          "qty_pct_close": 0.01069257712863209,
          "qty_pct_entry": 0.01,
          "wallet_exposure_limit": 0.6,
          "we_multiplier_close": 0,
          "we_multiplier_entry": 100},
 "short": {"backwards_tp": true,
           "delay_between_fills_minutes_close": 980.9867523103975,
           "delay_between_fills_minutes_entry": 964.4509980325303,
           "delay_weight_close": 0,
           "delay_weight_entry": 11.451237140269559,
           "ema_dist_close": -0.0015787307989038064,
           "ema_dist_entry": 0.003,
           "ema_span_0": 953.6390679514147,
           "ema_span_1": 1382.501884712475,
           "enabled": true,
           "markup_range": 0.030963922344184172,
           "min_markup": 0.0068170760104851996,
           "n_close_orders": 9,
           "qty_pct_close": 0.017818941949776772,
           "qty_pct_entry": 0.01272032383537165,
           "wallet_exposure_limit": 0.18,
           "we_multiplier_close": 0,
           "we_multiplier_entry": 63.12009962020127}}