{"config_name": "clock_0days",
 "long": {"backwards_tp": true,
          "delay_between_fills_minutes_close": 1345.2951187265123,
          "delay_between_fills_minutes_entry": 1197.5369125186269,
          "delay_weight_close": 0,
          "delay_weight_entry": 12.87413787373209,
          "ema_dist_close": 0.0021304493495709837,
          "ema_dist_entry": 0.0029846042045745926,
          "ema_span_0": 1093.3712124658377,
          "ema_span_1": 1069.9791806970095,
          "enabled": true,
          "markup_range": 0.005555762370256817,
          "min_markup": 0.009002181822074788,
          "n_close_orders": 14,
          "qty_pct_close": 0.010158262277821609,
          "qty_pct_entry": 0.013902434459992305,
          "wallet_exposure_limit": 0.6,
          "we_multiplier_close": 0,
          "we_multiplier_entry": 59.84821197134927},
 "short": {"backwards_tp": true,
           "delay_between_fills_minutes_close": 1222.58703546962,
           "delay_between_fills_minutes_entry": 1189.879658020506,
           "delay_weight_close": 0,
           "delay_weight_entry": 15.06797621160764,
           "ema_dist_close": 0.003,
           "ema_dist_entry": 0.0014049283289814516,
           "ema_span_0": 1400.3184371905588,
           "ema_span_1": 37.82083273296957,
           "enabled": true,
           "markup_range": 0.003285510528706678,
           "min_markup": 0.002170513485342607,
           "n_close_orders": 10,
           "qty_pct_close": 0.014995064611210394,
           "qty_pct_entry": 0.038381197531105325,
           "wallet_exposure_limit": 0.18,
           "we_multiplier_close": 0,
           "we_multiplier_entry": 40.80839740445515}}