{"config_name": "clock_0days",
 "long": {"backwards_tp": true,
          "delay_between_fills_minutes_close": 1081.7822740403265,
          "delay_between_fills_minutes_entry": 1376.3069382337876,
          "delay_weight_close": 0,
          "delay_weight_entry": 17.36192299507003,
          "ema_dist_close": -0.01569851306445045,
          "ema_dist_entry": -0.002730030248235142,
          "ema_span_0": 1223.0254134316597,
          "ema_span_1": 1314.4513849781536,
          "enabled": true,
          "markup_range": 0.004009608770731343,
          "min_markup": 0.008630805834680545,
          "n_close_orders": 7,
          "qty_pct_close": 0.012390838383760197,
          "qty_pct_entry": 0.012126334983837597,
          "wallet_exposure_limit": 0.6,
          "we_multiplier_close": 0,
          "we_multiplier_entry": 134.14923854737646},
 "short": {"backwards_tp": true,
           "delay_between_fills_minutes_close": 941.6660813917775,
           "delay_between_fills_minutes_entry": 1249.0348473473887,
           "delay_weight_close": 0,
           "delay_weight_entry": 18.69217992243791,
           "ema_dist_close": -0.002899423442259682,
           "ema_dist_entry": 0.003,
           "ema_span_0": 1388.3690578168441,
           "ema_span_1": 806.8481493180492,
           "enabled": true,
           "markup_range": 0.002813393747948094,
           "min_markup": 0.0018979037816340618,
           "n_close_orders": 3,
           "qty_pct_close": 0.011220425307877223,
           "qty_pct_entry": 0.042130596992062876,
           "wallet_exposure_limit": 0.18,
           "we_multiplier_close": 0,
           "we_multiplier_entry": 11.539560963333301}}