{"config_name": "clock_0days",
 "long": {"backwards_tp": true,
          "delay_between_fills_minutes_close": 1178.8194913154396,
          "delay_between_fills_minutes_entry": 1110.246126750489,
          "delay_weight_close": 0,
          "delay_weight_entry": 16.27889292187313,
          "ema_dist_close": -0.003586088684319794,
          "ema_dist_entry": 0.0028036947688440186,
          "ema_span_0": 598.8113547257287,
          "ema_span_1": 1299.1477865303452,
          "enabled": true,
          "markup_range": 0.002842204807415789,
          "min_markup": 0.00832482001761448,
          "n_close_orders": 11,
          "qty_pct_close": 0.03960263805518248,
          "qty_pct_entry": 0.014035230137018847,
          "wallet_exposure_limit": 0.6,
          "we_multiplier_close": 0,
          "we_multiplier_entry": 188.8668239931235},
 "short": {"backwards_tp": true,
           "delay_between_fills_minutes_close": 778.8264989320055,
           "delay_between_fills_minutes_entry": 620.2067855131851,
           "delay_weight_close": 0,
           "delay_weight_entry": 0,
           "ema_dist_close": 0.0005036816219707151,
           "ema_dist_entry": -0.0045044023770837525,
           "ema_span_0": 1085.9557782323704,
           "ema_span_1": 1357.9932219515204,
           "enabled": true,
           "markup_range": 0.003522474469174486,
           "min_markup": 0.0014471580410023515,
           "n_close_orders": 4,
           "qty_pct_close": 0.01713976523473391,
           "qty_pct_entry": 0.01885318960570434,
           "wallet_exposure_limit": 0.18,
           "we_multiplier_close": 0,
           "we_multiplier_entry": 69.37210441071602}}