{"config_name": "clock_0days",
 "long": {"backwards_tp": true,
          "delay_between_fills_minutes_close": 1324.2522487058257,
          "delay_between_fills_minutes_entry": 463.25662188913526,
          "delay_weight_close": 0,
          "delay_weight_entry": 25.15491312727302,
          "ema_dist_close": 0.0029694001139280793,
          "ema_dist_entry": 0.003,
          "ema_span_0": 826.291874420004,
          "ema_span_1": 124.5642670644119,
          "enabled": true,
          "markup_range": 0.0046567866267826765,
          "min_markup": 0.004720956029467973,
          "n_close_orders": 2,
          "qty_pct_close": 0.02063407193931256,
          "qty_pct_entry": 0.012132630814277044,
          "wallet_exposure_limit": 0.6,
          "we_multiplier_close": 0,
          "we_multiplier_entry": 97.26249822537919},
 "short": {"backwards_tp": true,
           "delay_between_fills_minutes_close": 1440,
           "delay_between_fills_minutes_entry": 852.594476596023,
           "delay_weight_close": 0,
           "delay_weight_entry": 6.918233943489289,
           "ema_dist_close": 0.0017622893417825324,
           "ema_dist_entry": -0.0014778112079534703,
           "ema_span_0": 1394.038723807537,
           "ema_span_1": 1027.9162200152693,
           "enabled": true,
           "markup_range": 0.01020769402805386,
           "min_markup": 0.009246393168014691,
           "n_close_orders": 16,
           "qty_pct_close": 0.014401343766222803,
           "qty_pct_entry": 0.02522978062457741,
           "wallet_exposure_limit": 0.18,
           "we_multiplier_close": 0,
           "we_multiplier_entry": 15.123589790570241}}