{"config_name": "clock_0days",
 "long": {"backwards_tp": true,
          "delay_between_fills_minutes_close": 1367.308434706075,
          "delay_between_fills_minutes_entry": 1399.616464790737,
          "delay_weight_close": 0,
          "delay_weight_entry": 17.57635790843667,
          "ema_dist_close": 0.003,
          "ema_dist_entry": 0.003,
          "ema_span_0": 1347.8026291091355,
          "ema_span_1": 347.8868978856829,
          "enabled": true,
          "markup_range": 0.005360568068139823,
          "min_markup": 0.005369200680638196,
          "n_close_orders": 8,
          "qty_pct_close": 0.045214828769096056,
          "qty_pct_entry": 0.02049001399197966,
          "wallet_exposure_limit": 0.6,
          "we_multiplier_close": 0,
          "we_multiplier_entry": 174.69914317343637},
 "short": {"backwards_tp": true,
           "delay_between_fills_minutes_close": 544.1861662503213,
           "delay_between_fills_minutes_entry": 646.11379515144,
           "delay_weight_close": 0,
           "delay_weight_entry": 13.984074059207305,
           "ema_dist_close": 0.0007295193964683092,
           "ema_dist_entry": 0.003,
           "ema_span_0": 1403.25431563615,
           "ema_span_1": 1290.4708054331616,
           "enabled": true,
           "markup_range": 0.004334713225644911,
           "min_markup": 0.005886429087324941,
           "n_close_orders": 10,
           "qty_pct_close": 0.011509575228953505,
           "qty_pct_entry": 0.028005579055498206,
           "wallet_exposure_limit": 0.18,
           "we_multiplier_close": 0,
           "we_multiplier_entry": 100}}