{"config_name": "clock_0days",
 "long": {"backwards_tp": true,
          "delay_between_fills_minutes_close": 701.5962373653599,
          "delay_between_fills_minutes_entry": 1337.946342307672,
          "delay_weight_close": 0,
          "delay_weight_entry": 12.212578716376166,
          "ema_dist_close": 0.0019268349388912587,
          "ema_dist_entry": -0.0020364624796057737,
          "ema_span_0": 1392.319556492525,
          "ema_span_1": 1092.9652277659702,
          "enabled": true,
          "markup_range": 0.012012441550461246,
          "min_markup": 0.0030408839219834786,
          "n_close_orders": 8,
          "qty_pct_close": 0.010882552493960859,
          "qty_pct_entry": 0.012650344338020179,
          "wallet_exposure_limit": 0.6,
          "we_multiplier_close": 0,
          "we_multiplier_entry": 189.17333084604425},
 "short": {"backwards_tp": true,
           "delay_between_fills_minutes_close": 1271.8332666794806,
           "delay_between_fills_minutes_entry": 1290.419189584752,
           "delay_weight_close": 0,
           "delay_weight_entry": 13.28619518488575,
           "ema_dist_close": 0.003,
           "ema_dist_entry": -0.005667763612651593,
           "ema_span_0": 1437.6875533784096,
           "ema_span_1": 1294.076881477817,
           "enabled": true,
           "markup_range": 0.018780322562194373,
           "min_markup": 0.008202458183402987,
           "n_close_orders": 3,
           "qty_pct_close": 0.023000646709306207,
           "qty_pct_entry": 0.017397450005601563,
           "wallet_exposure_limit": 0.18,
           "we_multiplier_close": 0,
           "we_multiplier_entry": 45.35013810535189}}