{"config_name": "clock_0days",
 "long": {"backwards_tp": true,
          "delay_between_fills_minutes_close": 732.5820579659527,
          "delay_between_fills_minutes_entry": 1406.132371229696,
          "delay_weight_close": 0,
          "delay_weight_entry": 16.013610733121713,
          "ema_dist_close": 0.0010792271826753706,
          "ema_dist_entry": 0.003,
          "ema_span_0": 413.2301356308896,
          "ema_span_1": 912.376972268507,
          "enabled": true,
          "markup_range": 0.00615797726297187,
          "min_markup": 0.0011072164189866757,
          "n_close_orders": 14,
          "qty_pct_close": 0.012983564800941642,
          "qty_pct_entry": 0.02205446322183293,
          "wallet_exposure_limit": 0.6,
          "we_multiplier_close": 0,
          "we_multiplier_entry": 66.48528503479434},
 "short": {"backwards_tp": true,
           "delay_between_fills_minutes_close": 925.0080315092241,
           "delay_between_fills_minutes_entry": 581.2075417752374,
           "delay_weight_close": 0,
           "delay_weight_entry": 5.940182395673145,
           "ema_dist_close": 0.002780713357776346,
           "ema_dist_entry": -0.004857050459535844,
           "ema_span_0": 1187.888899006658,
           "ema_span_1": 1041.5900032740371,
           "enabled": true,
           "markup_range": 0.004361221999331184,
           "min_markup": 0.002365673090338135,
           "n_close_orders": 14,
           "qty_pct_close": 0.02387992373082767,
           "qty_pct_entry": 0.013289127948207984,
           "wallet_exposure_limit": 0.18,
           "we_multiplier_close": 0,
           "we_multiplier_entry": 44.739531976081096}}