{"config_name": "clock_0days",
 "long": {"backwards_tp": true,
          "delay_between_fills_minutes_close": 1342.372005972739,
          "delay_between_fills_minutes_entry": 1423.7859079144955,
          "delay_weight_close": 0,
          "delay_weight_entry": 17.005798899178238,
          "ema_dist_close": -0.0012862537486166491,
          "ema_dist_entry": -0.0031405869463327295,
          "ema_span_0": 546.6487968715088,
          "ema_span_1": 378.0082795923766,
          "enabled": true,
          "markup_range": 0.008691656670384362,
          "min_markup": 0.0036602039320460748,
          "n_close_orders": 9,
          "qty_pct_close": 0.01208353371521711,
          "qty_pct_entry": 0.014694433982379497,
          "wallet_exposure_limit": 0.6,
          "we_multiplier_close": 0,
          "we_multiplier_entry": 162.32392017214025},
 "short": {"backwards_tp": true,
           "delay_between_fills_minutes_close": 735.403652605856,
           "delay_between_fills_minutes_entry": 314.38128844302656,
           "delay_weight_close": 0,
           "delay_weight_entry": 6.018922895146531,
           "ema_dist_close": 0.00291564012854115,
           "ema_dist_entry": -0.003239734902307114,
           "ema_span_0": 927.5637452433896,
           "ema_span_1": 1422.9550406839905,
           "enabled": true,
           "markup_range": 0.003381372275054081,
           "min_markup": 0.005479916612820036,
           "n_close_orders": 13,
           "qty_pct_close": 0.02507157689795425,
           "qty_pct_entry": 0.013057350722445992,
           "wallet_exposure_limit": 0.18,
           "we_multiplier_close": 0,
           "we_multiplier_entry": 50.65918723237985}}