{"config_name": "clock_0days",
 "long": {"backwards_tp": true,
          "delay_between_fills_minutes_close": 1286.396879341729,
          "delay_between_fills_minutes_entry": 1054.5858934347893,
          "delay_weight_close": 0,
          "delay_weight_entry": 12.012708488777301,
          "ema_dist_close": 0.0024198218630725604,
          "ema_dist_entry": -0.00012550917088363626,
          "ema_span_0": 1233.6347183834903,
          "ema_span_1": 839.5813543042609,
          "enabled": true,
          "markup_range": 0.006943646972636423,
          "min_markup": 0.00360683526898959,
          "n_close_orders": 10,
          "qty_pct_close": 0.011840875845707616,
          "qty_pct_entry": 0.011740646089359708,
          "wallet_exposure_limit": 0.6,
          "we_multiplier_close": 0,
          "we_multiplier_entry": 164.69060655604238},
 "short": {"backwards_tp": true,
           "delay_between_fills_minutes_close": 1210.9662233630568,
           "delay_between_fills_minutes_entry": 601.8198141855054,
           "delay_weight_close": 0,
           "delay_weight_entry": 5.073387330742185,
           "ema_dist_close": 0.003,
           "ema_dist_entry": 0.002123020105908927,
           "ema_span_0": 1361.63235789718,
           "ema_span_1": 1414.5439215143508,
           "enabled": true,
           "markup_range": 0.012641768656311917,
           "min_markup": 0.007911029203037073,
           "n_close_orders": 10,
           "qty_pct_close": 0.01983216855727802,
           "qty_pct_entry": 0.018983881295113646,
           "wallet_exposure_limit": 0.18,
           "we_multiplier_close": 0,
           "we_multiplier_entry": 12.163543393831604}}