{"config_name": "clock_0days",
 "long": {"backwards_tp": true,
          "delay_between_fills_minutes_close": 769.2423630959587,
          "delay_between_fills_minutes_entry": 1307.1245102559133,
          "delay_weight_close": 0,
          "delay_weight_entry": 10.80146043460846,
          "ema_dist_close": 9.241815993404491e-05,
          "ema_dist_entry": 0.0028083312020664355,
          "ema_span_0": 645.504259721077,
          "ema_span_1": 1221.4255780307906,
          "enabled": true,
          "markup_range": 0.013507149392923926,
          "min_markup": 0.007255080410181329,
          "n_close_orders": 8,
          "qty_pct_close": 0.03218947826772905,
          "qty_pct_entry": 0.01,
          "wallet_exposure_limit": 0.6,
          "we_multiplier_close": 0,
          "we_multiplier_entry": 192.40341217898293},
 "short": {"backwards_tp": true,
           "delay_between_fills_minutes_close": 949.957417340837,
           "delay_between_fills_minutes_entry": 1149.6177640053875,
           "delay_weight_close": 0,
           "delay_weight_entry": 7.512516572263206,
           "ema_dist_close": 0.002793824550511504,
           "ema_dist_entry": 0.0015435988832361756,
           "ema_span_0": 1051.247868527404,
           "ema_span_1": 1256.1923186458441,
           "enabled": true,
           "markup_range": 0.008145037871342412,
           "min_markup": 0.008273324657657585,
           "n_close_orders": 8,
           "qty_pct_close": 0.029213303193560875,
           "qty_pct_entry": 0.011949827061858298,
           "wallet_exposure_limit": 0.18,
           "we_multiplier_close": 0,
           "we_multiplier_entry": 77.39835135117355}}