{"config_name": "clock_0days",
 "long": {"backwards_tp": true,
          "delay_between_fills_minutes_close": 757.6973416531989,
          "delay_between_fills_minutes_entry": 1397.6142483288882,
          "delay_weight_close": 0,
          "delay_weight_entry": 15.187482586714877,
          "ema_dist_close": 0.0024055402542318698,
          "ema_dist_entry": 0.003,
          "ema_span_0": 746.7888079403193,
          "ema_span_1": 410.67543526278905,
          "enabled": true,
          "markup_range": 0.008729584775751965,
          "min_markup": 0.008664721876681665,
          "n_close_orders": 3,
          "qty_pct_close": 0.014977611970446324,
          "qty_pct_entry": 0.015341419522442222,
          "wallet_exposure_limit": 0.6,
          "we_multiplier_close": 0,
          "we_multiplier_entry": 85.00873359007517},
 "short": {"backwards_tp": true,
           "delay_between_fills_minutes_close": 1377.783064214438,
           "delay_between_fills_minutes_entry": 1184.330161054642,
           "delay_weight_close": 0,
           "delay_weight_entry": 9.770353777580931,
           "ema_dist_close": -0.0005210706600467624,
           "ema_dist_entry": -0.0021328167131753626,
           "ema_span_0": 1440,
           "ema_span_1": 926.4904142096217,
           "enabled": true,
           "markup_range": 0.011391724128159733,
           "min_markup": 0.007709418387421218,
           "n_close_orders": 13,
           "qty_pct_close": 0.010797163071809127,
           "qty_pct_entry": 0.022852728781932286,
           "wallet_exposure_limit": 0.18,
           "we_multiplier_close": 0,
           "we_multiplier_entry": 36.42358629696616}}