{"config_name": "clock_0days",
 "long": {"backwards_tp": true,
          "delay_between_fills_minutes_close": 1235.1075719451474,
          "delay_between_fills_minutes_entry": 1346.23477330514,
          "delay_weight_close": 0,
          "delay_weight_entry": 15.371957388032389,
          "ema_dist_close": 0.0002053355688487522,
          "ema_dist_entry": 0.002106771180480173,
          "ema_span_0": 736.1578376629556,
          "ema_span_1": 1384.122698065596,
          "enabled": true,
          "markup_range": 0.008205123989826141,
          "min_markup": 0.009684974012670714,
          "n_close_orders": 8,
          "qty_pct_close": 0.01281901670620457,
          "qty_pct_entry": 0.01178812017103338,
          "wallet_exposure_limit": 0.6,
          "we_multiplier_close": 0,
          "we_multiplier_entry": 165.6264134867769},
 "short": {"backwards_tp": true,
           "delay_between_fills_minutes_close": 831.7996347557199,
           "delay_between_fills_minutes_entry": 712.2185018185428,
           "delay_weight_close": 0,
           "delay_weight_entry": 9.739062741135221,
           "ema_dist_close": 0.003,
           "ema_dist_entry": 0.0015227467782666251,
           "ema_span_0": 469.2273843884278,
           "ema_span_1": 1409.037137579803,
           "enabled": true,
           "markup_range": 0.007477500547219791,
           "min_markup": 0.0064990590848430325,
           "n_close_orders": 3,
           "qty_pct_close": 0.010839547064222141,
           "qty_pct_entry": 0.023772875908444818,
           "wallet_exposure_limit": 0.18,
           "we_multiplier_close": 0,
           "we_multiplier_entry": 16.30975745061976}}