{"config_name": "clock_0days",
 "long": {"backwards_tp": true,
          "delay_between_fills_minutes_close": 889.896577168861,
          "delay_between_fills_minutes_entry": 859.3670441829759,
          "delay_weight_close": 0,
          "delay_weight_entry": 19.1326912775462,
          "ema_dist_close": -0.010815746457588388,
          "ema_dist_entry": 0.00028532943278229976,
          "ema_span_0": 1209.8191407499978,
          "ema_span_1": 89.94769286404293,
          "enabled": true,
          "markup_range": 0.024404306349424535,
          "min_markup": 0.007079215412665614,
          "n_close_orders": 8,
          "qty_pct_close": 0.016712230224301607,
          "qty_pct_entry": 0.011135321609072582,
          "wallet_exposure_limit": 0.6,
          "we_multiplier_close": 0,
          "we_multiplier_entry": 21.167083890871396},
 "short": {"backwards_tp": true,
           "delay_between_fills_minutes_close": 1249.4243555754865,
           "delay_between_fills_minutes_entry": 853.5991643609882,
           "delay_weight_close": 0,
           "delay_weight_entry": 23.385110259376532,
           "ema_dist_close": 0.003,
           "ema_dist_entry": 0.0014858180955549841,
           "ema_span_0": 1353.237150120979,
           "ema_span_1": 322.7202636330101,
           "enabled": true,
           "markup_range": 0.003304230720337616,
           "min_markup": 0.007383264990653642,
           "n_close_orders": 13,
           "qty_pct_close": 0.02476310324960914,
           "qty_pct_entry": 0.0214599988101152,
           "wallet_exposure_limit": 0.18,
           "we_multiplier_close": 0,
           "we_multiplier_entry": 28.645529748619303}}