{"config_name": "clock_0days",
 "long": {"backwards_tp": true,
          "delay_between_fills_minutes_close": 476.13617657510974,
          "delay_between_fills_minutes_entry": 896.9261250078098,
          "delay_weight_close": 0,
          "delay_weight_entry": 38.589789271983115,
          "ema_dist_close": -0.0029439505367598144,
          "ema_dist_entry": 0.003,
          "ema_span_0": 1115.851580591102,
          "ema_span_1": 1440,
          "enabled": true,
          "markup_range": 0.009556002059917617,
          "min_markup": 0.0018575172680988477,
          "n_close_orders": 5,
          "qty_pct_close": 0.02818901652558671,
          "qty_pct_entry": 0.010073033908934177,
          "wallet_exposure_limit": 0.6,
          "we_multiplier_close": 0,
          "we_multiplier_entry": 199.59623460032918},
 "short": {"backwards_tp": true,
           "delay_between_fills_minutes_close": 1352.1135881371017,
           "delay_between_fills_minutes_entry": 1358.0017329074522,
           "delay_weight_close": 0,
           "delay_weight_entry": 8.450551447968365,
           "ema_dist_close": 0.003,
           "ema_dist_entry": -0.002190569699542206,
           "ema_span_0": 1117.2271652213237,
           "ema_span_1": 1265.8600366098804,
           "enabled": true,
           "markup_range": 0.006576105047149505,
           "min_markup": 0.00757658392289414,
           "n_close_orders": 2,
           "qty_pct_close": 0.015701489535919395,
           "qty_pct_entry": 0.013580231020180545,
           "wallet_exposure_limit": 0.18,
           "we_multiplier_close": 0,
           "we_multiplier_entry": 77.4661290649608}}