{"config_name": "clock_0days",
 "long": {"backwards_tp": true,
          "delay_between_fills_minutes_close": 699.7973758293807,
          "delay_between_fills_minutes_entry": 1401.7794539247814,
          "delay_weight_close": 0,
          "delay_weight_entry": 14.882393533454554,
          "ema_dist_close": 0.003,
          "ema_dist_entry": -0.0004734257180312541,
          "ema_span_0": 839.5835415883408,
          "ema_span_1": 1440,
          "enabled": true,
          "markup_range": 0.026129882151753544,
          "min_markup": 0.007895752798118362,
          "n_close_orders": 6,
          "qty_pct_close": 0.02038706525501483,
          "qty_pct_entry": 0.01,
          "wallet_exposure_limit": 0.6,
          "we_multiplier_close": 0,
          "we_multiplier_entry": 30.634296580147044},
 "short": {"backwards_tp": true,
           "delay_between_fills_minutes_close": 560.1733345013579,
           "delay_between_fills_minutes_entry": 944.3369611496961,
           "delay_weight_close": 0,
           "delay_weight_entry": 16.86918884062424,
           "ema_dist_close": -0.000670626251910591,
           "ema_dist_entry": 0.00121406889099197,
           "ema_span_0": 1245.4853754380795,
           "ema_span_1": 1423.96955278971,
           "enabled": true,
           "markup_range": 0.00734431931034377,
           "min_markup": 0.005377241058057946,
           "n_close_orders": 3,
           "qty_pct_close": 0.01487143592935488,
           "qty_pct_entry": 0.023332151997702458,
           "wallet_exposure_limit": 0.18,
           "we_multiplier_close": 0,
           "we_multiplier_entry": 56.32154040283597}}