{"config_name": "clock_0days",
 "long": {"backwards_tp": true,
          "delay_between_fills_minutes_close": 1332.423356184342,
          "delay_between_fills_minutes_entry": 1440,
          "delay_weight_close": 0,
          "delay_weight_entry": 13.438571480526251,
          "ema_dist_close": 0.003,
          "ema_dist_entry": -0.0017115532940771294,
          "ema_span_0": 1070.3954958087159,
          "ema_span_1": 1171.2020419198834,
          "enabled": true,
          "markup_range": 0.008775546990094545,
          "min_markup": 0.006386434541133121,
          "n_close_orders": 10,
          "qty_pct_close": 0.012462635772293453,
          "qty_pct_entry": 0.014734467434135,
          "wallet_exposure_limit": 0.6,
          "we_multiplier_close": 0,
          "we_multiplier_entry": 140.89230228831238},
 "short": {"backwards_tp": true,
           "delay_between_fills_minutes_close": 1328.3929538297632,
           "delay_between_fills_minutes_entry": 1139.5932448690023,
           "delay_weight_close": 0,
           "delay_weight_entry": 26.190156594818887,
           "ema_dist_close": 0.0010046373014041372,
           "ema_dist_entry": -0.0007799018348224884,
           "ema_span_0": 913.995552113159,
           "ema_span_1": 1263.9817938728684,
           "enabled": true,
           "markup_range": 0.0,
           "min_markup": 0.004096032434858027,
           "n_close_orders": 10,
           "qty_pct_close": 0.02039788327457536,
           "qty_pct_entry": 0.022353892465193988,
           "wallet_exposure_limit": 0.18,
           "we_multiplier_close": 0,
           "we_multiplier_entry": 126.05517199651777}}