{"config_name": "clock_0days",
 "long": {"backwards_tp": true,
          "delay_between_fills_minutes_close": 616.1650563099477,
          "delay_between_fills_minutes_entry": 1330.0304217006017,
          "delay_weight_close": 0,
          "delay_weight_entry": 10.235395391031544,
          "ema_dist_close": 0.0029705932424551047,
          "ema_dist_entry": 0.001749522937225629,
          "ema_span_0": 1043.9132037166125,
          "ema_span_1": 476.3301412028462,
          "enabled": true,
          "markup_range": 0.011447239953257004,
          "min_markup": 0.0045864664005430995,
          "n_close_orders": 13,
          "qty_pct_close": 0.010034431884248416,
          "qty_pct_entry": 0.011983405875988248,
          "wallet_exposure_limit": 0.6,
          "we_multiplier_close": 0,
          "we_multiplier_entry": 39.31311483029158},
 "short": {"backwards_tp": true,
           "delay_between_fills_minutes_close": 1426.1674360873133,
           "delay_between_fills_minutes_entry": 1159.482179318835,
           "delay_weight_close": 0,
           "delay_weight_entry": 8.200401835620449,
           "ema_dist_close": -0.0007256756346418241,
           "ema_dist_entry": 0.003,
           "ema_span_0": 138.8407605814008,
           "ema_span_1": 1349.698846571499,
           "enabled": true,
           "markup_range": 0.011749957560680384,
           "min_markup": 0.005662934283332544,
           "n_close_orders": 7,
           "qty_pct_close": 0.016308105494172262,
           "qty_pct_entry": 0.024100112996469497,
           "wallet_exposure_limit": 0.18,
           "we_multiplier_close": 0,
           "we_multiplier_entry": 79.38346497619308}}