{"config_name": "clock_0days",
 "long": {"backwards_tp": true,
          "delay_between_fills_minutes_close": 1231.359090676093,
          "delay_between_fills_minutes_entry": 462.2716745447193,
          "delay_weight_close": 0,
          "delay_weight_entry": 16.920607421672795,
          "ema_dist_close": 0.003,
          "ema_dist_entry": 0.003,
          "ema_span_0": 1305.1819184961569,
          "ema_span_1": 620.8338236426381,
          "enabled": true,
          "markup_range": 0.0018511108923436547,
          "min_markup": 0.003589724069859767,
          "n_close_orders": 8,
          "qty_pct_close": 0.018538010506366737,
          "qty_pct_entry": 0.013203025497536502,
          "wallet_exposure_limit": 0.6,
          "we_multiplier_close": 0,
          "we_multiplier_entry": 100},
 "short": {"backwards_tp": true,
           "delay_between_fills_minutes_close": 892.1018006307949,
           "delay_between_fills_minutes_entry": 819.3703584478743,
           "delay_weight_close": 0,
           "delay_weight_entry": 6.901108415742816,
           "ema_dist_close": 0.0029999830802883167,
           "ema_dist_entry": -0.001721490257978288,
           "ema_span_0": 1422.8376404492672,
           "ema_span_1": 1326.4542678063606,
           "enabled": true,
           "markup_range": 0.01332538548689353,
           "min_markup": 0.00689731180067792,
           "n_close_orders": 2,
           "qty_pct_close": 0.010518753680899958,
           "qty_pct_entry": 0.011411123799980587,
           "wallet_exposure_limit": 0.18,
           "we_multiplier_close": 0,
           "we_multiplier_entry": 112.95093611399639}}