{"config_name": "clock_0days",
 "long": {"backwards_tp": true,
          "delay_between_fills_minutes_close": 1248.166375229616,
          "delay_between_fills_minutes_entry": 855.0416207857324,
          "delay_weight_close": 0,
          "delay_weight_entry": 22.069029923464026,
          "ema_dist_close": 0.0005731106488463669,
          "ema_dist_entry": -0.004715970201264709,
          "ema_span_0": 392.6594674807106,
          "ema_span_1": 1245.9032687876208,
          "enabled": true,
          "markup_range": 0.0020884062075483983,
          "min_markup": 0.007985151482417348,
          "n_close_orders": 15,
          "qty_pct_close": 0.04265303597847319,
          "qty_pct_entry": 0.011639172401102328,
          "wallet_exposure_limit": 0.6,
          "we_multiplier_close": 0,
          "we_multiplier_entry": 99.35921446753261},
 "short": {"backwards_tp": true,
           "delay_between_fills_minutes_close": 493.09761276181626,
           "delay_between_fills_minutes_entry": 1059.4441220566544,
           "delay_weight_close": 0,
           "delay_weight_entry": 25.95631325852174,
           "ema_dist_close": 0.0012155778634430725,
           "ema_dist_entry": 0.0019454286208658161,
           "ema_span_0": 1360.7390508690141,
           "ema_span_1": 1183.9818544337504,
           "enabled": true,
           "markup_range": 0.018565076353569666,
           "min_markup": 0.009649462075493444,
           "n_close_orders": 5,
           "qty_pct_close": 0.03421641738025251,
           "qty_pct_entry": 0.011352776811591296,
           "wallet_exposure_limit": 0.18,
           "we_multiplier_close": 0,
           "we_multiplier_entry": 15.409380545205217}}