{"config_name": "clock_0days",
 "long": {"backwards_tp": true,
          "delay_between_fills_minutes_close": 1123.6303223004659,
          "delay_between_fills_minutes_entry": 755.2570676083986,
          "delay_weight_close": 0,
          "delay_weight_entry": 25.55486844955707,
          "ema_dist_close": -0.002850913299918876,
          "ema_dist_entry": -0.005256058782727689,
          "ema_span_0": 134.66196087557736,
          "ema_span_1": 1325.552766677877,
          "enabled": true,
          "markup_range": 0.005597060682960326,
          "min_markup": 0.0020161633347990167,
          "n_close_orders": 5,
          "qty_pct_close": 0.018164147678541936,
          "qty_pct_entry": 0.01,
          "wallet_exposure_limit": 0.6,
          "we_multiplier_close": 0,
          "we_multiplier_entry": 78.31025547636165},
 "short": {"backwards_tp": true,
           "delay_between_fills_minutes_close": 922.2457741465627,
           "delay_between_fills_minutes_entry": 1251.3626346898254,
           "delay_weight_close": 0,
           "delay_weight_entry": 23.242289103245888,
           "ema_dist_close": -0.0041442385398850565,
           "ema_dist_entry": -0.006806430158251197,
           "ema_span_0": 1368.8376394786299,
           "ema_span_1": 1376.1967614397365,
           "enabled": true,
           "markup_range": 0.03809235350324902,
           "min_markup": 0.008430953295902797,
           "n_close_orders": 8,
           "qty_pct_close": 0.038129135960520553,
           "qty_pct_entry": 0.012136724143316676,
           "wallet_exposure_limit": 0.18,
           "we_multiplier_close": 0,
           "we_multiplier_entry": 8.374506144315768}}