{"config_name": "clock_0days",
 "long": {"backwards_tp": true,
          "delay_between_fills_minutes_close": 1247.9549278217014,
          "delay_between_fills_minutes_entry": 1440,
          "delay_weight_close": 0,
          "delay_weight_entry": 23.468080498625053,
          "ema_dist_close": 0.003,
          "ema_dist_entry": 0.002963687790931218,
          "ema_span_0": 394.1617180424207,
          "ema_span_1": 1297.4540382072016,
          "enabled": true,
          "markup_range": 0.007513439962487592,
          "min_markup": 0.00631985044300274,
          "n_close_orders": 3,
          "qty_pct_close": 0.01078172805930737,
          "qty_pct_entry": 0.010741489799080704,
          "wallet_exposure_limit": 0.6,
          "we_multiplier_close": 0,
          "we_multiplier_entry": 91.47051725711589},
 "short": {"backwards_tp": true,
           "delay_between_fills_minutes_close": 1402.5724814668179,
           "delay_between_fills_minutes_entry": 763.0773534087975,
           "delay_weight_close": 0,
           "delay_weight_entry": 22.34050922900864,
           "ema_dist_close": -0.006585426719762843,
           "ema_dist_entry": 0.002100700244276069,
           "ema_span_0": 1384.0969123490368,
           "ema_span_1": 285.31294513850935,
           "enabled": true,
           "markup_range": 0.00996263904307284,
           "min_markup": 0.004572892307954544,
           "n_close_orders": 5,
           "qty_pct_close": 0.01760926607325933,
           "qty_pct_entry": 0.0113011040382327,
           "wallet_exposure_limit": 0.18,
           "we_multiplier_close": 0,
           "we_multiplier_entry": 43.590697230142446}}