{"config_name": "clock_0days",
 "long": {"backwards_tp": true,
          "delay_between_fills_minutes_close": 1187.095080182916,
          "delay_between_fills_minutes_entry": 908.0803072338276,
          "delay_weight_close": 0,
          "delay_weight_entry": 13.58659144067775,
          "ema_dist_close": 0.003,
          "ema_dist_entry": -0.0022297802319761403,
          "ema_span_0": 1295.019026917161,
          "ema_span_1": 946.1593887436572,
          "enabled": true,
          "markup_range": 0.007348894735027325,
          "min_markup": 0.005525878838094275,
          "n_close_orders": 5,
          "qty_pct_close": 0.012235791356402306,
          "qty_pct_entry": 0.01,
          "wallet_exposure_limit": 0.6,
          "we_multiplier_close": 0,
          "we_multiplier_entry": 37.83553414421201},
 "short": {"backwards_tp": true,
           "delay_between_fills_minutes_close": 1159.4493265440794,
           "delay_between_fills_minutes_entry": 693.3487935467867,
           "delay_weight_close": 0,
           "delay_weight_entry": 8.580228724421245,
           "ema_dist_close": 0.003,
           "ema_dist_entry": 0.0022378223320543475,
           "ema_span_0": 761.9046880245054,
           "ema_span_1": 1434.282999975826,
           "enabled": true,
           "markup_range": 0.0005429443572035954,
           "min_markup": 0.01,
           "n_close_orders": 6,
           "qty_pct_close": 0.017787764414202573,
           "qty_pct_entry": 0.024992145222866684,
           "wallet_exposure_limit": 0.18,
           "we_multiplier_close": 0,
           "we_multiplier_entry": 35.07944250566819}}