{"config_name": "clock_0days",
 "long": {"backwards_tp": true,
          "delay_between_fills_minutes_close": 1231.359090676093,
          "delay_between_fills_minutes_entry": 462.2716745447193,
          "delay_weight_close": 0,
          "delay_weight_entry": 16.920607421672795,
          "ema_dist_close": 0.003,
          "ema_dist_entry": 0.003,
          "ema_span_0": 1305.1819184961569,
          "ema_span_1": 620.8338236426381,
          "enabled": true,
          "markup_range": 0.0018511108923436547,
          "min_markup": 0.003589724069859767,
          "n_close_orders": 8,
          "qty_pct_close": 0.018538010506366737,
          "qty_pct_entry": 0.013203025497536502,
          "wallet_exposure_limit": 0.6,
          "we_multiplier_close": 0,
          "we_multiplier_entry": 100},
 "short": {"backwards_tp": true,
           "delay_between_fills_minutes_close": 977.3874677077422,
           "delay_between_fills_minutes_entry": 980.4413206348661,
           "delay_weight_close": 0,
           "delay_weight_entry": 7.466668724475401,
           "ema_dist_close": 0.003,
           "ema_dist_entry": 0.001536913333186854,
           "ema_span_0": 1386.0683503797602,
           "ema_span_1": 59.639634357586615,
           "enabled": true,
           "markup_range": 0.009337069758993885,
           "min_markup": 0.008622165157072424,
           "n_close_orders": 13,
           "qty_pct_close": 0.014597026602954307,
           "qty_pct_entry": 0.01654000692525247,
           "wallet_exposure_limit": 0.18,
           "we_multiplier_close": 0,
           "we_multiplier_entry": 109.49048075162473}}