{"config_name": "clock_0days",
 "long": {"backwards_tp": true,
          "delay_between_fills_minutes_close": 1372.3714105823267,
          "delay_between_fills_minutes_entry": 1394.8347618659923,
          "delay_weight_close": 0,
          "delay_weight_entry": 11.552907188871735,
          "ema_dist_close": -0.0016757628838846121,
          "ema_dist_entry": 0.0029201028992715027,
          "ema_span_0": 1176.5983782184496,
          "ema_span_1": 1266.6498397048354,
          "enabled": true,
          "markup_range": 0.02637531083172806,
          "min_markup": 0.008880031475194776,
          "n_close_orders": 12,
          "qty_pct_close": 0.012203303516040922,
          "qty_pct_entry": 0.01354940317908622,
          "wallet_exposure_limit": 0.6,
          "we_multiplier_close": 0,
          "we_multiplier_entry": 18.50399566602955},
 "short": {"backwards_tp": true,
           "delay_between_fills_minutes_close": 374.2366086009557,
           "delay_between_fills_minutes_entry": 1369.2098423880745,
           "delay_weight_close": 0,
           "delay_weight_entry": 50.33418522049491,
           "ema_dist_close": -0.03519015182247889,
           "ema_dist_entry": 0.002999993533131066,
           "ema_span_0": 1025.916635355051,
           "ema_span_1": 1019.1402434063219,
           "enabled": true,
           "markup_range": 0.009449950081868105,
           "min_markup": 0.007235226262545918,
           "n_close_orders": 11,
           "qty_pct_close": 0.012864926155018223,
           "qty_pct_entry": 0.012888204522919874,
           "wallet_exposure_limit": 0.18,
           "we_multiplier_close": 0,
           "we_multiplier_entry": 76.23802670424543}}