{"config_name": "clock_0days",
 "long": {"backwards_tp": true,
          "delay_between_fills_minutes_close": 1194.3093100875467,
          "delay_between_fills_minutes_entry": 1045.918042432759,
          "delay_weight_close": 0,
          "delay_weight_entry": 21.379430373386956,
          "ema_dist_close": -0.007272373780345684,
          "ema_dist_entry": 0.003,
          "ema_span_0": 1352.877020015116,
          "ema_span_1": 1082.374086544857,
          "enabled": true,
          "markup_range": 0.006190676767239802,
          "min_markup": 0.008408161307991272,
          "n_close_orders": 3,
          "qty_pct_close": 0.025910370746930877,
          "qty_pct_entry": 0.01,
          "wallet_exposure_limit": 0.6,
          "we_multiplier_close": 0,
          "we_multiplier_entry": 112.03866227802114},
 "short": {"backwards_tp": true,
           "delay_between_fills_minutes_close": 1208.2874773486021,
           "delay_between_fills_minutes_entry": 706.5413623161076,
           "delay_weight_close": 0,
           "delay_weight_entry": 15.210720330093078,
           "ema_dist_close": -0.012980391064334644,
           "ema_dist_entry": 0.003,
           "ema_span_0": 1295.0550338328435,
           "ema_span_1": 858.1989149785355,
           "enabled": true,
           "markup_range": 0.006989222720616003,
           "min_markup": 0.003231423570495438,
           "n_close_orders": 3,
           "qty_pct_close": 0.010892872719808955,
           "qty_pct_entry": 0.0245303091413102,
           "wallet_exposure_limit": 0.18,
           "we_multiplier_close": 0,
           "we_multiplier_entry": 43.94345625748372}}