{"config_name": "clock_0days",
 "long": {"backwards_tp": true,
          "delay_between_fills_minutes_close": 1146.5062624980674,
          "delay_between_fills_minutes_entry": 641.2149366210599,
          "delay_weight_close": 0.0,
          "delay_weight_entry": 40.29449212047298,
          "ema_dist_close": -0.00782437094586718,
          "ema_dist_entry": 0.0028016114023484695,
          "ema_span_0": 14.432546856426859,
          "ema_span_1": 778.6659931200763,
          "enabled": true,
          "markup_range": 0.005063999886170776,
          "min_markup": 0.0026898985595521932,
          "n_close_orders": 2,
          "qty_pct_close": 0.048295587064674496,
          "qty_pct_entry": 0.0769486681221984,
          "wallet_exposure_limit": 0.6,
          "we_multiplier_close": 0.0,
          "we_multiplier_entry": 64.5469016387912},
 "short": {"backwards_tp": true,
           "delay_between_fills_minutes_close": 644.0854192325389,
           "delay_between_fills_minutes_entry": 1216.8343873922104,
           "delay_weight_close": 0.0,
           "delay_weight_entry": 65.80618982263482,
           "ema_dist_close": -0.028264063917419088,
           "ema_dist_entry": -0.00394374071399637,
           "ema_span_0": 952.8658808904797,
           "ema_span_1": 863.157411183851,
           "enabled": true,
           "markup_range": 0.024015444522841687,
           "min_markup": 0.004901084958542725,
           "n_close_orders": 2,
           "qty_pct_close": 0.027617999013600507,
           "qty_pct_entry": 0.01922411018691461,
           "wallet_exposure_limit": 0.18,
           "we_multiplier_close": 0.0,
           "we_multiplier_entry": 106.30328849779667}}