{"config_name": "clock_0days",
 "long": {"backwards_tp": true,
          "delay_between_fills_minutes_close": 1228.7678229361672,
          "delay_between_fills_minutes_entry": 677.5672513615225,
          "delay_weight_close": 0,
          "delay_weight_entry": 25.805637900214755,
          "ema_dist_close": -0.005813383662601891,
          "ema_dist_entry": -0.0005551526562097799,
          "ema_span_0": 1066.8544691399125,
          "ema_span_1": 795.3983928517741,
          "enabled": true,
          "markup_range": 0.0022706461259906327,
          "min_markup": 0.004570096799975549,
          "n_close_orders": 6,
          "qty_pct_close": 0.037006832481917454,
          "qty_pct_entry": 0.011578109421318402,
          "wallet_exposure_limit": 0.6,
          "we_multiplier_close": 0,
          "we_multiplier_entry": 161.45266457232626},
 "short": {"backwards_tp": true,
           "delay_between_fills_minutes_close": 573.2180999275982,
           "delay_between_fills_minutes_entry": 701.483902791369,
           "delay_weight_close": 0,
           "delay_weight_entry": 51.16279614129494,
           "ema_dist_close": 0.003,
           "ema_dist_entry": -0.015244020741420394,
           "ema_span_0": 926.2876889496009,
           "ema_span_1": 1224.7361459810243,
           "enabled": true,
           "markup_range": 0.002082852643429263,
           "min_markup": 0.002953033263361359,
           "n_close_orders": 9,
           "qty_pct_close": 0.011991284452449423,
           "qty_pct_entry": 0.0100368259029563,
           "wallet_exposure_limit": 0.18,
           "we_multiplier_close": 0,
           "we_multiplier_entry": 67.7826706604094}}