{"config_name": "clock_0days",
 "long": {"backwards_tp": true,
          "delay_between_fills_minutes_close": 1218.553355808078,
          "delay_between_fills_minutes_entry": 1357.5022098504476,
          "delay_weight_close": 0,
          "delay_weight_entry": 17.985915527050068,
          "ema_dist_close": 0.0029995450652529846,
          "ema_dist_entry": 0.0027769588074381866,
          "ema_span_0": 36.84537393752903,
          "ema_span_1": 1274.931672634378,
          "enabled": true,
          "markup_range": 0.014403214815123142,
          "min_markup": 0.008148979929730366,
          "n_close_orders": 7,
          "qty_pct_close": 0.01857245398908498,
          "qty_pct_entry": 0.01904817030105189,
          "wallet_exposure_limit": 0.6,
          "we_multiplier_close": 0,
          "we_multiplier_entry": 27.280492509254007},
 "short": {"backwards_tp": true,
           "delay_between_fills_minutes_close": 826.9919306693266,
           "delay_between_fills_minutes_entry": 1171.2765201795619,
           "delay_weight_close": 0,
           "delay_weight_entry": 12.927901119487453,
           "ema_dist_close": -0.005061863741567148,
           "ema_dist_entry": 0.003,
           "ema_span_0": 1434.6784024885135,
           "ema_span_1": 7.065199314765482,
           "enabled": true,
           "markup_range": 0.03685577114639326,
           "min_markup": 0.00880827437231864,
           "n_close_orders": 13,
           "qty_pct_close": 0.02238990147961256,
           "qty_pct_entry": 0.024204059121452737,
           "wallet_exposure_limit": 0.18,
           "we_multiplier_close": 0,
           "we_multiplier_entry": 9.944190551571934}}