{"config_name": "clock_0days",
 "long": {"backwards_tp": true,
          "delay_between_fills_minutes_close": 1204.6125954915763,
          "delay_between_fills_minutes_entry": 449.6104967302006,
          "delay_weight_close": 0,
          "delay_weight_entry": 11.50388224465504,
          "ema_dist_close": 0.000889370453674009,
          "ema_dist_entry": -0.0013754517118614849,
          "ema_span_0": 1381.4521677210723,
          "ema_span_1": 370.49004506746223,
          "enabled": true,
          "markup_range": 0.002048921923298412,
          "min_markup": 0.007063696224429722,
          "n_close_orders": 10,
          "qty_pct_close": 0.021828414990691214,
          "qty_pct_entry": 0.011891501120315926,
          "wallet_exposure_limit": 0.6,
          "we_multiplier_close": 0,
          "we_multiplier_entry": 194.45111795726532},
 "short": {"backwards_tp": true,
           "delay_between_fills_minutes_close": 1140.3639053903325,
           "delay_between_fills_minutes_entry": 1307.3144134516915,
           "delay_weight_close": 0,
           "delay_weight_entry": 12.433558781255684,
           "ema_dist_close": 0.0019688615158469343,
           "ema_dist_entry": 0.0027021824935005915,
           "ema_span_0": 1158.8379298355985,
           "ema_span_1": 888.0856237933098,
           "enabled": true,
           "markup_range": 0.005228386621940565,
           "min_markup": 0.009395841913936583,
           "n_close_orders": 3,
           "qty_pct_close": 0.03646452068739299,
           "qty_pct_entry": 0.025188695766758258,
           "wallet_exposure_limit": 0.18,
           "we_multiplier_close": 0,
           "we_multiplier_entry": 72.66112918443193}}