{"config_name": "clock_0days",
 "long": {"backwards_tp": true,
          "delay_between_fills_minutes_close": 1083.48173722882,
          "delay_between_fills_minutes_entry": 1375.6935993514367,
          "delay_weight_close": 0,
          "delay_weight_entry": 10.024185064538145,
          "ema_dist_close": -0.0054612423397331815,
          "ema_dist_entry": 0.0015395300528796433,
          "ema_span_0": 772.9987528290956,
          "ema_span_1": 1333.8898491131956,
          "enabled": true,
          "markup_range": 0.04,
          "min_markup": 0.009946811428696472,
          "n_close_orders": 3,
          "qty_pct_close": 0.014313851400979183,
          "qty_pct_entry": 0.01,
          "wallet_exposure_limit": 0.6,
          "we_multiplier_close": 0,
          "we_multiplier_entry": 25.706946954890768},
 "short": {"backwards_tp": true,
           "delay_between_fills_minutes_close": 1142.4202048083814,
           "delay_between_fills_minutes_entry": 1060.0297934323282,
           "delay_weight_close": 0,
           "delay_weight_entry": 8.63728632080727,
           "ema_dist_close": 0.0027400437421041765,
           "ema_dist_entry": 0.0009362857146501239,
           "ema_span_0": 1376.0186633221188,
           "ema_span_1": 1440,
           "enabled": true,
           "markup_range": 0.0013318622896710591,
           "min_markup": 0.009164958678632868,
           "n_close_orders": 2,
           "qty_pct_close": 0.01,
           "qty_pct_entry": 0.02228393104228523,
           "wallet_exposure_limit": 0.18,
           "we_multiplier_close": 0,
           "we_multiplier_entry": 95.39561598503533}}