{"config_name": "clock_0days",
 "long": {"backwards_tp": true,
          "delay_between_fills_minutes_close": 812.0869166374372,
          "delay_between_fills_minutes_entry": 955.5530243041069,
          "delay_weight_close": 0,
          "delay_weight_entry": 9.218696942495965,
          "ema_dist_close": -0.005837446678437451,
          "ema_dist_entry": 0.002981642449408368,
          "ema_span_0": 1304.1813175305338,
          "ema_span_1": 1168.5990960181675,
          "enabled": true,
          "markup_range": 0.030234406002968502,
          "min_markup": 0.00929028490187929,
          "n_close_orders": 8,
          "qty_pct_close": 0.010010825491565414,
          "qty_pct_entry": 0.010314551597643861,
          "wallet_exposure_limit": 0.6,
          "we_multiplier_close": 0,
          "we_multiplier_entry": 51.16155912617746},
 "short": {"backwards_tp": true,
           "delay_between_fills_minutes_close": 1256.9004957207887,
           "delay_between_fills_minutes_entry": 1131.9242307904967,
           "delay_weight_close": 0,
           "delay_weight_entry": 22.421496266910058,
           "ema_dist_close": -0.0025519563433490443,
           "ema_dist_entry": 0.002855707173820774,
           "ema_span_0": 318.0604627905269,
           "ema_span_1": 1407.8049180483792,
           "enabled": true,
           "markup_range": 0.004863661190040477,
           "min_markup": 0.004841481142656695,
           "n_close_orders": 2,
           "qty_pct_close": 0.01290796672362364,
           "qty_pct_entry": 0.019351662186747505,
           "wallet_exposure_limit": 0.18,
           "we_multiplier_close": 0,
           "we_multiplier_entry": 51.0792758165664}}