{"config_name": "clock_0days",
 "long": {"backwards_tp": true,
          "delay_between_fills_minutes_close": 1293.5574143853992,
          "delay_between_fills_minutes_entry": 940.4085007056734,
          "delay_weight_close": 0,
          "delay_weight_entry": 18.378860023792008,
          "ema_dist_close": -0.025625323485012737,
          "ema_dist_entry": 0.003,
          "ema_span_0": 1324.7238867975973,
          "ema_span_1": 1007.9069972744107,
          "enabled": true,
          "markup_range": 0.010574591047275404,
          "min_markup": 0.008551015184757628,
          "n_close_orders": 7,
          "qty_pct_close": 0.027972145858246818,
          "qty_pct_entry": 0.013846415995343581,
          "wallet_exposure_limit": 0.6,
          "we_multiplier_close": 0,
          "we_multiplier_entry": 45.63113662234087},
 "short": {"backwards_tp": true,
           "delay_between_fills_minutes_close": 852.2194322240612,
           "delay_between_fills_minutes_entry": 1105.880217315733,
           "delay_weight_close": 0,
           "delay_weight_entry": 28.58800801813384,
           "ema_dist_close": -0.0005210706600467624,
           "ema_dist_entry": -0.004300221408094166,
           "ema_span_0": 1430.018505190823,
           "ema_span_1": 1200.6995154501662,
           "enabled": true,
           "markup_range": 0.004863661190040477,
           "min_markup": 0.007433698549300025,
           "n_close_orders": 9,
           "qty_pct_close": 0.02732981068021644,
           "qty_pct_entry": 0.018733057961183467,
           "wallet_exposure_limit": 0.18,
           "we_multiplier_close": 0,
           "we_multiplier_entry": 146.79804193220036}}