{"config_name": "clock_0days",
 "long": {"backwards_tp": true,
          "delay_between_fills_minutes_close": 1265.967607536518,
          "delay_between_fills_minutes_entry": 950.4757407772881,
          "delay_weight_close": 0,
          "delay_weight_entry": 18.41973654012378,
          "ema_dist_close": -0.0006082814002247492,
          "ema_dist_entry": -0.0003118030895517874,
          "ema_span_0": 447.97270203496856,
          "ema_span_1": 429.59925033921803,
          "enabled": true,
          "markup_range": 0.004468954579806708,
          "min_markup": 0.005393245537780293,
          "n_close_orders": 9,
          "qty_pct_close": 0.019047566722288065,
          "qty_pct_entry": 0.010233037753768028,
          "wallet_exposure_limit": 0.6,
          "we_multiplier_close": 0,
          "we_multiplier_entry": 176.23110626095806},
 "short": {"backwards_tp": true,
           "delay_between_fills_minutes_close": 1422.3951402145155,
           "delay_between_fills_minutes_entry": 688.6168425563516,
           "delay_weight_close": 0,
           "delay_weight_entry": 15.349454749016614,
           "ema_dist_close": 0.002325315048937382,
           "ema_dist_entry": -0.004588026401684378,
           "ema_span_0": 1388.344305213106,
           "ema_span_1": 67.45110886512953,
           "enabled": true,
           "markup_range": 0.004191766930277547,
           "min_markup": 0.0031353099701582356,
           "n_close_orders": 8,
           "qty_pct_close": 0.017771480453551453,
           "qty_pct_entry": 0.01576745124039887,
           "wallet_exposure_limit": 0.18,
           "we_multiplier_close": 0,
           "we_multiplier_entry": 57.38037965201377}}