{"config_name": "clock_0days",
 "long": {"backwards_tp": true,
          "delay_between_fills_minutes_close": 843.6429243084889,
          "delay_between_fills_minutes_entry": 1306.060944411257,
          "delay_weight_close": 0,
          "delay_weight_entry": 11.050683141741352,
          "ema_dist_close": -2.427871681559557e-06,
          "ema_dist_entry": -0.007460440482439806,
          "ema_span_0": 48.1413291803584,
          "ema_span_1": 1016.0532274953356,
          "enabled": true,
          "markup_range": 0.04,
          "min_markup": 0.01,
          "n_close_orders": 15,
          "qty_pct_close": 0.01198508311823601,
          "qty_pct_entry": 0.01,
          "wallet_exposure_limit": 0.6,
          "we_multiplier_close": 0,
          "we_multiplier_entry": 22.197936559335805},
 "short": {"backwards_tp": true,
           "delay_between_fills_minutes_close": 991.5145073999846,
           "delay_between_fills_minutes_entry": 1126.071288915061,
           "delay_weight_close": 0,
           "delay_weight_entry": 10.87306345891472,
           "ema_dist_close": -0.007712990374046667,
           "ema_dist_entry": 0.002998363463927195,
           "ema_span_0": 1105.7269334841199,
           "ema_span_1": 310.9049341629936,
           "enabled": true,
           "markup_range": 0.03373119819578064,
           "min_markup": 0.006738643878925377,
           "n_close_orders": 11,
           "qty_pct_close": 0.02285719607136751,
           "qty_pct_entry": 0.010392304790704375,
           "wallet_exposure_limit": 0.18,
           "we_multiplier_close": 0,
           "we_multiplier_entry": 109.6199450381016}}