{"config_name": "clock_0days",
 "long": {"backwards_tp": true,
          "delay_between_fills_minutes_close": 1151.4720751900934,
          "delay_between_fills_minutes_entry": 1431.116449020836,
          "delay_weight_close": 0,
          "delay_weight_entry": 10.185840422153582,
          "ema_dist_close": -0.005758865649821412,
          "ema_dist_entry": 0.00156096123071759,
          "ema_span_0": 605.3066876715886,
          "ema_span_1": 1406.1203385808146,
          "enabled": true,
          "markup_range": 0.038014256844077984,
          "min_markup": 0.009285948232384537,
          "n_close_orders": 3,
          "qty_pct_close": 0.01737918798907131,
          "qty_pct_entry": 0.01,
          "wallet_exposure_limit": 0.6,
          "we_multiplier_close": 0,
          "we_multiplier_entry": 24.405013109414313},
 "short": {"backwards_tp": true,
           "delay_between_fills_minutes_close": 869.9245369891124,
           "delay_between_fills_minutes_entry": 753.8081781602758,
           "delay_weight_close": 0,
           "delay_weight_entry": 10.616212279851293,
           "ema_dist_close": -0.000806571023357302,
           "ema_dist_entry": 0.002574501868782276,
           "ema_span_0": 1401.8663395803271,
           "ema_span_1": 1334.5893839835828,
           "enabled": true,
           "markup_range": 0.00658763439443319,
           "min_markup": 0.008352442669387424,
           "n_close_orders": 11,
           "qty_pct_close": 0.022030805578065707,
           "qty_pct_entry": 0.02236173524236704,
           "wallet_exposure_limit": 0.18,
           "we_multiplier_close": 0,
           "we_multiplier_entry": 43.5393088580054}}