{"config_name": "clock_0days",
 "long": {"backwards_tp": true,
          "delay_between_fills_minutes_close": 383.04379265680234,
          "delay_between_fills_minutes_entry": 905.6457136989693,
          "delay_weight_close": 0,
          "delay_weight_entry": 28.24108883367738,
          "ema_dist_close": 0.0013051753926194886,
          "ema_dist_entry": -0.0027381102551145057,
          "ema_span_0": 1022.9928733100883,
          "ema_span_1": 648.21498225365,
          "enabled": true,
          "markup_range": 0.007967819988982196,
          "min_markup": 0.001781960242726651,
          "n_close_orders": 13,
          "qty_pct_close": 0.048855776512512814,
          "qty_pct_entry": 0.01155970789714733,
          "wallet_exposure_limit": 0.6,
          "we_multiplier_close": 0,
          "we_multiplier_entry": 78.14445273975713},
 "short": {"backwards_tp": true,
           "delay_between_fills_minutes_close": 1249.5390744759427,
           "delay_between_fills_minutes_entry": 610.5693829092169,
           "delay_weight_close": 0,
           "delay_weight_entry": 15.09405285047891,
           "ema_dist_close": 0.003,
           "ema_dist_entry": 0.0015300745475412183,
           "ema_span_0": 391.7074731497473,
           "ema_span_1": 1350.2009744256873,
           "enabled": true,
           "markup_range": 0.00936964538467263,
           "min_markup": 0.0018423445258999639,
           "n_close_orders": 5,
           "qty_pct_close": 0.013117431109652276,
           "qty_pct_entry": 0.017110762901776422,
           "wallet_exposure_limit": 0.18,
           "we_multiplier_close": 0,
           "we_multiplier_entry": 62.88118750607295}}