{"config_name": "clock_0days",
 "long": {"backwards_tp": true,
          "delay_between_fills_minutes_close": 558.0846079195153,
          "delay_between_fills_minutes_entry": 1307.7509936455897,
          "delay_weight_close": 0,
          "delay_weight_entry": 16.308639333571804,
          "ema_dist_close": -0.008296042738235946,
          "ema_dist_entry": 0.003,
          "ema_span_0": 207.50645176667382,
          "ema_span_1": 1425.0275221210109,
          "enabled": true,
          "markup_range": 0.0344813079772414,
          "min_markup": 0.008572452691315074,
          "n_close_orders": 9,
          "qty_pct_close": 0.0454929695652503,
          "qty_pct_entry": 0.01,
          "wallet_exposure_limit": 0.6,
          "we_multiplier_close": 0,
          "we_multiplier_entry": 20.617907219924284},
 "short": {"backwards_tp": true,
           "delay_between_fills_minutes_close": 1318.7677266282803,
           "delay_between_fills_minutes_entry": 474.530685833054,
           "delay_weight_close": 0,
           "delay_weight_entry": 0,
           "ema_dist_close": -0.0030907095242814512,
           "ema_dist_entry": -0.0007782100633216631,
           "ema_span_0": 1419.8643532555598,
           "ema_span_1": 1350.0030996824062,
           "enabled": true,
           "markup_range": 0.0004956355073557101,
           "min_markup": 0.004358671235813731,
           "n_close_orders": 14,
           "qty_pct_close": 0.012256257248799713,
           "qty_pct_entry": 0.018946994040220624,
           "wallet_exposure_limit": 0.18,
           "we_multiplier_close": 0,
           "we_multiplier_entry": 93.26073676495372}}