{"config_name": "clock_0days",
 "long": {"backwards_tp": true,
          "delay_between_fills_minutes_close": 1375.430483452832,
          "delay_between_fills_minutes_entry": 869.8581360232319,
          "delay_weight_close": 0,
          "delay_weight_entry": 19.48354642728122,
          "ema_dist_close": -0.01,
          "ema_dist_entry": -0.0013047026799908083,
          "ema_span_0": 721.1266600770356,
          "ema_span_1": 902.1744455932356,
          "enabled": true,
          "markup_range": 0.004588383443448828,
          "min_markup": 0.005404367264143464,
          "n_close_orders": 14,
          "qty_pct_close": 0.01,
          "qty_pct_entry": 0.011864098898154748,
          "wallet_exposure_limit": 0.6,
          "we_multiplier_close": 0,
          "we_multiplier_entry": 96.06595871033517},
 "short": {"backwards_tp": true,
           "delay_between_fills_minutes_close": 1184.519172376051,
           "delay_between_fills_minutes_entry": 310.4514178205745,
           "delay_weight_close": 0,
           "delay_weight_entry": 8.260135038195669,
           "ema_dist_close": -0.001003833113291131,
           "ema_dist_entry": 0.003,
           "ema_span_0": 123.59444757644712,
           "ema_span_1": 1318.4102103875427,
           "enabled": true,
           "markup_range": 0.00016178614064786307,
           "min_markup": 0.005632691839799332,
           "n_close_orders": 12,
           "qty_pct_close": 0.01219449909908421,
           "qty_pct_entry": 0.023151164462562004,
           "wallet_exposure_limit": 0.18,
           "we_multiplier_close": 0,
           "we_multiplier_entry": 43.44877030175822}}