{"config_name": "clock_0days",
 "long": {"backwards_tp": true,
          "delay_between_fills_minutes_close": 952.4863225663385,
          "delay_between_fills_minutes_entry": 1119.9095437792487,
          "delay_weight_close": 0,
          "delay_weight_entry": 22.737600855752586,
          "ema_dist_close": -0.02517416530793887,
          "ema_dist_entry": -0.003806456689542901,
          "ema_span_0": 1224.006467285983,
          "ema_span_1": 1329.5560309196915,
          "enabled": true,
          "markup_range": 0.00739973587974937,
          "min_markup": 0.005797060480304188,
          "n_close_orders": 11,
          "qty_pct_close": 0.01145113421574382,
          "qty_pct_entry": 0.012040590684378471,
          "wallet_exposure_limit": 0.6,
          "we_multiplier_close": 0,
          "we_multiplier_entry": 193.52090337077703},
 "short": {"backwards_tp": true,
           "delay_between_fills_minutes_close": 1069.4805577822272,
           "delay_between_fills_minutes_entry": 838.68660037627,
           "delay_weight_close": 0,
           "delay_weight_entry": 9.819952681252937,
           "ema_dist_close": 0.003,
           "ema_dist_entry": 0.003,
           "ema_span_0": 509.73851623514986,
           "ema_span_1": 968.8686014866526,
           "enabled": true,
           "markup_range": 0.0032096899386883657,
           "min_markup": 0.01,
           "n_close_orders": 2,
           "qty_pct_close": 0.013817965115977479,
           "qty_pct_entry": 0.025467307010634974,
           "wallet_exposure_limit": 0.18,
           "we_multiplier_close": 0,
           "we_multiplier_entry": 63.16062637637937}}