{"config_name": "clock_0days",
 "long": {"backwards_tp": true,
          "delay_between_fills_minutes_close": 252.06848723716223,
          "delay_between_fills_minutes_entry": 1235.370749135725,
          "delay_weight_close": 0,
          "delay_weight_entry": 19.48956179676295,
          "ema_dist_close": -0.006144030268002837,
          "ema_dist_entry": 0.003,
          "ema_span_0": 1381.380360256987,
          "ema_span_1": 26.140789639849395,
          "enabled": true,
          "markup_range": 0.02446112812812037,
          "min_markup": 0.00784131629467766,
          "n_close_orders": 15,
          "qty_pct_close": 0.017411328881979667,
          "qty_pct_entry": 0.018870189144763846,
          "wallet_exposure_limit": 0.6,
          "we_multiplier_close": 0,
          "we_multiplier_entry": 69.97007445340759},
 "short": {"backwards_tp": true,
           "delay_between_fills_minutes_close": 1037.7395991067222,
           "delay_between_fills_minutes_entry": 1246.0157429193916,
           "delay_weight_close": 0,
           "delay_weight_entry": 34.6627923257009,
           "ema_dist_close": -0.009913190138152948,
           "ema_dist_entry": 0.0016972845682180328,
           "ema_span_0": 1237.224472893162,
           "ema_span_1": 1201.057407793455,
           "enabled": true,
           "markup_range": 0.03179504793610968,
           "min_markup": 0.0047816011257057105,
           "n_close_orders": 9,
           "qty_pct_close": 0.043840678397929655,
           "qty_pct_entry": 0.013132729554668198,
           "wallet_exposure_limit": 0.18,
           "we_multiplier_close": 0,
           "we_multiplier_entry": 21.434664340718896}}