{"config_name": "clock_0days",
 "long": {"backwards_tp": true,
          "delay_between_fills_minutes_close": 1367.308434706075,
          "delay_between_fills_minutes_entry": 1399.616464790737,
          "delay_weight_close": 0,
          "delay_weight_entry": 17.57635790843667,
          "ema_dist_close": 0.003,
          "ema_dist_entry": 0.003,
          "ema_span_0": 1347.8026291091355,
          "ema_span_1": 347.8868978856829,
          "enabled": true,
          "markup_range": 0.005360568068139823,
          "min_markup": 0.005369200680638196,
          "n_close_orders": 8,
          "qty_pct_close": 0.045214828769096056,
          "qty_pct_entry": 0.02049001399197966,
          "wallet_exposure_limit": 0.6,
          "we_multiplier_close": 0,
          "we_multiplier_entry": 174.69914317343637},
 "short": {"backwards_tp": true,
           "delay_between_fills_minutes_close": 916.2023491341358,
           "delay_between_fills_minutes_entry": 1174.4760346102337,
           "delay_weight_close": 0,
           "delay_weight_entry": 6.425778504234508,
           "ema_dist_close": -0.004173864047552363,
           "ema_dist_entry": 0.0025631434172201173,
           "ema_span_0": 388.00577585049587,
           "ema_span_1": 1409.309726712052,
           "enabled": true,
           "markup_range": 0.014911180858069598,
           "min_markup": 0.008217620851325269,
           "n_close_orders": 15,
           "qty_pct_close": 0.015223263022115631,
           "qty_pct_entry": 0.021041718082806558,
           "wallet_exposure_limit": 0.18,
           "we_multiplier_close": 0,
           "we_multiplier_entry": 125.24584096928879}}