{"config_name": "clock_0days",
 "long": {"backwards_tp": true,
          "delay_between_fills_minutes_close": 1054.704274209017,
          "delay_between_fills_minutes_entry": 1247.8096423786342,
          "delay_weight_close": 0,
          "delay_weight_entry": 22.41957407749744,
          "ema_dist_close": -0.005292417363399566,
          "ema_dist_entry": -0.0009612736249814474,
          "ema_span_0": 919.0885987750497,
          "ema_span_1": 835.9666979905143,
          "enabled": true,
          "markup_range": 0.006125898944403525,
          "min_markup": 0.00931184491856499,
          "n_close_orders": 4,
          "qty_pct_close": 0.04171344321274863,
          "qty_pct_entry": 0.012269390900325803,
          "wallet_exposure_limit": 0.6,
          "we_multiplier_close": 0,
          "we_multiplier_entry": 65.20551240722658},
 "short": {"backwards_tp": true,
           "delay_between_fills_minutes_close": 1399.4006327214481,
           "delay_between_fills_minutes_entry": 975.3731197074188,
           "delay_weight_close": 0,
           "delay_weight_entry": 11.851025054354476,
           "ema_dist_close": -0.002606371784117094,
           "ema_dist_entry": 0.003,
           "ema_span_0": 1221.893141779789,
           "ema_span_1": 1440,
           "enabled": true,
           "markup_range": 0.011351822083760248,
           "min_markup": 0.005981833290243098,
           "n_close_orders": 12,
           "qty_pct_close": 0.017050714692518586,
           "qty_pct_entry": 0.016892440203412955,
           "wallet_exposure_limit": 0.18,
           "we_multiplier_close": 0,
           "we_multiplier_entry": 26.32274823545426}}