{"config_name": "recursive_grid_0days",
 "logging_level": 0,
 "long": {"auto_unstuck_ema_dist": 0,
          "auto_unstuck_wallet_exposure_threshold": 0,
          "backwards_tp": false,
          "ddown_factor": 1.007548124529039,
          "ema_span_0": 162.52754642348773,
          "ema_span_1": 843.2693199874401,
          "enabled": true,
          "initial_eprice_ema_dist": -0.1,
          "initial_qty_pct": 0.0029961564263079536,
          "markup_range": 0.0384972601873179,
          "min_markup": 0.0020927018567210155,
          "n_close_orders": 3,
          "rentry_pprice_dist": 0.029446288780533125,
          "rentry_pprice_dist_wallet_exposure_weighting": 0,
          "wallet_exposure_limit": 0.2},
 "short": {"auto_unstuck_ema_dist": 0.011583082530255678,
           "auto_unstuck_wallet_exposure_threshold": 0.06465826442887036,
           "backwards_tp": true,
           "ddown_factor": 0.3612925422066085,
           "ema_span_0": 3252.5045209035193,
           "ema_span_1": 6365.658506272933,
           "enabled": false,
           "initial_eprice_ema_dist": -0.05027036408717032,
           "initial_qty_pct": 0.015,
           "markup_range": 0.021261179722688463,
           "min_markup": 0.0030561348225245023,
           "n_close_orders": 5,
           "rentry_pprice_dist": 0.04646599512816098,
           "rentry_pprice_dist_wallet_exposure_weighting": 5.561776928852453,
           "wallet_exposure_limit": 0.1}}
