{"config_name": "clock_0days",
 "long": {"backwards_tp": true,
          "delay_between_fills_minutes_close": 1330.1486021411986,
          "delay_between_fills_minutes_entry": 1386.7080447764008,
          "delay_weight_close": 81.79851512125202,
          "delay_weight_entry": 11.385465803453478,
          "ema_dist_close": 0.003963145100502392,
          "ema_dist_entry": -0.002171680692714568,
          "ema_span_0": 1263.3254606607425,
          "ema_span_1": 41.8612123490237,
          "enabled": true,
          "markup_range": 0.0320786030124918,
          "min_markup": 0.0094931620224422,
          "n_close_orders": 2,
          "qty_pct_close": 0.010988017719084647,
          "qty_pct_entry": 0.01574703945328628,
          "wallet_exposure_limit": 0.4,
          "we_multiplier_close": 0.8144333587071486,
          "we_multiplier_entry": 19.22292489912837},
 "short": {"backwards_tp": true,
           "delay_between_fills_minutes_close": 905.9782239456781,
           "delay_between_fills_minutes_entry": 333.0814660166041,
           "delay_weight_close": 35.22044968038486,
           "delay_weight_entry": 6.698381771940531,
           "ema_dist_close": -0.046672444560825706,
           "ema_dist_entry": -0.02304150506312391,
           "ema_span_0": 919.3505376428411,
           "ema_span_1": 800.7760051252109,
           "enabled": false,
           "markup_range": 0.005716972340659405,
           "min_markup": 0.0066961677190076115,
           "n_close_orders": 7,
           "qty_pct_close": 0.03794058881955098,
           "qty_pct_entry": 0.08733891668060263,
           "wallet_exposure_limit": 1.0,
           "we_multiplier_close": 50.65695632853555,
           "we_multiplier_entry": 45.57651814060307}}