{"config_name": "recursive_grid_0days",
 "logging_level": 0,
 "long": {"auto_unstuck_ema_dist": 0.04184904663170967,
          "auto_unstuck_wallet_exposure_threshold": 0.028097852626615856,
          "backwards_tp": false,
          "ddown_factor": 2.162582478660675,
          "ema_span_0": 666.4901851732859,
          "ema_span_1": 7077.355740604339,
          "enabled": false,
          "initial_eprice_ema_dist": -0.06955678905178188,
          "initial_qty_pct": 0.015,
          "markup_range": 0.029803296165457984,
          "min_markup": 0.00255278342476966,
          "n_close_orders": 13,
          "rentry_pprice_dist": 0.021227935192381055,
          "rentry_pprice_dist_wallet_exposure_weighting": 59.98799529100883,
          "wallet_exposure_limit": 0.1},
 "short": {"auto_unstuck_ema_dist": 0,
           "auto_unstuck_wallet_exposure_threshold": 0,
           "backwards_tp": false,
           "ddown_factor": 0.13599558739602394,
           "ema_span_0": 2880.774162895604,
           "ema_span_1": 2755.100209033578,
           "enabled": true,
           "initial_eprice_ema_dist": -0.036656797711093425,
           "initial_qty_pct": 0.001,
           "markup_range": 0.029705240010942918,
           "min_markup": 0.019383548502943552,
           "n_close_orders": 4,
           "rentry_pprice_dist": 0.031164221616589424,
           "rentry_pprice_dist_wallet_exposure_weighting": 0,
           "wallet_exposure_limit": 0.2}}