{"config_name": "clock_0days",
 "long": {"delay_between_fills_minutes_close": 376.47243181253526,
          "delay_between_fills_minutes_entry": 496.05011060004955,
          "delay_weight_close": 139.40768495369426,
          "delay_weight_entry": 37.0423188678826,
          "ema_dist_lower": 0.010094703850744098,
          "ema_dist_upper": -0.022446145525010314,
          "ema_span_0": 300.6739355911801,
          "ema_span_1": 273.2918417613925,
          "enabled": true,
          "markup_range": 0.022735362474698848,
          "min_markup": 0.029192544236621213,
          "n_close_orders": 3,
          "qty_pct_close": 0.010952825911443087,
          "qty_pct_entry": 0.019402569887154882,
          "wallet_exposure_limit": 0.3,
          "we_multiplier_close": 18.162521095441107,
          "we_multiplier_entry": 89.4402182574746},
 "short": {"delay_between_fills_minutes_close": 1213.7837262611479,
           "delay_between_fills_minutes_entry": 167.84032474640583,
           "delay_weight_close": 13.105607094736722,
           "delay_weight_entry": 5.008665138210904,
           "ema_dist_lower": 0.013382082069705427,
           "ema_dist_upper": 0.019362024566723784,
           "ema_span_0": 457.78485113862774,
           "ema_span_1": 476.3333581071749,
           "enabled": false,
           "markup_range": 0.03131612659815252,
           "min_markup": 0.014055023343625543,
           "n_close_orders": 3,
           "qty_pct_close": 0.09913118656666683,
           "qty_pct_entry": 0.08214399410131205,
           "wallet_exposure_limit": 1.0,
           "we_multiplier_close": 1.1750744901777987,
           "we_multiplier_entry": 30.17322437964178}}