{"config_name": "neat_grid_0days",
 "logging_level": 0,
 "long": {"auto_unstuck_ema_dist": 0.03319274006740368,
          "auto_unstuck_wallet_exposure_threshold": 0.28483586175037967,
          "backwards_tp": true,
          "ema_span_0": 348.85328772741656,
          "ema_span_1": 416.7937173867649,
          "enabled": true,
          "eprice_exp_base": 1.131718308960258,
          "eqty_exp_base": 1.1553796437201231,
          "grid_span": 0.20415224353061265,
          "initial_eprice_ema_dist": -0.09972723932594983,
          "initial_qty_pct": 0.01,
          "markup_range": 0.0018311423862816057,
          "max_n_entry_orders": 7,
          "min_markup": 0.002,
          "n_close_orders": 18,
          "wallet_exposure_limit": 0.2},
 "short": {"auto_unstuck_ema_dist": 0.01798576916294291,
           "auto_unstuck_wallet_exposure_threshold": 0.5620396645729887,
           "backwards_tp": true,
           "ema_span_0": 1970.9964691229713,
           "ema_span_1": 5289.403776073653,
           "enabled": true,
           "eprice_exp_base": 1.2515270252955364,
           "eqty_exp_base": 1.8174988570626387,
           "grid_span": 0.20048352638931963,
           "initial_eprice_ema_dist": -0.08515475768347526,
           "initial_qty_pct": 0.01,
           "markup_range": 0.0022332202101325487,
           "max_n_entry_orders": 11,
           "min_markup": 0.002,
           "n_close_orders": 8,
           "wallet_exposure_limit": 0.1}}