{"config_name": "recursive_grid_0days",
 "logging_level": 0,
 "long": {"auto_unstuck_ema_dist": 0,
          "auto_unstuck_wallet_exposure_threshold": 0,
          "backwards_tp": false,
          "ddown_factor": 2.4388375087572496,
          "ema_span_0": 961.1688537264415,
          "ema_span_1": 344.13054983148584,
          "enabled": true,
          "initial_eprice_ema_dist": 0,
          "initial_qty_pct": 0.0012112768544273458,
          "markup_range": 0.02487856150289303,
          "min_markup": 0.01287031250583336,
          "n_close_orders": 5,
          "rentry_pprice_dist": 0.02521709947042047,
          "rentry_pprice_dist_wallet_exposure_weighting": 0,
          "wallet_exposure_limit": 0.2},
 "short": {"auto_unstuck_ema_dist": 0.02925438396897422,
           "auto_unstuck_wallet_exposure_threshold": 0.02685301112247883,
           "backwards_tp": true,
           "ddown_factor": 2.3146803860544902,
           "ema_span_0": 3589.9111086777307,
           "ema_span_1": 4603.205412348528,
           "enabled": false,
           "initial_eprice_ema_dist": 0.005441626771608948,
           "initial_qty_pct": 0.015,
           "markup_range": 0.015670242550961666,
           "min_markup": 0.0026431068258326203,
           "n_close_orders": 15,
           "rentry_pprice_dist": 0.022984671694425935,
           "rentry_pprice_dist_wallet_exposure_weighting": 71.60666952289041,
           "wallet_exposure_limit": 0.1}}