{"config_name": "recursive_grid_RUNEUSDT_738days",
 "logging_level": 0,
 "long": {"auto_unstuck_ema_dist": 0.003,
          "auto_unstuck_wallet_exposure_threshold": 0.046061103639772394,
          "backwards_tp": false,
          "ddown_factor": 1.0296117651814003,
          "ema_span_0": 985.2763965765856,
          "ema_span_1": 220.30836329978047,
          "enabled": true,
          "initial_eprice_ema_dist": -0.1,
          "initial_qty_pct": 0.0018155029558821543,
          "markup_range": 0.03946128288176045,
          "min_markup": 0.006150144540816092,
          "n_close_orders": 7,
          "rentry_pprice_dist": 0.027396232529792754,
          "rentry_pprice_dist_wallet_exposure_weighting": 2.2410912006454407,
          "wallet_exposure_limit": 0.3},
 "short": {"auto_unstuck_ema_dist": -0.007427214873252749,
           "auto_unstuck_wallet_exposure_threshold": 0.060686979933548255,
           "backwards_tp": true,
           "ddown_factor": 0.8404282760414614,
           "ema_span_0": 263.7817208989397,
           "ema_span_1": 194.6335177554512,
           "enabled": false,
           "initial_eprice_ema_dist": -0.016046857776976453,
           "initial_qty_pct": 0.09095119993614961,
           "markup_range": 0.0013587982080435455,
           "min_markup": 0.0011109900291507476,
           "n_close_orders": 5,
           "rentry_pprice_dist": 0.026427596744133235,
           "rentry_pprice_dist_wallet_exposure_weighting": 0.34845555385043747,
           "wallet_exposure_limit": 1.0}}