{"config_name": "clock_0days",
 "long": {"delay_between_fills_minutes_close": 352.9311916425118,
          "delay_between_fills_minutes_entry": 357.5487693125238,
          "delay_weight_close": 43.52806896051107,
          "delay_weight_entry": 24.129573490231653,
          "ema_dist_lower": 0,
          "ema_dist_upper": -0.04861075934501816,
          "ema_span_0": 410.54866626819796,
          "ema_span_1": 866.5252253000806,
          "enabled": true,
          "markup_range": 0.03956980040694012,
          "min_markup": 0.019082179895800667,
          "n_close_orders": 4,
          "qty_pct_close": 0.014641961801269508,
          "qty_pct_entry": 0.010388121209370032,
          "wallet_exposure_limit": 0.3,
          "we_multiplier_close": 107.93156460362219,
          "we_multiplier_entry": 116.42508609039452},
 "short": {"delay_between_fills_minutes_close": 821.9753111120965,
           "delay_between_fills_minutes_entry": 742.2931443123355,
           "delay_weight_close": 15.399998653451927,
           "delay_weight_entry": 16.181862619970524,
           "ema_dist_lower": 0.013227514491657124,
           "ema_dist_upper": 0.012168059610630203,
           "ema_span_0": 878.0489566181794,
           "ema_span_1": 1226.1501674868439,
           "enabled": false,
           "markup_range": 0.0655402377221372,
           "min_markup": 0.01977950590097826,
           "n_close_orders": 6,
           "qty_pct_close": 0.05028981139593794,
           "qty_pct_entry": 0.09565750644415516,
           "wallet_exposure_limit": 1.0,
           "we_multiplier_close": 5.934673110019939,
           "we_multiplier_entry": 43.776857031028726}}