{"config_name": "clock_0days",
 "long": {"delay_between_fills_minutes_close": 204.5619577512083,
          "delay_between_fills_minutes_entry": 230.22235365951175,
          "delay_weight_close": 4.805828295577921,
          "delay_weight_entry": 18.199255893492197,
          "ema_dist_lower": -0.007346709439017791,
          "ema_dist_upper": 0,
          "ema_span_0": 577.9973961942853,
          "ema_span_1": 571.439627805539,
          "enabled": true,
          "markup_range": 0.02616501154520675,
          "min_markup": 0.008601246052337568,
          "n_close_orders": 2,
          "qty_pct_close": 0.01910239278763693,
          "qty_pct_entry": 0.010445690412571013,
          "wallet_exposure_limit": 0.3,
          "we_multiplier_close": 92.74764279089347,
          "we_multiplier_entry": 71.82910147628547},
 "short": {"delay_between_fills_minutes_close": 1130.620527977836,
           "delay_between_fills_minutes_entry": 804.3355940235741,
           "delay_weight_close": 13.411646250745735,
           "delay_weight_entry": 18.020896333303178,
           "ema_dist_lower": 0.01897972271708813,
           "ema_dist_upper": 0.016865896376048375,
           "ema_span_0": 907.1163282823721,
           "ema_span_1": 1053.3091740054967,
           "enabled": false,
           "markup_range": 0.07780646495099443,
           "min_markup": 0.09573036867647422,
           "n_close_orders": 9,
           "qty_pct_close": 0.038027564603211966,
           "qty_pct_entry": 0.09929309126447129,
           "wallet_exposure_limit": 1.0,
           "we_multiplier_close": 5.456054387737682,
           "we_multiplier_entry": 36.805198984205084}}