{"config_name": "clock_0days",
 "long": {"delay_between_fills_minutes_close": 338.2202607597217,
          "delay_between_fills_minutes_entry": 1060.5698228925446,
          "delay_weight_close": 16.76166084161705,
          "delay_weight_entry": 16.622531811665223,
          "ema_dist_lower": 0.007975655633707005,
          "ema_dist_upper": 0.004176963906648566,
          "ema_span_0": 775.0994702131708,
          "ema_span_1": 914.6968949617523,
          "enabled": true,
          "markup_range": 0.0918413494147935,
          "min_markup": 0.07831424757637875,
          "n_close_orders": 2,
          "qty_pct_close": 0.07627743395581438,
          "qty_pct_entry": 0.02187976216209056,
          "wallet_exposure_limit": 0.25,
          "we_multiplier_close": 6.852550712933249,
          "we_multiplier_entry": 37.6849750331849},
 "short": {"delay_between_fills_minutes_close": 295.5830785497096,
           "delay_between_fills_minutes_entry": 652.6170439504873,
           "delay_weight_close": 17.810206492123125,
           "delay_weight_entry": 10.234333567647717,
           "ema_dist_lower": 0.00902501181343422,
           "ema_dist_upper": 0.014127329737770651,
           "ema_span_0": 665.3093510275173,
           "ema_span_1": 803.8388162569071,
           "enabled": false,
           "markup_range": 0.00935445224872431,
           "min_markup": 0.0954396421976981,
           "n_close_orders": 12,
           "qty_pct_close": 0.05520374161674044,
           "qty_pct_entry": 0.0719337671550145,
           "wallet_exposure_limit": 1.0,
           "we_multiplier_close": 4.371791600260035,
           "we_multiplier_entry": 40.41338090608737}}