{"config_name": "recursive_grid_0days",
 "logging_level": 0,
 "long": {"auto_unstuck_ema_dist": 0.0017402929391600176,
          "auto_unstuck_wallet_exposure_threshold": 0.07654746113152947,
          "backwards_tp": true,
          "ddown_factor": 1.8057720890958053,
          "ema_span_0": 1262.4187236112134,
          "ema_span_1": 1349.8162692011417,
          "enabled": true,
          "initial_eprice_ema_dist": -0.003119015915347043,
          "initial_qty_pct": 0.018917655617809767,
          "markup_range": 0.005199672543059576,
          "min_markup": 0.002929065033876188,
          "n_close_orders": 2,
          "rentry_pprice_dist": 0.02860635155182096,
          "rentry_pprice_dist_wallet_exposure_weighting": 0.9457044246943282,
          "wallet_exposure_limit": 0.2},
 "short": {"auto_unstuck_ema_dist": -0.0847569693859293,
           "auto_unstuck_wallet_exposure_threshold": 0.08242550174079685,
           "backwards_tp": true,
           "ddown_factor": 1.2421155792468852,
           "ema_span_0": 1025.2316908684793,
           "ema_span_1": 305.7288492723678,
           "enabled": false,
           "initial_eprice_ema_dist": -0.0036920328772487576,
           "initial_qty_pct": 0.06822425673247405,
           "markup_range": 0.001283038780175416,
           "min_markup": 0.009221444429885848,
           "n_close_orders": 14,
           "rentry_pprice_dist": 0.0065779648940857555,
           "rentry_pprice_dist_wallet_exposure_weighting": 4.423124097621159,
           "wallet_exposure_limit": 1.0}}