{"config_name": "clock_0days",
 "long": {"backwards_tp": true,
          "delay_between_fills_minutes_close": 747.951958250543,
          "delay_between_fills_minutes_entry": 749.4307480209819,
          "delay_weight_close": 0,
          "delay_weight_entry": 64.52836941119313,
          "ema_dist_close": -0.001837376276561743,
          "ema_dist_entry": 0.0019198911954134024,
          "ema_span_0": 961.7121806818864,
          "ema_span_1": 1092.6580976093817,
          "enabled": true,
          "markup_range": 0.0014225403928806457,
          "min_markup": 0.002292793814674603,
          "n_close_orders": 16,
          "qty_pct_close": 0.01,
          "qty_pct_entry": 0.011457907183243058,
          "wallet_exposure_limit": 0.4,
          "we_multiplier_close": 0.0,
          "we_multiplier_entry": 52.17962657054529},
 "short": {"backwards_tp": true,
           "delay_between_fills_minutes_close": 1142.157547423023,
           "delay_between_fills_minutes_entry": 532.2902683806578,
           "delay_weight_close": 0.0,
           "delay_weight_entry": 78.89895115782699,
           "ema_dist_close": -0.0021529754140083637,
           "ema_dist_entry": -0.04131967392748116,
           "ema_span_0": 37.2653319009603,
           "ema_span_1": 653.2051933358259,
           "enabled": false,
           "markup_range": 0.011888817398413304,
           "min_markup": 0.00791994194903587,
           "n_close_orders": 11,
           "qty_pct_close": 0.018779136861790058,
           "qty_pct_entry": 0.04993621090106776,
           "wallet_exposure_limit": 1.0,
           "we_multiplier_close": 0.0,
           "we_multiplier_entry": 48.18950272915742}}