{"config_name": "clock_0days",
 "long": {"delay_between_fills_minutes_close": 454.5162621143506,
          "delay_between_fills_minutes_entry": 341.0338991394539,
          "delay_weight_close": 58.236421286329616,
          "delay_weight_entry": 19.422370946056546,
          "ema_dist_lower": 0.010598939418329473,
          "ema_dist_upper": -0.014763405094675,
          "ema_span_0": 474.8663171794119,
          "ema_span_1": 574.3835369090498,
          "enabled": true,
          "markup_range": 0.020032755863338147,
          "min_markup": 0.02262134031346994,
          "n_close_orders": 5,
          "qty_pct_close": 0.010349753187071407,
          "qty_pct_entry": 0.012668028613733567,
          "wallet_exposure_limit": 0.3,
          "we_multiplier_close": 26.429176142998614,
          "we_multiplier_entry": 61.86953928039932},
 "short": {"delay_between_fills_minutes_close": 1041.2594166697631,
           "delay_between_fills_minutes_entry": 750.0096239797299,
           "delay_weight_close": 16.313546632157816,
           "delay_weight_entry": 18.398395265885245,
           "ema_dist_lower": 0.00386309567764193,
           "ema_dist_upper": 0.011118413981508566,
           "ema_span_0": 264.76150113243943,
           "ema_span_1": 888.5459442195279,
           "enabled": false,
           "markup_range": 0.09824350285687952,
           "min_markup": 0.008723922741882766,
           "n_close_orders": 12,
           "qty_pct_close": 0.05632025364061019,
           "qty_pct_entry": 0.05458812659626487,
           "wallet_exposure_limit": 1.0,
           "we_multiplier_close": 9.830136043789262,
           "we_multiplier_entry": 57.71578770843113}}