{"config_name": "recursive_grid_DOGEUSDT_1160days",
 "logging_level": 0,
 "long": {"auto_unstuck_delay_minutes": 0,
          "auto_unstuck_ema_dist": -0.09208644884555699,
          "auto_unstuck_qty_pct": 0,
          "auto_unstuck_wallet_exposure_threshold": 0.01209121987705413,
          "backwards_tp": true,
          "ddown_factor": 1.521299729317791,
          "ema_span_0": 972.1002718569455,
          "ema_span_1": 976.8966157939857,
          "enabled": true,
          "initial_eprice_ema_dist": 0.008237229320836275,
          "initial_qty_pct": 0.012153558330583916,
          "markup_range": 0.004813708478132615,
          "min_markup": 0.00822574250743463,
          "n_close_orders": 3,
          "rentry_pprice_dist": 0.022299685280895647,
          "rentry_pprice_dist_wallet_exposure_weighting": 1.0662530168465396,
          "wallet_exposure_limit": 1},
 "short": {"auto_unstuck_delay_minutes": 0.0,
           "auto_unstuck_ema_dist": -0.0995514998687266,
           "auto_unstuck_qty_pct": 0.0,
           "auto_unstuck_wallet_exposure_threshold": 0.01670005671032216,
           "backwards_tp": true,
           "ddown_factor": 2.9746931867427557,
           "ema_span_0": 372.45374161934603,
           "ema_span_1": 388.72218575562107,
           "enabled": false,
           "initial_eprice_ema_dist": 0.00333346364417577,
           "initial_qty_pct": 0.01753366731916563,
           "markup_range": 0.04767957677679677,
           "min_markup": 0.002955870720579523,
           "n_close_orders": 6,
           "rentry_pprice_dist": 0.0294309873139924,
           "rentry_pprice_dist_wallet_exposure_weighting": 5.710275897342705,
           "wallet_exposure_limit": 1.0}}