{"config_name": "neat_grid_0days",
 "logging_level": 0,
 "long": {"auto_unstuck_ema_dist": 0.0039849987752928915,
          "auto_unstuck_wallet_exposure_threshold": 0.5224535170412538,
          "backwards_tp": true,
          "ema_span_0": 2000,
          "ema_span_1": 2024.6656854492664,
          "enabled": true,
          "eprice_exp_base": 1.2769513297856676,
          "eqty_exp_base": 1.3515971963714004,
          "grid_span": 0.1567920902767432,
          "initial_eprice_ema_dist": -0.03436280423857255,
          "initial_qty_pct": 0.01,
          "markup_range": 0.00230221676300574,
          "max_n_entry_orders": 7,
          "min_markup": 0.002,
          "n_close_orders": 13,
          "wallet_exposure_limit": 0.2},
 "short": {"auto_unstuck_ema_dist": 0.04959018524228561,
           "auto_unstuck_wallet_exposure_threshold": 0.5904743922741392,
           "backwards_tp": true,
           "ema_span_0": 2682.9523892743046,
           "ema_span_1": 3013.9061725577367,
           "enabled": true,
           "eprice_exp_base": 2.3482141713894134,
           "eqty_exp_base": 2.1276638607919294,
           "grid_span": 0.25913362971566384,
           "initial_eprice_ema_dist": -0.047855134059526,
           "initial_qty_pct": 0.01,
           "markup_range": 0.003,
           "max_n_entry_orders": 9,
           "min_markup": 0.002,
           "n_close_orders": 7,
           "wallet_exposure_limit": 0.1}}