{"config_name": "recursive_grid_0days",
 "logging_level": 0,
 "long": {"auto_unstuck_ema_dist": 0.004535908004917562,
          "auto_unstuck_wallet_exposure_threshold": 0.4331470647919652,
          "backwards_tp": true,
          "ddown_factor": 0.8782112870847201,
          "ema_span_0": 73.82448668480329,
          "ema_span_1": 110.79034075050063,
          "enabled": true,
          "initial_eprice_ema_dist": -0.08743463733881013,
          "initial_qty_pct": 0.0119041882750942,
          "markup_range": 0.004215374807532448,
          "min_markup": 0.003953492624043441,
          "n_close_orders": 14,
          "rentry_pprice_dist": 0.019962827094976,
          "rentry_pprice_dist_wallet_exposure_weighting": 0,
          "wallet_exposure_limit": 0.2},
 "short": {"auto_unstuck_ema_dist": 0.026844194388255273,
           "auto_unstuck_wallet_exposure_threshold": 0.031436490603550485,
           "backwards_tp": true,
           "ddown_factor": 1.378732824619599,
           "ema_span_0": 3293.1444019422283,
           "ema_span_1": 2248.002709383889,
           "enabled": false,
           "initial_eprice_ema_dist": -0.02324432016574743,
           "initial_qty_pct": 0.015,
           "markup_range": 0.010446964887529477,
           "min_markup": 0.0023617131217455204,
           "n_close_orders": 19,
           "rentry_pprice_dist": 0.010455789644021267,
           "rentry_pprice_dist_wallet_exposure_weighting": 13.084000782643665,
           "wallet_exposure_limit": 0.1}}