{"config_name": "clock_0days",
 "long": {"backwards_tp": true,
          "delay_between_fills_minutes_close": 59.003862065372985,
          "delay_between_fills_minutes_entry": 704.5412561624584,
          "delay_weight_close": 51.11490013205105,
          "delay_weight_entry": 8.338271255092929,
          "ema_dist_close": 0.0016526469347257645,
          "ema_dist_entry": 0.008867466291204773,
          "ema_span_0": 546.3797173211767,
          "ema_span_1": 818.8862968125436,
          "enabled": true,
          "markup_range": 0.03927337561601223,
          "min_markup": 0.08612854618680091,
          "n_close_orders": 14,
          "qty_pct_close": 0.2691771971885006,
          "qty_pct_entry": 0.016121285328533658,
          "wallet_exposure_limit": 0.4,
          "we_multiplier_close": 2.5595443468825443,
          "we_multiplier_entry": 92.8802682024212},
 "short": {"backwards_tp": true,
           "delay_between_fills_minutes_close": 1077.989473457584,
           "delay_between_fills_minutes_entry": 1384.330888226392,
           "delay_weight_close": 21.25094001643251,
           "delay_weight_entry": 67.1760439143528,
           "ema_dist_close": -0.00882596407261664,
           "ema_dist_entry": -0.017823569036517148,
           "ema_span_0": 1169.1421964591377,
           "ema_span_1": 1034.5927857258735,
           "enabled": false,
           "markup_range": 0.0515806421802157,
           "min_markup": 0.0062845517977133825,
           "n_close_orders": 5,
           "qty_pct_close": 0.06288024935249112,
           "qty_pct_entry": 0.067072505407935,
           "wallet_exposure_limit": 1.0,
           "we_multiplier_close": 53.02136645536697,
           "we_multiplier_entry": 60.05709364880041}}