{"config_name": "clock_0days",
 "long": {"delay_between_fills_minutes_close": 241.78879651848737,
          "delay_between_fills_minutes_entry": 273.85289376508166,
          "delay_weight_close": 89.05962505082697,
          "delay_weight_entry": 23.249220726964406,
          "ema_dist_lower": -0.002851568985458474,
          "ema_dist_upper": -0.04767567087828908,
          "ema_span_0": 592.9164163073974,
          "ema_span_1": 1000,
          "enabled": true,
          "markup_range": 0.028194697299200534,
          "min_markup": 0.03,
          "n_close_orders": 5,
          "qty_pct_close": 0.01078375253357717,
          "qty_pct_entry": 0.01,
          "wallet_exposure_limit": 0.3,
          "we_multiplier_close": 23.662835864568518,
          "we_multiplier_entry": 39.54774981131498},
 "short": {"delay_between_fills_minutes_close": 1283.3191440984451,
           "delay_between_fills_minutes_entry": 410.4128160796025,
           "delay_weight_close": 2.374663883436625,
           "delay_weight_entry": 6.814119248283152,
           "ema_dist_lower": 0.0036554453088038195,
           "ema_dist_upper": 0.008709503092214669,
           "ema_span_0": 169.19993303207278,
           "ema_span_1": 962.7702851867144,
           "enabled": false,
           "markup_range": 0.09193348992158024,
           "min_markup": 0.08937987949419353,
           "n_close_orders": 14,
           "qty_pct_close": 0.07231909806634791,
           "qty_pct_entry": 0.026026147431422696,
           "wallet_exposure_limit": 1.0,
           "we_multiplier_close": 9.692387216988022,
           "we_multiplier_entry": 16.55513179054751}}