{"config_name": "clock_0days",
 "long": {"delay_between_fills_minutes_close": 422.83478686,
          "delay_between_fills_minutes_entry": 493.0428238394217,
          "delay_weight_close": 101.32005013355322,
          "delay_weight_entry": 22.979788216199193,
          "ema_dist_lower": 0.008433428918387338,
          "ema_dist_upper": -0.02490247684727142,
          "ema_span_0": 896.4444302317164,
          "ema_span_1": 375.6341221691554,
          "enabled": true,
          "markup_range": 0.01851175941406203,
          "min_markup": 0.02828453193360653,
          "n_close_orders": 2,
          "qty_pct_close": 0.012560759566667787,
          "qty_pct_entry": 0.018261895361229505,
          "wallet_exposure_limit": 0.3,
          "we_multiplier_close": 11.56674709355878,
          "we_multiplier_entry": 57.95456782215066},
 "short": {"delay_between_fills_minutes_close": 1344.121373841049,
           "delay_between_fills_minutes_entry": 877.1870860887908,
           "delay_weight_close": 12.175665360861585,
           "delay_weight_entry": 15.14219651933936,
           "ema_dist_lower": 0.014471657102409705,
           "ema_dist_upper": 0.003557566834649546,
           "ema_span_0": 16.271736174333732,
           "ema_span_1": 1569.4885921373066,
           "enabled": false,
           "markup_range": 0.0011277076717003732,
           "min_markup": 0.0509082594137255,
           "n_close_orders": 13,
           "qty_pct_close": 0.08934345546349683,
           "qty_pct_entry": 0.06311978853722436,
           "wallet_exposure_limit": 1.0,
           "we_multiplier_close": 1.339517380140739,
           "we_multiplier_entry": 68.16079257184039}}