{"config_name": "emas_0days",
 "long": {"delay_between_fills_minutes_close": 373.81332279218,
          "delay_between_fills_minutes_entry": 310.342758806956,
          "delay_weight_close": -22.520744652635376,
          "delay_weight_entry": 19.539544669772315,
          "ema_dist_lower": 0.005636599351052985,
          "ema_dist_upper": 0.017579380952719843,
          "ema_span_0": 1350.4920157270062,
          "ema_span_1": 391.80603264115933,
          "enabled": true,
          "markup_range": 0.03,
          "min_markup": 0.02,
          "n_close_orders": 2,
          "qty_pct_close": 0.07259658944287885,
          "qty_pct_entry": 0.001,
          "wallet_exposure_limit": 1,
          "we_multiplier_close": 0,
          "we_multiplier_entry": 65.91623932537173},
 "short": {"delay_between_fills_minutes_close": 2016.393840192259,
           "delay_between_fills_minutes_entry": 60.180141391673615,
           "delay_weight_close": -13.799869274507003,
           "delay_weight_entry": 56.14545709859798,
           "ema_dist_lower": 0.006652917057538208,
           "ema_dist_upper": 0.0019017159713375631,
           "ema_span_0": 633.2733644376707,
           "ema_span_1": 794.4593231199194,
           "enabled": false,
           "markup_range": 0.021743659914670043,
           "min_markup": 0.021884416056256357,
           "n_close_orders": 3,
           "qty_pct_close": 0.024664199442387635,
           "qty_pct_entry": 0.04554346535630038,
           "wallet_exposure_limit": 1.0,
           "we_multiplier_close": 6.150265658612835,
           "we_multiplier_entry": 42.48204396900328}}