{"config_name": "recursive_grid_0days",
 "logging_level": 0,
 "long": {"auto_unstuck_ema_dist": 0.001701126804378797,
          "auto_unstuck_wallet_exposure_threshold": 0.04150570889117727,
          "backwards_tp": true,
          "ddown_factor": 1.9637596417956809,
          "ema_span_0": 1422.727560347919,
          "ema_span_1": 1365.4313400773078,
          "enabled": true,
          "initial_eprice_ema_dist": -0.00613500272844983,
          "initial_qty_pct": 0.024660759911215444,
          "markup_range": 0.0046355747400970175,
          "min_markup": 0.006014373162915621,
          "n_close_orders": 13,
          "rentry_pprice_dist": 0.03390430139858862,
          "rentry_pprice_dist_wallet_exposure_weighting": 0.0,
          "wallet_exposure_limit": 0.2},
 "short": {"auto_unstuck_ema_dist": -0.06976673917181286,
           "auto_unstuck_wallet_exposure_threshold": 0.03319205739494353,
           "backwards_tp": true,
           "ddown_factor": 1.2840063343560424,
           "ema_span_0": 788.8663174183091,
           "ema_span_1": 1341.9102173371575,
           "enabled": false,
           "initial_eprice_ema_dist": -0.08602233897093643,
           "initial_qty_pct": 0.09303084176096509,
           "markup_range": 0.00988137975100683,
           "min_markup": 0.005167069417554505,
           "n_close_orders": 5,
           "rentry_pprice_dist": 0.011694503916186169,
           "rentry_pprice_dist_wallet_exposure_weighting": 7.170156479299368,
           "wallet_exposure_limit": 1.0}}