{"config_name": "recursive_grid_0days",
 "logging_level": 0,
 "long": {"auto_unstuck_ema_dist": 0.003,
          "auto_unstuck_wallet_exposure_threshold": 0.03180913126090537,
          "backwards_tp": true,
          "ddown_factor": 2.524520684512732,
          "ema_span_0": 1222.8583767811267,
          "ema_span_1": 390.3296004504849,
          "enabled": true,
          "initial_eprice_ema_dist": -0.1,
          "initial_qty_pct": 0.02141365892137653,
          "markup_range": 0.001177464973140885,
          "min_markup": 0.002821607181855177,
          "n_close_orders": 3,
          "rentry_pprice_dist": 0.03658341327330343,
          "rentry_pprice_dist_wallet_exposure_weighting": 2.3031594990568176,
          "wallet_exposure_limit": 0.2},
 "short": {"auto_unstuck_ema_dist": -0.037640233822111166,
           "auto_unstuck_wallet_exposure_threshold": 0.058256886254588094,
           "backwards_tp": true,
           "ddown_factor": 0.46382251794067875,
           "ema_span_0": 747.3599465456921,
           "ema_span_1": 476.458253903826,
           "enabled": false,
           "initial_eprice_ema_dist": -0.017378856251557454,
           "initial_qty_pct": 0.05215892536061179,
           "markup_range": 0.022144953643173773,
           "min_markup": 0.001438668238177965,
           "n_close_orders": 10,
           "rentry_pprice_dist": 0.03334156367479376,
           "rentry_pprice_dist_wallet_exposure_weighting": 11.420710435497528,
           "wallet_exposure_limit": 1.0}}