{"config_name": "recursive_grid_0days",
 "logging_level": 0,
 "long": {"auto_unstuck_ema_dist": 0.03680606784449538,
          "auto_unstuck_wallet_exposure_threshold": 0.07419749672365072,
          "backwards_tp": true,
          "ddown_factor": 1.5884989006931134,
          "ema_span_0": 1241.2543431766699,
          "ema_span_1": 108.95607023346385,
          "enabled": true,
          "initial_eprice_ema_dist": -0.08363393701872356,
          "initial_qty_pct": 0.014399285108323702,
          "markup_range": 0.0047490852150087895,
          "min_markup": 0.004499504736832171,
          "n_close_orders": 17,
          "rentry_pprice_dist": 0.038919450679567424,
          "rentry_pprice_dist_wallet_exposure_weighting": 0.5328379890940619,
          "wallet_exposure_limit": 0.2},
 "short": {"auto_unstuck_ema_dist": 0.09354154381264837,
           "auto_unstuck_wallet_exposure_threshold": 0.34880919743749544,
           "backwards_tp": true,
           "ddown_factor": 2.85719343395045,
           "ema_span_0": 1622.5238713283393,
           "ema_span_1": 1225.0083290997698,
           "enabled": false,
           "initial_eprice_ema_dist": -0.035183784852521535,
           "initial_qty_pct": 0.03793816199832972,
           "markup_range": 0.021085809226390476,
           "min_markup": 0.014626878030760813,
           "n_close_orders": 14,
           "rentry_pprice_dist": 0.0285093617112895,
           "rentry_pprice_dist_wallet_exposure_weighting": 34.29305675646421,
           "wallet_exposure_limit": 0.1}}