{"config_name": "recursive_grid_0days",
 "logging_level": 0,
 "long": {"auto_unstuck_ema_dist": -0.0026771620542959257,
          "auto_unstuck_wallet_exposure_threshold": 0.05211668189620794,
          "backwards_tp": true,
          "ddown_factor": 1.5053855182963376,
          "ema_span_0": 1229.7978239422146,
          "ema_span_1": 1402.215614179415,
          "enabled": true,
          "initial_eprice_ema_dist": -0.004530513738600445,
          "initial_qty_pct": 0.024514625034509192,
          "markup_range": 0.003899991900188321,
          "min_markup": 0.002009960339166718,
          "n_close_orders": 13,
          "rentry_pprice_dist": 0.030063440168159032,
          "rentry_pprice_dist_wallet_exposure_weighting": 0.6850481327177876,
          "wallet_exposure_limit": 0.2},
 "short": {"auto_unstuck_ema_dist": -0.074526637672307,
           "auto_unstuck_wallet_exposure_threshold": 0.057055189556867225,
           "backwards_tp": true,
           "ddown_factor": 1.7300370547318538,
           "ema_span_0": 1058.5080908482366,
           "ema_span_1": 1054.5038028876634,
           "enabled": false,
           "initial_eprice_ema_dist": -0.09780706098681492,
           "initial_qty_pct": 0.01355423040183787,
           "markup_range": 0.009873808268709634,
           "min_markup": 0.009270030238935606,
           "n_close_orders": 4,
           "rentry_pprice_dist": 0.0077616320590930665,
           "rentry_pprice_dist_wallet_exposure_weighting": 15.485418266100568,
           "wallet_exposure_limit": 1.0}}