{"config_name": "clock_0days",
 "long": {"delay_between_fills_minutes_close": 383.5118558211716,
          "delay_between_fills_minutes_entry": 259.5358466596256,
          "delay_weight_close": 100.79519490339453,
          "delay_weight_entry": 31.722535011251722,
          "ema_dist_lower": 0.009439718860710678,
          "ema_dist_upper": -0.28897805980143493,
          "ema_span_0": 876.1028688587102,
          "ema_span_1": 743.3310081274734,
          "enabled": true,
          "markup_range": 0.029712662043704888,
          "min_markup": 0.027250786440975335,
          "n_close_orders": 5,
          "qty_pct_close": 0.01147368312118577,
          "qty_pct_entry": 0.013552956154677154,
          "wallet_exposure_limit": 0.3,
          "we_multiplier_close": 4.2420441345682205,
          "we_multiplier_entry": 36.24635882517541},
 "short": {"delay_between_fills_minutes_close": 616.5187453712997,
           "delay_between_fills_minutes_entry": 646.807136000083,
           "delay_weight_close": 5.332948654898855,
           "delay_weight_entry": 18.693539492766035,
           "ema_dist_lower": 0.014374437653358415,
           "ema_dist_upper": 0.019953800571022483,
           "ema_span_0": 522.9536697286222,
           "ema_span_1": 2079.7856247543955,
           "enabled": false,
           "markup_range": 0.03282619723624747,
           "min_markup": 0.03474665056303009,
           "n_close_orders": 2,
           "qty_pct_close": 0.09666641406118545,
           "qty_pct_entry": 0.021947128616188617,
           "wallet_exposure_limit": 1.0,
           "we_multiplier_close": 0.6876949169554691,
           "we_multiplier_entry": 0.41991965780217133}}