{"config_name": "recursive_grid_0days",
 "logging_level": 0,
 "long": {"auto_unstuck_ema_dist": 0.010384032863443244,
          "auto_unstuck_wallet_exposure_threshold": 0.06060516596730735,
          "backwards_tp": true,
          "ddown_factor": 3.3540412211051702,
          "ema_span_0": 3440.0560890086517,
          "ema_span_1": 1620.2477865378642,
          "enabled": true,
          "initial_eprice_ema_dist": -0.007770294790905596,
          "initial_qty_pct": 0.015,
          "markup_range": 0.001624840857884454,
          "min_markup": 0.0023936930212802602,
          "n_close_orders": 12,
          "rentry_pprice_dist": 0.03731409928427247,
          "rentry_pprice_dist_wallet_exposure_weighting": 3.75111018905082,
          "wallet_exposure_limit": 0.1},
 "short": {"auto_unstuck_ema_dist": 0.014407281102774956,
           "auto_unstuck_wallet_exposure_threshold": 0.015350445016777882,
           "backwards_tp": true,
           "ddown_factor": 2.8780501550086472,
           "ema_span_0": 1617.4203250993169,
           "ema_span_1": 7420.71901758155,
           "enabled": true,
           "initial_eprice_ema_dist": -0.060649085321476,
           "initial_qty_pct": 0.015,
           "markup_range": 0.0028224894171904515,
           "min_markup": 0.001752046791646233,
           "n_close_orders": 13,
           "rentry_pprice_dist": 0.02295895474565366,
           "rentry_pprice_dist_wallet_exposure_weighting": 76.50299951905615,
           "wallet_exposure_limit": 0.1}}