{"config_name": "emas_0days",
 "long": {"delay_between_fills_minutes_close": 350.5228721159878,
          "delay_between_fills_minutes_entry": 322.49878854162,
          "delay_weight_close": 97.55210864804198,
          "delay_weight_entry": 30.368132150840353,
          "ema_dist_lower": -0.021511608033247354,
          "ema_dist_upper": -0.028332208267461592,
          "ema_span_0": 503.06930052892494,
          "ema_span_1": 2085.9585076696994,
          "enabled": true,
          "markup_range": 0.025661004847656883,
          "min_markup": 0.013817456260859078,
          "n_close_orders": 5,
          "qty_pct_close": 0.06475544768133117,
          "qty_pct_entry": 0.0035541422332786175,
          "wallet_exposure_limit": 0.25,
          "we_multiplier_close": 143.85655918847158,
          "we_multiplier_entry": 144.57734031546457},
 "short": {"delay_between_fills_minutes_close": 1.0,
           "delay_between_fills_minutes_entry": 1.0,
           "delay_weight_close": 27.096947160223536,
           "delay_weight_entry": 40.11693762633567,
           "ema_dist_lower": -0.3513023188857235,
           "ema_dist_upper": -0.9759748069313245,
           "ema_span_0": 734.8949682731171,
           "ema_span_1": 465.8211803355683,
           "enabled": false,
           "markup_range": 0.0019500809951123583,
           "min_markup": 0.015320720188869912,
           "n_close_orders": 5,
           "qty_pct_close": 0.020065334878725926,
           "qty_pct_entry": 0.07143010029760083,
           "wallet_exposure_limit": 0.1,
           "we_multiplier_close": 18.90363385973947,
           "we_multiplier_entry": 4.468477626889637}}