{"config_name": "recursive_grid_0days",
 "logging_level": 0,
 "long": {"auto_unstuck_ema_dist": 0.003,
          "auto_unstuck_wallet_exposure_threshold": 0.030685291391879536,
          "backwards_tp": true,
          "ddown_factor": 1.4888226608245794,
          "ema_span_0": 1332.4338501206955,
          "ema_span_1": 1370.2465427700326,
          "enabled": true,
          "initial_eprice_ema_dist": 0.0037516077389455377,
          "initial_qty_pct": 0.026168373827046756,
          "markup_range": 0.005841840878588466,
          "min_markup": 0.0045518777125420845,
          "n_close_orders": 14,
          "rentry_pprice_dist": 0.027777956398782572,
          "rentry_pprice_dist_wallet_exposure_weighting": 1.2322302789901425,
          "wallet_exposure_limit": 0.2},
 "short": {"auto_unstuck_ema_dist": -0.027080859819571992,
           "auto_unstuck_wallet_exposure_threshold": 0.0683944411895375,
           "backwards_tp": true,
           "ddown_factor": 2.8565289575564505,
           "ema_span_0": 1228.3535177912072,
           "ema_span_1": 785.2634133834188,
           "enabled": false,
           "initial_eprice_ema_dist": -0.08219703155131274,
           "initial_qty_pct": 0.047766873347766345,
           "markup_range": 0.024554903352674597,
           "min_markup": 0.004042628257554231,
           "n_close_orders": 9,
           "rentry_pprice_dist": 0.029949598002878976,
           "rentry_pprice_dist_wallet_exposure_weighting": 19.012367922638205,
           "wallet_exposure_limit": 1.0}}