{"config_name": "clock_0days",
 "long": {"backwards_tp": true,
          "delay_between_fills_minutes_close": 895.1698043377924,
          "delay_between_fills_minutes_entry": 1148.6088957960665,
          "delay_weight_close": 85.47069932574878,
          "delay_weight_entry": 6.042875098537108,
          "ema_dist_close": 0.003,
          "ema_dist_entry": 0.003,
          "ema_span_0": 1003.0621830890409,
          "ema_span_1": 828.6006520206558,
          "enabled": true,
          "markup_range": 0.03607653077079407,
          "min_markup": 0.009769756958777477,
          "n_close_orders": 8,
          "qty_pct_close": 0.011507488288810399,
          "qty_pct_entry": 0.015537283923465641,
          "wallet_exposure_limit": 0.25,
          "we_multiplier_close": 0,
          "we_multiplier_entry": 80.34839087148922},
 "short": {"backwards_tp": true,
           "delay_between_fills_minutes_close": 1232.2659478747757,
           "delay_between_fills_minutes_entry": 1132.5257832288482,
           "delay_weight_close": 38.996790673556156,
           "delay_weight_entry": 4.9954980539776095,
           "ema_dist_close": 0.0015116167342878624,
           "ema_dist_entry": 0.0014667163242414556,
           "ema_span_0": 1440,
           "ema_span_1": 5,
           "enabled": true,
           "markup_range": 0.0036580660058041525,
           "min_markup": 0.008464168196209602,
           "n_close_orders": 10,
           "qty_pct_close": 0.018730556425972388,
           "qty_pct_entry": 0.016854080331754007,
           "wallet_exposure_limit": 0.125,
           "we_multiplier_close": 0,
           "we_multiplier_entry": 133.50749543201013}}