{"config_name": "clock_0days",
 "long": {"backwards_tp": true,
          "delay_between_fills_minutes_close": 1067.7800204200973,
          "delay_between_fills_minutes_entry": 1313.144765067079,
          "delay_weight_close": 134.0656747326445,
          "delay_weight_entry": 27.621943380419424,
          "ema_dist_close": -0.04202907032937679,
          "ema_dist_entry": 0.0017834700509114648,
          "ema_span_0": 346.0296622072879,
          "ema_span_1": 361.2121714196599,
          "enabled": true,
          "markup_range": 0.004469108915198341,
          "min_markup": 0.003491369818923971,
          "n_close_orders": 4,
          "qty_pct_close": 0.010239064564250798,
          "qty_pct_entry": 0.020385400977866248,
          "wallet_exposure_limit": 0.25,
          "we_multiplier_close": 0,
          "we_multiplier_entry": 143.80689387942581},
 "short": {"backwards_tp": true,
           "delay_between_fills_minutes_close": 1042.9030184656006,
           "delay_between_fills_minutes_entry": 1393.370973821005,
           "delay_weight_close": 187.83690475139053,
           "delay_weight_entry": 41.6731187150356,
           "ema_dist_close": 0.001958151933535872,
           "ema_dist_entry": -0.02827170173688492,
           "ema_span_0": 260.2499413248494,
           "ema_span_1": 1155.0897582982511,
           "enabled": true,
           "markup_range": 0.0,
           "min_markup": 0.0028291740385497487,
           "n_close_orders": 15,
           "qty_pct_close": 0.05,
           "qty_pct_entry": 0.026649657392945864,
           "wallet_exposure_limit": 0.125,
           "we_multiplier_close": 0.0,
           "we_multiplier_entry": 0.10936783156792784}}