{"config_name": "clock_0days",
 "long": {"backwards_tp": true,
          "delay_between_fills_minutes_close": 1288.5802310588783,
          "delay_between_fills_minutes_entry": 1159.4806236997583,
          "delay_weight_close": 116.45817700556442,
          "delay_weight_entry": 5.325646779692278,
          "ema_dist_close": -0.0012202273734656535,
          "ema_dist_entry": -0.0016521942061809992,
          "ema_span_0": 445.4533341259513,
          "ema_span_1": 1290.1612811300618,
          "enabled": true,
          "markup_range": 0.0267076996724633,
          "min_markup": 0.005150172172747106,
          "n_close_orders": 2,
          "qty_pct_close": 0.01087022997536136,
          "qty_pct_entry": 0.017991450849589773,
          "wallet_exposure_limit": 0.25,
          "we_multiplier_close": 0,
          "we_multiplier_entry": 125.95836338287798},
 "short": {"backwards_tp": true,
           "delay_between_fills_minutes_close": 1403.146794504758,
           "delay_between_fills_minutes_entry": 1318.8342447355606,
           "delay_weight_close": 158.33932860043953,
           "delay_weight_entry": 19.25892472459051,
           "ema_dist_close": -0.00685678179693815,
           "ema_dist_entry": 0.003,
           "ema_span_0": 399.6194827065731,
           "ema_span_1": 1203.6175201748556,
           "enabled": true,
           "markup_range": 0.03845233149160268,
           "min_markup": 0.009938623288068694,
           "n_close_orders": 13,
           "qty_pct_close": 0.01766249318000623,
           "qty_pct_entry": 0.03624131207280597,
           "wallet_exposure_limit": 0.125,
           "we_multiplier_close": 0,
           "we_multiplier_entry": 1.3388817839331182}}