{"config_name": "clock_0days",
 "long": {"backwards_tp": true,
          "delay_between_fills_minutes_close": 1382.4455341038372,
          "delay_between_fills_minutes_entry": 1260.8345654328907,
          "delay_weight_close": 138.98468869997066,
          "delay_weight_entry": 9.942288653853872,
          "ema_dist_close": 0.003,
          "ema_dist_entry": -0.004879214071764025,
          "ema_span_0": 1433.7357756715564,
          "ema_span_1": 666.8047794463621,
          "enabled": true,
          "markup_range": 0.03425245110000477,
          "min_markup": 0.008087706460257617,
          "n_close_orders": 6,
          "qty_pct_close": 0.012490847519296132,
          "qty_pct_entry": 0.01865673277591887,
          "wallet_exposure_limit": 0.25,
          "we_multiplier_close": 0,
          "we_multiplier_entry": 22.360828857478865},
 "short": {"backwards_tp": true,
           "delay_between_fills_minutes_close": 944.246782101319,
           "delay_between_fills_minutes_entry": 857.519073802128,
           "delay_weight_close": 0,
           "delay_weight_entry": 15.653857195598576,
           "ema_dist_close": 0.002054541267075719,
           "ema_dist_entry": 0.0024326350766024143,
           "ema_span_0": 1434.2417259866802,
           "ema_span_1": 1440,
           "enabled": true,
           "markup_range": 0.009005889852271935,
           "min_markup": 0.001053973735023654,
           "n_close_orders": 3,
           "qty_pct_close": 0.04746538201557693,
           "qty_pct_entry": 0.01,
           "wallet_exposure_limit": 0.125,
           "we_multiplier_close": 0,
           "we_multiplier_entry": 5.733260337452114}}