{"config_name": "clock_0days",
 "long": {"backwards_tp": true,
          "delay_between_fills_minutes_close": 1440,
          "delay_between_fills_minutes_entry": 1387.796434529004,
          "delay_weight_close": 196.59979393088074,
          "delay_weight_entry": 11.299297420403686,
          "ema_dist_close": -0.03270212512723011,
          "ema_dist_entry": 0.003,
          "ema_span_0": 339.2723605951688,
          "ema_span_1": 954.2732855910056,
          "enabled": true,
          "markup_range": 0.03938787389389571,
          "min_markup": 0.009801139948746563,
          "n_close_orders": 12,
          "qty_pct_close": 0.011222165781712768,
          "qty_pct_entry": 0.020401399891410536,
          "wallet_exposure_limit": 0.25,
          "we_multiplier_close": 0,
          "we_multiplier_entry": 76.35954546593887},
 "short": {"backwards_tp": true,
           "delay_between_fills_minutes_close": 1299.0315442715587,
           "delay_between_fills_minutes_entry": 610.2213897616507,
           "delay_weight_close": 0,
           "delay_weight_entry": 13.971597727177524,
           "ema_dist_close": -0.003678490128004483,
           "ema_dist_entry": 0.0025311458698262573,
           "ema_span_0": 325.69523646733523,
           "ema_span_1": 1273.017822645082,
           "enabled": true,
           "markup_range": 0.006573563869795296,
           "min_markup": 0.0019331434181138881,
           "n_close_orders": 7,
           "qty_pct_close": 0.020125700582670474,
           "qty_pct_entry": 0.013344912230962224,
           "wallet_exposure_limit": 0.125,
           "we_multiplier_close": 0.0,
           "we_multiplier_entry": 92.96239182349767}}