{"config_name": "clock_0days",
 "long": {"backwards_tp": true,
          "delay_between_fills_minutes_close": 1389.606168395059,
          "delay_between_fills_minutes_entry": 1351.6883059102506,
          "delay_weight_close": 20.640820143124724,
          "delay_weight_entry": 14.253917337334258,
          "ema_dist_close": 0.002079037303801089,
          "ema_dist_entry": -0.008774120685836407,
          "ema_span_0": 519.6247187847881,
          "ema_span_1": 841.2763340455639,
          "enabled": true,
          "markup_range": 0.004065463332803711,
          "min_markup": 0.004027424219779611,
          "n_close_orders": 7,
          "qty_pct_close": 0.014167523252087333,
          "qty_pct_entry": 0.01352689533862308,
          "wallet_exposure_limit": 0.25,
          "we_multiplier_close": 0,
          "we_multiplier_entry": 163.28864555235518},
 "short": {"backwards_tp": true,
           "delay_between_fills_minutes_close": 1380.885109573115,
           "delay_between_fills_minutes_entry": 763.2675576158662,
           "delay_weight_close": 172.5566416350522,
           "delay_weight_entry": 0,
           "ema_dist_close": -0.0008575640783978922,
           "ema_dist_entry": -0.0014084905724252956,
           "ema_span_0": 1384.925064363462,
           "ema_span_1": 17.133753780384883,
           "enabled": true,
           "markup_range": 0.027272425206337166,
           "min_markup": 0.0012496094503078382,
           "n_close_orders": 2,
           "qty_pct_close": 0.014887776320804293,
           "qty_pct_entry": 0.027625963996572214,
           "wallet_exposure_limit": 0.125,
           "we_multiplier_close": 0,
           "we_multiplier_entry": 57.95306995381348}}