{"config_name": "clock_0days",
 "long": {"backwards_tp": true,
          "delay_between_fills_minutes_close": 1001.7760753104658,
          "delay_between_fills_minutes_entry": 1234.1541669343596,
          "delay_weight_close": 195.55526374011544,
          "delay_weight_entry": 20.05748889621566,
          "ema_dist_close": -0.04556838683150785,
          "ema_dist_entry": 0.0022245983471137886,
          "ema_span_0": 628.9996693010265,
          "ema_span_1": 908.1712643639482,
          "enabled": true,
          "markup_range": 0.03710733982868647,
          "min_markup": 0.009444357103170183,
          "n_close_orders": 13,
          "qty_pct_close": 0.02512611224051496,
          "qty_pct_entry": 0.010933436128517758,
          "wallet_exposure_limit": 0.25,
          "we_multiplier_close": 0,
          "we_multiplier_entry": 126.52211593622795},
 "short": {"backwards_tp": true,
           "delay_between_fills_minutes_close": 1308.2839499531767,
           "delay_between_fills_minutes_entry": 1094.048760688013,
           "delay_weight_close": 35.1033600312161,
           "delay_weight_entry": 19.405879592407118,
           "ema_dist_close": -0.0009496345190851938,
           "ema_dist_entry": 0.0021325110254777303,
           "ema_span_0": 1440,
           "ema_span_1": 379.6876451211682,
           "enabled": true,
           "markup_range": 0.0006587854985125467,
           "min_markup": 0.009073774499151033,
           "n_close_orders": 10,
           "qty_pct_close": 0.02511594014739968,
           "qty_pct_entry": 0.02125165102192068,
           "wallet_exposure_limit": 0.125,
           "we_multiplier_close": 0,
           "we_multiplier_entry": 49.772974948546974}}