{"config_name": "clock_0days",
 "long": {"backwards_tp": true,
          "delay_between_fills_minutes_close": 152.39746441269122,
          "delay_between_fills_minutes_entry": 1221.2802142858495,
          "delay_weight_close": 92.8065515453853,
          "delay_weight_entry": 15.457778420464255,
          "ema_dist_close": -0.048203580194389424,
          "ema_dist_entry": 0.00622123471017484,
          "ema_span_0": 157.3244928979835,
          "ema_span_1": 1310.1435358847136,
          "enabled": true,
          "markup_range": 0.05363001679098339,
          "min_markup": 0.09895843730038785,
          "n_close_orders": 12,
          "qty_pct_close": 0.2596885794254077,
          "qty_pct_entry": 0.01,
          "wallet_exposure_limit": 0.4,
          "we_multiplier_close": 5.639666016940254,
          "we_multiplier_entry": 79.38734282562298},
 "short": {"backwards_tp": true,
           "delay_between_fills_minutes_close": 503.68780328285715,
           "delay_between_fills_minutes_entry": 903.8322013280614,
           "delay_weight_close": 61.21623670321284,
           "delay_weight_entry": 51.80767651491469,
           "ema_dist_close": -0.013004578574597567,
           "ema_dist_entry": -0.017603899799686296,
           "ema_span_0": 1407.4869285919428,
           "ema_span_1": 1101.9003073135866,
           "enabled": false,
           "markup_range": 0.05430106616151323,
           "min_markup": 0.0025720656458356906,
           "n_close_orders": 15,
           "qty_pct_close": 0.07085975295029848,
           "qty_pct_entry": 0.05047247341876154,
           "wallet_exposure_limit": 1.0,
           "we_multiplier_close": 28.55495592628844,
           "we_multiplier_entry": 15.186089967909533}}