{"config_name": "recursive_grid_0days",
 "logging_level": 0,
 "long": {"auto_unstuck_ema_dist": 0.01614838003786639,
          "auto_unstuck_wallet_exposure_threshold": 0.08848155191430915,
          "backwards_tp": false,
          "ddown_factor": 0.5275776954987942,
          "ema_span_0": 1768.7014874239776,
          "ema_span_1": 2127.444351762943,
          "enabled": true,
          "initial_eprice_ema_dist": -0.012746324762059016,
          "initial_qty_pct": 0.015,
          "markup_range": 0.02777530226501906,
          "min_markup": 0.004,
          "n_close_orders": 15,
          "rentry_pprice_dist": 0.027854275894215484,
          "rentry_pprice_dist_wallet_exposure_weighting": 3.3680642141652997,
          "wallet_exposure_limit": 0.1},
 "short": {"auto_unstuck_ema_dist": 0.004610587970405698,
           "auto_unstuck_wallet_exposure_threshold": 0.03119223991507953,
           "backwards_tp": false,
           "ddown_factor": 1.1712741251088712,
           "ema_span_0": 681.593666206965,
           "ema_span_1": 2195.426018972775,
           "enabled": true,
           "initial_eprice_ema_dist": 0.004617567951304654,
           "initial_qty_pct": 0.015,
           "markup_range": 0.024154885661222467,
           "min_markup": 0.0034902701351243863,
           "n_close_orders": 19,
           "rentry_pprice_dist": 0.03513503790457686,
           "rentry_pprice_dist_wallet_exposure_weighting": 4.405667674452907,
           "wallet_exposure_limit": 0.1}}