{"config_name": "clock_0days",
 "long": {"delay_between_fills_minutes_close": 315.53180702418643,
          "delay_between_fills_minutes_entry": 349.7165566319523,
          "delay_weight_close": 19.024212813814323,
          "delay_weight_entry": 24.786385832850797,
          "ema_dist_lower": -0.22922545332648536,
          "ema_dist_upper": -0.0024786944634055553,
          "ema_span_0": 226.9102984229404,
          "ema_span_1": 571.8988175001712,
          "enabled": true,
          "markup_range": 0.020435402746217225,
          "min_markup": 0.021506642414635888,
          "n_close_orders": 6,
          "qty_pct_close": 0.011599431503066143,
          "qty_pct_entry": 0.011695935873837446,
          "wallet_exposure_limit": 0.3,
          "we_multiplier_close": 103.52792404121072,
          "we_multiplier_entry": 74.46865924781481},
 "short": {"delay_between_fills_minutes_close": 48.66455166223661,
           "delay_between_fills_minutes_entry": 32.562176864088826,
           "delay_weight_close": 0.17480319764433982,
           "delay_weight_entry": 13.100103850646585,
           "ema_dist_lower": 0.012576929745509237,
           "ema_dist_upper": 0.014746845325305359,
           "ema_span_0": 318.8203706031197,
           "ema_span_1": 2057.1820954607606,
           "enabled": false,
           "markup_range": 0.029745745179610473,
           "min_markup": 0.06994591374727949,
           "n_close_orders": 11,
           "qty_pct_close": 0.09351516988177197,
           "qty_pct_entry": 0.07535200215632284,
           "wallet_exposure_limit": 1.0,
           "we_multiplier_close": 1.6239271059308014,
           "we_multiplier_entry": 3.8033384279217564}}