{"config_name": "recursive_grid_0days",
 "logging_level": 0,
 "long": {"auto_unstuck_ema_dist": -0.0021789405978237114,
          "auto_unstuck_wallet_exposure_threshold": 0.06420307161330656,
          "backwards_tp": true,
          "ddown_factor": 0.8412776206551206,
          "ema_span_0": 631.9219793577147,
          "ema_span_1": 1270.9344677327335,
          "enabled": true,
          "initial_eprice_ema_dist": -0.005842875074534765,
          "initial_qty_pct": 0.02462107985536991,
          "markup_range": 0.013622227774791334,
          "min_markup": 0.007488115186966365,
          "n_close_orders": 2,
          "rentry_pprice_dist": 0.01260063818733977,
          "rentry_pprice_dist_wallet_exposure_weighting": 6.156433975454979,
          "wallet_exposure_limit": 1.0},
 "short": {"auto_unstuck_ema_dist": -0.017626948265243983,
           "auto_unstuck_wallet_exposure_threshold": 0.08075021936496093,
           "backwards_tp": true,
           "ddown_factor": 2.289125500431071,
           "ema_span_0": 689.3745130276017,
           "ema_span_1": 43.99137605970702,
           "enabled": false,
           "initial_eprice_ema_dist": -0.0954807513810613,
           "initial_qty_pct": 0.0934693814790011,
           "markup_range": 0.0042602936495515316,
           "min_markup": 0.007418777999177473,
           "n_close_orders": 8,
           "rentry_pprice_dist": 0.04427926587378196,
           "rentry_pprice_dist_wallet_exposure_weighting": 23.405540003536128,
           "wallet_exposure_limit": 1.0}}