{"config_name": "recursive_grid_0days",
 "logging_level": 0,
 "long": {"auto_unstuck_ema_dist": 0.001,
          "auto_unstuck_wallet_exposure_threshold": 0.03035343482675696,
          "backwards_tp": true,
          "ddown_factor": 0.5931491760435188,
          "ema_span_0": 189.18726383283146,
          "ema_span_1": 563.1999747096805,
          "enabled": true,
          "initial_eprice_ema_dist": 0.01,
          "initial_qty_pct": 0.016551946476074404,
          "markup_range": 0.0069337575118343705,
          "min_markup": 0.005672335090294306,
          "n_close_orders": 3,
          "rentry_pprice_dist": 0.04686630151075643,
          "rentry_pprice_dist_wallet_exposure_weighting": 0.16394405489812336,
          "wallet_exposure_limit": 1},
 "short": {"auto_unstuck_ema_dist": -0.021831492159241614,
           "auto_unstuck_wallet_exposure_threshold": 0.09068045524377624,
           "backwards_tp": true,
           "ddown_factor": 2.1892171546550894,
           "ema_span_0": 303.0919111565286,
           "ema_span_1": 1019.6912590586318,
           "enabled": false,
           "initial_eprice_ema_dist": -0.08786986922125795,
           "initial_qty_pct": 0.09666218733978274,
           "markup_range": 0.010514298274799187,
           "min_markup": 0.009190025113561758,
           "n_close_orders": 7,
           "rentry_pprice_dist": 0.045276231776794455,
           "rentry_pprice_dist_wallet_exposure_weighting": 12.099721945661779,
           "wallet_exposure_limit": 1.0}}