{"config_name": "recursive_grid_0days",
 "logging_level": 0,
 "long": {"auto_unstuck_ema_dist": 0,
          "auto_unstuck_wallet_exposure_threshold": 0,
          "backwards_tp": false,
          "ddown_factor": 2.8266383939299193,
          "ema_span_0": 841.2177362067245,
          "ema_span_1": 286.58888528369596,
          "enabled": true,
          "initial_eprice_ema_dist": -0.1,
          "initial_qty_pct": 0.0012198686755265143,
          "markup_range": 0.0342281934333114,
          "min_markup": 0.01417491262809279,
          "n_close_orders": 3,
          "rentry_pprice_dist": 0.04668739346488645,
          "rentry_pprice_dist_wallet_exposure_weighting": 0.0,
          "wallet_exposure_limit": 0.2},
 "short": {"auto_unstuck_ema_dist": 0.07393820409377891,
           "auto_unstuck_wallet_exposure_threshold": 0.06232082361921706,
           "backwards_tp": true,
           "ddown_factor": 1.1619660337498718,
           "ema_span_0": 3011.0348714671663,
           "ema_span_1": 7093.101003792028,
           "enabled": false,
           "initial_eprice_ema_dist": -0.07280866796458392,
           "initial_qty_pct": 0.015,
           "markup_range": 0.015719642818321947,
           "min_markup": 0.002388875397415854,
           "n_close_orders": 4,
           "rentry_pprice_dist": 0.046240181840747546,
           "rentry_pprice_dist_wallet_exposure_weighting": 11.002497178782248,
           "wallet_exposure_limit": 0.1}}