{"config_name": "recursive_grid_0days",
 "logging_level": 0,
 "long": {"auto_unstuck_ema_dist": 0,
          "auto_unstuck_wallet_exposure_threshold": 0,
          "backwards_tp": false,
          "ddown_factor": 2.4738434665389466,
          "ema_span_0": 309.832906955402,
          "ema_span_1": 250.98457157973,
          "enabled": true,
          "initial_eprice_ema_dist": -0.1,
          "initial_qty_pct": 0.00314890970979116,
          "markup_range": 0.03950121344968012,
          "min_markup": 0.0064599641330360036,
          "n_close_orders": 5,
          "rentry_pprice_dist": 0.024097712270139147,
          "rentry_pprice_dist_wallet_exposure_weighting": 3.712516978296007,
          "wallet_exposure_limit": 0.2},
 "short": {"auto_unstuck_ema_dist": 0.08612453711549344,
           "auto_unstuck_wallet_exposure_threshold": 0.05519025846355615,
           "backwards_tp": false,
           "ddown_factor": 1.74766941794848,
           "ema_span_0": 1307.2948473686786,
           "ema_span_1": 1397.1215634704265,
           "enabled": false,
           "initial_eprice_ema_dist": -0.05301954526266644,
           "initial_qty_pct": 0.015,
           "markup_range": 0.028594921503578632,
           "min_markup": 0.0035505568172097715,
           "n_close_orders": 17,
           "rentry_pprice_dist": 0.04960591400193207,
           "rentry_pprice_dist_wallet_exposure_weighting": 21.038735057361592,
           "wallet_exposure_limit": 0.1}}