{"config_name": "clock_0days",
 "long": {"delay_between_fills_minutes_close": 319.5857064864956,
          "delay_between_fills_minutes_entry": 351.8940873338246,
          "delay_weight_close": 22.82824882025894,
          "delay_weight_entry": 25.834249428807045,
          "ema_dist_lower": -0.9800717190790235,
          "ema_dist_upper": -0.057762361444973154,
          "ema_span_0": 986.4518166477792,
          "ema_span_1": 97.09753561178512,
          "enabled": true,
          "markup_range": 0.029842848988744043,
          "min_markup": 0.03,
          "n_close_orders": 10,
          "qty_pct_close": 0.01913474145513314,
          "qty_pct_entry": 0.010843491266611043,
          "wallet_exposure_limit": 0.3,
          "we_multiplier_close": 129.37966571866497,
          "we_multiplier_entry": 75.4403663196682},
 "short": {"delay_between_fills_minutes_close": 670.6057359282449,
           "delay_between_fills_minutes_entry": 522.0266225360737,
           "delay_weight_close": 16.731755953554938,
           "delay_weight_entry": 5.696848141241924,
           "ema_dist_lower": 0.015280320217819424,
           "ema_dist_upper": 0.003869414382473255,
           "ema_span_0": 558.7416385850304,
           "ema_span_1": 766.6506981195115,
           "enabled": false,
           "markup_range": 0.032257672075124054,
           "min_markup": 0.08983538691623599,
           "n_close_orders": 9,
           "qty_pct_close": 0.08039249820376342,
           "qty_pct_entry": 0.06944940863000916,
           "wallet_exposure_limit": 1.0,
           "we_multiplier_close": 5.232219735075336,
           "we_multiplier_entry": 26.043480158801906}}