{"config_name": "recursive_grid_0days",
 "logging_level": 0,
 "long": {"auto_unstuck_ema_dist": 0.010630126582908881,
          "auto_unstuck_wallet_exposure_threshold": 0.07924710981932395,
          "backwards_tp": false,
          "ddown_factor": 2.855731328869008,
          "ema_span_0": 899.6036289202438,
          "ema_span_1": 3666.725055237717,
          "enabled": true,
          "initial_eprice_ema_dist": -0.008184284416811285,
          "initial_qty_pct": 0.015,
          "markup_range": 0.03540519320410403,
          "min_markup": 0.0024801834691354392,
          "n_close_orders": 19,
          "rentry_pprice_dist": 0.030516618799782163,
          "rentry_pprice_dist_wallet_exposure_weighting": 0,
          "wallet_exposure_limit": 0.1},
 "short": {"auto_unstuck_ema_dist": 0.015059151474806253,
           "auto_unstuck_wallet_exposure_threshold": 0.061254065122123356,
           "backwards_tp": false,
           "ddown_factor": 0.44825516508002383,
           "ema_span_0": 2714.2966847308276,
           "ema_span_1": 2355.3303655284435,
           "enabled": true,
           "initial_eprice_ema_dist": -0.030894162572248862,
           "initial_qty_pct": 0.015,
           "markup_range": 0.010363217777882626,
           "min_markup": 0.003095473396208794,
           "n_close_orders": 7,
           "rentry_pprice_dist": 0.020393467540208578,
           "rentry_pprice_dist_wallet_exposure_weighting": 3.8075691945294543,
           "wallet_exposure_limit": 0.1}}