{"config_name": "clock_0days",
 "long": {"backwards_tp": true,
          "delay_between_fills_minutes_close": 1245.8151651758803,
          "delay_between_fills_minutes_entry": 1094.365877315819,
          "delay_weight_close": 76.87241956311914,
          "delay_weight_entry": 19.492749542662008,
          "ema_dist_close": -0.03844071913404071,
          "ema_dist_entry": 0.00015048510528331007,
          "ema_span_0": 54.96296183470935,
          "ema_span_1": 701.149161274227,
          "enabled": true,
          "markup_range": 0.05986202992046366,
          "min_markup": 0.0085084685613472,
          "n_close_orders": 7,
          "qty_pct_close": 0.01,
          "qty_pct_entry": 0.01469188672677577,
          "wallet_exposure_limit": 0.4,
          "we_multiplier_close": 33.135530768077395,
          "we_multiplier_entry": 97.75223848586843},
 "short": {"backwards_tp": true,
           "delay_between_fills_minutes_close": 526.6454406521368,
           "delay_between_fills_minutes_entry": 1234.8352079462136,
           "delay_weight_close": 95.11555895546529,
           "delay_weight_entry": 20.84537797580932,
           "ema_dist_close": -0.010588878702199225,
           "ema_dist_entry": 0.0015326463466006357,
           "ema_span_0": 1092.3434986328655,
           "ema_span_1": 160.45553640710426,
           "enabled": false,
           "markup_range": 0.03317998932812687,
           "min_markup": 0.005723748645074961,
           "n_close_orders": 4,
           "qty_pct_close": 0.08980170709945404,
           "qty_pct_entry": 0.05566538001052555,
           "wallet_exposure_limit": 1.0,
           "we_multiplier_close": 38.11452327440647,
           "we_multiplier_entry": 86.71352110744462}}