{"config_name": "recursive_grid_0days",
 "logging_level": 0,
 "long": {"auto_unstuck_ema_dist": -0.030304700063844007,
          "auto_unstuck_wallet_exposure_threshold": 0.03742463737090759,
          "backwards_tp": true,
          "ddown_factor": 0.8571773510033543,
          "ema_span_0": 476.0269468273524,
          "ema_span_1": 719.7324943858941,
          "enabled": true,
          "initial_eprice_ema_dist": -0.02971350194999874,
          "initial_qty_pct": 0.04838008473177423,
          "markup_range": 0.01726336572940747,
          "min_markup": 0.005104342794577944,
          "n_close_orders": 15,
          "rentry_pprice_dist": 0.014664541196777296,
          "rentry_pprice_dist_wallet_exposure_weighting": 10.248365354112138,
          "wallet_exposure_limit": 1},
 "short": {"auto_unstuck_ema_dist": -0.08568751946976255,
           "auto_unstuck_wallet_exposure_threshold": 0.05965914280657479,
           "backwards_tp": true,
           "ddown_factor": 0.797379542677248,
           "ema_span_0": 620.5054064387991,
           "ema_span_1": 758.0276726111322,
           "enabled": false,
           "initial_eprice_ema_dist": -0.0067186319628668445,
           "initial_qty_pct": 0.09892428330914851,
           "markup_range": 0.05402914899772391,
           "min_markup": 0.004634809828747895,
           "n_close_orders": 12,
           "rentry_pprice_dist": 0.006063564993257045,
           "rentry_pprice_dist_wallet_exposure_weighting": 26.805611118822444,
           "wallet_exposure_limit": 1.0}}