{"config_name": "recursive_grid_0days",
 "logging_level": 0,
 "long": {"auto_unstuck_ema_dist": -0.009079717928345263,
          "auto_unstuck_wallet_exposure_threshold": 0.040179932570493196,
          "backwards_tp": true,
          "ddown_factor": 1.4184427694623698,
          "ema_span_0": 483.88585922300103,
          "ema_span_1": 1440,
          "enabled": true,
          "initial_eprice_ema_dist": 0.004812433751520893,
          "initial_qty_pct": 0.01078460224547436,
          "markup_range": 0.00892490110306426,
          "min_markup": 0.009233075665786216,
          "n_close_orders": 7,
          "rentry_pprice_dist": 0.03998610651270551,
          "rentry_pprice_dist_wallet_exposure_weighting": 2.472534652785754,
          "wallet_exposure_limit": 1},
 "short": {"auto_unstuck_ema_dist": -0.001355504767399457,
           "auto_unstuck_wallet_exposure_threshold": 0.06888932872645483,
           "backwards_tp": true,
           "ddown_factor": 2.643510962105008,
           "ema_span_0": 133.81905196825772,
           "ema_span_1": 191.86062448708935,
           "enabled": false,
           "initial_eprice_ema_dist": -0.04622577629293118,
           "initial_qty_pct": 0.05896238944996942,
           "markup_range": 0.04656001681508353,
           "min_markup": 0.004176131315234836,
           "n_close_orders": 3,
           "rentry_pprice_dist": 0.0053046050079809575,
           "rentry_pprice_dist_wallet_exposure_weighting": 20.420641939347327,
           "wallet_exposure_limit": 1.0}}