{"config_name": "recursive_grid_0days",
 "logging_level": 0,
 "long": {"auto_unstuck_ema_dist": -0.0008258240361222533,
          "auto_unstuck_wallet_exposure_threshold": 0.05550543681700764,
          "backwards_tp": true,
          "ddown_factor": 1.5324677896843724,
          "ema_span_0": 115.30678823604786,
          "ema_span_1": 674.6546506363335,
          "enabled": true,
          "initial_eprice_ema_dist": -0.0023946274720621497,
          "initial_qty_pct": 0.012725711707800146,
          "markup_range": 0.0027208784797205635,
          "min_markup": 0.0028063549810750637,
          "n_close_orders": 2,
          "rentry_pprice_dist": 0.0315405580548143,
          "rentry_pprice_dist_wallet_exposure_weighting": 0.0,
          "wallet_exposure_limit": 1},
 "short": {"auto_unstuck_ema_dist": -0.07557476245684142,
           "auto_unstuck_wallet_exposure_threshold": 0.04663545211432604,
           "backwards_tp": true,
           "ddown_factor": 2.649861559173662,
           "ema_span_0": 516.4357866836335,
           "ema_span_1": 1283.4068706559183,
           "enabled": false,
           "initial_eprice_ema_dist": -0.037079943231312515,
           "initial_qty_pct": 0.09300613411264692,
           "markup_range": 0.02963845339565543,
           "min_markup": 0.007470387916513837,
           "n_close_orders": 13,
           "rentry_pprice_dist": 0.04347827713592359,
           "rentry_pprice_dist_wallet_exposure_weighting": 29.99192702226875,
           "wallet_exposure_limit": 1.0}}