{"config_name": "recursive_grid_0days",
 "logging_level": 0,
 "long": {"auto_unstuck_ema_dist": -0.0011203498200599684,
          "auto_unstuck_wallet_exposure_threshold": 0.09552147998946409,
          "backwards_tp": true,
          "ddown_factor": 1.9141507223893226,
          "ema_span_0": 285.2606096341979,
          "ema_span_1": 1243.1814594935997,
          "enabled": true,
          "initial_eprice_ema_dist": 0.005723571151554106,
          "initial_qty_pct": 0.01897650786314937,
          "markup_range": 0.0031706989596169016,
          "min_markup": 0.007004455501807861,
          "n_close_orders": 9,
          "rentry_pprice_dist": 0.04836897702012574,
          "rentry_pprice_dist_wallet_exposure_weighting": 0.5608637739544596,
          "wallet_exposure_limit": 1},
 "short": {"auto_unstuck_ema_dist": -0.042343079701657675,
           "auto_unstuck_wallet_exposure_threshold": 0.03241571329316065,
           "backwards_tp": true,
           "ddown_factor": 2.6096738195814706,
           "ema_span_0": 641.3528058029736,
           "ema_span_1": 554.5244036413559,
           "enabled": false,
           "initial_eprice_ema_dist": -0.01686370397546745,
           "initial_qty_pct": 0.01569198869969195,
           "markup_range": 0.012952831217341861,
           "min_markup": 0.006545725549134258,
           "n_close_orders": 5,
           "rentry_pprice_dist": 0.03882770652301426,
           "rentry_pprice_dist_wallet_exposure_weighting": 9.142510950183222,
           "wallet_exposure_limit": 1.0}}