{"config_name": "recursive_grid_0days",
 "logging_level": 0,
 "long": {"auto_unstuck_ema_dist": -0.031030848625869394,
          "auto_unstuck_wallet_exposure_threshold": 0.07108083726653697,
          "backwards_tp": true,
          "ddown_factor": 0.28676911892560814,
          "ema_span_0": 205.06557487143243,
          "ema_span_1": 1034.9030151539553,
          "enabled": true,
          "initial_eprice_ema_dist": 0.01,
          "initial_qty_pct": 0.01782080044168951,
          "markup_range": 0.006001850086500591,
          "min_markup": 0.009158324803766625,
          "n_close_orders": 7,
          "rentry_pprice_dist": 0.04353469442326451,
          "rentry_pprice_dist_wallet_exposure_weighting": 4.731000187184805,
          "wallet_exposure_limit": 1},
 "short": {"auto_unstuck_ema_dist": -0.07093663292593179,
           "auto_unstuck_wallet_exposure_threshold": 0.09445820322718249,
           "backwards_tp": true,
           "ddown_factor": 1.5933552509606514,
           "ema_span_0": 555.0992421269154,
           "ema_span_1": 771.6757966356851,
           "enabled": false,
           "initial_eprice_ema_dist": -0.01912946518296045,
           "initial_qty_pct": 0.06876691825892697,
           "markup_range": 0.05262053202084792,
           "min_markup": 0.002913795308535431,
           "n_close_orders": 12,
           "rentry_pprice_dist": 0.024441546545774354,
           "rentry_pprice_dist_wallet_exposure_weighting": 14.396547658040134,
           "wallet_exposure_limit": 1.0}}