{"config_name": "recursive_grid_0days",
 "logging_level": 0,
 "long": {"auto_unstuck_ema_dist": -0.0394858843306554,
          "auto_unstuck_wallet_exposure_threshold": 0.05465717428860502,
          "backwards_tp": true,
          "ddown_factor": 0.5381404354459227,
          "ema_span_0": 242.44615590122726,
          "ema_span_1": 660.29523864891,
          "enabled": true,
          "initial_eprice_ema_dist": 0.0012794118766664975,
          "initial_qty_pct": 0.01411098943139263,
          "markup_range": 0.05458885680378076,
          "min_markup": 0.009225774790048278,
          "n_close_orders": 2,
          "rentry_pprice_dist": 0.03410409850702457,
          "rentry_pprice_dist_wallet_exposure_weighting": 2.690313336797689,
          "wallet_exposure_limit": 1},
 "short": {"auto_unstuck_ema_dist": -0.05936323968242478,
           "auto_unstuck_wallet_exposure_threshold": 0.0992168669646021,
           "backwards_tp": true,
           "ddown_factor": 1.491277330669187,
           "ema_span_0": 687.9480989150122,
           "ema_span_1": 1208.5036586078375,
           "enabled": false,
           "initial_eprice_ema_dist": -0.024273368805951448,
           "initial_qty_pct": 0.04529772190788637,
           "markup_range": 0.04027091283533509,
           "min_markup": 0.003973496872706234,
           "n_close_orders": 15,
           "rentry_pprice_dist": 0.04804284390071344,
           "rentry_pprice_dist_wallet_exposure_weighting": 34.828043492604735,
           "wallet_exposure_limit": 1.0}}