{"config_name": "recursive_grid_0days",
 "logging_level": 0,
 "long": {"auto_unstuck_ema_dist": -0.0038658541972995445,
          "auto_unstuck_wallet_exposure_threshold": 0.054445568072440914,
          "backwards_tp": true,
          "ddown_factor": 2.14817721129536,
          "ema_span_0": 246.39183690682577,
          "ema_span_1": 1090.62346343025,
          "enabled": true,
          "initial_eprice_ema_dist": -0.0017622781736555152,
          "initial_qty_pct": 0.01936031367133889,
          "markup_range": 0.003922887299118251,
          "min_markup": 0.0025895448152696114,
          "n_close_orders": 12,
          "rentry_pprice_dist": 0.03130536608461728,
          "rentry_pprice_dist_wallet_exposure_weighting": 0.7835383249505888,
          "wallet_exposure_limit": 1},
 "short": {"auto_unstuck_ema_dist": -0.0991336176162132,
           "auto_unstuck_wallet_exposure_threshold": 0.09665214469091951,
           "backwards_tp": true,
           "ddown_factor": 2.185688295051957,
           "ema_span_0": 438.9555658284093,
           "ema_span_1": 970.731795917009,
           "enabled": false,
           "initial_eprice_ema_dist": -0.06079286445473505,
           "initial_qty_pct": 0.02498695257016975,
           "markup_range": 0.009149273408571395,
           "min_markup": 0.008869364479119367,
           "n_close_orders": 9,
           "rentry_pprice_dist": 0.03627968294466921,
           "rentry_pprice_dist_wallet_exposure_weighting": 37.9830235113213,
           "wallet_exposure_limit": 1.0}}