{"config_name": "recursive_grid_0days",
 "logging_level": 0,
 "long": {"auto_unstuck_ema_dist": -0.00982110302315215,
          "auto_unstuck_wallet_exposure_threshold": 0.03772120802975379,
          "backwards_tp": true,
          "ddown_factor": 1.2488240917614146,
          "ema_span_0": 285.5148802623907,
          "ema_span_1": 983.2179686515452,
          "enabled": true,
          "initial_eprice_ema_dist": 0.003510535612393042,
          "initial_qty_pct": 0.04057093885478233,
          "markup_range": 0.008037388422610918,
          "min_markup": 0.0061033779541834286,
          "n_close_orders": 12,
          "rentry_pprice_dist": 0.03575389214149913,
          "rentry_pprice_dist_wallet_exposure_weighting": 1.1039524839549504,
          "wallet_exposure_limit": 1},
 "short": {"auto_unstuck_ema_dist": -0.020754787031763616,
           "auto_unstuck_wallet_exposure_threshold": 0.07285718057384487,
           "backwards_tp": true,
           "ddown_factor": 2.575782241066389,
           "ema_span_0": 277.2520653933551,
           "ema_span_1": 769.3756049900811,
           "enabled": false,
           "initial_eprice_ema_dist": -0.03631553434686269,
           "initial_qty_pct": 0.09029024204288684,
           "markup_range": 0.03203813797146423,
           "min_markup": 0.0048891696890581695,
           "n_close_orders": 15,
           "rentry_pprice_dist": 0.03272826369132339,
           "rentry_pprice_dist_wallet_exposure_weighting": 33.94206197711375,
           "wallet_exposure_limit": 1.0}}