{"config_name": "recursive_grid_0days",
 "logging_level": 0,
 "long": {"auto_unstuck_ema_dist": 0.001,
          "auto_unstuck_wallet_exposure_threshold": 0.05081443965201298,
          "backwards_tp": true,
          "ddown_factor": 2.27487245239164,
          "ema_span_0": 44.5717090102969,
          "ema_span_1": 953.3269564312344,
          "enabled": true,
          "initial_eprice_ema_dist": -0.1,
          "initial_qty_pct": 0.0170861782939625,
          "markup_range": 0.005180236045265836,
          "min_markup": 0.009892416436224644,
          "n_close_orders": 1,
          "rentry_pprice_dist": 0.029351179111453046,
          "rentry_pprice_dist_wallet_exposure_weighting": 2.9749594051445545,
          "wallet_exposure_limit": 1},
 "short": {"auto_unstuck_ema_dist": -0.09575860978233529,
           "auto_unstuck_wallet_exposure_threshold": 0.03998698676231669,
           "backwards_tp": true,
           "ddown_factor": 0.6351702051339356,
           "ema_span_0": 18.193627600805677,
           "ema_span_1": 701.1604039845291,
           "enabled": false,
           "initial_eprice_ema_dist": -0.09987608554055458,
           "initial_qty_pct": 0.026561493625709982,
           "markup_range": 0.03631360542088246,
           "min_markup": 0.009110610600683598,
           "n_close_orders": 11,
           "rentry_pprice_dist": 0.04153456848999403,
           "rentry_pprice_dist_wallet_exposure_weighting": 33.29361978032085,
           "wallet_exposure_limit": 1.0}}