{"config_name": "recursive_grid_0days",
 "logging_level": 0,
 "long": {"auto_unstuck_ema_dist": -0.012823242390631873,
          "auto_unstuck_wallet_exposure_threshold": 0.06123998837503316,
          "backwards_tp": true,
          "ddown_factor": 1.6639624460040605,
          "ema_span_0": 269.8382892728368,
          "ema_span_1": 909.352252247439,
          "enabled": true,
          "initial_eprice_ema_dist": -0.04726638626090707,
          "initial_qty_pct": 0.013054445559195597,
          "markup_range": 0.00835780399943049,
          "min_markup": 0.0019637616485067627,
          "n_close_orders": 16,
          "rentry_pprice_dist": 0.02386054154447674,
          "rentry_pprice_dist_wallet_exposure_weighting": 1.830434254575089,
          "wallet_exposure_limit": 1},
 "short": {"auto_unstuck_ema_dist": -0.055198830276807956,
           "auto_unstuck_wallet_exposure_threshold": 0.035234230666325424,
           "backwards_tp": true,
           "ddown_factor": 1.6151052406709732,
           "ema_span_0": 212.38281687009678,
           "ema_span_1": 650.2518324826768,
           "enabled": false,
           "initial_eprice_ema_dist": -0.08994624979778307,
           "initial_qty_pct": 0.09593063029132867,
           "markup_range": 0.015687729410920042,
           "min_markup": 0.003351744993274934,
           "n_close_orders": 4,
           "rentry_pprice_dist": 0.01820528510070168,
           "rentry_pprice_dist_wallet_exposure_weighting": 22.94497338575932,
           "wallet_exposure_limit": 1}}