{"config_name": "recursive_grid_0days",
 "logging_level": 0,
 "long": {"auto_unstuck_ema_dist": -0.009442096507420892,
          "auto_unstuck_wallet_exposure_threshold": 0.06340518478396466,
          "backwards_tp": true,
          "ddown_factor": 2.653075754167332,
          "ema_span_0": 622.2528080070261,
          "ema_span_1": 607.6369625429804,
          "enabled": true,
          "initial_eprice_ema_dist": 0.007551289931257503,
          "initial_qty_pct": 0.01934460641723691,
          "markup_range": 0.001003777143817494,
          "min_markup": 0.003409343285608824,
          "n_close_orders": 16,
          "rentry_pprice_dist": 0.020667496602408682,
          "rentry_pprice_dist_wallet_exposure_weighting": 0.0,
          "wallet_exposure_limit": 1},
 "short": {"auto_unstuck_ema_dist": -0.04811048610898434,
           "auto_unstuck_wallet_exposure_threshold": 0.06760783700823049,
           "backwards_tp": true,
           "ddown_factor": 0.23454902845261622,
           "ema_span_0": 15.6441536128694,
           "ema_span_1": 1056.2008522570752,
           "enabled": false,
           "initial_eprice_ema_dist": -0.07661805148729034,
           "initial_qty_pct": 0.043908995061427945,
           "markup_range": 0.05521428367525162,
           "min_markup": 0.003665990875765465,
           "n_close_orders": 11,
           "rentry_pprice_dist": 0.0475184172585588,
           "rentry_pprice_dist_wallet_exposure_weighting": 37.30400883131044,
           "wallet_exposure_limit": 1.0}}