{"config_name": "recursive_grid_0days",
 "logging_level": 0,
 "long": {"auto_unstuck_ema_dist": -0.005425686386319499,
          "auto_unstuck_wallet_exposure_threshold": 0.08169801680167808,
          "backwards_tp": true,
          "ddown_factor": 1.7903609418113524,
          "ema_span_0": 671.9486343630807,
          "ema_span_1": 810.787210696136,
          "enabled": true,
          "initial_eprice_ema_dist": 0.007595385638695357,
          "initial_qty_pct": 0.01716215289761015,
          "markup_range": 0.0025691775898256533,
          "min_markup": 0.0034781122175674794,
          "n_close_orders": 10,
          "rentry_pprice_dist": 0.014737274482760777,
          "rentry_pprice_dist_wallet_exposure_weighting": 0.0,
          "wallet_exposure_limit": 1},
 "short": {"auto_unstuck_ema_dist": -0.05528653097613832,
           "auto_unstuck_wallet_exposure_threshold": 0.0609014306425623,
           "backwards_tp": true,
           "ddown_factor": 0.7604775999123865,
           "ema_span_0": 220.40394124483748,
           "ema_span_1": 102.81663020765622,
           "enabled": false,
           "initial_eprice_ema_dist": -0.050777589682735984,
           "initial_qty_pct": 0.0272460051580354,
           "markup_range": 0.03838815984514752,
           "min_markup": 0.0032425795984394987,
           "n_close_orders": 4,
           "rentry_pprice_dist": 0.049785158473603944,
           "rentry_pprice_dist_wallet_exposure_weighting": 36.31577807548921,
           "wallet_exposure_limit": 1.0}}