{"config_name": "recursive_grid_0days",
 "logging_level": 0,
 "long": {"auto_unstuck_ema_dist": -0.0199454697506599,
          "auto_unstuck_wallet_exposure_threshold": 0.044685501284637885,
          "backwards_tp": true,
          "ddown_factor": 1.397686743320037,
          "ema_span_0": 260.3026587382522,
          "ema_span_1": 999.775608914132,
          "enabled": true,
          "initial_eprice_ema_dist": 0.0028373317661043486,
          "initial_qty_pct": 0.02626640189589905,
          "markup_range": 0.007090545354919141,
          "min_markup": 0.005416290999661052,
          "n_close_orders": 7,
          "rentry_pprice_dist": 0.027591008472013394,
          "rentry_pprice_dist_wallet_exposure_weighting": 1.586932942013217,
          "wallet_exposure_limit": 1},
 "short": {"auto_unstuck_ema_dist": -0.06852907635038724,
           "auto_unstuck_wallet_exposure_threshold": 0.06895562488074736,
           "backwards_tp": true,
           "ddown_factor": 2.572471465655908,
           "ema_span_0": 254.32142608968286,
           "ema_span_1": 165.25604044731944,
           "enabled": false,
           "initial_eprice_ema_dist": -0.04016863975873881,
           "initial_qty_pct": 0.08654694760026527,
           "markup_range": 0.01984889067636612,
           "min_markup": 0.004083182711392338,
           "n_close_orders": 14,
           "rentry_pprice_dist": 0.017180601535328896,
           "rentry_pprice_dist_wallet_exposure_weighting": 26.641663493083975,
           "wallet_exposure_limit": 1.0}}