{"config_name": "recursive_grid_0days",
 "logging_level": 0,
 "long": {"auto_unstuck_ema_dist": -0.052356326573390795,
          "auto_unstuck_wallet_exposure_threshold": 0.08102263314669417,
          "backwards_tp": true,
          "ddown_factor": 2.4841624710583123,
          "ema_span_0": 33.98306267820934,
          "ema_span_1": 1155.6437020702128,
          "enabled": true,
          "initial_eprice_ema_dist": -0.05109877837459576,
          "initial_qty_pct": 0.04853404352492051,
          "markup_range": 0.05425515139579148,
          "min_markup": 0.0034098717347625022,
          "n_close_orders": 11,
          "rentry_pprice_dist": 0.018736272066169016,
          "rentry_pprice_dist_wallet_exposure_weighting": 7.695526388101919,
          "wallet_exposure_limit": 1},
 "short": {"auto_unstuck_ema_dist": -0.06800313572316827,
           "auto_unstuck_wallet_exposure_threshold": 0.09645149129591943,
           "backwards_tp": true,
           "ddown_factor": 1.081256839442456,
           "ema_span_0": 178.83082616978317,
           "ema_span_1": 93.16313137553065,
           "enabled": false,
           "initial_eprice_ema_dist": 0.0016746693087075493,
           "initial_qty_pct": 0.08019233743736023,
           "markup_range": 0.011375284970146612,
           "min_markup": 0.006492987844780151,
           "n_close_orders": 5,
           "rentry_pprice_dist": 0.015385761403626883,
           "rentry_pprice_dist_wallet_exposure_weighting": 18.39242880995185,
           "wallet_exposure_limit": 1.0}}