{"config_name": "recursive_grid_0days",
 "logging_level": 0,
 "long": {"auto_unstuck_ema_dist": -0.0029941999633256865,
          "auto_unstuck_wallet_exposure_threshold": 0.047597889306577795,
          "backwards_tp": true,
          "ddown_factor": 1.1021126259272822,
          "ema_span_0": 587.3546048830539,
          "ema_span_1": 1313.4020275165426,
          "enabled": true,
          "initial_eprice_ema_dist": 0.00920784223248757,
          "initial_qty_pct": 0.020790530807624073,
          "markup_range": 0.0,
          "min_markup": 0.005093421468719586,
          "n_close_orders": 6,
          "rentry_pprice_dist": 0.01631607091193207,
          "rentry_pprice_dist_wallet_exposure_weighting": 4.440476617124198,
          "wallet_exposure_limit": 1},
 "short": {"auto_unstuck_ema_dist": -0.08426361164257941,
           "auto_unstuck_wallet_exposure_threshold": 0.05373547652901284,
           "backwards_tp": true,
           "ddown_factor": 2.0397534650215277,
           "ema_span_0": 89.16201345666911,
           "ema_span_1": 416.9898617967336,
           "enabled": false,
           "initial_eprice_ema_dist": -0.0889296983029355,
           "initial_qty_pct": 0.041035927995355076,
           "markup_range": 0.04289848054696686,
           "min_markup": 0.004182391043806936,
           "n_close_orders": 3,
           "rentry_pprice_dist": 0.008741255449766982,
           "rentry_pprice_dist_wallet_exposure_weighting": 33.62216483546332,
           "wallet_exposure_limit": 1.0}}