{"config_name": "recursive_grid_0days",
 "logging_level": 0,
 "long": {"auto_unstuck_ema_dist": -0.0007659043681980152,
          "auto_unstuck_wallet_exposure_threshold": 0.07696263083459291,
          "backwards_tp": true,
          "ddown_factor": 2.3129431570996477,
          "ema_span_0": 229.10884113180055,
          "ema_span_1": 914.0386698585571,
          "enabled": true,
          "initial_eprice_ema_dist": 0.004982294113080037,
          "initial_qty_pct": 0.021293201239523336,
          "markup_range": 0.0029252198769608665,
          "min_markup": 0.004909251927869167,
          "n_close_orders": 8,
          "rentry_pprice_dist": 0.04026861381226406,
          "rentry_pprice_dist_wallet_exposure_weighting": 1.6125969105639681,
          "wallet_exposure_limit": 1},
 "short": {"auto_unstuck_ema_dist": -0.09609465763232422,
           "auto_unstuck_wallet_exposure_threshold": 0.09090151505169537,
           "backwards_tp": true,
           "ddown_factor": 2.886761336491164,
           "ema_span_0": 239.02497439704067,
           "ema_span_1": 1149.723991056538,
           "enabled": false,
           "initial_eprice_ema_dist": -0.09866436762121039,
           "initial_qty_pct": 0.07015289467811865,
           "markup_range": 0.03831791039453979,
           "min_markup": 0.0016976071364940746,
           "n_close_orders": 8,
           "rentry_pprice_dist": 0.04375833760086352,
           "rentry_pprice_dist_wallet_exposure_weighting": 4.112016523338311,
           "wallet_exposure_limit": 1.0}}