{"config_name": "recursive_grid_0days",
 "logging_level": 0,
 "long": {"auto_unstuck_ema_dist": -0.04001340803083612,
          "auto_unstuck_wallet_exposure_threshold": 0.07352656231947059,
          "backwards_tp": true,
          "ddown_factor": 0.9105437683859072,
          "ema_span_0": 713.8204368365011,
          "ema_span_1": 951.518634507086,
          "enabled": true,
          "initial_eprice_ema_dist": -0.009430572768079806,
          "initial_qty_pct": 0.01578220884217893,
          "markup_range": 0.006763212045165451,
          "min_markup": 0.005871149391725954,
          "n_close_orders": 8,
          "rentry_pprice_dist": 0.03935821309788259,
          "rentry_pprice_dist_wallet_exposure_weighting": 5.930767872118117,
          "wallet_exposure_limit": 1},
 "short": {"auto_unstuck_ema_dist": -0.027652903185503758,
           "auto_unstuck_wallet_exposure_threshold": 0.05660154147650199,
           "backwards_tp": true,
           "ddown_factor": 1.7542202758827594,
           "ema_span_0": 425.1681166713795,
           "ema_span_1": 1344.6451265755313,
           "enabled": false,
           "initial_eprice_ema_dist": 0.008840588604810101,
           "initial_qty_pct": 0.0832316632766594,
           "markup_range": 0.04268716767837464,
           "min_markup": 0.0019128496631599275,
           "n_close_orders": 8,
           "rentry_pprice_dist": 0.005414059192872483,
           "rentry_pprice_dist_wallet_exposure_weighting": 21.011316614684837,
           "wallet_exposure_limit": 1.0}}