{"config_name": "recursive_grid_0days",
 "logging_level": 0,
 "long": {"auto_unstuck_ema_dist": -0.043674778707260414,
          "auto_unstuck_wallet_exposure_threshold": 0.06489291912345221,
          "backwards_tp": true,
          "ddown_factor": 1.2585713552826017,
          "ema_span_0": 459.4534309294015,
          "ema_span_1": 473.99919364277986,
          "enabled": true,
          "initial_eprice_ema_dist": 0.004672117431379639,
          "initial_qty_pct": 0.012012460002235804,
          "markup_range": 0.008791504644027599,
          "min_markup": 0.005428861229162051,
          "n_close_orders": 13,
          "rentry_pprice_dist": 0.03773301146358036,
          "rentry_pprice_dist_wallet_exposure_weighting": 8.05233501278204,
          "wallet_exposure_limit": 1},
 "short": {"auto_unstuck_ema_dist": -0.03235820245797168,
           "auto_unstuck_wallet_exposure_threshold": 0.09225745201505203,
           "backwards_tp": true,
           "ddown_factor": 1.2211157657981166,
           "ema_span_0": 664.2483465121526,
           "ema_span_1": 863.6961724138116,
           "enabled": false,
           "initial_eprice_ema_dist": -0.028901411834187568,
           "initial_qty_pct": 0.04673839828896978,
           "markup_range": 0.009513806006077785,
           "min_markup": 0.0030140004686338437,
           "n_close_orders": 2,
           "rentry_pprice_dist": 0.04163893850532649,
           "rentry_pprice_dist_wallet_exposure_weighting": 28.106499172177564,
           "wallet_exposure_limit": 1.0}}