{"config_name": "recursive_grid_0days",
 "logging_level": 0,
 "long": {"auto_unstuck_ema_dist": -0.009707606233295632,
          "auto_unstuck_wallet_exposure_threshold": 0.046949120940866645,
          "backwards_tp": true,
          "ddown_factor": 0.15259950837523356,
          "ema_span_0": 662.8561267218283,
          "ema_span_1": 1063.563422438794,
          "enabled": true,
          "initial_eprice_ema_dist": -0.02575908858975144,
          "initial_qty_pct": 0.019285698766268716,
          "markup_range": 0.04023235165241937,
          "min_markup": 0.008021933287923624,
          "n_close_orders": 1,
          "rentry_pprice_dist": 0.02359601355415194,
          "rentry_pprice_dist_wallet_exposure_weighting": 1.9887479024811938,
          "wallet_exposure_limit": 1},
 "short": {"auto_unstuck_ema_dist": -0.00485024008811398,
           "auto_unstuck_wallet_exposure_threshold": 0.044276394322718446,
           "backwards_tp": true,
           "ddown_factor": 2.1813917296219167,
           "ema_span_0": 718.5553092746496,
           "ema_span_1": 1168.9514334852483,
           "enabled": false,
           "initial_eprice_ema_dist": -0.0029419191115561544,
           "initial_qty_pct": 0.08402383216336032,
           "markup_range": 0.00018984403140241522,
           "min_markup": 0.005727585730267063,
           "n_close_orders": 1,
           "rentry_pprice_dist": 0.04102054586100659,
           "rentry_pprice_dist_wallet_exposure_weighting": 2.6783367924609447,
           "wallet_exposure_limit": 1.0}}