{"config_name": "recursive_grid_0days",
 "logging_level": 0,
 "long": {"auto_unstuck_ema_dist": -0.002495662223064598,
          "auto_unstuck_wallet_exposure_threshold": 0.051950776603403165,
          "backwards_tp": true,
          "ddown_factor": 2.8208316099104547,
          "ema_span_0": 169.3272574510712,
          "ema_span_1": 1196.806187186993,
          "enabled": true,
          "initial_eprice_ema_dist": 0.0020145295595007107,
          "initial_qty_pct": 0.027000576948209537,
          "markup_range": 0.004850717035200097,
          "min_markup": 0.002254342102883919,
          "n_close_orders": 7,
          "rentry_pprice_dist": 0.036907146361667455,
          "rentry_pprice_dist_wallet_exposure_weighting": 4.95938055440992,
          "wallet_exposure_limit": 1},
 "short": {"auto_unstuck_ema_dist": -0.07235221574980022,
           "auto_unstuck_wallet_exposure_threshold": 0.04723661023909048,
           "backwards_tp": true,
           "ddown_factor": 1.8637943134483195,
           "ema_span_0": 704.963961369653,
           "ema_span_1": 243.97795686380135,
           "enabled": false,
           "initial_eprice_ema_dist": -0.04083670829097161,
           "initial_qty_pct": 0.06450790062999368,
           "markup_range": 0.048828591109311224,
           "min_markup": 0.0015801899536395426,
           "n_close_orders": 10,
           "rentry_pprice_dist": 0.007356754185916695,
           "rentry_pprice_dist_wallet_exposure_weighting": 22.050801182391695,
           "wallet_exposure_limit": 1.0}}