{"config_name": "recursive_grid_0days",
 "logging_level": 0,
 "long": {"auto_unstuck_ema_dist": 0.0006654574197206326,
          "auto_unstuck_wallet_exposure_threshold": 0.0536901365676486,
          "backwards_tp": true,
          "ddown_factor": 1.8018972991365059,
          "ema_span_0": 124.66647265420617,
          "ema_span_1": 457.74582273309517,
          "enabled": true,
          "initial_eprice_ema_dist": 0.01,
          "initial_qty_pct": 0.014178599972621888,
          "markup_range": 0.010267169077505757,
          "min_markup": 0.0026492802018927486,
          "n_close_orders": 10,
          "rentry_pprice_dist": 0.03443936239003529,
          "rentry_pprice_dist_wallet_exposure_weighting": 0.44432967522104894,
          "wallet_exposure_limit": 1},
 "short": {"auto_unstuck_ema_dist": -0.0909296844917457,
           "auto_unstuck_wallet_exposure_threshold": 0.08991412710599103,
           "backwards_tp": true,
           "ddown_factor": 2.1838618135311134,
           "ema_span_0": 153.02433020622968,
           "ema_span_1": 474.7102610102389,
           "enabled": false,
           "initial_eprice_ema_dist": -0.09808409814632328,
           "initial_qty_pct": 0.0429846476516011,
           "markup_range": 0.05548214503162751,
           "min_markup": 0.006983231239363739,
           "n_close_orders": 3,
           "rentry_pprice_dist": 0.03643908784709343,
           "rentry_pprice_dist_wallet_exposure_weighting": 10.647222458072608,
           "wallet_exposure_limit": 1.0}}