{"config_name": "recursive_grid_0days",
 "logging_level": 0,
 "long": {"auto_unstuck_ema_dist": -0.0024088024477780293,
          "auto_unstuck_wallet_exposure_threshold": 0.08736771340363708,
          "backwards_tp": true,
          "ddown_factor": 0.1,
          "ema_span_0": 81.57557872208649,
          "ema_span_1": 713.2627905745076,
          "enabled": true,
          "initial_eprice_ema_dist": 0.002992485318759252,
          "initial_qty_pct": 0.028135374425404664,
          "markup_range": 0.010398008530430287,
          "min_markup": 0.00947130013697956,
          "n_close_orders": 7,
          "rentry_pprice_dist": 0.029474326723806427,
          "rentry_pprice_dist_wallet_exposure_weighting": 2.006028339975186,
          "wallet_exposure_limit": 1.0},
 "short": {"auto_unstuck_ema_dist": -0.027823972221826962,
           "auto_unstuck_wallet_exposure_threshold": 0.09137082346822353,
           "backwards_tp": true,
           "ddown_factor": 1.759045999285494,
           "ema_span_0": 356.434764386907,
           "ema_span_1": 440.9052457752443,
           "enabled": false,
           "initial_eprice_ema_dist": -0.03707987107118964,
           "initial_qty_pct": 0.024210398519417434,
           "markup_range": 0.03303056673964605,
           "min_markup": 0.0035317498262934384,
           "n_close_orders": 12,
           "rentry_pprice_dist": 0.03610974313024275,
           "rentry_pprice_dist_wallet_exposure_weighting": 1.0842673851006968,
           "wallet_exposure_limit": 1.0}}