{"config_name": "recursive_grid_0days",
 "logging_level": 0,
 "long": {"auto_unstuck_ema_dist": -0.010949559246184693,
          "auto_unstuck_wallet_exposure_threshold": 0.053515851068703095,
          "backwards_tp": true,
          "ddown_factor": 2.61929937571208,
          "ema_span_0": 217.65850613377057,
          "ema_span_1": 1059.3670621860097,
          "enabled": true,
          "initial_eprice_ema_dist": 0.0036011758578956346,
          "initial_qty_pct": 0.01,
          "markup_range": 0.006372813691845912,
          "min_markup": 0.0026782687437103057,
          "n_close_orders": 6,
          "rentry_pprice_dist": 0.029256982670998175,
          "rentry_pprice_dist_wallet_exposure_weighting": 1.508869506279055,
          "wallet_exposure_limit": 1},
 "short": {"auto_unstuck_ema_dist": -0.03917675284368157,
           "auto_unstuck_wallet_exposure_threshold": 0.032058992757590866,
           "backwards_tp": true,
           "ddown_factor": 2.8079319233521676,
           "ema_span_0": 443.1588996528511,
           "ema_span_1": 1405.6775418241905,
           "enabled": false,
           "initial_eprice_ema_dist": -0.08034653130431192,
           "initial_qty_pct": 0.06552053322394188,
           "markup_range": 0.00018790916851533888,
           "min_markup": 0.005370927218347268,
           "n_close_orders": 8,
           "rentry_pprice_dist": 0.020135494655660866,
           "rentry_pprice_dist_wallet_exposure_weighting": 33.03793986029108,
           "wallet_exposure_limit": 1}}