{"config_name": "recursive_grid_0days",
 "logging_level": 0,
 "long": {"auto_unstuck_ema_dist": -0.005274835542495776,
          "auto_unstuck_wallet_exposure_threshold": 0.0719688056873789,
          "backwards_tp": true,
          "ddown_factor": 1.1758022976741316,
          "ema_span_0": 527.2740359500737,
          "ema_span_1": 184.74416802127902,
          "enabled": true,
          "initial_eprice_ema_dist": 0.005898496152190961,
          "initial_qty_pct": 0.02216672978270929,
          "markup_range": 0.003289442357514203,
          "min_markup": 0.005379128834582438,
          "n_close_orders": 11,
          "rentry_pprice_dist": 0.03791435524749777,
          "rentry_pprice_dist_wallet_exposure_weighting": 0.6564647904682689,
          "wallet_exposure_limit": 1},
 "short": {"auto_unstuck_ema_dist": -0.05408875998715499,
           "auto_unstuck_wallet_exposure_threshold": 0.04212319466643847,
           "backwards_tp": true,
           "ddown_factor": 1.0802693873516265,
           "ema_span_0": 646.9043176286657,
           "ema_span_1": 900.8631041243866,
           "enabled": false,
           "initial_eprice_ema_dist": -0.04752853531262483,
           "initial_qty_pct": 0.07703826560140765,
           "markup_range": 0.004703419415854995,
           "min_markup": 0.0035796320111781445,
           "n_close_orders": 3,
           "rentry_pprice_dist": 0.038222851526115174,
           "rentry_pprice_dist_wallet_exposure_weighting": 22.692663894369733,
           "wallet_exposure_limit": 1}}