{"config_name": "recursive_grid_0days",
 "logging_level": 0,
 "long": {"auto_unstuck_ema_dist": -0.05739900656051084,
          "auto_unstuck_wallet_exposure_threshold": 0.03781928485862645,
          "backwards_tp": true,
          "ddown_factor": 0.8718055874684011,
          "ema_span_0": 262.5784186830756,
          "ema_span_1": 1245.8489970338396,
          "enabled": true,
          "initial_eprice_ema_dist": -0.08588362172410953,
          "initial_qty_pct": 0.01874319219238403,
          "markup_range": 0.004877288204230348,
          "min_markup": 0.008808513475562817,
          "n_close_orders": 5,
          "rentry_pprice_dist": 0.04440751712401976,
          "rentry_pprice_dist_wallet_exposure_weighting": 0.0,
          "wallet_exposure_limit": 1},
 "short": {"auto_unstuck_ema_dist": -0.04574887201894037,
           "auto_unstuck_wallet_exposure_threshold": 0.04975560506955569,
           "backwards_tp": true,
           "ddown_factor": 2.7813006120455213,
           "ema_span_0": 486.33922966541456,
           "ema_span_1": 726.6661901633856,
           "enabled": false,
           "initial_eprice_ema_dist": -0.08363660708980464,
           "initial_qty_pct": 0.02921428925563497,
           "markup_range": 0.03528094415875054,
           "min_markup": 0.007847513063494623,
           "n_close_orders": 2,
           "rentry_pprice_dist": 0.04075872358821542,
           "rentry_pprice_dist_wallet_exposure_weighting": 28.39370701015909,
           "wallet_exposure_limit": 1.0}}