{"config_name": "recursive_grid_0days",
 "logging_level": 0,
 "long": {"auto_unstuck_ema_dist": -0.00957790976535032,
          "auto_unstuck_wallet_exposure_threshold": 0.03280004372578712,
          "backwards_tp": true,
          "ddown_factor": 2.6688279197451283,
          "ema_span_0": 720,
          "ema_span_1": 670.7733688964144,
          "enabled": true,
          "initial_eprice_ema_dist": 0.004200182631942389,
          "initial_qty_pct": 0.05694059615422933,
          "markup_range": 0.004286063716159436,
          "min_markup": 0.007007512741035025,
          "n_close_orders": 7,
          "rentry_pprice_dist": 0.023581393136615964,
          "rentry_pprice_dist_wallet_exposure_weighting": 5.9989103006138444,
          "wallet_exposure_limit": 1},
 "short": {"auto_unstuck_ema_dist": -0.055557162656428044,
           "auto_unstuck_wallet_exposure_threshold": 0.04045456381612422,
           "backwards_tp": true,
           "ddown_factor": 1.5376909045499039,
           "ema_span_0": 661.5092945740179,
           "ema_span_1": 471.54724672578163,
           "enabled": false,
           "initial_eprice_ema_dist": -0.050419159731864886,
           "initial_qty_pct": 0.06358707225015653,
           "markup_range": 0.0537175937473531,
           "min_markup": 0.004089865144975767,
           "n_close_orders": 3,
           "rentry_pprice_dist": 0.031724610502183476,
           "rentry_pprice_dist_wallet_exposure_weighting": 12.466735058284076,
           "wallet_exposure_limit": 1.0}}