{"config_name": "recursive_grid_0days",
 "logging_level": 0,
 "long": {"auto_unstuck_ema_dist": -0.07801529141046656,
          "auto_unstuck_wallet_exposure_threshold": 0.03260203000292779,
          "backwards_tp": true,
          "ddown_factor": 0.5281366695222827,
          "ema_span_0": 49.266472764554685,
          "ema_span_1": 237.498156590196,
          "enabled": true,
          "initial_eprice_ema_dist": 0.006034047045153583,
          "initial_qty_pct": 0.02604712915336283,
          "markup_range": 0.0,
          "min_markup": 0.004692869042521772,
          "n_close_orders": 1,
          "rentry_pprice_dist": 0.01373727543780874,
          "rentry_pprice_dist_wallet_exposure_weighting": 1.7386108979286163,
          "wallet_exposure_limit": 1.0},
 "short": {"auto_unstuck_ema_dist": -0.08017298831092515,
           "auto_unstuck_wallet_exposure_threshold": 0.09621307660945554,
           "backwards_tp": true,
           "ddown_factor": 0.9773872472230682,
           "ema_span_0": 693.7425286309242,
           "ema_span_1": 468.2703880628542,
           "enabled": false,
           "initial_eprice_ema_dist": -0.03555369427469311,
           "initial_qty_pct": 0.030527944368011366,
           "markup_range": 0.05362218605053933,
           "min_markup": 0.0016511375542518423,
           "n_close_orders": 9,
           "rentry_pprice_dist": 0.04187969231476939,
           "rentry_pprice_dist_wallet_exposure_weighting": 27.04255792959905,
           "wallet_exposure_limit": 1.0}}