{"config_name": "recursive_grid_0days",
 "logging_level": 0,
 "long": {"auto_unstuck_ema_dist": -0.00026568457576877985,
          "auto_unstuck_wallet_exposure_threshold": 0.039952372107715614,
          "backwards_tp": true,
          "ddown_factor": 1.7212014461360943,
          "ema_span_0": 442.2250163685814,
          "ema_span_1": 452.9564501887433,
          "enabled": true,
          "initial_eprice_ema_dist": 0.007873613527263883,
          "initial_qty_pct": 0.015618919065069601,
          "markup_range": 0.001863053374602766,
          "min_markup": 0.006497946927761874,
          "n_close_orders": 1,
          "rentry_pprice_dist": 0.02117868465921126,
          "rentry_pprice_dist_wallet_exposure_weighting": 2.957422474702916,
          "wallet_exposure_limit": 1},
 "short": {"auto_unstuck_ema_dist": -0.016582903673147048,
           "auto_unstuck_wallet_exposure_threshold": 0.06100106802454552,
           "backwards_tp": true,
           "ddown_factor": 2.1062290524755194,
           "ema_span_0": 467.8891637025467,
           "ema_span_1": 939.5929853483974,
           "enabled": false,
           "initial_eprice_ema_dist": -0.04646878895118723,
           "initial_qty_pct": 0.02211413087359447,
           "markup_range": 0.028136497759523545,
           "min_markup": 0.00971883545404809,
           "n_close_orders": 15,
           "rentry_pprice_dist": 0.009964688194621747,
           "rentry_pprice_dist_wallet_exposure_weighting": 10.871311925672584,
           "wallet_exposure_limit": 1.0}}