{"config_name": "recursive_grid_0days",
 "logging_level": 0,
 "long": {"auto_unstuck_ema_dist": -0.006503945719038012,
          "auto_unstuck_wallet_exposure_threshold": 0.0905699575800605,
          "backwards_tp": true,
          "ddown_factor": 0.8759429795049878,
          "ema_span_0": 703.9816145786947,
          "ema_span_1": 1413.4622127161333,
          "enabled": true,
          "initial_eprice_ema_dist": -0.05916045684892886,
          "initial_qty_pct": 0.014926722595724879,
          "markup_range": 0.002919345439380587,
          "min_markup": 0.007384067612171643,
          "n_close_orders": 2,
          "rentry_pprice_dist": 0.010382760921303403,
          "rentry_pprice_dist_wallet_exposure_weighting": 8.925084104750546,
          "wallet_exposure_limit": 1},
 "short": {"auto_unstuck_ema_dist": -0.08208229046734747,
           "auto_unstuck_wallet_exposure_threshold": 0.044510072141537134,
           "backwards_tp": true,
           "ddown_factor": 2.6738918544476458,
           "ema_span_0": 569.3097869882068,
           "ema_span_1": 253.21747342564802,
           "enabled": false,
           "initial_eprice_ema_dist": -0.06288249585593111,
           "initial_qty_pct": 0.08344841678951669,
           "markup_range": 0.04209730842790557,
           "min_markup": 0.0010932526819137744,
           "n_close_orders": 8,
           "rentry_pprice_dist": 0.03042832188981714,
           "rentry_pprice_dist_wallet_exposure_weighting": 32.2920684064129,
           "wallet_exposure_limit": 1.0}}