{"config_name": "recursive_grid_0days",
 "logging_level": 0,
 "long": {"auto_unstuck_ema_dist": -0.04104719748772002,
          "auto_unstuck_wallet_exposure_threshold": 0.03195303715037507,
          "backwards_tp": true,
          "ddown_factor": 2.575169482837021,
          "ema_span_0": 398.1127995570806,
          "ema_span_1": 860.0374655045018,
          "enabled": true,
          "initial_eprice_ema_dist": -0.09644481907573071,
          "initial_qty_pct": 0.027656389628068333,
          "markup_range": 0.013142192336446474,
          "min_markup": 0.00670057312282365,
          "n_close_orders": 6,
          "rentry_pprice_dist": 0.030001538479209215,
          "rentry_pprice_dist_wallet_exposure_weighting": 3.1424054909961763,
          "wallet_exposure_limit": 1.0},
 "short": {"auto_unstuck_ema_dist": -0.014015733385665086,
           "auto_unstuck_wallet_exposure_threshold": 0.051916559318643175,
           "backwards_tp": true,
           "ddown_factor": 0.9963650130905679,
           "ema_span_0": 296.6864134204696,
           "ema_span_1": 67.00149589302688,
           "enabled": false,
           "initial_eprice_ema_dist": -0.025949220608592047,
           "initial_qty_pct": 0.02447812184685423,
           "markup_range": 0.005138940991603418,
           "min_markup": 0.0016760919297127334,
           "n_close_orders": 2,
           "rentry_pprice_dist": 0.03402505172207972,
           "rentry_pprice_dist_wallet_exposure_weighting": 3.348295893213189,
           "wallet_exposure_limit": 1.0}}