{"config_name": "recursive_grid_0days",
 "logging_level": 0,
 "long": {"auto_unstuck_ema_dist": 0.001,
          "auto_unstuck_wallet_exposure_threshold": 0.03,
          "backwards_tp": true,
          "ddown_factor": 3,
          "ema_span_0": 10,
          "ema_span_1": 46.84876219523808,
          "enabled": true,
          "initial_eprice_ema_dist": -0.08091415712665755,
          "initial_qty_pct": 0.1,
          "markup_range": 0.005198473949901767,
          "min_markup": 0.009306929957578508,
          "n_close_orders": 2,
          "rentry_pprice_dist": 0.005161169581545313,
          "rentry_pprice_dist_wallet_exposure_weighting": 0.3685544348534291,
          "wallet_exposure_limit": 1},
 "short": {"auto_unstuck_ema_dist": -0.001364780899145962,
           "auto_unstuck_wallet_exposure_threshold": 0.04410173638055038,
           "backwards_tp": true,
           "ddown_factor": 2.832983175402476,
           "ema_span_0": 225.3973546627927,
           "ema_span_1": 1344.1470409750518,
           "enabled": false,
           "initial_eprice_ema_dist": -0.01661540490296652,
           "initial_qty_pct": 0.09394036632917105,
           "markup_range": 0.007361695379998305,
           "min_markup": 0.0059346187222580156,
           "n_close_orders": 14,
           "rentry_pprice_dist": 0.03237652256378396,
           "rentry_pprice_dist_wallet_exposure_weighting": 38.18683256174323,
           "wallet_exposure_limit": 1.0}}