{"config_name": "recursive_grid_0days",
 "logging_level": 0,
 "long": {"auto_unstuck_ema_dist": -0.012015799378603642,
          "auto_unstuck_wallet_exposure_threshold": 0.04180718220158079,
          "backwards_tp": true,
          "ddown_factor": 1.3259389285178729,
          "ema_span_0": 215.55095631419135,
          "ema_span_1": 1374.4690081474546,
          "enabled": true,
          "initial_eprice_ema_dist": 0.001161341767382014,
          "initial_qty_pct": 0.017677799810834286,
          "markup_range": 0.0030529873112435033,
          "min_markup": 0.005378911176578219,
          "n_close_orders": 15,
          "rentry_pprice_dist": 0.029242559358892032,
          "rentry_pprice_dist_wallet_exposure_weighting": 2.9193383874671017,
          "wallet_exposure_limit": 1.0},
 "short": {"auto_unstuck_ema_dist": -0.023971397965427743,
           "auto_unstuck_wallet_exposure_threshold": 0.030086787141763573,
           "backwards_tp": true,
           "ddown_factor": 2.8346067802830337,
           "ema_span_0": 480.74729918602094,
           "ema_span_1": 1159.5647297486369,
           "enabled": false,
           "initial_eprice_ema_dist": -0.013656124936380923,
           "initial_qty_pct": 0.02452067616020369,
           "markup_range": 0.020089108899081564,
           "min_markup": 0.0033416108518558017,
           "n_close_orders": 5,
           "rentry_pprice_dist": 0.005318715242197494,
           "rentry_pprice_dist_wallet_exposure_weighting": 2.702558933202064,
           "wallet_exposure_limit": 1.0}}