{"config_name": "recursive_grid_0days",
 "logging_level": 0,
 "long": {"auto_unstuck_ema_dist": -0.07533283051080492,
          "auto_unstuck_wallet_exposure_threshold": 0.08343228889066578,
          "backwards_tp": true,
          "ddown_factor": 0.23069200853040683,
          "ema_span_0": 116.67293649007861,
          "ema_span_1": 699.6253107291493,
          "enabled": true,
          "initial_eprice_ema_dist": -0.041910916658450204,
          "initial_qty_pct": 0.011181508750329323,
          "markup_range": 0.006816917053754404,
          "min_markup": 0.008652569488112986,
          "n_close_orders": 3,
          "rentry_pprice_dist": 0.033258640641399,
          "rentry_pprice_dist_wallet_exposure_weighting": 2.8169071465134,
          "wallet_exposure_limit": 1},
 "short": {"auto_unstuck_ema_dist": -0.07477436034329948,
           "auto_unstuck_wallet_exposure_threshold": 0.04827694835807053,
           "backwards_tp": true,
           "ddown_factor": 0.8201545015335789,
           "ema_span_0": 41.58619185185151,
           "ema_span_1": 976.6003780552252,
           "enabled": false,
           "initial_eprice_ema_dist": -0.026023855402312848,
           "initial_qty_pct": 0.020131447696962228,
           "markup_range": 0.058254407133361955,
           "min_markup": 0.0035446424951265185,
           "n_close_orders": 15,
           "rentry_pprice_dist": 0.03071732085980167,
           "rentry_pprice_dist_wallet_exposure_weighting": 13.875805226852535,
           "wallet_exposure_limit": 1.0}}