{"config_name": "recursive_grid_0days",
 "logging_level": 0,
 "long": {"auto_unstuck_ema_dist": 0.001,
          "auto_unstuck_wallet_exposure_threshold": 0.09828846518689151,
          "backwards_tp": true,
          "ddown_factor": 0.08390085009593687,
          "ema_span_0": 1589.0410335839797,
          "ema_span_1": 1586.2447253014345,
          "enabled": true,
          "initial_eprice_ema_dist": 0.00017821376712954108,
          "initial_qty_pct": 0.015,
          "markup_range": 0.006851127516141913,
          "min_markup": 0.0038130247958612796,
          "n_close_orders": 17,
          "rentry_pprice_dist": 0.03486526132958595,
          "rentry_pprice_dist_wallet_exposure_weighting": 0,
          "wallet_exposure_limit": 0.2},
 "short": {"auto_unstuck_ema_dist": 0.06151046539547499,
           "auto_unstuck_wallet_exposure_threshold": 0.06123297726508198,
           "backwards_tp": true,
           "ddown_factor": 0.6090926406165038,
           "ema_span_0": 2851.7898410626344,
           "ema_span_1": 8243.576422444954,
           "enabled": false,
           "initial_eprice_ema_dist": -0.006720098905932517,
           "initial_qty_pct": 0.015,
           "markup_range": 0.006966369298709402,
           "min_markup": 0.0017323177087858622,
           "n_close_orders": 7,
           "rentry_pprice_dist": 0.016150171261373348,
           "rentry_pprice_dist_wallet_exposure_weighting": 23.997915433581213,
           "wallet_exposure_limit": 0.1}}