{"config_name": "recursive_grid_0days",
 "logging_level": 0,
 "long": {"auto_unstuck_ema_dist": 0,
          "auto_unstuck_wallet_exposure_threshold": 0,
          "backwards_tp": false,
          "ddown_factor": 1.2729818412665144,
          "ema_span_0": 129.15806692768473,
          "ema_span_1": 100.94993302409783,
          "enabled": true,
          "initial_eprice_ema_dist": -0.1,
          "initial_qty_pct": 0.0030798448493851447,
          "markup_range": 0.04,
          "min_markup": 0.004263613144740778,
          "n_close_orders": 5,
          "rentry_pprice_dist": 0.02545010680062357,
          "rentry_pprice_dist_wallet_exposure_weighting": 0.923572273426824,
          "wallet_exposure_limit": 0.2},
 "short": {"auto_unstuck_ema_dist": 0.03704287434221908,
           "auto_unstuck_wallet_exposure_threshold": 0.037862875278239186,
           "backwards_tp": false,
           "ddown_factor": 0.8118852007941258,
           "ema_span_0": 4183.96849034555,
           "ema_span_1": 562.5177291275738,
           "enabled": false,
           "initial_eprice_ema_dist": -0.03689486531672992,
           "initial_qty_pct": 0.015,
           "markup_range": 0.024036436704704893,
           "min_markup": 0.0014227969949139533,
           "n_close_orders": 18,
           "rentry_pprice_dist": 0.04263332144169227,
           "rentry_pprice_dist_wallet_exposure_weighting": 21.183949602450408,
           "wallet_exposure_limit": 0.1}}