{"config_name": "clock_0days",
 "long": {"delay_between_fills_minutes_close": 814.9429940388882,
          "delay_between_fills_minutes_entry": 1371.1536659893318,
          "delay_weight_close": 5.866468662659781,
          "delay_weight_entry": 14.285780189474353,
          "ema_dist_lower": 0.009581355947162393,
          "ema_dist_upper": 0.0012079446394314916,
          "ema_span_0": 279.80442813777427,
          "ema_span_1": 214.7175110866927,
          "enabled": true,
          "markup_range": 0.0674940138095724,
          "min_markup": 0.08792195075536528,
          "n_close_orders": 5,
          "qty_pct_close": 0.0848937627648794,
          "qty_pct_entry": 0.03412394903367235,
          "wallet_exposure_limit": 0.25,
          "we_multiplier_close": 0.17947246283287022,
          "we_multiplier_entry": 8.999759022176997},
 "short": {"delay_between_fills_minutes_close": 755.0127998000429,
           "delay_between_fills_minutes_entry": 990.3482647009096,
           "delay_weight_close": 5.01228337082704,
           "delay_weight_entry": 6.398111829913271,
           "ema_dist_lower": 0.008989383581528754,
           "ema_dist_upper": 0.015027868443057278,
           "ema_span_0": 412.51610368304745,
           "ema_span_1": 1420.0235885605136,
           "enabled": false,
           "markup_range": 0.06329301564896565,
           "min_markup": 0.009909784973488685,
           "n_close_orders": 11,
           "qty_pct_close": 0.04353884226898318,
           "qty_pct_entry": 0.03496302393978331,
           "wallet_exposure_limit": 1.0,
           "we_multiplier_close": 2.3070624281635146,
           "we_multiplier_entry": 20.17197369151926}}