{"config_name": "recursive_grid_0days",
 "logging_level": 0,
 "long": {"auto_unstuck_ema_dist": 0.003,
          "auto_unstuck_wallet_exposure_threshold": 0.03728725111189477,
          "backwards_tp": true,
          "ddown_factor": 1.6950160629158117,
          "ema_span_0": 872.4228356193394,
          "ema_span_1": 233.06913676297438,
          "enabled": true,
          "initial_eprice_ema_dist": -0.023133129664088998,
          "initial_qty_pct": 0.02509914104273465,
          "markup_range": 0.0007325896737911087,
          "min_markup": 0.002627535319016444,
          "n_close_orders": 2,
          "rentry_pprice_dist": 0.03138935721515013,
          "rentry_pprice_dist_wallet_exposure_weighting": 1.248381195783518,
          "wallet_exposure_limit": 0.2},
 "short": {"auto_unstuck_ema_dist": -0.053634587927838755,
           "auto_unstuck_wallet_exposure_threshold": 0.06375193078429699,
           "backwards_tp": true,
           "ddown_factor": 2.059491885387265,
           "ema_span_0": 400.6801609478187,
           "ema_span_1": 641.4413452348988,
           "enabled": false,
           "initial_eprice_ema_dist": -0.04352515176505833,
           "initial_qty_pct": 0.06878184815697397,
           "markup_range": 0.01791288876506898,
           "min_markup": 0.008462984153193218,
           "n_close_orders": 11,
           "rentry_pprice_dist": 0.024208557841730757,
           "rentry_pprice_dist_wallet_exposure_weighting": 9.844896434032997,
           "wallet_exposure_limit": 1.0}}