{"config_name": "recursive_grid_0days",
 "logging_level": 0,
 "long": {"auto_unstuck_ema_dist": 0.06109242108532999,
          "auto_unstuck_wallet_exposure_threshold": 0.053871083023740614,
          "backwards_tp": false,
          "ddown_factor": 0.8832713325323372,
          "ema_span_0": 758.714673653693,
          "ema_span_1": 1097.1640617450832,
          "enabled": true,
          "initial_eprice_ema_dist": 0.01,
          "initial_qty_pct": 0.015,
          "markup_range": 0.02724195698768664,
          "min_markup": 0.002738210792811824,
          "n_close_orders": 4,
          "rentry_pprice_dist": 0.0327922542541218,
          "rentry_pprice_dist_wallet_exposure_weighting": 1.8350588592749226,
          "wallet_exposure_limit": 0.1},
 "short": {"auto_unstuck_ema_dist": 0.054650889615829326,
           "auto_unstuck_wallet_exposure_threshold": 0.025542754602264617,
           "backwards_tp": false,
           "ddown_factor": 0.6931226317136495,
           "ema_span_0": 1245.4087006147051,
           "ema_span_1": 1360.8261485861135,
           "enabled": true,
           "initial_eprice_ema_dist": 0.01,
           "initial_qty_pct": 0.015,
           "markup_range": 0.018731759280810008,
           "min_markup": 0.002865163647106231,
           "n_close_orders": 7,
           "rentry_pprice_dist": 0.02884272854050493,
           "rentry_pprice_dist_wallet_exposure_weighting": 2.1184266463854486,
           "wallet_exposure_limit": 0.1}}