{"config_name": "recursive_grid_0days",
 "logging_level": 0,
 "long": {"auto_unstuck_ema_dist": 0.07397156113425334,
          "auto_unstuck_wallet_exposure_threshold": 0.09952797478427354,
          "backwards_tp": false,
          "ddown_factor": 1.788783020155193,
          "ema_span_0": 2441.881129880196,
          "ema_span_1": 3200.179529395962,
          "enabled": false,
          "initial_eprice_ema_dist": -0.09479109268273463,
          "initial_qty_pct": 0.015,
          "markup_range": 0.008353757283680296,
          "min_markup": 0.00358427915532999,
          "n_close_orders": 5,
          "rentry_pprice_dist": 0.031419114352150355,
          "rentry_pprice_dist_wallet_exposure_weighting": 51.87598046279172,
          "wallet_exposure_limit": 0.1},
 "short": {"auto_unstuck_ema_dist": 0,
           "auto_unstuck_wallet_exposure_threshold": 0,
           "backwards_tp": false,
           "ddown_factor": 0.5168767296269475,
           "ema_span_0": 700.000337273028,
           "ema_span_1": 4073.1901210051656,
           "enabled": true,
           "initial_eprice_ema_dist": -0.05226155041451041,
           "initial_qty_pct": 0.002052422731178521,
           "markup_range": 0.011890340000026083,
           "min_markup": 0.015287634931338766,
           "n_close_orders": 5,
           "rentry_pprice_dist": 0.03528599936128403,
           "rentry_pprice_dist_wallet_exposure_weighting": 0,
           "wallet_exposure_limit": 0.2}}