{"config_name": "clock_0days",
 "long": {"backwards_tp": true,
          "delay_between_fills_minutes_close": 498.80723495932443,
          "delay_between_fills_minutes_entry": 968.3353998333749,
          "delay_weight_close": 0,
          "delay_weight_entry": 14.701865906225546,
          "ema_dist_close": -0.0025421885785033883,
          "ema_dist_entry": 0.003,
          "ema_span_0": 36.95009162465815,
          "ema_span_1": 1324.157061546359,
          "enabled": true,
          "markup_range": 0.02284177529724064,
          "min_markup": 0.009560714275617162,
          "n_close_orders": 3,
          "qty_pct_close": 0.01511300240668494,
          "qty_pct_entry": 0.016179897394816938,
          "wallet_exposure_limit": 0.5,
          "we_multiplier_close": 0,
          "we_multiplier_entry": 29.72195717956051},
 "short": {"backwards_tp": true,
           "delay_between_fills_minutes_close": 904.129635790625,
           "delay_between_fills_minutes_entry": 1087.8289111158767,
           "delay_weight_close": 0,
           "delay_weight_entry": 19.3371775754804,
           "ema_dist_close": -0.004215034082612867,
           "ema_dist_entry": 0.0007943578107628424,
           "ema_span_0": 39.047360777147986,
           "ema_span_1": 1415.7468475223275,
           "enabled": true,
           "markup_range": 0.03349999943177023,
           "min_markup": 0.008463580072352648,
           "n_close_orders": 13,
           "qty_pct_close": 0.027199111017859615,
           "qty_pct_entry": 0.012597949556475165,
           "wallet_exposure_limit": 0.25,
           "we_multiplier_close": 0,
           "we_multiplier_entry": 28.787081788907983}}