{"config_name": "clock_0days",
 "long": {"backwards_tp": true,
          "delay_between_fills_minutes_close": 1440,
          "delay_between_fills_minutes_entry": 986.4188284158687,
          "delay_weight_close": 0,
          "delay_weight_entry": 15.881861657600735,
          "ema_dist_close": 0.003,
          "ema_dist_entry": -0.003992974375421167,
          "ema_span_0": 1058.7375207084024,
          "ema_span_1": 1354.112466416214,
          "enabled": true,
          "markup_range": 0.00371584126524373,
          "min_markup": 0.0032669591142433793,
          "n_close_orders": 9,
          "qty_pct_close": 0.01,
          "qty_pct_entry": 0.022282304000617096,
          "wallet_exposure_limit": 0.5,
          "we_multiplier_close": 0,
          "we_multiplier_entry": 24.720969366475238},
 "short": {"backwards_tp": true,
           "delay_between_fills_minutes_close": 1273.70248816768,
           "delay_between_fills_minutes_entry": 1067.3176068521273,
           "delay_weight_close": 0,
           "delay_weight_entry": 8.650111482686969,
           "ema_dist_close": 0.0026921035028711696,
           "ema_dist_entry": -0.04967628605039916,
           "ema_span_0": 818.6140824845239,
           "ema_span_1": 1377.1539795973763,
           "enabled": true,
           "markup_range": 0.032182016506532185,
           "min_markup": 0.008989440346907327,
           "n_close_orders": 12,
           "qty_pct_close": 0.010978581709892056,
           "qty_pct_entry": 0.013490789723501486,
           "wallet_exposure_limit": 0.25,
           "we_multiplier_close": 0,
           "we_multiplier_entry": 9.402933561728876}}