{"config_name": "clock_0days",
 "long": {"backwards_tp": true,
          "delay_between_fills_minutes_close": 1137.542761918818,
          "delay_between_fills_minutes_entry": 1265.845787827386,
          "delay_weight_close": 0,
          "delay_weight_entry": 39.33789458319927,
          "ema_dist_close": 0.003,
          "ema_dist_entry": -0.0013589604521708695,
          "ema_span_0": 1276.7399742971031,
          "ema_span_1": 1118.514965466652,
          "enabled": true,
          "markup_range": 0.003537557722252258,
          "min_markup": 0.0018763551981419396,
          "n_close_orders": 3,
          "qty_pct_close": 0.015118357108485676,
          "qty_pct_entry": 0.012497480776546577,
          "wallet_exposure_limit": 0.5,
          "we_multiplier_close": 0,
          "we_multiplier_entry": 112.94569193359978},
 "short": {"backwards_tp": true,
           "delay_between_fills_minutes_close": 1440,
           "delay_between_fills_minutes_entry": 1127.2573886474033,
           "delay_weight_close": 0.0,
           "delay_weight_entry": 12.48075846540136,
           "ema_dist_close": 0.003,
           "ema_dist_entry": -1.53031582977104e-05,
           "ema_span_0": 5,
           "ema_span_1": 314.0239514817075,
           "enabled": true,
           "markup_range": 0.006399073874910025,
           "min_markup": 0.0096142043628042,
           "n_close_orders": 8,
           "qty_pct_close": 0.011254909922816312,
           "qty_pct_entry": 0.01601896569981424,
           "wallet_exposure_limit": 0.25,
           "we_multiplier_close": 0,
           "we_multiplier_entry": 33.34673012224485}}