{"config_name": "clock_0days",
 "long": {"backwards_tp": true,
          "delay_between_fills_minutes_close": 693.6853361618084,
          "delay_between_fills_minutes_entry": 1400.7616093395584,
          "delay_weight_close": 0,
          "delay_weight_entry": 14.714417833705006,
          "ema_dist_close": 0.003,
          "ema_dist_entry": -0.0013665492783167192,
          "ema_span_0": 1440,
          "ema_span_1": 1354.8164649629612,
          "enabled": true,
          "markup_range": 0.02878623774360526,
          "min_markup": 0.007078590073134511,
          "n_close_orders": 14,
          "qty_pct_close": 0.021561307399348997,
          "qty_pct_entry": 0.01,
          "wallet_exposure_limit": 0.5,
          "we_multiplier_close": 0,
          "we_multiplier_entry": 30.823146457138062},
 "short": {"backwards_tp": true,
           "delay_between_fills_minutes_close": 1414.5882235000674,
           "delay_between_fills_minutes_entry": 557.9920540914532,
           "delay_weight_close": 0,
           "delay_weight_entry": 34.2300934243324,
           "ema_dist_close": -0.002869128372715933,
           "ema_dist_entry": 7.334342455051109e-05,
           "ema_span_0": 290.4935676096844,
           "ema_span_1": 1427.0898756117867,
           "enabled": true,
           "markup_range": 0.002707728728867905,
           "min_markup": 0.004783885843174705,
           "n_close_orders": 3,
           "qty_pct_close": 0.013848283255025734,
           "qty_pct_entry": 0.01593691671620968,
           "wallet_exposure_limit": 0.25,
           "we_multiplier_close": 0.0,
           "we_multiplier_entry": 39.760434156601356}}