{"config_name": "clock_0days",
 "long": {"backwards_tp": true,
          "delay_between_fills_minutes_close": 1278.5224119362358,
          "delay_between_fills_minutes_entry": 660.46960081152,
          "delay_weight_close": 0,
          "delay_weight_entry": 19.084851893570615,
          "ema_dist_close": 0.002313204356822424,
          "ema_dist_entry": 0.003,
          "ema_span_0": 1214.0553786191385,
          "ema_span_1": 737.5936036281178,
          "enabled": true,
          "markup_range": 0.0024024037030608405,
          "min_markup": 0.003619020579894631,
          "n_close_orders": 13,
          "qty_pct_close": 0.04559069027028326,
          "qty_pct_entry": 0.012884158102201884,
          "wallet_exposure_limit": 0.5,
          "we_multiplier_close": 0,
          "we_multiplier_entry": 198.91369906085023},
 "short": {"backwards_tp": true,
           "delay_between_fills_minutes_close": 1376.435620501292,
           "delay_between_fills_minutes_entry": 1264.8403738034483,
           "delay_weight_close": 0,
           "delay_weight_entry": 10.141143582696245,
           "ema_dist_close": 0.0013469043236154301,
           "ema_dist_entry": -0.0037056407468518482,
           "ema_span_0": 1145.9861524429277,
           "ema_span_1": 1340.744735607659,
           "enabled": true,
           "markup_range": 0.007753560589752595,
           "min_markup": 0.007711069474322625,
           "n_close_orders": 2,
           "qty_pct_close": 0.01353171010321485,
           "qty_pct_entry": 0.011927413791798751,
           "wallet_exposure_limit": 0.25,
           "we_multiplier_close": 0,
           "we_multiplier_entry": 200}}