{"config_name": "clock_0days",
 "long": {"backwards_tp": true,
          "delay_between_fills_minutes_close": 1213.8676198746075,
          "delay_between_fills_minutes_entry": 1406.9359406531848,
          "delay_weight_close": 0,
          "delay_weight_entry": 19.915039279020423,
          "ema_dist_close": -0.0056079273061918206,
          "ema_dist_entry": -0.0003459377218031773,
          "ema_span_0": 1347.62893187824,
          "ema_span_1": 1305.1555784486131,
          "enabled": true,
          "markup_range": 0.013269181596567129,
          "min_markup": 0.006400511484742814,
          "n_close_orders": 3,
          "qty_pct_close": 0.02792674537506486,
          "qty_pct_entry": 0.01,
          "wallet_exposure_limit": 0.5,
          "we_multiplier_close": 0,
          "we_multiplier_entry": 45.88839959642793},
 "short": {"backwards_tp": true,
           "delay_between_fills_minutes_close": 1364.6600138729195,
           "delay_between_fills_minutes_entry": 821.7764493223515,
           "delay_weight_close": 0,
           "delay_weight_entry": 9.501719254182492,
           "ema_dist_close": -0.0035605276382449,
           "ema_dist_entry": 0.001522542939570068,
           "ema_span_0": 1440,
           "ema_span_1": 311.15052147162623,
           "enabled": true,
           "markup_range": 0.009976629329500617,
           "min_markup": 0.004714538755788176,
           "n_close_orders": 2,
           "qty_pct_close": 0.010491614148704064,
           "qty_pct_entry": 0.02041071754903371,
           "wallet_exposure_limit": 0.25,
           "we_multiplier_close": 0,
           "we_multiplier_entry": 59.67609113202402}}