{"config_name": "clock_0days",
 "long": {"backwards_tp": true,
          "delay_between_fills_minutes_close": 655.3741395364907,
          "delay_between_fills_minutes_entry": 765.4793152105789,
          "delay_weight_close": 0,
          "delay_weight_entry": 24.033468462053666,
          "ema_dist_close": 0.0007035862228327036,
          "ema_dist_entry": -0.0038489723074968257,
          "ema_span_0": 542.8717669873564,
          "ema_span_1": 1113.2720711687487,
          "enabled": true,
          "markup_range": 0.005813794366180058,
          "min_markup": 0.003214764682196036,
          "n_close_orders": 7,
          "qty_pct_close": 0.04352478979513195,
          "qty_pct_entry": 0.01,
          "wallet_exposure_limit": 0.5,
          "we_multiplier_close": 0.0,
          "we_multiplier_entry": 162.1677055017611},
 "short": {"backwards_tp": true,
           "delay_between_fills_minutes_close": 1313.6953748360759,
           "delay_between_fills_minutes_entry": 847.0833794042377,
           "delay_weight_close": 0.0,
           "delay_weight_entry": 47.233320633611484,
           "ema_dist_close": -0.008199477467610503,
           "ema_dist_entry": -0.00028945407140207715,
           "ema_span_0": 1293.866715274506,
           "ema_span_1": 1209.000218402978,
           "enabled": true,
           "markup_range": 0.002187246641365728,
           "min_markup": 0.0026149167014311307,
           "n_close_orders": 9,
           "qty_pct_close": 0.01696889156398877,
           "qty_pct_entry": 0.01582011674862671,
           "wallet_exposure_limit": 0.25,
           "we_multiplier_close": 0.0,
           "we_multiplier_entry": 97.7181835207761}}