{"config_name": "clock_0days",
 "long": {"backwards_tp": true,
          "delay_between_fills_minutes_close": 1099.714966602295,
          "delay_between_fills_minutes_entry": 1372.1373495545802,
          "delay_weight_close": 0.0,
          "delay_weight_entry": 29.90152533165869,
          "ema_dist_close": -0.009455343750759848,
          "ema_dist_entry": 0.003,
          "ema_span_0": 1407.0312519868369,
          "ema_span_1": 583.9267856039239,
          "enabled": true,
          "markup_range": 0.005371444210691334,
          "min_markup": 0.007694038267832495,
          "n_close_orders": 4,
          "qty_pct_close": 0.01,
          "qty_pct_entry": 0.01,
          "wallet_exposure_limit": 0.5,
          "we_multiplier_close": 0,
          "we_multiplier_entry": 94.7555731537965},
 "short": {"backwards_tp": true,
           "delay_between_fills_minutes_close": 1198.0487481492373,
           "delay_between_fills_minutes_entry": 1440,
           "delay_weight_close": 0,
           "delay_weight_entry": 14.304167155129214,
           "ema_dist_close": -0.0017710772255114383,
           "ema_dist_entry": 0.002135998505014494,
           "ema_span_0": 1168.9673602650514,
           "ema_span_1": 1334.5224356494493,
           "enabled": true,
           "markup_range": 0.020365529593154633,
           "min_markup": 0.009468645192188466,
           "n_close_orders": 5,
           "qty_pct_close": 0.02555516654796877,
           "qty_pct_entry": 0.014582654409456528,
           "wallet_exposure_limit": 0.25,
           "we_multiplier_close": 0.0,
           "we_multiplier_entry": 39.478260672272114}}