{"config_name": "clock_0days",
 "long": {"backwards_tp": true,
          "delay_between_fills_minutes_close": 1245.75498487054,
          "delay_between_fills_minutes_entry": 1156.5152185198485,
          "delay_weight_close": 0,
          "delay_weight_entry": 14.522148635672341,
          "ema_dist_close": 0.0023381190547586265,
          "ema_dist_entry": -0.0005780092925403749,
          "ema_span_0": 774.2062793965603,
          "ema_span_1": 172.60144901181877,
          "enabled": true,
          "markup_range": 0.009551844962696477,
          "min_markup": 0.0042217996633555415,
          "n_close_orders": 14,
          "qty_pct_close": 0.017203202045584443,
          "qty_pct_entry": 0.011714983494325846,
          "wallet_exposure_limit": 0.5,
          "we_multiplier_close": 0.0,
          "we_multiplier_entry": 127.7078418845185},
 "short": {"backwards_tp": true,
           "delay_between_fills_minutes_close": 658.2574454939408,
           "delay_between_fills_minutes_entry": 442.6528520248562,
           "delay_weight_close": 0,
           "delay_weight_entry": 7.697551451613687,
           "ema_dist_close": 0.003,
           "ema_dist_entry": 0.0021687340892725332,
           "ema_span_0": 89.6794751642202,
           "ema_span_1": 1440,
           "enabled": true,
           "markup_range": 0.0016602398631409359,
           "min_markup": 0.004372305252471366,
           "n_close_orders": 4,
           "qty_pct_close": 0.02615128842097244,
           "qty_pct_entry": 0.017170951767959592,
           "wallet_exposure_limit": 0.25,
           "we_multiplier_close": 0,
           "we_multiplier_entry": 163.54536058558}}