{"config_name": "clock_0days",
 "long": {"backwards_tp": true,
          "delay_between_fills_minutes_close": 1169.1661079621238,
          "delay_between_fills_minutes_entry": 1414.7175081815692,
          "delay_weight_close": 0,
          "delay_weight_entry": 33.789467671614176,
          "ema_dist_close": -0.027492470076748696,
          "ema_dist_entry": 0.0008551316257102079,
          "ema_span_0": 640.1871831687698,
          "ema_span_1": 522.1843092681881,
          "enabled": true,
          "markup_range": 0.004504895044063712,
          "min_markup": 0.0033849721654197256,
          "n_close_orders": 6,
          "qty_pct_close": 0.019975430425530332,
          "qty_pct_entry": 0.017397989055738413,
          "wallet_exposure_limit": 0.5,
          "we_multiplier_close": 0,
          "we_multiplier_entry": 80.22097030428404},
 "short": {"backwards_tp": true,
           "delay_between_fills_minutes_close": 1198.4550189417705,
           "delay_between_fills_minutes_entry": 678.0088461253387,
           "delay_weight_close": 0,
           "delay_weight_entry": 39.063382710599335,
           "ema_dist_close": -0.00034055320404482417,
           "ema_dist_entry": 0.003,
           "ema_span_0": 1420.7911339818045,
           "ema_span_1": 483.73449238330744,
           "enabled": true,
           "markup_range": 0.004006967963738455,
           "min_markup": 0.0029649361903007223,
           "n_close_orders": 5,
           "qty_pct_close": 0.026340724721581048,
           "qty_pct_entry": 0.01309143552287079,
           "wallet_exposure_limit": 0.25,
           "we_multiplier_close": 0,
           "we_multiplier_entry": 43.99941680945133}}