{"config_name": "recursive_grid_0days",
 "logging_level": 0,
 "long": {"auto_unstuck_ema_dist": -0.009284419588238032,
          "auto_unstuck_wallet_exposure_threshold": 0.0466551636775442,
          "backwards_tp": true,
          "ddown_factor": 1.1212272094912084,
          "ema_span_0": 203.70771333827562,
          "ema_span_1": 933.1685930377489,
          "enabled": true,
          "initial_eprice_ema_dist": 0.0035767578635347284,
          "initial_qty_pct": 0.011063861992867685,
          "markup_range": 0.003965289145253069,
          "min_markup": 0.002157787662574813,
          "n_close_orders": 2,
          "rentry_pprice_dist": 0.02818212491636365,
          "rentry_pprice_dist_wallet_exposure_weighting": 2.8251217137706055,
          "wallet_exposure_limit": 1},
 "short": {"auto_unstuck_ema_dist": -0.08180809916797525,
           "auto_unstuck_wallet_exposure_threshold": 0.07969550591636533,
           "backwards_tp": true,
           "ddown_factor": 1.6557510833652012,
           "ema_span_0": 700.1580718018696,
           "ema_span_1": 1302.8520844994794,
           "enabled": false,
           "initial_eprice_ema_dist": -0.07268754192572874,
           "initial_qty_pct": 0.020694885808597633,
           "markup_range": 0.010786318840641218,
           "min_markup": 0.009746345532202515,
           "n_close_orders": 1,
           "rentry_pprice_dist": 0.03135744846142359,
           "rentry_pprice_dist_wallet_exposure_weighting": 35.76589893016155,
           "wallet_exposure_limit": 1.0}}