{"config_name": "recursive_grid_0days",
 "logging_level": 0,
 "long": {"auto_unstuck_ema_dist": -0.009284419588238032,
          "auto_unstuck_wallet_exposure_threshold": 0.0466551636775442,
          "backwards_tp": true,
          "ddown_factor": 1.1212272094912084,
          "ema_span_0": 203.70771333827562,
          "ema_span_1": 933.1685930377489,
          "enabled": true,
          "initial_eprice_ema_dist": 0.0035767578635347284,
          "initial_qty_pct": 0.011063861992867685,
          "markup_range": 0.003965289145253069,
          "min_markup": 0.002157787662574813,
          "n_close_orders": 2,
          "rentry_pprice_dist": 0.02818212491636365,
          "rentry_pprice_dist_wallet_exposure_weighting": 2.8251217137706055,
          "wallet_exposure_limit": 1},
 "short": {"auto_unstuck_ema_dist": -0.054639838771073805,
           "auto_unstuck_wallet_exposure_threshold": 0.06170371582376532,
           "backwards_tp": true,
           "ddown_factor": 0.4046265385679801,
           "ema_span_0": 668.4957703901538,
           "ema_span_1": 146.67853729665774,
           "enabled": false,
           "initial_eprice_ema_dist": -0.08158695293988653,
           "initial_qty_pct": 0.03884587869368274,
           "markup_range": 0.011993967219443713,
           "min_markup": 0.009464350519055833,
           "n_close_orders": 1,
           "rentry_pprice_dist": 0.024434187752791024,
           "rentry_pprice_dist_wallet_exposure_weighting": 14.660660975986746,
           "wallet_exposure_limit": 1.0}}