{"config_name": "recursive_grid_0days",
 "logging_level": 0,
 "long": {"auto_unstuck_ema_dist": 0.001,
          "auto_unstuck_wallet_exposure_threshold": 0.1,
          "backwards_tp": true,
          "ddown_factor": 1.0870574353782205,
          "ema_span_0": 10,
          "ema_span_1": 433.62826237523154,
          "enabled": true,
          "initial_eprice_ema_dist": 0.01,
          "initial_qty_pct": 0.04573994009536361,
          "markup_range": 0.02222580267962309,
          "min_markup": 0.001,
          "n_close_orders": 1,
          "rentry_pprice_dist": 0.026766097612058858,
          "rentry_pprice_dist_wallet_exposure_weighting": 17.41506821429558,
          "wallet_exposure_limit": 1.0},
 "short": {"auto_unstuck_ema_dist": -0.09636865724064153,
           "auto_unstuck_wallet_exposure_threshold": 0.051367811050418294,
           "backwards_tp": true,
           "ddown_factor": 2.8730635698755003,
           "ema_span_0": 348.8583602736722,
           "ema_span_1": 989.9852788684568,
           "enabled": false,
           "initial_eprice_ema_dist": -0.039078750683103534,
           "initial_qty_pct": 0.08335271515396869,
           "markup_range": 0.025941839897261502,
           "min_markup": 0.007916471498074605,
           "n_close_orders": 2,
           "rentry_pprice_dist": 0.01656801108913274,
           "rentry_pprice_dist_wallet_exposure_weighting": 19.431426486235637,
           "wallet_exposure_limit": 1.0}}