{"config_name": "recursive_grid_0days",
 "logging_level": 0,
 "long": {"auto_unstuck_ema_dist": -0.009284419588238032,
          "auto_unstuck_wallet_exposure_threshold": 0.0466551636775442,
          "backwards_tp": true,
          "ddown_factor": 1.1212272094912084,
          "ema_span_0": 203.70771333827562,
          "ema_span_1": 933.1685930377489,
          "enabled": true,
          "initial_eprice_ema_dist": 0.0035767578635347284,
          "initial_qty_pct": 0.011063861992867685,
          "markup_range": 0.003965289145253069,
          "min_markup": 0.002157787662574813,
          "n_close_orders": 2,
          "rentry_pprice_dist": 0.02818212491636365,
          "rentry_pprice_dist_wallet_exposure_weighting": 2.8251217137706055,
          "wallet_exposure_limit": 1},
 "short": {"auto_unstuck_ema_dist": -0.0997937596352696,
           "auto_unstuck_wallet_exposure_threshold": 0.05830685276669486,
           "backwards_tp": true,
           "ddown_factor": 0.129403500293213,
           "ema_span_0": 646.8213099342569,
           "ema_span_1": 1291.5190840757168,
           "enabled": false,
           "initial_eprice_ema_dist": -0.09615696140940791,
           "initial_qty_pct": 0.06251506274995637,
           "markup_range": 0.011960000272969267,
           "min_markup": 0.00820268617929067,
           "n_close_orders": 4,
           "rentry_pprice_dist": 0.012797147679188896,
           "rentry_pprice_dist_wallet_exposure_weighting": 23.761135001012185,
           "wallet_exposure_limit": 1.0}}