{"config_name": "recursive_grid_0days",
 "logging_level": 0,
 "long": {"auto_unstuck_ema_dist": -0.009284419588238032,
          "auto_unstuck_wallet_exposure_threshold": 0.0466551636775442,
          "backwards_tp": true,
          "ddown_factor": 1.1212272094912084,
          "ema_span_0": 203.70771333827562,
          "ema_span_1": 933.1685930377489,
          "enabled": true,
          "initial_eprice_ema_dist": 0.0035767578635347284,
          "initial_qty_pct": 0.011063861992867685,
          "markup_range": 0.003965289145253069,
          "min_markup": 0.002157787662574813,
          "n_close_orders": 2,
          "rentry_pprice_dist": 0.02818212491636365,
          "rentry_pprice_dist_wallet_exposure_weighting": 2.8251217137706055,
          "wallet_exposure_limit": 1},
 "short": {"auto_unstuck_ema_dist": -0.0015172692109762535,
           "auto_unstuck_wallet_exposure_threshold": 0.08531200466671603,
           "backwards_tp": true,
           "ddown_factor": 0.13774835285057285,
           "ema_span_0": 358.7491029119291,
           "ema_span_1": 269.4488043662323,
           "enabled": false,
           "initial_eprice_ema_dist": 0.0027323614568573336,
           "initial_qty_pct": 0.08185387886135868,
           "markup_range": 0.022030345365442173,
           "min_markup": 0.002757363147258323,
           "n_close_orders": 12,
           "rentry_pprice_dist": 0.0394254945252848,
           "rentry_pprice_dist_wallet_exposure_weighting": 35.917491393707266,
           "wallet_exposure_limit": 1.0}}