{"config_name": "recursive_grid_0days",
 "logging_level": 0,
 "long": {"auto_unstuck_ema_dist": -0.009284419588238032,
          "auto_unstuck_wallet_exposure_threshold": 0.0466551636775442,
          "backwards_tp": true,
          "ddown_factor": 1.1212272094912084,
          "ema_span_0": 203.70771333827562,
          "ema_span_1": 933.1685930377489,
          "enabled": true,
          "initial_eprice_ema_dist": 0.0035767578635347284,
          "initial_qty_pct": 0.011063861992867685,
          "markup_range": 0.003965289145253069,
          "min_markup": 0.002157787662574813,
          "n_close_orders": 2,
          "rentry_pprice_dist": 0.02818212491636365,
          "rentry_pprice_dist_wallet_exposure_weighting": 2.8251217137706055,
          "wallet_exposure_limit": 1},
 "short": {"auto_unstuck_ema_dist": -0.054962181656563955,
           "auto_unstuck_wallet_exposure_threshold": 0.08975593091229131,
           "backwards_tp": true,
           "ddown_factor": 0.27233838475638555,
           "ema_span_0": 477.6986508107191,
           "ema_span_1": 1312.907539655732,
           "enabled": false,
           "initial_eprice_ema_dist": -0.010823788805347373,
           "initial_qty_pct": 0.04174428588463521,
           "markup_range": 0.004252530459894368,
           "min_markup": 0.0058952326292851884,
           "n_close_orders": 8,
           "rentry_pprice_dist": 0.008775383575874074,
           "rentry_pprice_dist_wallet_exposure_weighting": 4.650448174114368,
           "wallet_exposure_limit": 1.0}}