{"config_name": "recursive_grid_0days",
 "logging_level": 0,
 "long": {"auto_unstuck_ema_dist": -0.009284419588238032,
          "auto_unstuck_wallet_exposure_threshold": 0.0466551636775442,
          "backwards_tp": true,
          "ddown_factor": 1.1212272094912084,
          "ema_span_0": 203.70771333827562,
          "ema_span_1": 933.1685930377489,
          "enabled": true,
          "initial_eprice_ema_dist": 0.0035767578635347284,
          "initial_qty_pct": 0.011063861992867685,
          "markup_range": 0.003965289145253069,
          "min_markup": 0.002157787662574813,
          "n_close_orders": 2,
          "rentry_pprice_dist": 0.02818212491636365,
          "rentry_pprice_dist_wallet_exposure_weighting": 2.8251217137706055,
          "wallet_exposure_limit": 1},
 "short": {"auto_unstuck_ema_dist": -0.029302363262597147,
           "auto_unstuck_wallet_exposure_threshold": 0.05024203999262461,
           "backwards_tp": true,
           "ddown_factor": 2.0421806513154386,
           "ema_span_0": 232.30712627964616,
           "ema_span_1": 510.999342699084,
           "enabled": false,
           "initial_eprice_ema_dist": -0.0993777230795394,
           "initial_qty_pct": 0.05463599510885041,
           "markup_range": 0.015117364901082581,
           "min_markup": 0.00720933845967839,
           "n_close_orders": 12,
           "rentry_pprice_dist": 0.005,
           "rentry_pprice_dist_wallet_exposure_weighting": 14.212784255618223,
           "wallet_exposure_limit": 1.0}}