{"config_name": "recursive_grid_0days",
 "logging_level": 0,
 "long": {"auto_unstuck_ema_dist": -0.009284419588238032,
          "auto_unstuck_wallet_exposure_threshold": 0.0466551636775442,
          "backwards_tp": true,
          "ddown_factor": 1.1212272094912084,
          "ema_span_0": 203.70771333827562,
          "ema_span_1": 933.1685930377489,
          "enabled": true,
          "initial_eprice_ema_dist": 0.0035767578635347284,
          "initial_qty_pct": 0.011063861992867685,
          "markup_range": 0.003965289145253069,
          "min_markup": 0.002157787662574813,
          "n_close_orders": 2,
          "rentry_pprice_dist": 0.02818212491636365,
          "rentry_pprice_dist_wallet_exposure_weighting": 2.8251217137706055,
          "wallet_exposure_limit": 1},
 "short": {"auto_unstuck_ema_dist": -0.046458812910164175,
           "auto_unstuck_wallet_exposure_threshold": 0.06035454763931002,
           "backwards_tp": true,
           "ddown_factor": 1.9343802119135374,
           "ema_span_0": 173.7643010636324,
           "ema_span_1": 19.61906855610678,
           "enabled": false,
           "initial_eprice_ema_dist": -0.0940423822391093,
           "initial_qty_pct": 0.07355742047653743,
           "markup_range": 0.05783403351280816,
           "min_markup": 0.004550967860569986,
           "n_close_orders": 5,
           "rentry_pprice_dist": 0.03856449177820877,
           "rentry_pprice_dist_wallet_exposure_weighting": 5.954154974598241,
           "wallet_exposure_limit": 1.0}}