{"config_name": "recursive_grid_0days",
 "logging_level": 0,
 "long": {"auto_unstuck_ema_dist": -0.009284419588238032,
          "auto_unstuck_wallet_exposure_threshold": 0.0466551636775442,
          "backwards_tp": true,
          "ddown_factor": 1.1212272094912084,
          "ema_span_0": 203.70771333827562,
          "ema_span_1": 933.1685930377489,
          "enabled": true,
          "initial_eprice_ema_dist": 0.0035767578635347284,
          "initial_qty_pct": 0.011063861992867685,
          "markup_range": 0.003965289145253069,
          "min_markup": 0.002157787662574813,
          "n_close_orders": 2,
          "rentry_pprice_dist": 0.02818212491636365,
          "rentry_pprice_dist_wallet_exposure_weighting": 2.8251217137706055,
          "wallet_exposure_limit": 1},
 "short": {"auto_unstuck_ema_dist": -0.014195456683101397,
           "auto_unstuck_wallet_exposure_threshold": 0.0790325531639249,
           "backwards_tp": true,
           "ddown_factor": 2.9147100990440804,
           "ema_span_0": 63.010034856324886,
           "ema_span_1": 36.2528535095186,
           "enabled": false,
           "initial_eprice_ema_dist": -0.07666625785920536,
           "initial_qty_pct": 0.06678505441115701,
           "markup_range": 0.00907260344777172,
           "min_markup": 0.0056681182732642955,
           "n_close_orders": 4,
           "rentry_pprice_dist": 0.010018905690295142,
           "rentry_pprice_dist_wallet_exposure_weighting": 36.800851053866474,
           "wallet_exposure_limit": 1.0}}