{"config_name": "recursive_grid_0days",
 "logging_level": 0,
 "long": {"auto_unstuck_ema_dist": -0.00118375474789951,
          "auto_unstuck_wallet_exposure_threshold": 0.035267228144036586,
          "backwards_tp": false,
          "ddown_factor": 2.87666595884707,
          "ema_span_0": 629.0363552720519,
          "ema_span_1": 1000,
          "enabled": true,
          "initial_eprice_ema_dist": -0.1,
          "initial_qty_pct": 0.0013155132771309277,
          "markup_range": 0.029883931411138955,
          "min_markup": 0.009053964386014007,
          "n_close_orders": 8,
          "rentry_pprice_dist": 0.02639424404692256,
          "rentry_pprice_dist_wallet_exposure_weighting": 0.8007264179996372,
          "wallet_exposure_limit": 0.3},
 "short": {"auto_unstuck_ema_dist": -0.03973258004601151,
           "auto_unstuck_wallet_exposure_threshold": 0.07813114278150333,
           "backwards_tp": true,
           "ddown_factor": 1.3526577438920266,
           "ema_span_0": 220.27863885014207,
           "ema_span_1": 1027.9713479923075,
           "enabled": false,
           "initial_eprice_ema_dist": -0.04232619483459745,
           "initial_qty_pct": 0.04082611175568511,
           "markup_range": 0.037848931425526956,
           "min_markup": 0.0019940444073876483,
           "n_close_orders": 11,
           "rentry_pprice_dist": 0.027380147240733774,
           "rentry_pprice_dist_wallet_exposure_weighting": 17.312675975846542,
           "wallet_exposure_limit": 1.0}}