{"config_name": "recursive_grid_0days",
 "logging_level": 0,
 "long": {"auto_unstuck_ema_dist": 0,
          "auto_unstuck_wallet_exposure_threshold": 0,
          "backwards_tp": false,
          "ddown_factor": 1.6071627111126883,
          "ema_span_0": 720.4998775784733,
          "ema_span_1": 694.488121483437,
          "enabled": true,
          "initial_eprice_ema_dist": -0.1,
          "initial_qty_pct": 0.004174579132187202,
          "markup_range": 0.038532415618208915,
          "min_markup": 0.0072789159810053745,
          "n_close_orders": 5,
          "rentry_pprice_dist": 0.0454321792795442,
          "rentry_pprice_dist_wallet_exposure_weighting": 0,
          "wallet_exposure_limit": 0.2},
 "short": {"auto_unstuck_ema_dist": 0.05471401224364638,
           "auto_unstuck_wallet_exposure_threshold": 0.08167376478612436,
           "backwards_tp": true,
           "ddown_factor": 2.110752892386111,
           "ema_span_0": 1846.6101945445891,
           "ema_span_1": 6408.809059771637,
           "enabled": false,
           "initial_eprice_ema_dist": -0.021188601418473743,
           "initial_qty_pct": 0.015,
           "markup_range": 0.0161164623481901,
           "min_markup": 0.003966718130987305,
           "n_close_orders": 8,
           "rentry_pprice_dist": 0.029696400273143752,
           "rentry_pprice_dist_wallet_exposure_weighting": 0.44187156951928763,
           "wallet_exposure_limit": 0.1}}
