{"config_name": "recursive_grid_0days",
 "logging_level": 0,
 "long": {"auto_unstuck_ema_dist": 0.015328119988990288,
          "auto_unstuck_wallet_exposure_threshold": 0.019954010559073043,
          "backwards_tp": true,
          "ddown_factor": 0.7008504232096032,
          "ema_span_0": 2060.2410968296317,
          "ema_span_1": 570.3480828515004,
          "enabled": true,
          "initial_eprice_ema_dist": -0.0021389070220214465,
          "initial_qty_pct": 0.015,
          "markup_range": 0.001980909791679445,
          "min_markup": 0.0019951079424999347,
          "n_close_orders": 5,
          "rentry_pprice_dist": 0.021806863614833933,
          "rentry_pprice_dist_wallet_exposure_weighting": 3.3170803147102363,
          "wallet_exposure_limit": 0.2},
 "short": {"auto_unstuck_ema_dist": 0.09456292957586386,
           "auto_unstuck_wallet_exposure_threshold": 0.07759685813698397,
           "backwards_tp": true,
           "ddown_factor": 0.1595179399636742,
           "ema_span_0": 1936.1713745670695,
           "ema_span_1": 9576.711225149998,
           "enabled": false,
           "initial_eprice_ema_dist": -0.028989373151559306,
           "initial_qty_pct": 0.015,
           "markup_range": 0.025598023609028814,
           "min_markup": 0.0032980385577189666,
           "n_close_orders": 9,
           "rentry_pprice_dist": 0.010323607754828594,
           "rentry_pprice_dist_wallet_exposure_weighting": 77.87795555376923,
           "wallet_exposure_limit": 0.1}}