{"config_name": "emas_0days",
 "long": {"delay_between_fills_minutes_close": 97.5628479956784,
          "delay_between_fills_minutes_entry": 332.91010042079193,
          "delay_weight_close": 47.88632675388768,
          "delay_weight_entry": 12.858009904835312,
          "ema_dist_lower": 0.004906127426044692,
          "ema_dist_upper": 0.014091831884329364,
          "ema_span_0": 1422.0014848877229,
          "ema_span_1": 1296.9103706129474,
          "enabled": true,
          "markup_range": 0.02931842647315193,
          "min_markup": 0.019905743496400355,
          "n_close_orders": 3,
          "qty_pct_close": 0.02661915647856227,
          "qty_pct_entry": 0.006926747073918148,
          "wallet_exposure_limit": 1,
          "we_multiplier_close": 142.27862853745103,
          "we_multiplier_entry": 26.977521159973257},
 "short": {"delay_between_fills_minutes_close": 652.2950633295825,
           "delay_between_fills_minutes_entry": 971.0972525503679,
           "delay_weight_close": -19.238014715626775,
           "delay_weight_entry": 8.423220201464872,
           "ema_dist_lower": 0.01535294258997103,
           "ema_dist_upper": 0.001117094667496339,
           "ema_span_0": 976.0530256221845,
           "ema_span_1": 1205.1766225339875,
           "enabled": false,
           "markup_range": 0.051655058932099776,
           "min_markup": 0.0511433262959175,
           "n_close_orders": 12,
           "qty_pct_close": 0.049884990499036386,
           "qty_pct_entry": 0.06614362229017758,
           "wallet_exposure_limit": 1.0,
           "we_multiplier_close": 32.152435891206125,
           "we_multiplier_entry": 68.67578057601219}}