{"config_name": "neat_grid_0days",
 "logging_level": 0,
 "long": {"auto_unstuck_ema_dist": 0.029760150972856253,
          "auto_unstuck_wallet_exposure_threshold": 0.001,
          "backwards_tp": true,
          "ema_span_0": 386.644481564314,
          "ema_span_1": 107.40310783986226,
          "enabled": true,
          "eprice_exp_base": 1.4603519189636696,
          "eqty_exp_base": 1.990038428020606,
          "grid_span": 0.3647099753742484,
          "initial_eprice_ema_dist": -0.03507587216849556,
          "initial_qty_pct": 0.01,
          "markup_range": 0.0028151952051874646,
          "max_n_entry_orders": 13,
          "min_markup": 0.002,
          "n_close_orders": 14,
          "wallet_exposure_limit": 0.2},
 "short": {"auto_unstuck_ema_dist": 0.013249652289806107,
           "auto_unstuck_wallet_exposure_threshold": 0.009230053844872523,
           "backwards_tp": true,
           "ema_span_0": 3494.1604376349264,
           "ema_span_1": 3358.930513206395,
           "enabled": true,
           "eprice_exp_base": 1.4494077638708558,
           "eqty_exp_base": 1.0444193868255645,
           "grid_span": 0.31718900584690185,
           "initial_eprice_ema_dist": -0.020763461944268324,
           "initial_qty_pct": 0.01,
           "markup_range": 0.0019238046711265698,
           "max_n_entry_orders": 8,
           "min_markup": 0.002,
           "n_close_orders": 9,
           "wallet_exposure_limit": 0.1}}