{"config_name": "neat_grid_0days",
 "logging_level": 0,
 "long": {"auto_unstuck_ema_dist": 0.0391927438402533,
          "auto_unstuck_wallet_exposure_threshold": 0.00560055359718278,
          "backwards_tp": true,
          "ema_span_0": 1922.5550680799506,
          "ema_span_1": 2567.777552906301,
          "enabled": true,
          "eprice_exp_base": 1.3840819470645152,
          "eqty_exp_base": 1.425864584925908,
          "grid_span": 0.3096453769931078,
          "initial_eprice_ema_dist": -0.061294129491084044,
          "initial_qty_pct": 0.01,
          "markup_range": 0.0025131164802724365,
          "max_n_entry_orders": 7,
          "min_markup": 0.002,
          "n_close_orders": 17,
          "wallet_exposure_limit": 0.2},
 "short": {"auto_unstuck_ema_dist": 0.035838387788965746,
           "auto_unstuck_wallet_exposure_threshold": 0.09368931010494266,
           "backwards_tp": true,
           "ema_span_0": 3652.073605469418,
           "ema_span_1": 7531.446750807667,
           "enabled": true,
           "eprice_exp_base": 1.5241244095767112,
           "eqty_exp_base": 2.8029873841582664,
           "grid_span": 0.338236650555743,
           "initial_eprice_ema_dist": -0.08712928120501069,
           "initial_qty_pct": 0.01,
           "markup_range": 0.0027158610385800415,
           "max_n_entry_orders": 7,
           "min_markup": 0.002,
           "n_close_orders": 16,
           "wallet_exposure_limit": 0.1}}