{"config_name": "clock_0days",
 "long": {"backwards_tp": true,
          "delay_between_fills_minutes_close": 996.3247666863873,
          "delay_between_fills_minutes_entry": 1111.5601605119944,
          "delay_weight_close": 0,
          "delay_weight_entry": 25.90853068725878,
          "ema_dist_close": -0.004705961263986825,
          "ema_dist_entry": 0.003,
          "ema_span_0": 846.9067901230019,
          "ema_span_1": 895.5604908662325,
          "enabled": true,
          "markup_range": 0.004701943786085391,
          "min_markup": 0.002502423839898044,
          "n_close_orders": 4,
          "qty_pct_close": 0.014269668875189635,
          "qty_pct_entry": 0.02061775854800695,
          "wallet_exposure_limit": 0.4,
          "we_multiplier_close": 0,
          "we_multiplier_entry": 98.93183082884437},
 "short": {"backwards_tp": true,
           "delay_between_fills_minutes_close": 1031.05792283071,
           "delay_between_fills_minutes_entry": 576.1231186702792,
           "delay_weight_close": 0.0,
           "delay_weight_entry": 38.26780758284812,
           "ema_dist_close": -0.004125288586256771,
           "ema_dist_entry": 0.0015553075960269627,
           "ema_span_0": 425.9568697390448,
           "ema_span_1": 717.7090113236521,
           "enabled": false,
           "markup_range": 0.011287382173410352,
           "min_markup": 0.002391909882944504,
           "n_close_orders": 9,
           "qty_pct_close": 0.04785282459265727,
           "qty_pct_entry": 0.038981525681587165,
           "wallet_exposure_limit": 1.0,
           "we_multiplier_close": 0.0,
           "we_multiplier_entry": 77.09873216608877}}