{"config_name": "recursive_grid_0days",
 "logging_level": 0,
 "long": {"auto_unstuck_ema_dist": 0.0,
          "auto_unstuck_wallet_exposure_threshold": 0,
          "backwards_tp": false,
          "ddown_factor": 2.991680496099416,
          "ema_span_0": 531.1185457526037,
          "ema_span_1": 603.6816302961981,
          "enabled": true,
          "initial_eprice_ema_dist": -0.1,
          "initial_qty_pct": 0.002912565646568804,
          "markup_range": 0.024102339200143933,
          "min_markup": 0.005884151259131794,
          "n_close_orders": 4,
          "rentry_pprice_dist": 0.02747860308370597,
          "rentry_pprice_dist_wallet_exposure_weighting": 3.044275146644645,
          "wallet_exposure_limit": 0.2},
 "short": {"auto_unstuck_ema_dist": 0.07595509993218993,
           "auto_unstuck_wallet_exposure_threshold": 0.06135535128766088,
           "backwards_tp": false,
           "ddown_factor": 1.7074943676794807,
           "ema_span_0": 3121.7808123066184,
           "ema_span_1": 3995.4954977259267,
           "enabled": false,
           "initial_eprice_ema_dist": 0.009871618916873742,
           "initial_qty_pct": 0.015,
           "markup_range": 0.020035124361051256,
           "min_markup": 0.0021276448608074745,
           "n_close_orders": 5,
           "rentry_pprice_dist": 0.033965865143580326,
           "rentry_pprice_dist_wallet_exposure_weighting": 40.84374831201875,
           "wallet_exposure_limit": 0.1}}