{"config_name": "recursive_grid_0days",
 "logging_level": 0,
 "long": {"auto_unstuck_ema_dist": 0.009591314645702174,
          "auto_unstuck_wallet_exposure_threshold": 0.03874103053785263,
          "backwards_tp": false,
          "ddown_factor": 2.3770745951115377,
          "ema_span_0": 1729.7264894365085,
          "ema_span_1": 4584.11284388096,
          "enabled": true,
          "initial_eprice_ema_dist": 0.009995840638317452,
          "initial_qty_pct": 0.015,
          "markup_range": 0.01485524067184547,
          "min_markup": 0.002965984265169258,
          "n_close_orders": 10,
          "rentry_pprice_dist": 0.023519293037234955,
          "rentry_pprice_dist_wallet_exposure_weighting": 20.099058972055385,
          "wallet_exposure_limit": 1.0},
 "short": {"auto_unstuck_ema_dist": 0.010320135480273107,
           "auto_unstuck_wallet_exposure_threshold": 0.062371356751326296,
           "backwards_tp": true,
           "ddown_factor": 2.3822948091723113,
           "ema_span_0": 3168.1749803909115,
           "ema_span_1": 6121.829939371255,
           "enabled": false,
           "initial_eprice_ema_dist": -0.028521405053952772,
           "initial_qty_pct": 0.015,
           "markup_range": 0.01209712151601567,
           "min_markup": 0.0027154644662165757,
           "n_close_orders": 13,
           "rentry_pprice_dist": 0.035866203791298554,
           "rentry_pprice_dist_wallet_exposure_weighting": 80.79505907818744,
           "wallet_exposure_limit": 0.1}}