{"config_name": "recursive_grid_0days",
 "logging_level": 0,
 "long": {"auto_unstuck_ema_dist": 0.0,
          "auto_unstuck_wallet_exposure_threshold": 0.0,
          "backwards_tp": false,
          "ddown_factor": 2.0873955915666724,
          "ema_span_0": 13.890727116477484,
          "ema_span_1": 55.817547871326084,
          "enabled": true,
          "initial_eprice_ema_dist": -0.1,
          "initial_qty_pct": 0.003686432581608305,
          "markup_range": 0.03458015680228694,
          "min_markup": 0.0052427620201284195,
          "n_close_orders": 5,
          "rentry_pprice_dist": 0.0353605027150231,
          "rentry_pprice_dist_wallet_exposure_weighting": 0.0,
          "wallet_exposure_limit": 0.2},
 "short": {"auto_unstuck_ema_dist": 0.008009039840027009,
           "auto_unstuck_wallet_exposure_threshold": 0.05372453674971893,
           "backwards_tp": true,
           "ddown_factor": 2.5817886130752434,
           "ema_span_0": 277.5950227565372,
           "ema_span_1": 871.4460397758053,
           "enabled": false,
           "initial_eprice_ema_dist": -0.005880401339718386,
           "initial_qty_pct": 0.015,
           "markup_range": 0.0012705442907445263,
           "min_markup": 0.0011280948942646088,
           "n_close_orders": 4,
           "rentry_pprice_dist": 0.011466145269158384,
           "rentry_pprice_dist_wallet_exposure_weighting": 24.045563370778197,
           "wallet_exposure_limit": 0.1}}