{"config_name": "recursive_grid_0days",
 "logging_level": 0,
 "long": {"auto_unstuck_ema_dist": -0.016837186019224685,
          "auto_unstuck_wallet_exposure_threshold": 0.05235295208839329,
          "backwards_tp": false,
          "ddown_factor": 1.1914840625862628,
          "ema_span_0": 228.2325685362609,
          "ema_span_1": 1280.1057992962658,
          "enabled": true,
          "initial_eprice_ema_dist": 0.004,
          "initial_qty_pct": 0.024313596786931478,
          "markup_range": 0.05767424120733747,
          "min_markup": 0.00564964647567676,
          "n_close_orders": 15,
          "rentry_pprice_dist": 0.04479407181472832,
          "rentry_pprice_dist_wallet_exposure_weighting": 1.9281273900250855,
          "wallet_exposure_limit": 0.2},
 "short": {"auto_unstuck_ema_dist": -0.09524802091536645,
           "auto_unstuck_wallet_exposure_threshold": 0.08571144347930484,
           "backwards_tp": true,
           "ddown_factor": 0.7562834303300742,
           "ema_span_0": 1332.7488000396252,
           "ema_span_1": 1389.9991470567186,
           "enabled": false,
           "initial_eprice_ema_dist": -0.0962121859760749,
           "initial_qty_pct": 0.04946685785654205,
           "markup_range": 0.01724126702065169,
           "min_markup": 0.009237520268889538,
           "n_close_orders": 10,
           "rentry_pprice_dist": 0.0228087900394819,
           "rentry_pprice_dist_wallet_exposure_weighting": 6.412784771521691,
           "wallet_exposure_limit": 1.0}}