{"config_name": "recursive_grid_0days",
 "logging_level": 0,
 "long": {"auto_unstuck_ema_dist": 0.051609980001762465,
          "auto_unstuck_wallet_exposure_threshold": 0.018295777241877077,
          "backwards_tp": false,
          "ddown_factor": 2.902575687752239,
          "ema_span_0": 2307.7944004533106,
          "ema_span_1": 3123.043863321115,
          "enabled": false,
          "initial_eprice_ema_dist": -0.0024019058075593486,
          "initial_qty_pct": 0.015,
          "markup_range": 0.010227115272367094,
          "min_markup": 0.0025851815944233974,
          "n_close_orders": 16,
          "rentry_pprice_dist": 0.02468646173054355,
          "rentry_pprice_dist_wallet_exposure_weighting": 28.158884934047965,
          "wallet_exposure_limit": 0.1},
 "short": {"auto_unstuck_ema_dist": 0,
           "auto_unstuck_wallet_exposure_threshold": 0,
           "backwards_tp": false,
           "ddown_factor": 0.6614031839677699,
           "ema_span_0": 1701.402039880186,
           "ema_span_1": 1667.4832148453331,
           "enabled": true,
           "initial_eprice_ema_dist": -0.015040455695606447,
           "initial_qty_pct": 0.00392507293656866,
           "markup_range": 0.035671902058508835,
           "min_markup": 0.005563583519394615,
           "n_close_orders": 5,
           "rentry_pprice_dist": 0.03157856324933967,
           "rentry_pprice_dist_wallet_exposure_weighting": 0,
           "wallet_exposure_limit": 0.2}}