{"config_name": "recursive_grid_0days",
 "logging_level": 0,
 "long": {"auto_unstuck_ema_dist": 0,
          "auto_unstuck_wallet_exposure_threshold": 0,
          "backwards_tp": false,
          "ddown_factor": 1.3211953960276408,
          "ema_span_0": 182.55171995369992,
          "ema_span_1": 712.1447039311936,
          "enabled": true,
          "initial_eprice_ema_dist": -0.1,
          "initial_qty_pct": 0.002412756896472015,
          "markup_range": 0.039775599809237366,
          "min_markup": 0.0051021525458409085,
          "n_close_orders": 4,
          "rentry_pprice_dist": 0.026128689515336666,
          "rentry_pprice_dist_wallet_exposure_weighting": 0,
          "wallet_exposure_limit": 0.2},
 "short": {"auto_unstuck_ema_dist": 0.021886961484281747,
           "auto_unstuck_wallet_exposure_threshold": 0.015283216194877219,
           "backwards_tp": true,
           "ddown_factor": 2.903181531868165,
           "ema_span_0": 2562.8187007200527,
           "ema_span_1": 1000.0996516829725,
           "enabled": false,
           "initial_eprice_ema_dist": -0.02373272807522496,
           "initial_qty_pct": 0.015,
           "markup_range": 0.0211822906486202,
           "min_markup": 0.0029389660417663745,
           "n_close_orders": 4,
           "rentry_pprice_dist": 0.04538961503383498,
           "rentry_pprice_dist_wallet_exposure_weighting": 21.091083145052913,
           "wallet_exposure_limit": 0.1}}