{"config_name": "recursive_grid_0days",
 "logging_level": 0,
 "long": {"auto_unstuck_ema_dist": 0.002594068084026881,
          "auto_unstuck_wallet_exposure_threshold": 0.09818217861036117,
          "backwards_tp": true,
          "ddown_factor": 1.0420240972104227,
          "ema_span_0": 213.99950765336303,
          "ema_span_1": 646.6493248159268,
          "enabled": true,
          "initial_eprice_ema_dist": 0.004,
          "initial_qty_pct": 0.028196374351517697,
          "markup_range": 0.0024224261873950787,
          "min_markup": 0.001822031647072768,
          "n_close_orders": 12,
          "rentry_pprice_dist": 0.021239664556944208,
          "rentry_pprice_dist_wallet_exposure_weighting": 1.1734305607321145,
          "wallet_exposure_limit": 0.2},
 "short": {"auto_unstuck_ema_dist": -0.03757571231783286,
           "auto_unstuck_wallet_exposure_threshold": 0.069701862005352,
           "backwards_tp": true,
           "ddown_factor": 2.895496692147556,
           "ema_span_0": 667.594899073811,
           "ema_span_1": 196.54252967805917,
           "enabled": false,
           "initial_eprice_ema_dist": -0.04038951837944142,
           "initial_qty_pct": 0.042735129043679355,
           "markup_range": 0.023772426479861705,
           "min_markup": 0.0034333514007697575,
           "n_close_orders": 3,
           "rentry_pprice_dist": 0.03624804533043428,
           "rentry_pprice_dist_wallet_exposure_weighting": 3.1766229857264583,
           "wallet_exposure_limit": 1.0}}