{"config_name": "neat_grid_0days",
 "logging_level": 0,
 "long": {"auto_unstuck_ema_dist": 0.018625695177928316,
          "auto_unstuck_wallet_exposure_threshold": 0.4531048295784971,
          "backwards_tp": true,
          "ema_span_0": 1433.9287818949065,
          "ema_span_1": 627.7581443175794,
          "enabled": true,
          "eprice_exp_base": 1.2382006655195286,
          "eqty_exp_base": 1.0025065797839363,
          "grid_span": 0.16620559427346548,
          "initial_eprice_ema_dist": -0.020871523530679087,
          "initial_qty_pct": 0.01,
          "markup_range": 0.002773841191853317,
          "max_n_entry_orders": 6,
          "min_markup": 0.002,
          "n_close_orders": 19,
          "wallet_exposure_limit": 0.2},
 "short": {"auto_unstuck_ema_dist": 0.004687042776946056,
           "auto_unstuck_wallet_exposure_threshold": 0.5996839830063545,
           "backwards_tp": true,
           "ema_span_0": 838.0140960698101,
           "ema_span_1": 3266.8429997002736,
           "enabled": true,
           "eprice_exp_base": 1.8429639492370034,
           "eqty_exp_base": 2.6111400140621495,
           "grid_span": 0.20830079738158083,
           "initial_eprice_ema_dist": -0.05385548646597048,
           "initial_qty_pct": 0.01,
           "markup_range": 0.0027362130577694775,
           "max_n_entry_orders": 15,
           "min_markup": 0.002,
           "n_close_orders": 14,
           "wallet_exposure_limit": 0.1}}