{"config_name": "neat_grid_0days",
 "logging_level": 0,
 "long": {"auto_unstuck_ema_dist": 0.08297809668762364,
          "auto_unstuck_wallet_exposure_threshold": 0.03519846640518625,
          "backwards_tp": true,
          "ema_span_0": 10,
          "ema_span_1": 12.886699497398867,
          "enabled": true,
          "eprice_exp_base": 1.2246021156664073,
          "eqty_exp_base": 1.3998431005507925,
          "grid_span": 0.2219245225996491,
          "initial_eprice_ema_dist": -0.034768372400255335,
          "initial_qty_pct": 0.01,
          "markup_range": 0.003,
          "max_n_entry_orders": 5,
          "min_markup": 0.002,
          "n_close_orders": 5,
          "wallet_exposure_limit": 0.2},
 "short": {"auto_unstuck_ema_dist": 0.08532640312617049,
           "auto_unstuck_wallet_exposure_threshold": 0.04014110654804152,
           "backwards_tp": true,
           "ema_span_0": 765.7713218315699,
           "ema_span_1": 769.0348842850632,
           "enabled": true,
           "eprice_exp_base": 1.1322199872915728,
           "eqty_exp_base": 1.3592887228434785,
           "grid_span": 0.23090993792341946,
           "initial_eprice_ema_dist": -0.0271593692744465,
           "initial_qty_pct": 0.01,
           "markup_range": 0.00293221608078924,
           "max_n_entry_orders": 6,
           "min_markup": 0.002,
           "n_close_orders": 6,
           "wallet_exposure_limit": 0.1}}