{"config_name": "clock_0days",
 "long": {"delay_between_fills_minutes_close": 446.72215592342843,
          "delay_between_fills_minutes_entry": 442.80707292987586,
          "delay_weight_close": 114.25893128635191,
          "delay_weight_entry": 22.480478858225663,
          "ema_dist_lower": 0.012792719027325206,
          "ema_dist_upper": -0.00895586671681278,
          "ema_span_0": 1000,
          "ema_span_1": 298.65896828571,
          "enabled": true,
          "markup_range": 0.029175276196633543,
          "min_markup": 0.012254527344750316,
          "n_close_orders": 5,
          "qty_pct_close": 0.018401853961771242,
          "qty_pct_entry": 0.016821854525255708,
          "wallet_exposure_limit": 0.3,
          "we_multiplier_close": 25.487871686140767,
          "we_multiplier_entry": 117.58841219883374},
 "short": {"delay_between_fills_minutes_close": 953.5906772807492,
           "delay_between_fills_minutes_entry": 1369.011742901278,
           "delay_weight_close": 16.76312330274725,
           "delay_weight_entry": 11.338751248605286,
           "ema_dist_lower": 0.013441059612374094,
           "ema_dist_upper": 0.01651850436010671,
           "ema_span_0": 762.1485690452438,
           "ema_span_1": 1463.02365817385,
           "enabled": false,
           "markup_range": 0.002007389405785076,
           "min_markup": 0.062054775620213797,
           "n_close_orders": 3,
           "qty_pct_close": 0.07727145052777058,
           "qty_pct_entry": 0.04333007098059026,
           "wallet_exposure_limit": 1.0,
           "we_multiplier_close": 2.41601307907225,
           "we_multiplier_entry": 11.450278531749033}}