{"config_name": "emas_0days",
 "long": {"delay_between_fills_minutes_close": 469.17207278872723,
          "delay_between_fills_minutes_entry": 428.69261909344823,
          "delay_weight_close": -30.48166588379997,
          "delay_weight_entry": 30.209246742469066,
          "ema_dist_lower": 0.007006560214151279,
          "ema_dist_upper": 0.001074548130926153,
          "ema_span_0": 698.5667388913005,
          "ema_span_1": 743.6973203915313,
          "enabled": true,
          "markup_range": 0.023911046685628653,
          "min_markup": 0.017188894385218312,
          "n_close_orders": 5,
          "qty_pct_close": 0.0347325573268221,
          "qty_pct_entry": 0.008759083433321073,
          "wallet_exposure_limit": 1,
          "we_multiplier_close": 133.43687506701337,
          "we_multiplier_entry": 72.21866434955398},
 "short": {"delay_between_fills_minutes_close": 870.0942571772204,
           "delay_between_fills_minutes_entry": 1047.0343678302866,
           "delay_weight_close": 10.645670713288922,
           "delay_weight_entry": 35.16118453535914,
           "ema_dist_lower": 0.011169269212405904,
           "ema_dist_upper": 0.0006158104862768688,
           "ema_span_0": 1195.4909073119686,
           "ema_span_1": 2718.491773739888,
           "enabled": false,
           "markup_range": 0.026152666721088753,
           "min_markup": 0.010131791920002286,
           "n_close_orders": 11,
           "qty_pct_close": 0.01000070847234581,
           "qty_pct_entry": 0.032408078749776144,
           "wallet_exposure_limit": 1.0,
           "we_multiplier_close": 48.18949030251509,
           "we_multiplier_entry": 47.46567278578359}}