{"config_name": "clock_0days",
 "long": {"backwards_tp": true,
          "delay_between_fills_minutes_close": 235.8119693243398,
          "delay_between_fills_minutes_entry": 1023.3928731199697,
          "delay_weight_close": 38.89649453899166,
          "delay_weight_entry": 16.775546916885418,
          "ema_dist_close": 0.0005773278602799956,
          "ema_dist_entry": 0.004,
          "ema_span_0": 1070.1490986897775,
          "ema_span_1": 647.5812383947106,
          "enabled": true,
          "markup_range": 0.01057204073433379,
          "min_markup": 0.004851759563807647,
          "n_close_orders": 4,
          "qty_pct_close": 0.06205851532241368,
          "qty_pct_entry": 0.02517383411114476,
          "wallet_exposure_limit": 0.4,
          "we_multiplier_close": 6.229806643888408,
          "we_multiplier_entry": 19.586666499408736},
 "short": {"backwards_tp": true,
           "delay_between_fills_minutes_close": 81.50890346629924,
           "delay_between_fills_minutes_entry": 479.00280190964435,
           "delay_weight_close": 65.62121743099354,
           "delay_weight_entry": 62.06457142299677,
           "ema_dist_close": -0.01248096355940908,
           "ema_dist_entry": -0.0066962954708276595,
           "ema_span_0": 1136.8705988203103,
           "ema_span_1": 1425.5149005286748,
           "enabled": false,
           "markup_range": 0.04326249718990102,
           "min_markup": 0.007647989820001062,
           "n_close_orders": 10,
           "qty_pct_close": 0.05954185461029546,
           "qty_pct_entry": 0.04968149531772159,
           "wallet_exposure_limit": 1.0,
           "we_multiplier_close": 36.9543617278434,
           "we_multiplier_entry": 24.666232801183185}}