{"config_name": "recursive_grid_0days",
 "logging_level": 0,
 "long": {"auto_unstuck_ema_dist": 0.0,
          "auto_unstuck_wallet_exposure_threshold": 0.0,
          "backwards_tp": false,
          "ddown_factor": 1.582697251127298,
          "ema_span_0": 33.94752097030404,
          "ema_span_1": 105.64360203049507,
          "enabled": true,
          "initial_eprice_ema_dist": -0.1,
          "initial_qty_pct": 0.003248094113867335,
          "markup_range": 0.02651792654261075,
          "min_markup": 0.003931196534916817,
          "n_close_orders": 5,
          "rentry_pprice_dist": 0.022697955699281493,
          "rentry_pprice_dist_wallet_exposure_weighting": 0.0,
          "wallet_exposure_limit": 0.2},
 "short": {"auto_unstuck_ema_dist": 0.015878268838252503,
           "auto_unstuck_wallet_exposure_threshold": 0.06730808896759803,
           "backwards_tp": true,
           "ddown_factor": 1.6170112832735826,
           "ema_span_0": 1092.507331852954,
           "ema_span_1": 8338.99976406521,
           "enabled": false,
           "initial_eprice_ema_dist": -0.0737242367830866,
           "initial_qty_pct": 0.015,
           "markup_range": 0.016690202628443795,
           "min_markup": 0.0027267556343622433,
           "n_close_orders": 12,
           "rentry_pprice_dist": 0.02800756396636471,
           "rentry_pprice_dist_wallet_exposure_weighting": 83.48609761792453,
           "wallet_exposure_limit": 0.1}}