{"config_name": "recursive_grid_0days",
 "logging_level": 0,
 "long": {"auto_unstuck_ema_dist": 0.020321439594738432,
          "auto_unstuck_wallet_exposure_threshold": 0.03281521099083939,
          "backwards_tp": false,
          "ddown_factor": 0.6168410355310653,
          "ema_span_0": 475.06461975083175,
          "ema_span_1": 1269.6833314335545,
          "enabled": false,
          "initial_eprice_ema_dist": -0.05867611805524269,
          "initial_qty_pct": 0.015,
          "markup_range": 0.014468144694290884,
          "min_markup": 0.002301444471907001,
          "n_close_orders": 13,
          "rentry_pprice_dist": 0.023833000977938897,
          "rentry_pprice_dist_wallet_exposure_weighting": 59.238139032009165,
          "wallet_exposure_limit": 0.1},
 "short": {"auto_unstuck_ema_dist": 0.007635638178030958,
           "auto_unstuck_wallet_exposure_threshold": 0.08809621080390061,
           "backwards_tp": false,
           "ddown_factor": 0.34642412343201606,
           "ema_span_0": 2032.789136811226,
           "ema_span_1": 2082.4701146500165,
           "enabled": true,
           "initial_eprice_ema_dist": -0.022647710568196422,
           "initial_qty_pct": 0.004627060290401516,
           "markup_range": 0.029480848837138914,
           "min_markup": 0.004,
           "n_close_orders": 18,
           "rentry_pprice_dist": 0.025222498351800217,
           "rentry_pprice_dist_wallet_exposure_weighting": 0,
           "wallet_exposure_limit": 0.2}}