{"config_name": "recursive_grid_0days",
 "logging_level": 0,
 "long": {"auto_unstuck_ema_dist": 0.003,
          "auto_unstuck_wallet_exposure_threshold": 0.03053650663282035,
          "backwards_tp": true,
          "ddown_factor": 1.6226186171702317,
          "ema_span_0": 1206.6536427698916,
          "ema_span_1": 1279.1058219244362,
          "enabled": true,
          "initial_eprice_ema_dist": -0.04563136775901071,
          "initial_qty_pct": 0.02116291691974634,
          "markup_range": 0.0014151362218507288,
          "min_markup": 0.004802362995675742,
          "n_close_orders": 5,
          "rentry_pprice_dist": 0.034622632017368295,
          "rentry_pprice_dist_wallet_exposure_weighting": 0.9165076240162016,
          "wallet_exposure_limit": 0.2},
 "short": {"auto_unstuck_ema_dist": -0.05930695558036324,
           "auto_unstuck_wallet_exposure_threshold": 0.03545448803104895,
           "backwards_tp": true,
           "ddown_factor": 2.113781055415585,
           "ema_span_0": 529.2652869314567,
           "ema_span_1": 620.100064915107,
           "enabled": false,
           "initial_eprice_ema_dist": -0.040148894635980294,
           "initial_qty_pct": 0.06311705125384207,
           "markup_range": 0.047634452997366884,
           "min_markup": 0.003779581812379728,
           "n_close_orders": 9,
           "rentry_pprice_dist": 0.04237133273512435,
           "rentry_pprice_dist_wallet_exposure_weighting": 7.442452479864022,
           "wallet_exposure_limit": 1.0}}