{"config_name": "neat_grid_0days",
 "logging_level": 0,
 "long": {"auto_unstuck_ema_dist": 0.04554225741532935,
          "auto_unstuck_wallet_exposure_threshold": 0.5557671011567713,
          "backwards_tp": true,
          "ema_span_0": 226.82795326343404,
          "ema_span_1": 729.145578819554,
          "enabled": true,
          "eprice_exp_base": 1.0951738307842487,
          "eqty_exp_base": 1.5205521797754213,
          "grid_span": 0.19067313883822334,
          "initial_eprice_ema_dist": -0.08497184899308866,
          "initial_qty_pct": 0.01,
          "markup_range": 0.0022828646648518514,
          "max_n_entry_orders": 13,
          "min_markup": 0.002,
          "n_close_orders": 18,
          "wallet_exposure_limit": 0.2},
 "short": {"auto_unstuck_ema_dist": 0.0793564983778526,
           "auto_unstuck_wallet_exposure_threshold": 0.43525040699959344,
           "backwards_tp": true,
           "ema_span_0": 1150.7919476264601,
           "ema_span_1": 765.9418444918292,
           "enabled": true,
           "eprice_exp_base": 1.2299635313841357,
           "eqty_exp_base": 1.3650090464198816,
           "grid_span": 0.30415697752197307,
           "initial_eprice_ema_dist": -0.04640733669737659,
           "initial_qty_pct": 0.01,
           "markup_range": 0.002918154131178669,
           "max_n_entry_orders": 9,
           "min_markup": 0.002,
           "n_close_orders": 5,
           "wallet_exposure_limit": 0.1}}