{"config_name": "clock_0days",
 "long": {"delay_between_fills_minutes_close": 470.90503480431744,
          "delay_between_fills_minutes_entry": 500,
          "delay_weight_close": 49.86758937206028,
          "delay_weight_entry": 22.439775192989238,
          "ema_dist_lower": 0.009257421479181627,
          "ema_dist_upper": -0.019023703567078366,
          "ema_span_0": 735.2462474010329,
          "ema_span_1": 81.70095049815643,
          "enabled": true,
          "markup_range": 0.026712751018267054,
          "min_markup": 0.02979681590945755,
          "n_close_orders": 5,
          "qty_pct_close": 0.016265687614300608,
          "qty_pct_entry": 0.01087905564055891,
          "wallet_exposure_limit": 0.3,
          "we_multiplier_close": 2.0198926179409566,
          "we_multiplier_entry": 57.145622383023884},
 "short": {"delay_between_fills_minutes_close": 1173.5882973192854,
           "delay_between_fills_minutes_entry": 25.49117193003738,
           "delay_weight_close": 0.1926037696110705,
           "delay_weight_entry": 12.034016818121014,
           "ema_dist_lower": 0.009064418326954952,
           "ema_dist_upper": 0.006399860826593544,
           "ema_span_0": 147.0567411825845,
           "ema_span_1": 1666.819539873433,
           "enabled": false,
           "markup_range": 0.061197133476146984,
           "min_markup": 0.06302374077625672,
           "n_close_orders": 14,
           "qty_pct_close": 0.07534796356651309,
           "qty_pct_entry": 0.07276932442735352,
           "wallet_exposure_limit": 1.0,
           "we_multiplier_close": 9.132586554965833,
           "we_multiplier_entry": 16.83228652446764}}