{"config_name": "clock_0days",
 "long": {"delay_between_fills_minutes_close": 244.77019565973205,
          "delay_between_fills_minutes_entry": 85.23043425409682,
          "delay_weight_close": 79.18569869837388,
          "delay_weight_entry": 45.84356453833815,
          "ema_dist_lower": -0.002568897380212001,
          "ema_dist_upper": -0.035300488802109675,
          "ema_span_0": 852.574916921637,
          "ema_span_1": 813.3900360793489,
          "enabled": true,
          "markup_range": 0.04,
          "min_markup": 0.00973940247551818,
          "n_close_orders": 2,
          "qty_pct_close": 0.010515105203830187,
          "qty_pct_entry": 0.010276117849315777,
          "wallet_exposure_limit": 0.3,
          "we_multiplier_close": 106.70805803207527,
          "we_multiplier_entry": 27.350494373268123},
 "short": {"delay_between_fills_minutes_close": 411.1196205464277,
           "delay_between_fills_minutes_entry": 1234.7316062649159,
           "delay_weight_close": 5.24582105544807,
           "delay_weight_entry": 19.755084663092152,
           "ema_dist_lower": 0.009060888224712644,
           "ema_dist_upper": 0.00047738761201391536,
           "ema_span_0": 1183.2498665832873,
           "ema_span_1": 1059.6614798542032,
           "enabled": false,
           "markup_range": 0.09360489794181992,
           "min_markup": 0.061499303154356054,
           "n_close_orders": 5,
           "qty_pct_close": 0.070511882634838,
           "qty_pct_entry": 0.07164027008564958,
           "wallet_exposure_limit": 1.0,
           "we_multiplier_close": 7.8199856967726245,
           "we_multiplier_entry": 44.023067266145524}}