{"config_name": "recursive_grid_0days",
 "logging_level": 0,
 "long": {"auto_unstuck_ema_dist": 0.08630468566760473,
          "auto_unstuck_wallet_exposure_threshold": 0.06956174661729635,
          "backwards_tp": false,
          "ddown_factor": 0.3656845170198532,
          "ema_span_0": 1278.0235586294912,
          "ema_span_1": 5892.0253858852,
          "enabled": false,
          "initial_eprice_ema_dist": -0.0125835346019076,
          "initial_qty_pct": 0.015,
          "markup_range": 0.022092587747156837,
          "min_markup": 0.0018300903263961648,
          "n_close_orders": 15,
          "rentry_pprice_dist": 0.0176518065015002,
          "rentry_pprice_dist_wallet_exposure_weighting": 41.78908785427397,
          "wallet_exposure_limit": 0.1},
 "short": {"auto_unstuck_ema_dist": 0.07991634351837114,
           "auto_unstuck_wallet_exposure_threshold": 0.09058415491140279,
           "backwards_tp": false,
           "ddown_factor": 0.7600052885771257,
           "ema_span_0": 1156.7432122286493,
           "ema_span_1": 1316.0681966833104,
           "enabled": true,
           "initial_eprice_ema_dist": -0.059556716915741034,
           "initial_qty_pct": 0.0016726500822107882,
           "markup_range": 0.027017828083631085,
           "min_markup": 0.0037708235823320146,
           "n_close_orders": 15,
           "rentry_pprice_dist": 0.03192637216081993,
           "rentry_pprice_dist_wallet_exposure_weighting": 0.0,
           "wallet_exposure_limit": 0.2}}