{"config_name": "recursive_grid_0days",
 "logging_level": 0,
 "long": {"auto_unstuck_ema_dist": -0.0021519425390829896,
          "auto_unstuck_wallet_exposure_threshold": 0.06408176050569775,
          "backwards_tp": true,
          "ddown_factor": 0.603828231677181,
          "ema_span_0": 149.55029936999787,
          "ema_span_1": 667.6012524673253,
          "enabled": true,
          "initial_eprice_ema_dist": 0.004734419364069495,
          "initial_qty_pct": 0.01,
          "markup_range": 0.0029591023140512827,
          "min_markup": 0.0039657297448673365,
          "n_close_orders": 2,
          "rentry_pprice_dist": 0.025994584599945508,
          "rentry_pprice_dist_wallet_exposure_weighting": 1.463462048508012,
          "wallet_exposure_limit": 1},
 "short": {"auto_unstuck_ema_dist": -0.01687176014281078,
           "auto_unstuck_wallet_exposure_threshold": 0.08427968162265688,
           "backwards_tp": true,
           "ddown_factor": 0.8176925627564573,
           "ema_span_0": 108.54294823117652,
           "ema_span_1": 868.451971716665,
           "enabled": false,
           "initial_eprice_ema_dist": -0.04683816728832087,
           "initial_qty_pct": 0.08020775662708737,
           "markup_range": 0.013862430844472634,
           "min_markup": 0.007667935031114916,
           "n_close_orders": 16,
           "rentry_pprice_dist": 0.03363761747852993,
           "rentry_pprice_dist_wallet_exposure_weighting": 7.317763693734415,
           "wallet_exposure_limit": 1.0}}