{"config_name": "recursive_grid_0days",
 "logging_level": 0,
 "long": {"auto_unstuck_ema_dist": -0.0021519425390829896,
          "auto_unstuck_wallet_exposure_threshold": 0.06408176050569775,
          "backwards_tp": true,
          "ddown_factor": 0.603828231677181,
          "ema_span_0": 149.55029936999787,
          "ema_span_1": 667.6012524673253,
          "enabled": true,
          "initial_eprice_ema_dist": 0.004734419364069495,
          "initial_qty_pct": 0.01,
          "markup_range": 0.0029591023140512827,
          "min_markup": 0.0039657297448673365,
          "n_close_orders": 2,
          "rentry_pprice_dist": 0.025994584599945508,
          "rentry_pprice_dist_wallet_exposure_weighting": 1.463462048508012,
          "wallet_exposure_limit": 1},
 "short": {"auto_unstuck_ema_dist": -0.001987029034070306,
           "auto_unstuck_wallet_exposure_threshold": 0.05573080878237904,
           "backwards_tp": true,
           "ddown_factor": 0.841061324725329,
           "ema_span_0": 468.9071826861122,
           "ema_span_1": 1223.8849698872884,
           "enabled": false,
           "initial_eprice_ema_dist": -0.030481143805630984,
           "initial_qty_pct": 0.04337800999240396,
           "markup_range": 0.049606559099843774,
           "min_markup": 0.0017966424270249443,
           "n_close_orders": 15,
           "rentry_pprice_dist": 0.033038097560365916,
           "rentry_pprice_dist_wallet_exposure_weighting": 28.353408245527913,
           "wallet_exposure_limit": 1.0}}