{"config_name": "recursive_grid_0days",
 "logging_level": 0,
 "long": {"auto_unstuck_ema_dist": -0.0021519425390829896,
          "auto_unstuck_wallet_exposure_threshold": 0.06408176050569775,
          "backwards_tp": true,
          "ddown_factor": 0.603828231677181,
          "ema_span_0": 149.55029936999787,
          "ema_span_1": 667.6012524673253,
          "enabled": true,
          "initial_eprice_ema_dist": 0.004734419364069495,
          "initial_qty_pct": 0.01,
          "markup_range": 0.0029591023140512827,
          "min_markup": 0.0039657297448673365,
          "n_close_orders": 2,
          "rentry_pprice_dist": 0.025994584599945508,
          "rentry_pprice_dist_wallet_exposure_weighting": 1.463462048508012,
          "wallet_exposure_limit": 1},
 "short": {"auto_unstuck_ema_dist": -0.021254903384458103,
           "auto_unstuck_wallet_exposure_threshold": 0.08691160743468607,
           "backwards_tp": true,
           "ddown_factor": 2.7160451292825174,
           "ema_span_0": 135.9947235326931,
           "ema_span_1": 82.52862352267766,
           "enabled": false,
           "initial_eprice_ema_dist": -0.05164752102963033,
           "initial_qty_pct": 0.08887374560364786,
           "markup_range": 0.0072017753159773325,
           "min_markup": 0.009388511107147134,
           "n_close_orders": 15,
           "rentry_pprice_dist": 0.021962610119382286,
           "rentry_pprice_dist_wallet_exposure_weighting": 7.96284219991993,
           "wallet_exposure_limit": 1.0}}