{"config_name": "recursive_grid_0days",
 "logging_level": 0,
 "long": {"auto_unstuck_ema_dist": -0.0021519425390829896,
          "auto_unstuck_wallet_exposure_threshold": 0.06408176050569775,
          "backwards_tp": true,
          "ddown_factor": 0.603828231677181,
          "ema_span_0": 149.55029936999787,
          "ema_span_1": 667.6012524673253,
          "enabled": true,
          "initial_eprice_ema_dist": 0.004734419364069495,
          "initial_qty_pct": 0.01,
          "markup_range": 0.0029591023140512827,
          "min_markup": 0.0039657297448673365,
          "n_close_orders": 2,
          "rentry_pprice_dist": 0.025994584599945508,
          "rentry_pprice_dist_wallet_exposure_weighting": 1.463462048508012,
          "wallet_exposure_limit": 1},
 "short": {"auto_unstuck_ema_dist": -0.06499448896736294,
           "auto_unstuck_wallet_exposure_threshold": 0.041613566801378205,
           "backwards_tp": true,
           "ddown_factor": 1.0939929241746986,
           "ema_span_0": 474.8403250666568,
           "ema_span_1": 1437.4101944148488,
           "enabled": false,
           "initial_eprice_ema_dist": -0.04906795381390268,
           "initial_qty_pct": 0.07824416585333231,
           "markup_range": 0.028093004137243926,
           "min_markup": 0.00442558051917908,
           "n_close_orders": 11,
           "rentry_pprice_dist": 0.04868735351312694,
           "rentry_pprice_dist_wallet_exposure_weighting": 24.233966252243793,
           "wallet_exposure_limit": 1.0}}