{"config_name": "recursive_grid_0days",
 "logging_level": 0,
 "long": {"auto_unstuck_ema_dist": -0.0021519425390829896,
          "auto_unstuck_wallet_exposure_threshold": 0.06408176050569775,
          "backwards_tp": true,
          "ddown_factor": 0.603828231677181,
          "ema_span_0": 149.55029936999787,
          "ema_span_1": 667.6012524673253,
          "enabled": true,
          "initial_eprice_ema_dist": 0.004734419364069495,
          "initial_qty_pct": 0.01,
          "markup_range": 0.0029591023140512827,
          "min_markup": 0.0039657297448673365,
          "n_close_orders": 2,
          "rentry_pprice_dist": 0.025994584599945508,
          "rentry_pprice_dist_wallet_exposure_weighting": 1.463462048508012,
          "wallet_exposure_limit": 1},
 "short": {"auto_unstuck_ema_dist": -0.03776002884569622,
           "auto_unstuck_wallet_exposure_threshold": 0.07100419582625728,
           "backwards_tp": true,
           "ddown_factor": 2.799919478201101,
           "ema_span_0": 93.19926481810077,
           "ema_span_1": 834.0696673827515,
           "enabled": false,
           "initial_eprice_ema_dist": 0.01,
           "initial_qty_pct": 0.0697154128665124,
           "markup_range": 0.06,
           "min_markup": 0.005543546984466606,
           "n_close_orders": 16,
           "rentry_pprice_dist": 0.047841121973526454,
           "rentry_pprice_dist_wallet_exposure_weighting": 19.348117308677644,
           "wallet_exposure_limit": 1.0}}