{"config_name": "recursive_grid_0days",
 "logging_level": 0,
 "long": {"auto_unstuck_ema_dist": -0.0021519425390829896,
          "auto_unstuck_wallet_exposure_threshold": 0.06408176050569775,
          "backwards_tp": true,
          "ddown_factor": 0.603828231677181,
          "ema_span_0": 149.55029936999787,
          "ema_span_1": 667.6012524673253,
          "enabled": true,
          "initial_eprice_ema_dist": 0.004734419364069495,
          "initial_qty_pct": 0.01,
          "markup_range": 0.0029591023140512827,
          "min_markup": 0.0039657297448673365,
          "n_close_orders": 2,
          "rentry_pprice_dist": 0.025994584599945508,
          "rentry_pprice_dist_wallet_exposure_weighting": 1.463462048508012,
          "wallet_exposure_limit": 1},
 "short": {"auto_unstuck_ema_dist": -0.06206147467344934,
           "auto_unstuck_wallet_exposure_threshold": 0.08928344208681555,
           "backwards_tp": true,
           "ddown_factor": 2.804264368631909,
           "ema_span_0": 398.51257047689273,
           "ema_span_1": 453.1979085013249,
           "enabled": false,
           "initial_eprice_ema_dist": 0.00860032127054042,
           "initial_qty_pct": 0.09581851179936754,
           "markup_range": 0.0011882128669054065,
           "min_markup": 0.0016676233625528432,
           "n_close_orders": 9,
           "rentry_pprice_dist": 0.036992770577846425,
           "rentry_pprice_dist_wallet_exposure_weighting": 13.798763004908082,
           "wallet_exposure_limit": 1.0}}