{"config_name": "recursive_grid_0days",
 "logging_level": 0,
 "long": {"auto_unstuck_ema_dist": -0.0021519425390829896,
          "auto_unstuck_wallet_exposure_threshold": 0.06408176050569775,
          "backwards_tp": true,
          "ddown_factor": 0.603828231677181,
          "ema_span_0": 149.55029936999787,
          "ema_span_1": 667.6012524673253,
          "enabled": true,
          "initial_eprice_ema_dist": 0.004734419364069495,
          "initial_qty_pct": 0.01,
          "markup_range": 0.0029591023140512827,
          "min_markup": 0.0039657297448673365,
          "n_close_orders": 2,
          "rentry_pprice_dist": 0.025994584599945508,
          "rentry_pprice_dist_wallet_exposure_weighting": 1.463462048508012,
          "wallet_exposure_limit": 1},
 "short": {"auto_unstuck_ema_dist": -0.004342185367715439,
           "auto_unstuck_wallet_exposure_threshold": 0.062437611811663435,
           "backwards_tp": true,
           "ddown_factor": 1.970216335971496,
           "ema_span_0": 258.72406882494806,
           "ema_span_1": 996.9903313392248,
           "enabled": false,
           "initial_eprice_ema_dist": -0.07478588011126024,
           "initial_qty_pct": 0.044416181576930586,
           "markup_range": 0.04944639274550456,
           "min_markup": 0.0026260092243563767,
           "n_close_orders": 6,
           "rentry_pprice_dist": 0.013114414096579817,
           "rentry_pprice_dist_wallet_exposure_weighting": 32.122327180848956,
           "wallet_exposure_limit": 1.0}}