{"config_name": "recursive_grid_0days",
 "logging_level": 0,
 "long": {"auto_unstuck_ema_dist": -0.017605428453531573,
          "auto_unstuck_wallet_exposure_threshold": 0.09637504137183212,
          "backwards_tp": true,
          "ddown_factor": 1.2130803606581786,
          "ema_span_0": 379.6338289973542,
          "ema_span_1": 14.016982303676286,
          "enabled": true,
          "initial_eprice_ema_dist": 0.01,
          "initial_qty_pct": 0.01,
          "markup_range": 0.0,
          "min_markup": 0.001,
          "n_close_orders": 16,
          "rentry_pprice_dist": 0.02972814544669454,
          "rentry_pprice_dist_wallet_exposure_weighting": 10.734525514496264,
          "wallet_exposure_limit": 1.0},
 "short": {"auto_unstuck_ema_dist": -0.06143264010207948,
           "auto_unstuck_wallet_exposure_threshold": 0.036255836090896325,
           "backwards_tp": true,
           "ddown_factor": 1.4674775714958894,
           "ema_span_0": 104.13422268678822,
           "ema_span_1": 60.360555626895916,
           "enabled": false,
           "initial_eprice_ema_dist": -0.0031353867549330557,
           "initial_qty_pct": 0.07116248465801016,
           "markup_range": 0.043258419878887525,
           "min_markup": 0.007093751928521999,
           "n_close_orders": 16,
           "rentry_pprice_dist": 0.023343231236210946,
           "rentry_pprice_dist_wallet_exposure_weighting": 15.713203185474207,
           "wallet_exposure_limit": 1.0}}