{"config_name": "recursive_grid_0days",
 "logging_level": 0,
 "long": {"auto_unstuck_ema_dist": -0.0021519425390829896,
          "auto_unstuck_wallet_exposure_threshold": 0.06408176050569775,
          "backwards_tp": true,
          "ddown_factor": 0.603828231677181,
          "ema_span_0": 149.55029936999787,
          "ema_span_1": 667.6012524673253,
          "enabled": true,
          "initial_eprice_ema_dist": 0.004734419364069495,
          "initial_qty_pct": 0.01,
          "markup_range": 0.0029591023140512827,
          "min_markup": 0.0039657297448673365,
          "n_close_orders": 2,
          "rentry_pprice_dist": 0.025994584599945508,
          "rentry_pprice_dist_wallet_exposure_weighting": 1.463462048508012,
          "wallet_exposure_limit": 1},
 "short": {"auto_unstuck_ema_dist": -0.023217289147082834,
           "auto_unstuck_wallet_exposure_threshold": 0.06209379075960689,
           "backwards_tp": true,
           "ddown_factor": 0.6346557356646032,
           "ema_span_0": 465.0228775097622,
           "ema_span_1": 859.6433563182773,
           "enabled": false,
           "initial_eprice_ema_dist": -0.07240544243801175,
           "initial_qty_pct": 0.06086505430592812,
           "markup_range": 0.023942560220717793,
           "min_markup": 0.006244130730853826,
           "n_close_orders": 16,
           "rentry_pprice_dist": 0.011900091652104487,
           "rentry_pprice_dist_wallet_exposure_weighting": 40,
           "wallet_exposure_limit": 1.0}}