{"config_name": "recursive_grid_0days",
 "logging_level": 0,
 "long": {"auto_unstuck_ema_dist": -0.0021519425390829896,
          "auto_unstuck_wallet_exposure_threshold": 0.06408176050569775,
          "backwards_tp": true,
          "ddown_factor": 0.603828231677181,
          "ema_span_0": 149.55029936999787,
          "ema_span_1": 667.6012524673253,
          "enabled": true,
          "initial_eprice_ema_dist": 0.004734419364069495,
          "initial_qty_pct": 0.01,
          "markup_range": 0.0029591023140512827,
          "min_markup": 0.0039657297448673365,
          "n_close_orders": 2,
          "rentry_pprice_dist": 0.025994584599945508,
          "rentry_pprice_dist_wallet_exposure_weighting": 1.463462048508012,
          "wallet_exposure_limit": 1},
 "short": {"auto_unstuck_ema_dist": -0.09379483188458243,
           "auto_unstuck_wallet_exposure_threshold": 0.03027224803945444,
           "backwards_tp": true,
           "ddown_factor": 1.8151862552887656,
           "ema_span_0": 219.06259506830318,
           "ema_span_1": 796.5976821003984,
           "enabled": false,
           "initial_eprice_ema_dist": 0.0009665969752678408,
           "initial_qty_pct": 0.022002900241037588,
           "markup_range": 0.007348003422212434,
           "min_markup": 0.008354803126413261,
           "n_close_orders": 5,
           "rentry_pprice_dist": 0.03270376706810778,
           "rentry_pprice_dist_wallet_exposure_weighting": 9.577465612401515,
           "wallet_exposure_limit": 1.0}}