{"config_name": "recursive_grid_0days",
 "logging_level": 0,
 "long": {"auto_unstuck_ema_dist": 0.0,
          "auto_unstuck_wallet_exposure_threshold": 0,
          "backwards_tp": false,
          "ddown_factor": 2.1004524709821735,
          "ema_span_0": 49.92155672446758,
          "ema_span_1": 472.9320664022152,
          "enabled": true,
          "initial_eprice_ema_dist": -0.1,
          "initial_qty_pct": 0.006123548973198442,
          "markup_range": 0.02489146438535168,
          "min_markup": 0.004013660272456894,
          "n_close_orders": 2,
          "rentry_pprice_dist": 0.03481145754918246,
          "rentry_pprice_dist_wallet_exposure_weighting": 0,
          "wallet_exposure_limit": 0.2},
 "short": {"auto_unstuck_ema_dist": 0.07245056463517074,
           "auto_unstuck_wallet_exposure_threshold": 0.08690459182096147,
           "backwards_tp": true,
           "ddown_factor": 2.025175382210049,
           "ema_span_0": 3807.0408785011873,
           "ema_span_1": 774.786145875593,
           "enabled": false,
           "initial_eprice_ema_dist": -0.09117963363785578,
           "initial_qty_pct": 0.015,
           "markup_range": 0.01906725882019949,
           "min_markup": 0.0013957390488043685,
           "n_close_orders": 20,
           "rentry_pprice_dist": 0.049260903028340346,
           "rentry_pprice_dist_wallet_exposure_weighting": 42.70811084282625,
           "wallet_exposure_limit": 0.1}}