{"config_name": "clock_0days",
 "long": {"delay_between_fills_minutes_close": 1369.545920756441,
          "delay_between_fills_minutes_entry": 1345.4578518143783,
          "delay_weight_close": 18.422746071090526,
          "delay_weight_entry": 13.57173758554347,
          "ema_dist_lower": 0.010859969546203378,
          "ema_dist_upper": 0.006878080734367403,
          "ema_span_0": 1201.2870310855074,
          "ema_span_1": 301.42579246051815,
          "enabled": true,
          "markup_range": 0.0440685341948727,
          "min_markup": 0.04243409138541593,
          "n_close_orders": 4,
          "qty_pct_close": 0.08967482823476638,
          "qty_pct_entry": 0.045847221207742435,
          "wallet_exposure_limit": 0.25,
          "we_multiplier_close": 1.9048131992515078,
          "we_multiplier_entry": 8.278960828860521},
 "short": {"delay_between_fills_minutes_close": 334.77779392537076,
           "delay_between_fills_minutes_entry": 91.22080382311266,
           "delay_weight_close": 14.283908402574797,
           "delay_weight_entry": 14.253399971856284,
           "ema_dist_lower": 0.0027414100915778027,
           "ema_dist_upper": 0.011612017478848349,
           "ema_span_0": 767.0395215652942,
           "ema_span_1": 469.44162363509577,
           "enabled": false,
           "markup_range": 0.07256098686627525,
           "min_markup": 0.08473398068815902,
           "n_close_orders": 2,
           "qty_pct_close": 0.0646266762111519,
           "qty_pct_entry": 0.09193277274877695,
           "wallet_exposure_limit": 1.0,
           "we_multiplier_close": 3.622560213828506,
           "we_multiplier_entry": 34.11990394445197}}