{"config_name": "recursive_grid_0days",
 "logging_level": 0,
 "long": {"auto_unstuck_ema_dist": 0.08074191977795771,
          "auto_unstuck_wallet_exposure_threshold": 0.05292798449790112,
          "backwards_tp": false,
          "ddown_factor": 2.746007041235618,
          "ema_span_0": 919.2590410763997,
          "ema_span_1": 858.3549855020947,
          "enabled": true,
          "initial_eprice_ema_dist": 0.0024611602468073562,
          "initial_qty_pct": 0.015,
          "markup_range": 0.027951762242351137,
          "min_markup": 0.0020795551770505,
          "n_close_orders": 6,
          "rentry_pprice_dist": 0.025197816377781124,
          "rentry_pprice_dist_wallet_exposure_weighting": 4.592669156470404,
          "wallet_exposure_limit": 0.1},
 "short": {"auto_unstuck_ema_dist": 0.003930891948368766,
           "auto_unstuck_wallet_exposure_threshold": 0.06055436227650264,
           "backwards_tp": false,
           "ddown_factor": 0.5337542370962794,
           "ema_span_0": 4131.5161296581455,
           "ema_span_1": 4107.414742903934,
           "enabled": true,
           "initial_eprice_ema_dist": -0.07408672434010262,
           "initial_qty_pct": 0.015,
           "markup_range": 0.008647107665676229,
           "min_markup": 0.0027145601347123003,
           "n_close_orders": 14,
           "rentry_pprice_dist": 0.022804430322951406,
           "rentry_pprice_dist_wallet_exposure_weighting": 2.889933704440422,
           "wallet_exposure_limit": 0.1}}