{"config_name": "clock_0days",
 "long": {"backwards_tp": true,
          "delay_between_fills_minutes_close": 1440,
          "delay_between_fills_minutes_entry": 1122.094280059357,
          "delay_weight_close": 200,
          "delay_weight_entry": 18.908363321768373,
          "ema_dist_close": -0.0037961417763502595,
          "ema_dist_entry": 0.0007149043079807182,
          "ema_span_0": 838.2482158919744,
          "ema_span_1": 1230.5283261696209,
          "enabled": true,
          "markup_range": 0.00028518518565328943,
          "min_markup": 0.0036321244520951413,
          "n_close_orders": 7,
          "qty_pct_close": 0.012793979105924213,
          "qty_pct_entry": 0.017143867899651215,
          "wallet_exposure_limit": 0.25,
          "we_multiplier_close": 0,
          "we_multiplier_entry": 182.08029637359104},
 "short": {"backwards_tp": true,
           "delay_between_fills_minutes_close": 1341.5399928928487,
           "delay_between_fills_minutes_entry": 868.8687131863331,
           "delay_weight_close": 189.8148272409234,
           "delay_weight_entry": 8.178849208910744,
           "ema_dist_close": 0.003,
           "ema_dist_entry": 0.003,
           "ema_span_0": 1294.0206300033972,
           "ema_span_1": 862.5405449619019,
           "enabled": true,
           "markup_range": 0.0034080449305205567,
           "min_markup": 0.00605084690329886,
           "n_close_orders": 8,
           "qty_pct_close": 0.026297750423381325,
           "qty_pct_entry": 0.042622131970836266,
           "wallet_exposure_limit": 0.125,
           "we_multiplier_close": 0,
           "we_multiplier_entry": 36.8071947704471}}