{"config_name": "clock_0days",
 "long": {"backwards_tp": true,
          "delay_between_fills_minutes_close": 1373.3519059380612,
          "delay_between_fills_minutes_entry": 1275.5546173784219,
          "delay_weight_close": 175.12561342864797,
          "delay_weight_entry": 19.932899528527933,
          "ema_dist_close": 0.0007413353907827115,
          "ema_dist_entry": 0.003,
          "ema_span_0": 488.98770767816035,
          "ema_span_1": 1205.0706786690007,
          "enabled": true,
          "markup_range": 0.02857286197005332,
          "min_markup": 0.003813184052666805,
          "n_close_orders": 3,
          "qty_pct_close": 0.01835742852536242,
          "qty_pct_entry": 0.011618188329690653,
          "wallet_exposure_limit": 0.25,
          "we_multiplier_close": 0,
          "we_multiplier_entry": 53.7996132098103},
 "short": {"backwards_tp": true,
           "delay_between_fills_minutes_close": 652.962159734859,
           "delay_between_fills_minutes_entry": 1278.0847579426043,
           "delay_weight_close": 45.69961564100702,
           "delay_weight_entry": 1.5655640132159476,
           "ema_dist_close": 0.003,
           "ema_dist_entry": -0.023947779312319787,
           "ema_span_0": 486.4674699908291,
           "ema_span_1": 25.492691069947455,
           "enabled": true,
           "markup_range": 0.011541722148030575,
           "min_markup": 0.009138926545799366,
           "n_close_orders": 9,
           "qty_pct_close": 0.03528209908144959,
           "qty_pct_entry": 0.04948963482283306,
           "wallet_exposure_limit": 0.125,
           "we_multiplier_close": 0,
           "we_multiplier_entry": 195.56932088232506}}