{"config_name": "clock_0days",
 "long": {"backwards_tp": true,
          "delay_between_fills_minutes_close": 1404.2533892242996,
          "delay_between_fills_minutes_entry": 966.986630081181,
          "delay_weight_close": 103.69303465246861,
          "delay_weight_entry": 17.05356695532555,
          "ema_dist_close": -0.036327492444983,
          "ema_dist_entry": -0.004602708830859296,
          "ema_span_0": 473.48896346605005,
          "ema_span_1": 708.340825405398,
          "enabled": true,
          "markup_range": 0.0025313598851469782,
          "min_markup": 0.006835927083104458,
          "n_close_orders": 5,
          "qty_pct_close": 0.01284418045928188,
          "qty_pct_entry": 0.016801984404199173,
          "wallet_exposure_limit": 0.25,
          "we_multiplier_close": 0,
          "we_multiplier_entry": 94.0779506215944},
 "short": {"backwards_tp": true,
           "delay_between_fills_minutes_close": 1284.0034864246936,
           "delay_between_fills_minutes_entry": 848.1488927298248,
           "delay_weight_close": 166.4769314660703,
           "delay_weight_entry": 13.022025478672575,
           "ema_dist_close": 0.003,
           "ema_dist_entry": -0.0046518106039687025,
           "ema_span_0": 240.55844090223866,
           "ema_span_1": 1440,
           "enabled": true,
           "markup_range": 0.002885302323033817,
           "min_markup": 0.005403059686695785,
           "n_close_orders": 11,
           "qty_pct_close": 0.0276752132334434,
           "qty_pct_entry": 0.0239032527378448,
           "wallet_exposure_limit": 0.125,
           "we_multiplier_close": 0,
           "we_multiplier_entry": 156.30544209040787}}