{"config_name": "clock_0days",
 "long": {"backwards_tp": true,
          "delay_between_fills_minutes_close": 1440,
          "delay_between_fills_minutes_entry": 902.5962618517678,
          "delay_weight_close": 200,
          "delay_weight_entry": 21.59268941159716,
          "ema_dist_close": -0.016524257299634595,
          "ema_dist_entry": -0.0005613292363403025,
          "ema_span_0": 916.6662479310179,
          "ema_span_1": 857.2745646813954,
          "enabled": true,
          "markup_range": 0.03730490028113883,
          "min_markup": 0.005381017189903327,
          "n_close_orders": 4,
          "qty_pct_close": 0.0125843388260386,
          "qty_pct_entry": 0.016972838806184845,
          "wallet_exposure_limit": 0.25,
          "we_multiplier_close": 0.0,
          "we_multiplier_entry": 28.572036590760217},
 "short": {"backwards_tp": true,
           "delay_between_fills_minutes_close": 1030.5183454852627,
           "delay_between_fills_minutes_entry": 1287.4303756254042,
           "delay_weight_close": 82.36114200133923,
           "delay_weight_entry": 21.455581864276255,
           "ema_dist_close": -0.018615341680470337,
           "ema_dist_entry": 7.744370404689626e-06,
           "ema_span_0": 1406.7143448266086,
           "ema_span_1": 1320.5794106735918,
           "enabled": true,
           "markup_range": 0.008137010478508351,
           "min_markup": 0.0025514169992634237,
           "n_close_orders": 5,
           "qty_pct_close": 0.02692238155110778,
           "qty_pct_entry": 0.015749313620272303,
           "wallet_exposure_limit": 0.125,
           "we_multiplier_close": 0,
           "we_multiplier_entry": 80.25606227600754}}