{"config_name": "clock_0days",
 "long": {"backwards_tp": true,
          "delay_between_fills_minutes_close": 1401.7227290192636,
          "delay_between_fills_minutes_entry": 1273.4092681366592,
          "delay_weight_close": 88.35273629874543,
          "delay_weight_entry": 13.9597696279828,
          "ema_dist_close": 0.0003047954084569196,
          "ema_dist_entry": -0.0013357435451972406,
          "ema_span_0": 902.5221568215804,
          "ema_span_1": 1355.9630771687969,
          "enabled": true,
          "markup_range": 0.035815414655523105,
          "min_markup": 0.01,
          "n_close_orders": 15,
          "qty_pct_close": 0.01186848315580148,
          "qty_pct_entry": 0.01599062479722612,
          "wallet_exposure_limit": 0.25,
          "we_multiplier_close": 0,
          "we_multiplier_entry": 4.999244140408011},
 "short": {"backwards_tp": true,
           "delay_between_fills_minutes_close": 1134.3256832527418,
           "delay_between_fills_minutes_entry": 1116.8097275812613,
           "delay_weight_close": 120.29249229904653,
           "delay_weight_entry": 13.324496836694792,
           "ema_dist_close": 0.002878856872896167,
           "ema_dist_entry": 0.003,
           "ema_span_0": 1440,
           "ema_span_1": 1440,
           "enabled": true,
           "markup_range": 0.019282146419772,
           "min_markup": 0.008568055399776385,
           "n_close_orders": 7,
           "qty_pct_close": 0.02306408872639647,
           "qty_pct_entry": 0.01516298574772839,
           "wallet_exposure_limit": 0.125,
           "we_multiplier_close": 0,
           "we_multiplier_entry": 47.542167765013346}}