{"config_name": "recursive_grid_0days",
 "logging_level": 0,
 "long": {"auto_unstuck_ema_dist": 0,
          "auto_unstuck_wallet_exposure_threshold": 0,
          "backwards_tp": false,
          "ddown_factor": 2.1297604098563694,
          "ema_span_0": 280.8367766344921,
          "ema_span_1": 198.4796495661215,
          "enabled": true,
          "initial_eprice_ema_dist": -0.1,
          "initial_qty_pct": 0.0030965959368393315,
          "markup_range": 0.02671608483258698,
          "min_markup": 0.007241535689333723,
          "n_close_orders": 5,
          "rentry_pprice_dist": 0.034809280708573705,
          "rentry_pprice_dist_wallet_exposure_weighting": 0.0,
          "wallet_exposure_limit": 0.2},
 "short": {"auto_unstuck_ema_dist": 0.08281046487939972,
           "auto_unstuck_wallet_exposure_threshold": 0.03007640943599403,
           "backwards_tp": true,
           "ddown_factor": 2.7032120114127935,
           "ema_span_0": 2411.951021559097,
           "ema_span_1": 3552.892325017235,
           "enabled": false,
           "initial_eprice_ema_dist": -0.05102020731687699,
           "initial_qty_pct": 0.015,
           "markup_range": 0.02953255596103667,
           "min_markup": 0.003039003650296557,
           "n_close_orders": 15,
           "rentry_pprice_dist": 0.011268274549815778,
           "rentry_pprice_dist_wallet_exposure_weighting": 19.669147645481548,
           "wallet_exposure_limit": 0.1}}