{"config_name": "clock_0days",
 "long": {"backwards_tp": true,
          "delay_between_fills_minutes_close": 1328.802901085094,
          "delay_between_fills_minutes_entry": 439.1993624659162,
          "delay_weight_close": 0.0,
          "delay_weight_entry": 31.27347039023242,
          "ema_dist_close": -0.0029665600828876638,
          "ema_dist_entry": -0.007700037997198934,
          "ema_span_0": 258.99259312404183,
          "ema_span_1": 1099.2967063957383,
          "enabled": true,
          "markup_range": 0.004269468493251018,
          "min_markup": 0.0047494029189515145,
          "n_close_orders": 6,
          "qty_pct_close": 0.03324068607111053,
          "qty_pct_entry": 0.01,
          "wallet_exposure_limit": 0.4,
          "we_multiplier_close": 0,
          "we_multiplier_entry": 48.03912293102057},
 "short": {"backwards_tp": true,
           "delay_between_fills_minutes_close": 1329.732462896949,
           "delay_between_fills_minutes_entry": 1237.859604074985,
           "delay_weight_close": 0.0,
           "delay_weight_entry": 81.37598096668701,
           "ema_dist_close": -0.001176953402887964,
           "ema_dist_entry": -0.01583088043332829,
           "ema_span_0": 53.45288253505222,
           "ema_span_1": 1391.2937284886982,
           "enabled": false,
           "markup_range": 0.010814352466368842,
           "min_markup": 0.004266404694504645,
           "n_close_orders": 13,
           "qty_pct_close": 0.036451974996960755,
           "qty_pct_entry": 0.026244891590113575,
           "wallet_exposure_limit": 1.0,
           "we_multiplier_close": 0.0,
           "we_multiplier_entry": 75.6650301140772}}