{"config_name": "recursive_grid_0days",
 "logging_level": 0,
 "long": {"auto_unstuck_ema_dist": 0.0014616138066393782,
          "auto_unstuck_wallet_exposure_threshold": 0.08573915088966394,
          "backwards_tp": true,
          "ddown_factor": 0.7301802890888842,
          "ema_span_0": 27.257427496463052,
          "ema_span_1": 10,
          "enabled": true,
          "initial_eprice_ema_dist": -0.0824296013492806,
          "initial_qty_pct": 0.014330752925706241,
          "markup_range": 0.004986287566683942,
          "min_markup": 0.003075675631943585,
          "n_close_orders": 11,
          "rentry_pprice_dist": 0.020282356992488083,
          "rentry_pprice_dist_wallet_exposure_weighting": 0,
          "wallet_exposure_limit": 0.2},
 "short": {"auto_unstuck_ema_dist": 0.04703699924467641,
           "auto_unstuck_wallet_exposure_threshold": 0.07295995275858366,
           "backwards_tp": true,
           "ddown_factor": 1.9558836479296156,
           "ema_span_0": 972.8774786979656,
           "ema_span_1": 8859.355916089968,
           "enabled": false,
           "initial_eprice_ema_dist": -0.060814930738973774,
           "initial_qty_pct": 0.015,
           "markup_range": 0.0005624566910965245,
           "min_markup": 0.0018313237120467212,
           "n_close_orders": 16,
           "rentry_pprice_dist": 0.020268476258936248,
           "rentry_pprice_dist_wallet_exposure_weighting": 20.289901335283353,
           "wallet_exposure_limit": 0.1}}