{"config_name": "neat_grid_0days",
 "logging_level": 0,
 "long": {"auto_unstuck_ema_dist": 0.02749314204727018,
          "auto_unstuck_wallet_exposure_threshold": 0.09980223416952128,
          "backwards_tp": true,
          "ema_span_0": 184.71223700710019,
          "ema_span_1": 66.70704367067877,
          "enabled": true,
          "eprice_exp_base": 1.0914178599979771,
          "eqty_exp_base": 1.5481862773931168,
          "grid_span": 0.17237147960227153,
          "initial_eprice_ema_dist": -0.08906766147671771,
          "initial_qty_pct": 0.01,
          "markup_range": 0.0016078084064184881,
          "max_n_entry_orders": 6,
          "min_markup": 0.002,
          "n_close_orders": 19,
          "wallet_exposure_limit": 0.2},
 "short": {"auto_unstuck_ema_dist": 0.029597056878550132,
           "auto_unstuck_wallet_exposure_threshold": 0.05669997156369923,
           "backwards_tp": true,
           "ema_span_0": 2131.145049637728,
           "ema_span_1": 1585.9100715278073,
           "enabled": true,
           "eprice_exp_base": 1.089156303282849,
           "eqty_exp_base": 1.7922201030793024,
           "grid_span": 0.16769758656243977,
           "initial_eprice_ema_dist": -0.03428401910059271,
           "initial_qty_pct": 0.01,
           "markup_range": 0.0017668877178428838,
           "max_n_entry_orders": 11,
           "min_markup": 0.002,
           "n_close_orders": 29,
           "wallet_exposure_limit": 0.1}}