{"config_name": "clock_0days",
 "long": {"backwards_tp": true,
          "delay_between_fills_minutes_close": 1144.0928699000815,
          "delay_between_fills_minutes_entry": 1348.7903232193923,
          "delay_weight_close": 52.75600288430295,
          "delay_weight_entry": 16.835366362535826,
          "ema_dist_close": 0.003488871698590708,
          "ema_dist_entry": 0.0019978891803412234,
          "ema_span_0": 557.1929419953004,
          "ema_span_1": 1218.5709803216428,
          "enabled": true,
          "markup_range": 0.03920473788135064,
          "min_markup": 0.0012474967754022204,
          "n_close_orders": 2,
          "qty_pct_close": 0.07406172376882861,
          "qty_pct_entry": 0.018116788190032776,
          "wallet_exposure_limit": 0.4,
          "we_multiplier_close": 49.04706388241726,
          "we_multiplier_entry": 46.640266204701426},
 "short": {"backwards_tp": true,
           "delay_between_fills_minutes_close": 812.5471830567682,
           "delay_between_fills_minutes_entry": 1076.5540754106603,
           "delay_weight_close": 84.00975118239606,
           "delay_weight_entry": 47.79450622910123,
           "ema_dist_close": -0.014445806623872785,
           "ema_dist_entry": -0.03071848273373939,
           "ema_span_0": 1175.2496386306275,
           "ema_span_1": 1341.4246016434208,
           "enabled": false,
           "markup_range": 0.031324095320079,
           "min_markup": 0.006413807767643602,
           "n_close_orders": 3,
           "qty_pct_close": 0.04054251487221394,
           "qty_pct_entry": 0.098953730617291,
           "wallet_exposure_limit": 1.0,
           "we_multiplier_close": 55.66725381179791,
           "we_multiplier_entry": 22.51444762060296}}