{"config_name": "clock_0days",
 "long": {"backwards_tp": true,
          "delay_between_fills_minutes_close": 1186.1308118207062,
          "delay_between_fills_minutes_entry": 1180.2222253343007,
          "delay_weight_close": 0,
          "delay_weight_entry": 13.574686070907326,
          "ema_dist_close": 1.9672454802582623e-05,
          "ema_dist_entry": 0.003,
          "ema_span_0": 1251.1587573989714,
          "ema_span_1": 1403.869369545818,
          "enabled": true,
          "markup_range": 0.0029611302691819573,
          "min_markup": 0.005235141823224198,
          "n_close_orders": 11,
          "qty_pct_close": 0.01691127843886399,
          "qty_pct_entry": 0.01614446660129204,
          "wallet_exposure_limit": 0.6,
          "we_multiplier_close": 0,
          "we_multiplier_entry": 160.99787081033176},
 "short": {"backwards_tp": true,
           "delay_between_fills_minutes_close": 1342.2143496093558,
           "delay_between_fills_minutes_entry": 854.213565913702,
           "delay_weight_close": 0,
           "delay_weight_entry": 9.502428677898415,
           "ema_dist_close": -0.0025085647626296526,
           "ema_dist_entry": 0.0026822434861880178,
           "ema_span_0": 1435.3573335257327,
           "ema_span_1": 368.8858632610676,
           "enabled": true,
           "markup_range": 0.003491817039431486,
           "min_markup": 0.009544591183273055,
           "n_close_orders": 8,
           "qty_pct_close": 0.011009043010511603,
           "qty_pct_entry": 0.015919489266942616,
           "wallet_exposure_limit": 0.18,
           "we_multiplier_close": 0,
           "we_multiplier_entry": 102.0473550220087}}