{"config_name": "clock_0days",
 "long": {"backwards_tp": true,
          "delay_between_fills_minutes_close": 842.4090046018285,
          "delay_between_fills_minutes_entry": 1123.5099307760838,
          "delay_weight_close": 0,
          "delay_weight_entry": 16.107337319236645,
          "ema_dist_close": -0.007387704050493581,
          "ema_dist_entry": -0.0005226571955911485,
          "ema_span_0": 1174.1578107218168,
          "ema_span_1": 795.3859615372722,
          "enabled": true,
          "markup_range": 0.011627108866917516,
          "min_markup": 0.009724980324422417,
          "n_close_orders": 4,
          "qty_pct_close": 0.01,
          "qty_pct_entry": 0.01,
          "wallet_exposure_limit": 0.6,
          "we_multiplier_close": 0,
          "we_multiplier_entry": 45.93793209672537},
 "short": {"backwards_tp": true,
           "delay_between_fills_minutes_close": 1186.1630687181287,
           "delay_between_fills_minutes_entry": 1113.30833095533,
           "delay_weight_close": 0,
           "delay_weight_entry": 19.32616287299977,
           "ema_dist_close": 0.0021785149639603225,
           "ema_dist_entry": 0.00039326592083025716,
           "ema_span_0": 6.141436703593571,
           "ema_span_1": 1402.8365967367558,
           "enabled": true,
           "markup_range": 0.0010683118489769796,
           "min_markup": 0.006423315138552356,
           "n_close_orders": 8,
           "qty_pct_close": 0.039610020711725945,
           "qty_pct_entry": 0.015496504232095715,
           "wallet_exposure_limit": 0.18,
           "we_multiplier_close": 0,
           "we_multiplier_entry": 146.37411422817138}}