{"config_name": "clock_0days",
 "long": {"backwards_tp": true,
          "delay_between_fills_minutes_close": 1365.148382151134,
          "delay_between_fills_minutes_entry": 718.0937220667682,
          "delay_weight_close": 0,
          "delay_weight_entry": 13.379888585109258,
          "ema_dist_close": -0.02236822304157459,
          "ema_dist_entry": 0.003,
          "ema_span_0": 1318.8293903204367,
          "ema_span_1": 1395.0147967432554,
          "enabled": true,
          "markup_range": 0.004640505941314932,
          "min_markup": 0.005635032975402345,
          "n_close_orders": 16,
          "qty_pct_close": 0.01716684220810113,
          "qty_pct_entry": 0.014223502341698002,
          "wallet_exposure_limit": 0.6,
          "we_multiplier_close": 0,
          "we_multiplier_entry": 190.71645317271003},
 "short": {"backwards_tp": true,
           "delay_between_fills_minutes_close": 534.4251965390538,
           "delay_between_fills_minutes_entry": 1152.9148373047287,
           "delay_weight_close": 0,
           "delay_weight_entry": 16.982054943061527,
           "ema_dist_close": 0.002071369045273304,
           "ema_dist_entry": 0.003,
           "ema_span_0": 1352.4542517412035,
           "ema_span_1": 1196.628188535221,
           "enabled": true,
           "markup_range": 0.012403052845152725,
           "min_markup": 0.007451650372126465,
           "n_close_orders": 13,
           "qty_pct_close": 0.01,
           "qty_pct_entry": 0.02254482446654659,
           "wallet_exposure_limit": 0.18,
           "we_multiplier_close": 0,
           "we_multiplier_entry": 12.399639594398455}}