{"config_name": "clock_0days",
 "long": {"backwards_tp": true,
          "delay_between_fills_minutes_close": 1187.1622708318298,
          "delay_between_fills_minutes_entry": 1345.8459954876278,
          "delay_weight_close": 0,
          "delay_weight_entry": 16.158217678882963,
          "ema_dist_close": 0.0006586761259561,
          "ema_dist_entry": -0.0002784120610190361,
          "ema_span_0": 1139.6365266237854,
          "ema_span_1": 199.68597826298875,
          "enabled": true,
          "markup_range": 0.0021201485940004396,
          "min_markup": 0.0042882842519258255,
          "n_close_orders": 14,
          "qty_pct_close": 0.017024034101006315,
          "qty_pct_entry": 0.012209392698961617,
          "wallet_exposure_limit": 0.6,
          "we_multiplier_close": 0,
          "we_multiplier_entry": 73.92026598827043},
 "short": {"backwards_tp": true,
           "delay_between_fills_minutes_close": 642.7557523120763,
           "delay_between_fills_minutes_entry": 892.077815862179,
           "delay_weight_close": 0,
           "delay_weight_entry": 6.25537792414486,
           "ema_dist_close": -0.01268479622116312,
           "ema_dist_entry": -0.02204768098804988,
           "ema_span_0": 684.226075479954,
           "ema_span_1": 43.31429363246805,
           "enabled": true,
           "markup_range": 0.010860517687892663,
           "min_markup": 0.003992518295845753,
           "n_close_orders": 14,
           "qty_pct_close": 0.024862732760183193,
           "qty_pct_entry": 0.02113159097608341,
           "wallet_exposure_limit": 0.18,
           "we_multiplier_close": 0,
           "we_multiplier_entry": 163.11361864742474}}