{"config_name": "clock_0days",
 "long": {"backwards_tp": true,
          "delay_between_fills_minutes_close": 1233.913738089329,
          "delay_between_fills_minutes_entry": 1263.4090812533273,
          "delay_weight_close": 0,
          "delay_weight_entry": 10.076917973616313,
          "ema_dist_close": 0.003,
          "ema_dist_entry": -0.0013743626999055609,
          "ema_span_0": 576.9168938492578,
          "ema_span_1": 1408.8812246920759,
          "enabled": true,
          "markup_range": 0.008846290170229905,
          "min_markup": 0.006939767431731634,
          "n_close_orders": 5,
          "qty_pct_close": 0.01009315730318092,
          "qty_pct_entry": 0.01,
          "wallet_exposure_limit": 0.6,
          "we_multiplier_close": 0,
          "we_multiplier_entry": 94.59621429561183},
 "short": {"backwards_tp": true,
           "delay_between_fills_minutes_close": 1436.2351321104823,
           "delay_between_fills_minutes_entry": 1391.5489696573773,
           "delay_weight_close": 0,
           "delay_weight_entry": 14.008709075684806,
           "ema_dist_close": 0.003,
           "ema_dist_entry": 0.0008399888410670026,
           "ema_span_0": 1327.4331091027288,
           "ema_span_1": 1400.1750389103584,
           "enabled": true,
           "markup_range": 0.01938124764872574,
           "min_markup": 0.00993217207587591,
           "n_close_orders": 10,
           "qty_pct_close": 0.012634029861107942,
           "qty_pct_entry": 0.02092169792973773,
           "wallet_exposure_limit": 0.18,
           "we_multiplier_close": 0,
           "we_multiplier_entry": 34.12041092628566}}