{"config_name": "clock_0days",
 "long": {"backwards_tp": true,
          "delay_between_fills_minutes_close": 1077.2270825444978,
          "delay_between_fills_minutes_entry": 1440,
          "delay_weight_close": 0,
          "delay_weight_entry": 19.58144626556367,
          "ema_dist_close": -0.0077748551011067035,
          "ema_dist_entry": 0.0027268694135207995,
          "ema_span_0": 1152.7761446972477,
          "ema_span_1": 1425.5194970915898,
          "enabled": true,
          "markup_range": 0.011937068439855533,
          "min_markup": 0.00885465448882626,
          "n_close_orders": 14,
          "qty_pct_close": 0.039069295910234364,
          "qty_pct_entry": 0.014238856088639566,
          "wallet_exposure_limit": 0.6,
          "we_multiplier_close": 0,
          "we_multiplier_entry": 79.89428441081306},
 "short": {"backwards_tp": true,
           "delay_between_fills_minutes_close": 914.0161375677693,
           "delay_between_fills_minutes_entry": 1423.3396796642135,
           "delay_weight_close": 0,
           "delay_weight_entry": 31.93275263038097,
           "ema_dist_close": -0.010452940486367973,
           "ema_dist_entry": 0.0027441372904013477,
           "ema_span_0": 235.86933412865903,
           "ema_span_1": 1313.8638528344825,
           "enabled": true,
           "markup_range": 0.014439850860598343,
           "min_markup": 0.009224885775063574,
           "n_close_orders": 12,
           "qty_pct_close": 0.04864856618151359,
           "qty_pct_entry": 0.020351832641488345,
           "wallet_exposure_limit": 0.18,
           "we_multiplier_close": 0,
           "we_multiplier_entry": 9.48230541275533}}