{"config_name": "clock_0days",
 "long": {"backwards_tp": true,
          "delay_between_fills_minutes_close": 1327.1872956927177,
          "delay_between_fills_minutes_entry": 1250.4464644014001,
          "delay_weight_close": 0,
          "delay_weight_entry": 16.415985868383423,
          "ema_dist_close": -0.013050305081703505,
          "ema_dist_entry": 0.003,
          "ema_span_0": 1386.8525370870564,
          "ema_span_1": 221.63660262337146,
          "enabled": true,
          "markup_range": 0.005029676046407914,
          "min_markup": 0.006215836593192925,
          "n_close_orders": 5,
          "qty_pct_close": 0.010840587862751225,
          "qty_pct_entry": 0.015420527206927211,
          "wallet_exposure_limit": 0.6,
          "we_multiplier_close": 0,
          "we_multiplier_entry": 107.75543080214487},
 "short": {"backwards_tp": true,
           "delay_between_fills_minutes_close": 1344.7238718653966,
           "delay_between_fills_minutes_entry": 669.1950062556025,
           "delay_weight_close": 0,
           "delay_weight_entry": 5.828933931673316,
           "ema_dist_close": -0.0004433415897187028,
           "ema_dist_entry": -0.0028504340212907203,
           "ema_span_0": 1396.0083525629723,
           "ema_span_1": 1056.5784993627533,
           "enabled": true,
           "markup_range": 0.007349376800343688,
           "min_markup": 0.003423396430756227,
           "n_close_orders": 6,
           "qty_pct_close": 0.016357463852188954,
           "qty_pct_entry": 0.016425918393233565,
           "wallet_exposure_limit": 0.18,
           "we_multiplier_close": 0,
           "we_multiplier_entry": 62.17199577595908}}