{"config_name": "clock_0days",
 "long": {"backwards_tp": true,
          "delay_between_fills_minutes_close": 1231.0756819842793,
          "delay_between_fills_minutes_entry": 1383.5809331409084,
          "delay_weight_close": 0,
          "delay_weight_entry": 10.05627177063256,
          "ema_dist_close": -0.003726925887913553,
          "ema_dist_entry": -0.0008136561371720552,
          "ema_span_0": 931.0766773507864,
          "ema_span_1": 845.0039365057263,
          "enabled": true,
          "markup_range": 0.01224523150626579,
          "min_markup": 0.009484002461329346,
          "n_close_orders": 7,
          "qty_pct_close": 0.012816534253681922,
          "qty_pct_entry": 0.01,
          "wallet_exposure_limit": 0.6,
          "we_multiplier_close": 0,
          "we_multiplier_entry": 148.3437246427731},
 "short": {"backwards_tp": true,
           "delay_between_fills_minutes_close": 914.0161375677693,
           "delay_between_fills_minutes_entry": 1423.3396796642135,
           "delay_weight_close": 0,
           "delay_weight_entry": 31.93275263038097,
           "ema_dist_close": -0.010452940486367973,
           "ema_dist_entry": 0.0027441372904013477,
           "ema_span_0": 235.86933412865903,
           "ema_span_1": 1313.8638528344825,
           "enabled": true,
           "markup_range": 0.014439850860598343,
           "min_markup": 0.009224885775063574,
           "n_close_orders": 12,
           "qty_pct_close": 0.04864856618151359,
           "qty_pct_entry": 0.020351832641488345,
           "wallet_exposure_limit": 0.18,
           "we_multiplier_close": 0,
           "we_multiplier_entry": 9.48230541275533}}