{"config_name": "clock_0days",
 "long": {"backwards_tp": true,
          "delay_between_fills_minutes_close": 942.6965866929802,
          "delay_between_fills_minutes_entry": 1222.729328662408,
          "delay_weight_close": 0,
          "delay_weight_entry": 14.813106239149064,
          "ema_dist_close": 0.0028735185446289507,
          "ema_dist_entry": 0.0023205530462263716,
          "ema_span_0": 1019.1286129701325,
          "ema_span_1": 1193.552399576303,
          "enabled": true,
          "markup_range": 0.03519071389231958,
          "min_markup": 0.007300536198234619,
          "n_close_orders": 5,
          "qty_pct_close": 0.04120321346939953,
          "qty_pct_entry": 0.01,
          "wallet_exposure_limit": 0.6,
          "we_multiplier_close": 0,
          "we_multiplier_entry": 28.38434935862325},
 "short": {"backwards_tp": true,
           "delay_between_fills_minutes_close": 1210.9662233630568,
           "delay_between_fills_minutes_entry": 601.8198141855054,
           "delay_weight_close": 0,
           "delay_weight_entry": 5.073387330742185,
           "ema_dist_close": 0.003,
           "ema_dist_entry": 0.002123020105908927,
           "ema_span_0": 1361.63235789718,
           "ema_span_1": 1414.5439215143508,
           "enabled": true,
           "markup_range": 0.012641768656311917,
           "min_markup": 0.007911029203037073,
           "n_close_orders": 10,
           "qty_pct_close": 0.01983216855727802,
           "qty_pct_entry": 0.018983881295113646,
           "wallet_exposure_limit": 0.18,
           "we_multiplier_close": 0,
           "we_multiplier_entry": 12.163543393831604}}