{"config_name": "clock_0days",
 "long": {"backwards_tp": true,
          "delay_between_fills_minutes_close": 702.7561525278687,
          "delay_between_fills_minutes_entry": 1264.17471359909,
          "delay_weight_close": 0,
          "delay_weight_entry": 15.805705529648888,
          "ema_dist_close": 0.001257572972325963,
          "ema_dist_entry": 0.0017162976097330773,
          "ema_span_0": 544.1435201031059,
          "ema_span_1": 876.9886623108812,
          "enabled": true,
          "markup_range": 0.001387251056622624,
          "min_markup": 0.0091774226091759,
          "n_close_orders": 12,
          "qty_pct_close": 0.012483055017279575,
          "qty_pct_entry": 0.018464154692488896,
          "wallet_exposure_limit": 0.6,
          "we_multiplier_close": 0,
          "we_multiplier_entry": 178.8612543967079},
 "short": {"backwards_tp": true,
           "delay_between_fills_minutes_close": 831.7996347557199,
           "delay_between_fills_minutes_entry": 712.2185018185428,
           "delay_weight_close": 0,
           "delay_weight_entry": 9.739062741135221,
           "ema_dist_close": 0.003,
           "ema_dist_entry": 0.0015227467782666251,
           "ema_span_0": 469.2273843884278,
           "ema_span_1": 1409.037137579803,
           "enabled": true,
           "markup_range": 0.007477500547219791,
           "min_markup": 0.0064990590848430325,
           "n_close_orders": 3,
           "qty_pct_close": 0.010839547064222141,
           "qty_pct_entry": 0.023772875908444818,
           "wallet_exposure_limit": 0.18,
           "we_multiplier_close": 0,
           "we_multiplier_entry": 16.30975745061976}}