{"config_name": "clock_0days",
 "long": {"backwards_tp": true,
          "delay_between_fills_minutes_close": 476.13617657510974,
          "delay_between_fills_minutes_entry": 896.9261250078098,
          "delay_weight_close": 0.0,
          "delay_weight_entry": 38.589789271983115,
          "ema_dist_close": -0.0029439505367598144,
          "ema_dist_entry": 0.003,
          "ema_span_0": 1115.851580591102,
          "ema_span_1": 1440,
          "enabled": true,
          "markup_range": 0.009556002059917617,
          "min_markup": 0.0018575172680988477,
          "n_close_orders": 5,
          "qty_pct_close": 0.02818901652558671,
          "qty_pct_entry": 0.010073033908934177,
          "wallet_exposure_limit": 0.6,
          "we_multiplier_close": 0,
          "we_multiplier_entry": 199.59623460032918},
 "short": {"backwards_tp": true,
           "delay_between_fills_minutes_close": 940.687602926081,
           "delay_between_fills_minutes_entry": 208.23237655109597,
           "delay_weight_close": 0,
           "delay_weight_entry": 50.81470095450296,
           "ema_dist_close": 0.003,
           "ema_dist_entry": -0.012807563042503536,
           "ema_span_0": 428.1728009098581,
           "ema_span_1": 201.62321553310687,
           "enabled": true,
           "markup_range": 0.0,
           "min_markup": 0.0038539303638598357,
           "n_close_orders": 9,
           "qty_pct_close": 0.05,
           "qty_pct_entry": 0.01,
           "wallet_exposure_limit": 0.18,
           "we_multiplier_close": 0,
           "we_multiplier_entry": 0}}