{"config_name": "clock_0days",
 "long": {"backwards_tp": true,
          "delay_between_fills_minutes_close": 1327.1872956927177,
          "delay_between_fills_minutes_entry": 1250.4464644014001,
          "delay_weight_close": 0,
          "delay_weight_entry": 16.415985868383423,
          "ema_dist_close": -0.013050305081703505,
          "ema_dist_entry": 0.003,
          "ema_span_0": 1386.8525370870564,
          "ema_span_1": 221.63660262337146,
          "enabled": true,
          "markup_range": 0.005029676046407914,
          "min_markup": 0.006215836593192925,
          "n_close_orders": 5,
          "qty_pct_close": 0.010840587862751225,
          "qty_pct_entry": 0.015420527206927211,
          "wallet_exposure_limit": 0.6,
          "we_multiplier_close": 0,
          "we_multiplier_entry": 107.75543080214487},
 "short": {"backwards_tp": true,
           "delay_between_fills_minutes_close": 1282.1867104351597,
           "delay_between_fills_minutes_entry": 1249.8918175980327,
           "delay_weight_close": 0,
           "delay_weight_entry": 11.730103067259707,
           "ema_dist_close": 0.003,
           "ema_dist_entry": 2.8173476184922917e-05,
           "ema_span_0": 1384.7095668116544,
           "ema_span_1": 565.9774713787581,
           "enabled": true,
           "markup_range": 0.011404847806329855,
           "min_markup": 0.009963648668208123,
           "n_close_orders": 12,
           "qty_pct_close": 0.01301719644394725,
           "qty_pct_entry": 0.01,
           "wallet_exposure_limit": 0.18,
           "we_multiplier_close": 0,
           "we_multiplier_entry": 106.42418316789264}}