{"config_name": "clock_0days",
 "long": {"backwards_tp": true,
          "delay_between_fills_minutes_close": 842.4090046018285,
          "delay_between_fills_minutes_entry": 1123.5099307760838,
          "delay_weight_close": 0,
          "delay_weight_entry": 16.107337319236645,
          "ema_dist_close": -0.007387704050493581,
          "ema_dist_entry": -0.0005226571955911485,
          "ema_span_0": 1174.1578107218168,
          "ema_span_1": 795.3859615372722,
          "enabled": true,
          "markup_range": 0.011627108866917516,
          "min_markup": 0.009724980324422417,
          "n_close_orders": 4,
          "qty_pct_close": 0.01,
          "qty_pct_entry": 0.01,
          "wallet_exposure_limit": 0.6,
          "we_multiplier_close": 0,
          "we_multiplier_entry": 45.93793209672537},
 "short": {"backwards_tp": true,
           "delay_between_fills_minutes_close": 1282.1867104351597,
           "delay_between_fills_minutes_entry": 1249.8918175980327,
           "delay_weight_close": 0,
           "delay_weight_entry": 11.730103067259707,
           "ema_dist_close": 0.003,
           "ema_dist_entry": 2.8173476184922917e-05,
           "ema_span_0": 1384.7095668116544,
           "ema_span_1": 565.9774713787581,
           "enabled": true,
           "markup_range": 0.011404847806329855,
           "min_markup": 0.009963648668208123,
           "n_close_orders": 12,
           "qty_pct_close": 0.01301719644394725,
           "qty_pct_entry": 0.01,
           "wallet_exposure_limit": 0.18,
           "we_multiplier_close": 0,
           "we_multiplier_entry": 106.42418316789264}}