{"config_name": "clock_0days",
 "long": {"backwards_tp": true,
          "delay_between_fills_minutes_close": 699.7973758293807,
          "delay_between_fills_minutes_entry": 1401.7794539247814,
          "delay_weight_close": 0.0,
          "delay_weight_entry": 14.882393533454554,
          "ema_dist_close": 0.003,
          "ema_dist_entry": -0.0004734257180312541,
          "ema_span_0": 839.5835415883408,
          "ema_span_1": 1440,
          "enabled": true,
          "markup_range": 0.026129882151753544,
          "min_markup": 0.007895752798118362,
          "n_close_orders": 6,
          "qty_pct_close": 0.02038706525501483,
          "qty_pct_entry": 0.01,
          "wallet_exposure_limit": 0.6,
          "we_multiplier_close": 0,
          "we_multiplier_entry": 30.634296580147044},
 "short": {"backwards_tp": true,
           "delay_between_fills_minutes_close": 1417.74478398428,
           "delay_between_fills_minutes_entry": 1078.5697798045094,
           "delay_weight_close": 0,
           "delay_weight_entry": 25.372361656097738,
           "ema_dist_close": 9.344074745424105e-05,
           "ema_dist_entry": 0.0018636649483873917,
           "ema_span_0": 481.56735879905546,
           "ema_span_1": 1325.2389946177163,
           "enabled": true,
           "markup_range": 0.0071166107708067255,
           "min_markup": 0.0034484761657075113,
           "n_close_orders": 5,
           "qty_pct_close": 0.011509575228953505,
           "qty_pct_entry": 0.02225581385422976,
           "wallet_exposure_limit": 0.18,
           "we_multiplier_close": 0,
           "we_multiplier_entry": 27.429847059986685}}