{"config_name": "clock_0days",
 "long": {"backwards_tp": true,
          "delay_between_fills_minutes_close": 1332.423356184342,
          "delay_between_fills_minutes_entry": 1440,
          "delay_weight_close": 0,
          "delay_weight_entry": 13.438571480526251,
          "ema_dist_close": 0.003,
          "ema_dist_entry": -0.0017115532940771294,
          "ema_span_0": 1070.3954958087159,
          "ema_span_1": 1171.2020419198834,
          "enabled": true,
          "markup_range": 0.008775546990094545,
          "min_markup": 0.006386434541133121,
          "n_close_orders": 10,
          "qty_pct_close": 0.012462635772293453,
          "qty_pct_entry": 0.014734467434135,
          "wallet_exposure_limit": 0.6,
          "we_multiplier_close": 0,
          "we_multiplier_entry": 140.89230228831238},
 "short": {"backwards_tp": true,
           "delay_between_fills_minutes_close": 812.1850489225151,
           "delay_between_fills_minutes_entry": 1312.1534556093163,
           "delay_weight_close": 0,
           "delay_weight_entry": 8.572160218526758,
           "ema_dist_close": -0.001456731116093331,
           "ema_dist_entry": -0.0028392794695675625,
           "ema_span_0": 1184.5891305335804,
           "ema_span_1": 1413.4898196734234,
           "enabled": true,
           "markup_range": 0.02544742336240107,
           "min_markup": 0.00956885545770276,
           "n_close_orders": 6,
           "qty_pct_close": 0.015632575491606033,
           "qty_pct_entry": 0.023073846157152036,
           "wallet_exposure_limit": 0.18,
           "we_multiplier_close": 0,
           "we_multiplier_entry": 25.313290111075577}}