{"config_name": "clock_0days",
 "long": {"backwards_tp": true,
          "delay_between_fills_minutes_close": 549.0931953632172,
          "delay_between_fills_minutes_entry": 1410.1725501331841,
          "delay_weight_close": 0,
          "delay_weight_entry": 11.185311653778346,
          "ema_dist_close": -0.001796792106685276,
          "ema_dist_entry": -0.00019567571733788893,
          "ema_span_0": 992.2629516545645,
          "ema_span_1": 1362.2234916862028,
          "enabled": true,
          "markup_range": 0.03319277455820154,
          "min_markup": 0.006073090820522714,
          "n_close_orders": 4,
          "qty_pct_close": 0.01,
          "qty_pct_entry": 0.010091579081055228,
          "wallet_exposure_limit": 0.6,
          "we_multiplier_close": 0,
          "we_multiplier_entry": 30.15244020232954},
 "short": {"backwards_tp": true,
           "delay_between_fills_minutes_close": 1440,
           "delay_between_fills_minutes_entry": 1235.8670373104096,
           "delay_weight_close": 0,
           "delay_weight_entry": 16.378181400760035,
           "ema_dist_close": 0.003,
           "ema_dist_entry": 0.001326611112483989,
           "ema_span_0": 1286.0613900445876,
           "ema_span_1": 1284.3227413913276,
           "enabled": true,
           "markup_range": 0.014748272203889764,
           "min_markup": 0.005015626091974709,
           "n_close_orders": 14,
           "qty_pct_close": 0.03376945389534119,
           "qty_pct_entry": 0.018331578653644126,
           "wallet_exposure_limit": 0.18,
           "we_multiplier_close": 0,
           "we_multiplier_entry": 66.72794883798421}}