{"config_name": "clock_0days",
 "long": {"backwards_tp": true,
          "delay_between_fills_minutes_close": 394.78559192729307,
          "delay_between_fills_minutes_entry": 1359.7933139219442,
          "delay_weight_close": 0,
          "delay_weight_entry": 23.279439304543565,
          "ema_dist_close": -0.005641852550443858,
          "ema_dist_entry": 0.003,
          "ema_span_0": 1292.0518069261734,
          "ema_span_1": 449.12128805442376,
          "enabled": true,
          "markup_range": 0.016900145088492736,
          "min_markup": 0.009200574000833722,
          "n_close_orders": 13,
          "qty_pct_close": 0.022769450573837252,
          "qty_pct_entry": 0.012004607125687626,
          "wallet_exposure_limit": 0.6,
          "we_multiplier_close": 0,
          "we_multiplier_entry": 52.683347669199755},
 "short": {"backwards_tp": true,
           "delay_between_fills_minutes_close": 864.831541343067,
           "delay_between_fills_minutes_entry": 930.5667584408607,
           "delay_weight_close": 0,
           "delay_weight_entry": 3.170829458011938,
           "ema_dist_close": -0.0035088228257234887,
           "ema_dist_entry": 0.0016986743119450727,
           "ema_span_0": 1425.078306445024,
           "ema_span_1": 1423.0958336228125,
           "enabled": true,
           "markup_range": 0.00765151317561955,
           "min_markup": 0.008087942205679538,
           "n_close_orders": 15,
           "qty_pct_close": 0.015787775395234672,
           "qty_pct_entry": 0.023870236814862174,
           "wallet_exposure_limit": 0.18,
           "we_multiplier_close": 0,
           "we_multiplier_entry": 169.22441273611574}}