{"config_name": "clock_0days",
 "long": {"backwards_tp": true,
          "delay_between_fills_minutes_close": 1334.2499815943027,
          "delay_between_fills_minutes_entry": 1091.080385463248,
          "delay_weight_close": 0,
          "delay_weight_entry": 16.146595006907262,
          "ema_dist_close": -0.0008369765374046502,
          "ema_dist_entry": 0.0013166238943621705,
          "ema_span_0": 1044.0507087115684,
          "ema_span_1": 223.15463217872437,
          "enabled": true,
          "markup_range": 0.0027166013130059887,
          "min_markup": 0.008390486815610994,
          "n_close_orders": 4,
          "qty_pct_close": 0.04675842758681423,
          "qty_pct_entry": 0.013757253486656879,
          "wallet_exposure_limit": 0.6,
          "we_multiplier_close": 0,
          "we_multiplier_entry": 170.77147615468914},
 "short": {"backwards_tp": true,
           "delay_between_fills_minutes_close": 977.3874677077422,
           "delay_between_fills_minutes_entry": 980.4413206348661,
           "delay_weight_close": 0,
           "delay_weight_entry": 7.466668724475401,
           "ema_dist_close": 0.003,
           "ema_dist_entry": 0.001536913333186854,
           "ema_span_0": 1386.0683503797602,
           "ema_span_1": 59.639634357586615,
           "enabled": true,
           "markup_range": 0.009337069758993885,
           "min_markup": 0.008622165157072424,
           "n_close_orders": 13,
           "qty_pct_close": 0.014597026602954307,
           "qty_pct_entry": 0.01654000692525247,
           "wallet_exposure_limit": 0.18,
           "we_multiplier_close": 0,
           "we_multiplier_entry": 109.49048075162473}}