{"config_name": "clock_0days",
 "long": {"backwards_tp": true,
          "delay_between_fills_minutes_close": 956.6976962369278,
          "delay_between_fills_minutes_entry": 1185.2745597799333,
          "delay_weight_close": 0,
          "delay_weight_entry": 17.919178897037355,
          "ema_dist_close": 0.003,
          "ema_dist_entry": 0.003,
          "ema_span_0": 309.2847935780927,
          "ema_span_1": 849.9114373579853,
          "enabled": true,
          "markup_range": 0.0038456081933500256,
          "min_markup": 0.005008308978649586,
          "n_close_orders": 9,
          "qty_pct_close": 0.011203245505772827,
          "qty_pct_entry": 0.026431949068898057,
          "wallet_exposure_limit": 0.6,
          "we_multiplier_close": 0,
          "we_multiplier_entry": 85.38169783412313},
 "short": {"backwards_tp": true,
           "delay_between_fills_minutes_close": 290.03399402385196,
           "delay_between_fills_minutes_entry": 346.2339500216493,
           "delay_weight_close": 0,
           "delay_weight_entry": 9.800461677434091,
           "ema_dist_close": 0.0011546240154135768,
           "ema_dist_entry": -0.005183942061058722,
           "ema_span_0": 809.0092839555564,
           "ema_span_1": 1307.169966558422,
           "enabled": true,
           "markup_range": 0.005651111922016532,
           "min_markup": 0.007731795393137723,
           "n_close_orders": 5,
           "qty_pct_close": 0.01840243262109264,
           "qty_pct_entry": 0.021595448438458596,
           "wallet_exposure_limit": 0.18,
           "we_multiplier_close": 0,
           "we_multiplier_entry": 10.471174131416072}}