{"config_name": "clock_0days",
 "long": {"backwards_tp": true,
          "delay_between_fills_minutes_close": 849.2385509407134,
          "delay_between_fills_minutes_entry": 1182.7860206766238,
          "delay_weight_close": 0,
          "delay_weight_entry": 21.67048182760887,
          "ema_dist_close": -0.010692072685247328,
          "ema_dist_entry": 0.0018698390419316295,
          "ema_span_0": 885.1095216825589,
          "ema_span_1": 1294.4573175747498,
          "enabled": true,
          "markup_range": 0.02659371250915721,
          "min_markup": 0.009604683469422247,
          "n_close_orders": 8,
          "qty_pct_close": 0.013539637922126448,
          "qty_pct_entry": 0.010351038505030661,
          "wallet_exposure_limit": 0.6,
          "we_multiplier_close": 0,
          "we_multiplier_entry": 23.922229336231467},
 "short": {"backwards_tp": true,
           "delay_between_fills_minutes_close": 826.9919306693266,
           "delay_between_fills_minutes_entry": 1171.2765201795619,
           "delay_weight_close": 0,
           "delay_weight_entry": 12.927901119487453,
           "ema_dist_close": -0.005061863741567148,
           "ema_dist_entry": 0.003,
           "ema_span_0": 1434.6784024885135,
           "ema_span_1": 7.065199314765482,
           "enabled": true,
           "markup_range": 0.03685577114639326,
           "min_markup": 0.00880827437231864,
           "n_close_orders": 13,
           "qty_pct_close": 0.02238990147961256,
           "qty_pct_entry": 0.024204059121452737,
           "wallet_exposure_limit": 0.18,
           "we_multiplier_close": 0,
           "we_multiplier_entry": 9.944190551571934}}