{"config_name": "clock_0days",
 "long": {"backwards_tp": true,
          "delay_between_fills_minutes_close": 1440,
          "delay_between_fills_minutes_entry": 771.1823132887932,
          "delay_weight_close": 0,
          "delay_weight_entry": 21.705329716524812,
          "ema_dist_close": 0.003,
          "ema_dist_entry": 0.002304803197650233,
          "ema_span_0": 1065.110156061259,
          "ema_span_1": 1096.5406429308728,
          "enabled": true,
          "markup_range": 0.0031058291734610277,
          "min_markup": 0.004209481061411057,
          "n_close_orders": 6,
          "qty_pct_close": 0.019392044486029193,
          "qty_pct_entry": 0.0134205682667309,
          "wallet_exposure_limit": 0.6,
          "we_multiplier_close": 0,
          "we_multiplier_entry": 165.56803569852391},
 "short": {"backwards_tp": true,
           "delay_between_fills_minutes_close": 1103.4585228193125,
           "delay_between_fills_minutes_entry": 835.176544423051,
           "delay_weight_close": 0,
           "delay_weight_entry": 39.84950565862339,
           "ema_dist_close": -0.010147798631805274,
           "ema_dist_entry": 0.0022986323639575135,
           "ema_span_0": 272.7768832697134,
           "ema_span_1": 152.5967550195865,
           "enabled": true,
           "markup_range": 0.0037754169933908645,
           "min_markup": 0.003031913940021776,
           "n_close_orders": 10,
           "qty_pct_close": 0.020776217653094623,
           "qty_pct_entry": 0.027519897801593488,
           "wallet_exposure_limit": 0.18,
           "we_multiplier_close": 0,
           "we_multiplier_entry": 21.51313292794281}}