{"config_name": "clock_0days",
 "long": {"backwards_tp": true,
          "delay_between_fills_minutes_close": 549.0931953632172,
          "delay_between_fills_minutes_entry": 1410.1725501331841,
          "delay_weight_close": 0,
          "delay_weight_entry": 11.185311653778346,
          "ema_dist_close": -0.001796792106685276,
          "ema_dist_entry": -0.00019567571733788893,
          "ema_span_0": 992.2629516545645,
          "ema_span_1": 1362.2234916862028,
          "enabled": true,
          "markup_range": 0.03319277455820154,
          "min_markup": 0.006073090820522714,
          "n_close_orders": 4,
          "qty_pct_close": 0.01,
          "qty_pct_entry": 0.010091579081055228,
          "wallet_exposure_limit": 0.6,
          "we_multiplier_close": 0,
          "we_multiplier_entry": 30.15244020232954},
 "short": {"backwards_tp": true,
           "delay_between_fills_minutes_close": 841.5583202073968,
           "delay_between_fills_minutes_entry": 862.2807666973629,
           "delay_weight_close": 0,
           "delay_weight_entry": 11.27760839922234,
           "ema_dist_close": 0.003,
           "ema_dist_entry": 0.0013637416014828994,
           "ema_span_0": 1381.0325185828017,
           "ema_span_1": 269.75229217139685,
           "enabled": true,
           "markup_range": 0.002984519061678731,
           "min_markup": 0.0012902224719372095,
           "n_close_orders": 2,
           "qty_pct_close": 0.028071909148991374,
           "qty_pct_entry": 0.025729049551546753,
           "wallet_exposure_limit": 0.18,
           "we_multiplier_close": 0,
           "we_multiplier_entry": 44.05809231013393}}