{"config_name": "clock_0days",
 "long": {"backwards_tp": true,
          "delay_between_fills_minutes_close": 549.0931953632172,
          "delay_between_fills_minutes_entry": 1410.1725501331841,
          "delay_weight_close": 0,
          "delay_weight_entry": 11.185311653778346,
          "ema_dist_close": -0.001796792106685276,
          "ema_dist_entry": -0.00019567571733788893,
          "ema_span_0": 992.2629516545645,
          "ema_span_1": 1362.2234916862028,
          "enabled": true,
          "markup_range": 0.03319277455820154,
          "min_markup": 0.006073090820522714,
          "n_close_orders": 4,
          "qty_pct_close": 0.01,
          "qty_pct_entry": 0.010091579081055228,
          "wallet_exposure_limit": 0.6,
          "we_multiplier_close": 0,
          "we_multiplier_entry": 30.15244020232954},
 "short": {"backwards_tp": true,
           "delay_between_fills_minutes_close": 1324.5550800287488,
           "delay_between_fills_minutes_entry": 1414.0513615749105,
           "delay_weight_close": 0,
           "delay_weight_entry": 11.595172418000105,
           "ema_dist_close": -0.005087885973006935,
           "ema_dist_entry": -0.008445800685908576,
           "ema_span_0": 1311.0572574290263,
           "ema_span_1": 1326.5190716010557,
           "enabled": true,
           "markup_range": 0.038406889411758065,
           "min_markup": 0.006563667508809334,
           "n_close_orders": 3,
           "qty_pct_close": 0.01427969382900887,
           "qty_pct_entry": 0.010664356814888974,
           "wallet_exposure_limit": 0.18,
           "we_multiplier_close": 0,
           "we_multiplier_entry": 10.213978761662027}}