{"config_name": "clock_0days",
 "long": {"backwards_tp": true,
          "delay_between_fills_minutes_close": 1351.5801453396148,
          "delay_between_fills_minutes_entry": 1440,
          "delay_weight_close": 0,
          "delay_weight_entry": 22.281931882806127,
          "ema_dist_close": 0.0005611695894692027,
          "ema_dist_entry": 0.0008650188757962151,
          "ema_span_0": 251.34918245015183,
          "ema_span_1": 1258.3500896281864,
          "enabled": true,
          "markup_range": 0.003875497029558666,
          "min_markup": 0.008624577939451324,
          "n_close_orders": 4,
          "qty_pct_close": 0.010078093346021675,
          "qty_pct_entry": 0.01,
          "wallet_exposure_limit": 0.6,
          "we_multiplier_close": 0.0,
          "we_multiplier_entry": 106.92155889597474},
 "short": {"backwards_tp": true,
           "delay_between_fills_minutes_close": 1402.5724814668179,
           "delay_between_fills_minutes_entry": 763.0773534087975,
           "delay_weight_close": 0,
           "delay_weight_entry": 22.34050922900864,
           "ema_dist_close": -0.006585426719762843,
           "ema_dist_entry": 0.002100700244276069,
           "ema_span_0": 1384.0969123490368,
           "ema_span_1": 285.31294513850935,
           "enabled": true,
           "markup_range": 0.00996263904307284,
           "min_markup": 0.004572892307954544,
           "n_close_orders": 5,
           "qty_pct_close": 0.01760926607325933,
           "qty_pct_entry": 0.0113011040382327,
           "wallet_exposure_limit": 0.18,
           "we_multiplier_close": 0,
           "we_multiplier_entry": 43.590697230142446}}