{"config_name": "clock_0days",
 "long": {"backwards_tp": true,
          "delay_between_fills_minutes_close": 1231.0756819842793,
          "delay_between_fills_minutes_entry": 1383.5809331409084,
          "delay_weight_close": 0,
          "delay_weight_entry": 10.05627177063256,
          "ema_dist_close": -0.003726925887913553,
          "ema_dist_entry": -0.0008136561371720552,
          "ema_span_0": 931.0766773507864,
          "ema_span_1": 845.0039365057263,
          "enabled": true,
          "markup_range": 0.01224523150626579,
          "min_markup": 0.009484002461329346,
          "n_close_orders": 7,
          "qty_pct_close": 0.012816534253681922,
          "qty_pct_entry": 0.01,
          "wallet_exposure_limit": 0.6,
          "we_multiplier_close": 0,
          "we_multiplier_entry": 148.3437246427731},
 "short": {"backwards_tp": true,
           "delay_between_fills_minutes_close": 838.3558993218617,
           "delay_between_fills_minutes_entry": 1323.494112840421,
           "delay_weight_close": 0,
           "delay_weight_entry": 9.094015720483876,
           "ema_dist_close": -0.0020952870126116243,
           "ema_dist_entry": 0.001200113200314209,
           "ema_span_0": 1352.0946490363008,
           "ema_span_1": 1151.2256677043638,
           "enabled": true,
           "markup_range": 0.017424376185379287,
           "min_markup": 0.009907138166440704,
           "n_close_orders": 5,
           "qty_pct_close": 0.012510817423459497,
           "qty_pct_entry": 0.024494454342333164,
           "wallet_exposure_limit": 0.18,
           "we_multiplier_close": 0,
           "we_multiplier_entry": 53.49973935508511}}