{"config_name": "clock_0days",
 "long": {"backwards_tp": true,
          "delay_between_fills_minutes_close": 1345.3200336088335,
          "delay_between_fills_minutes_entry": 851.2654164699686,
          "delay_weight_close": 0,
          "delay_weight_entry": 12.513660575064364,
          "ema_dist_close": -0.0020356210720153143,
          "ema_dist_entry": -0.0033274583971274535,
          "ema_span_0": 1391.5919278098095,
          "ema_span_1": 1402.3760994589866,
          "enabled": true,
          "markup_range": 0.002429393856841851,
          "min_markup": 0.008262035752396184,
          "n_close_orders": 3,
          "qty_pct_close": 0.017336925641032435,
          "qty_pct_entry": 0.014861417332606701,
          "wallet_exposure_limit": 0.6,
          "we_multiplier_close": 0,
          "we_multiplier_entry": 114.15038698294413},
 "short": {"backwards_tp": true,
           "delay_between_fills_minutes_close": 775.1778505896256,
           "delay_between_fills_minutes_entry": 1258.31484279046,
           "delay_weight_close": 0,
           "delay_weight_entry": 16.456776327705338,
           "ema_dist_close": 0.0005193895308843687,
           "ema_dist_entry": -0.0027175373054856367,
           "ema_span_0": 1198.6898064340967,
           "ema_span_1": 1008.2134198508822,
           "enabled": true,
           "markup_range": 0.00809983960960155,
           "min_markup": 0.006548477222589865,
           "n_close_orders": 6,
           "qty_pct_close": 0.015048216573127583,
           "qty_pct_entry": 0.02352768113920414,
           "wallet_exposure_limit": 0.18,
           "we_multiplier_close": 0,
           "we_multiplier_entry": 158.13812470441775}}