{"config_name": "clock_0days",
 "long": {"backwards_tp": true,
          "delay_between_fills_minutes_close": 1384.8173949759232,
          "delay_between_fills_minutes_entry": 1440,
          "delay_weight_close": 0,
          "delay_weight_entry": 19.51310457241152,
          "ema_dist_close": 1.2120759507738832e-06,
          "ema_dist_entry": 0.0018468784997024384,
          "ema_span_0": 723.3702231920504,
          "ema_span_1": 1359.2591966345358,
          "enabled": true,
          "markup_range": 0.012858668857752078,
          "min_markup": 0.004424375225795644,
          "n_close_orders": 5,
          "qty_pct_close": 0.013221521698011746,
          "qty_pct_entry": 0.011187908753893694,
          "wallet_exposure_limit": 0.6,
          "we_multiplier_close": 0,
          "we_multiplier_entry": 48.25280573674708},
 "short": {"backwards_tp": true,
           "delay_between_fills_minutes_close": 1234.1244666257355,
           "delay_between_fills_minutes_entry": 520.3114051480933,
           "delay_weight_close": 0,
           "delay_weight_entry": 5.823896689212574,
           "ema_dist_close": -0.005603782183340249,
           "ema_dist_entry": 0.003,
           "ema_span_0": 240.74539050555762,
           "ema_span_1": 1267.8471372239026,
           "enabled": true,
           "markup_range": 0.003630804898575153,
           "min_markup": 0.007464731929221487,
           "n_close_orders": 14,
           "qty_pct_close": 0.020187186448399435,
           "qty_pct_entry": 0.01775164476666518,
           "wallet_exposure_limit": 0.18,
           "we_multiplier_close": 0,
           "we_multiplier_entry": 78.32045667169479}}