{"config_name": "clock_0days",
 "long": {"backwards_tp": true,
          "delay_between_fills_minutes_close": 1440,
          "delay_between_fills_minutes_entry": 1306.8631736459433,
          "delay_weight_close": 0,
          "delay_weight_entry": 24.541537920128466,
          "ema_dist_close": -0.021902433925317953,
          "ema_dist_entry": 0.003,
          "ema_span_0": 1324.0465831983897,
          "ema_span_1": 161.72676319685772,
          "enabled": true,
          "markup_range": 0.010065023288494483,
          "min_markup": 0.002804229586332194,
          "n_close_orders": 4,
          "qty_pct_close": 0.02107504426106111,
          "qty_pct_entry": 0.015447387892080238,
          "wallet_exposure_limit": 0.6,
          "we_multiplier_close": 0,
          "we_multiplier_entry": 118.380387906616},
 "short": {"backwards_tp": true,
           "delay_between_fills_minutes_close": 779.9200971225443,
           "delay_between_fills_minutes_entry": 942.8972046863773,
           "delay_weight_close": 0,
           "delay_weight_entry": 12.795392312119278,
           "ema_dist_close": -0.023192942084032928,
           "ema_dist_entry": 0.003,
           "ema_span_0": 616.0919695103524,
           "ema_span_1": 456.11286848591595,
           "enabled": true,
           "markup_range": 0.00658763439443319,
           "min_markup": 0.005480306814859452,
           "n_close_orders": 7,
           "qty_pct_close": 0.012632787635981765,
           "qty_pct_entry": 0.07133850076525323,
           "wallet_exposure_limit": 0.18,
           "we_multiplier_close": 0.0,
           "we_multiplier_entry": 48.41682983890407}}