{"config_name": "clock_0days",
 "long": {"backwards_tp": true,
          "delay_between_fills_minutes_close": 357.0506499888128,
          "delay_between_fills_minutes_entry": 1306.1656015223853,
          "delay_weight_close": 0,
          "delay_weight_entry": 21.15124539961074,
          "ema_dist_close": -0.004746319183657061,
          "ema_dist_entry": 0.0010172692101554364,
          "ema_span_0": 982.6704429826839,
          "ema_span_1": 1008.8870924603561,
          "enabled": true,
          "markup_range": 0.013075533504959639,
          "min_markup": 0.009685494828593702,
          "n_close_orders": 3,
          "qty_pct_close": 0.04854010918646191,
          "qty_pct_entry": 0.01,
          "wallet_exposure_limit": 0.6,
          "we_multiplier_close": 0,
          "we_multiplier_entry": 47.697060873643856},
 "short": {"backwards_tp": true,
           "delay_between_fills_minutes_close": 1440,
           "delay_between_fills_minutes_entry": 546.6209037288427,
           "delay_weight_close": 0,
           "delay_weight_entry": 9.939264278625185,
           "ema_dist_close": -0.010006973874207646,
           "ema_dist_entry": 0.002238501383787728,
           "ema_span_0": 1034.754840991858,
           "ema_span_1": 896.9579842830707,
           "enabled": true,
           "markup_range": 0.007464453591450188,
           "min_markup": 0.004744900188016507,
           "n_close_orders": 9,
           "qty_pct_close": 0.010072717098049671,
           "qty_pct_entry": 0.016357203639794933,
           "wallet_exposure_limit": 0.18,
           "we_multiplier_close": 0,
           "we_multiplier_entry": 62.86386020277632}}