{"config_name": "clock_0days",
 "long": {"backwards_tp": true,
          "delay_between_fills_minutes_close": 1332.423356184342,
          "delay_between_fills_minutes_entry": 1440,
          "delay_weight_close": 0,
          "delay_weight_entry": 13.438571480526251,
          "ema_dist_close": 0.003,
          "ema_dist_entry": -0.0017115532940771294,
          "ema_span_0": 1070.3954958087159,
          "ema_span_1": 1171.2020419198834,
          "enabled": true,
          "markup_range": 0.008775546990094545,
          "min_markup": 0.006386434541133121,
          "n_close_orders": 10,
          "qty_pct_close": 0.012462635772293453,
          "qty_pct_entry": 0.014734467434135,
          "wallet_exposure_limit": 0.6,
          "we_multiplier_close": 0,
          "we_multiplier_entry": 140.89230228831238},
 "short": {"backwards_tp": true,
           "delay_between_fills_minutes_close": 1369.9962660571678,
           "delay_between_fills_minutes_entry": 932.5869920177587,
           "delay_weight_close": 0,
           "delay_weight_entry": 12.569076424933048,
           "ema_dist_close": -0.004365220034333621,
           "ema_dist_entry": -0.000641927769234857,
           "ema_span_0": 1001.1145731784591,
           "ema_span_1": 1289.7012043713096,
           "enabled": true,
           "markup_range": 0.005682192698200649,
           "min_markup": 0.0061538957188502505,
           "n_close_orders": 3,
           "qty_pct_close": 0.012405847048771295,
           "qty_pct_entry": 0.02408680749067923,
           "wallet_exposure_limit": 0.18,
           "we_multiplier_close": 0,
           "we_multiplier_entry": 58.8402060974595}}