{"config_name": "clock_0days",
 "long": {"backwards_tp": true,
          "delay_between_fills_minutes_close": 842.4090046018285,
          "delay_between_fills_minutes_entry": 1123.5099307760838,
          "delay_weight_close": 0,
          "delay_weight_entry": 16.107337319236645,
          "ema_dist_close": -0.007387704050493581,
          "ema_dist_entry": -0.0005226571955911485,
          "ema_span_0": 1174.1578107218168,
          "ema_span_1": 795.3859615372722,
          "enabled": true,
          "markup_range": 0.011627108866917516,
          "min_markup": 0.009724980324422417,
          "n_close_orders": 4,
          "qty_pct_close": 0.01,
          "qty_pct_entry": 0.01,
          "wallet_exposure_limit": 0.6,
          "we_multiplier_close": 0,
          "we_multiplier_entry": 45.93793209672537},
 "short": {"backwards_tp": true,
           "delay_between_fills_minutes_close": 356.50799235942253,
           "delay_between_fills_minutes_entry": 1203.9573553223834,
           "delay_weight_close": 0,
           "delay_weight_entry": 18.641022469455834,
           "ema_dist_close": 6.538805368450106e-05,
           "ema_dist_entry": -0.005222721723649129,
           "ema_span_0": 1272.2931985910936,
           "ema_span_1": 1199.818848695547,
           "enabled": true,
           "markup_range": 0.010778458965903594,
           "min_markup": 0.009793031992606288,
           "n_close_orders": 10,
           "qty_pct_close": 0.018614170765665038,
           "qty_pct_entry": 0.021523913357178067,
           "wallet_exposure_limit": 0.18,
           "we_multiplier_close": 0,
           "we_multiplier_entry": 38.251439818963306}}