{"config_name": "clock_0days",
 "long": {"backwards_tp": true,
          "delay_between_fills_minutes_close": 603.8809954710495,
          "delay_between_fills_minutes_entry": 1156.354066302889,
          "delay_weight_close": 0,
          "delay_weight_entry": 10.033346306857405,
          "ema_dist_close": -0.0036701461374119525,
          "ema_dist_entry": 0.0023825749726385727,
          "ema_span_0": 1345.9632506358491,
          "ema_span_1": 1308.558017660185,
          "enabled": true,
          "markup_range": 0.03229771977328544,
          "min_markup": 0.009184423105080747,
          "n_close_orders": 5,
          "qty_pct_close": 0.01,
          "qty_pct_entry": 0.011359569297432108,
          "wallet_exposure_limit": 0.6,
          "we_multiplier_close": 0,
          "we_multiplier_entry": 34.207679559413236},
 "short": {"backwards_tp": true,
           "delay_between_fills_minutes_close": 1436.2351321104823,
           "delay_between_fills_minutes_entry": 1391.5489696573773,
           "delay_weight_close": 0,
           "delay_weight_entry": 14.008709075684806,
           "ema_dist_close": 0.003,
           "ema_dist_entry": 0.0008399888410670026,
           "ema_span_0": 1327.4331091027288,
           "ema_span_1": 1400.1750389103584,
           "enabled": true,
           "markup_range": 0.01938124764872574,
           "min_markup": 0.00993217207587591,
           "n_close_orders": 10,
           "qty_pct_close": 0.012634029861107942,
           "qty_pct_entry": 0.02092169792973773,
           "wallet_exposure_limit": 0.18,
           "we_multiplier_close": 0,
           "we_multiplier_entry": 34.12041092628566}}