{"config_name": "clock_0days",
 "long": {"backwards_tp": true,
          "delay_between_fills_minutes_close": 1440,
          "delay_between_fills_minutes_entry": 1133.8104122468164,
          "delay_weight_close": 0,
          "delay_weight_entry": 9.784538300770329,
          "ema_dist_close": -0.002683748525627541,
          "ema_dist_entry": 0.0009450806224053235,
          "ema_span_0": 889.0071810732186,
          "ema_span_1": 1338.3345302676094,
          "enabled": true,
          "markup_range": 0.012302198237196919,
          "min_markup": 0.007861738861582528,
          "n_close_orders": 13,
          "qty_pct_close": 0.010028685468745252,
          "qty_pct_entry": 0.01,
          "wallet_exposure_limit": 0.6,
          "we_multiplier_close": 0,
          "we_multiplier_entry": 44.22641559861798},
 "short": {"backwards_tp": true,
           "delay_between_fills_minutes_close": 1186.1630687181287,
           "delay_between_fills_minutes_entry": 1113.30833095533,
           "delay_weight_close": 0,
           "delay_weight_entry": 19.32616287299977,
           "ema_dist_close": 0.0021785149639603225,
           "ema_dist_entry": 0.00039326592083025716,
           "ema_span_0": 6.141436703593571,
           "ema_span_1": 1402.8365967367558,
           "enabled": true,
           "markup_range": 0.0010683118489769796,
           "min_markup": 0.006423315138552356,
           "n_close_orders": 8,
           "qty_pct_close": 0.039610020711725945,
           "qty_pct_entry": 0.015496504232095715,
           "wallet_exposure_limit": 0.18,
           "we_multiplier_close": 0,
           "we_multiplier_entry": 146.37411422817138}}