{"config_name": "clock_0days",
 "long": {"backwards_tp": true,
          "delay_between_fills_minutes_close": 592.0066737718685,
          "delay_between_fills_minutes_entry": 1440,
          "delay_weight_close": 0,
          "delay_weight_entry": 16.875197557616065,
          "ema_dist_close": -0.0081214384422907,
          "ema_dist_entry": 0.003,
          "ema_span_0": 1440,
          "ema_span_1": 203.6966524544915,
          "enabled": true,
          "markup_range": 0.0363481346495887,
          "min_markup": 0.009743882385965604,
          "n_close_orders": 14,
          "qty_pct_close": 0.04821690638704356,
          "qty_pct_entry": 0.01,
          "wallet_exposure_limit": 0.6,
          "we_multiplier_close": 0.0,
          "we_multiplier_entry": 17.897186952876705},
 "short": {"backwards_tp": true,
           "delay_between_fills_minutes_close": 1364.0373699050756,
           "delay_between_fills_minutes_entry": 1264.6091065562039,
           "delay_weight_close": 0,
           "delay_weight_entry": 1.8802781976388294,
           "ema_dist_close": 0.0028308308752245416,
           "ema_dist_entry": -0.03591038289583237,
           "ema_span_0": 312.31580520037704,
           "ema_span_1": 1406.6648663492272,
           "enabled": true,
           "markup_range": 0.0014967463731661152,
           "min_markup": 0.002414353919330622,
           "n_close_orders": 3,
           "qty_pct_close": 0.015695083172197904,
           "qty_pct_entry": 0.03916638067724054,
           "wallet_exposure_limit": 0.18,
           "we_multiplier_close": 0,
           "we_multiplier_entry": 190.38071716019573}}