{"config_name": "clock_0days",
 "long": {"backwards_tp": true,
          "delay_between_fills_minutes_close": 1433.4488598645362,
          "delay_between_fills_minutes_entry": 1402.9865165825538,
          "delay_weight_close": 0,
          "delay_weight_entry": 22.474977711318907,
          "ema_dist_close": 0.0019166488634255172,
          "ema_dist_entry": -0.0007086700253163316,
          "ema_span_0": 1167.066359287768,
          "ema_span_1": 582.9623553421197,
          "enabled": true,
          "markup_range": 0.007513439962487592,
          "min_markup": 0.005068859604874848,
          "n_close_orders": 8,
          "qty_pct_close": 0.0164944688727725,
          "qty_pct_entry": 0.01,
          "wallet_exposure_limit": 0.6,
          "we_multiplier_close": 0,
          "we_multiplier_entry": 130.46494086230527},
 "short": {"backwards_tp": true,
           "delay_between_fills_minutes_close": 944.5524719448506,
           "delay_between_fills_minutes_entry": 1159.209004203129,
           "delay_weight_close": 0,
           "delay_weight_entry": 17.26819543543274,
           "ema_dist_close": -0.00018408070726393658,
           "ema_dist_entry": 0.003,
           "ema_span_0": 1356.2334625438846,
           "ema_span_1": 1215.2391948793363,
           "enabled": true,
           "markup_range": 0.021035236358515202,
           "min_markup": 0.008060253578373384,
           "n_close_orders": 7,
           "qty_pct_close": 0.0447104157293372,
           "qty_pct_entry": 0.013613755288288766,
           "wallet_exposure_limit": 0.18,
           "we_multiplier_close": 0,
           "we_multiplier_entry": 54.95378053281835}}