{"config_name": "clock_0days",
 "long": {"backwards_tp": true,
          "delay_between_fills_minutes_close": 1114.4788300548769,
          "delay_between_fills_minutes_entry": 719.5578705268692,
          "delay_weight_close": 0,
          "delay_weight_entry": 24.181542131993442,
          "ema_dist_close": -0.0472340618335778,
          "ema_dist_entry": 0.003,
          "ema_span_0": 802.8665959197825,
          "ema_span_1": 242.3895678907262,
          "enabled": true,
          "markup_range": 0.004972412461496887,
          "min_markup": 0.005223912408749186,
          "n_close_orders": 7,
          "qty_pct_close": 0.022366560646124925,
          "qty_pct_entry": 0.013429580225388493,
          "wallet_exposure_limit": 0.6,
          "we_multiplier_close": 0,
          "we_multiplier_entry": 104.36042050466558},
 "short": {"backwards_tp": true,
           "delay_between_fills_minutes_close": 1305.464541149192,
           "delay_between_fills_minutes_entry": 904.0811787083613,
           "delay_weight_close": 0,
           "delay_weight_entry": 22.204231772170186,
           "ema_dist_close": 0.0015343575966512992,
           "ema_dist_entry": -0.004168340954469294,
           "ema_span_0": 1117.4635719845558,
           "ema_span_1": 711.879333960062,
           "enabled": true,
           "markup_range": 0.0020140028760220023,
           "min_markup": 0.005472456307695345,
           "n_close_orders": 6,
           "qty_pct_close": 0.02533479316635897,
           "qty_pct_entry": 0.013021942287111971,
           "wallet_exposure_limit": 0.18,
           "we_multiplier_close": 0,
           "we_multiplier_entry": 138.2688638804767}}