{"config_name": "clock_0days",
 "long": {"backwards_tp": true,
          "delay_between_fills_minutes_close": 267.83443524022493,
          "delay_between_fills_minutes_entry": 708.1300325492214,
          "delay_weight_close": 0,
          "delay_weight_entry": 17.368240993991314,
          "ema_dist_close": 0.00016277762192274704,
          "ema_dist_entry": 0.0027628631905969926,
          "ema_span_0": 1429.6488992799843,
          "ema_span_1": 43.138789704142724,
          "enabled": true,
          "markup_range": 0.008314534086813118,
          "min_markup": 0.0010230312185759629,
          "n_close_orders": 12,
          "qty_pct_close": 0.019948509807827745,
          "qty_pct_entry": 0.01829700845431897,
          "wallet_exposure_limit": 0.6,
          "we_multiplier_close": 0.0,
          "we_multiplier_entry": 144.6344423946846},
 "short": {"backwards_tp": true,
           "delay_between_fills_minutes_close": 1422.3951402145155,
           "delay_between_fills_minutes_entry": 688.6168425563516,
           "delay_weight_close": 0,
           "delay_weight_entry": 15.349454749016614,
           "ema_dist_close": 0.002325315048937382,
           "ema_dist_entry": -0.004588026401684378,
           "ema_span_0": 1388.344305213106,
           "ema_span_1": 67.45110886512953,
           "enabled": true,
           "markup_range": 0.004191766930277547,
           "min_markup": 0.0031353099701582356,
           "n_close_orders": 8,
           "qty_pct_close": 0.017771480453551453,
           "qty_pct_entry": 0.01576745124039887,
           "wallet_exposure_limit": 0.18,
           "we_multiplier_close": 0,
           "we_multiplier_entry": 57.38037965201377}}