{"config_name": "clock_0days",
 "long": {"backwards_tp": true,
          "delay_between_fills_minutes_close": 252.06848723716223,
          "delay_between_fills_minutes_entry": 1235.370749135725,
          "delay_weight_close": 0,
          "delay_weight_entry": 19.48956179676295,
          "ema_dist_close": -0.006144030268002837,
          "ema_dist_entry": 0.003,
          "ema_span_0": 1381.380360256987,
          "ema_span_1": 26.140789639849395,
          "enabled": true,
          "markup_range": 0.02446112812812037,
          "min_markup": 0.00784131629467766,
          "n_close_orders": 15,
          "qty_pct_close": 0.017411328881979667,
          "qty_pct_entry": 0.018870189144763846,
          "wallet_exposure_limit": 0.6,
          "we_multiplier_close": 0,
          "we_multiplier_entry": 69.97007445340759},
 "short": {"backwards_tp": true,
           "delay_between_fills_minutes_close": 907.4305902900653,
           "delay_between_fills_minutes_entry": 799.1901471709486,
           "delay_weight_close": 0,
           "delay_weight_entry": 18.576144658165244,
           "ema_dist_close": 0.003,
           "ema_dist_entry": 0.00021213830249677953,
           "ema_span_0": 1368.608484941544,
           "ema_span_1": 294.855966385651,
           "enabled": true,
           "markup_range": 0.005431111318470131,
           "min_markup": 0.003427529417699809,
           "n_close_orders": 16,
           "qty_pct_close": 0.03269781910030429,
           "qty_pct_entry": 0.024803040981646016,
           "wallet_exposure_limit": 0.18,
           "we_multiplier_close": 0,
           "we_multiplier_entry": 78.02124906099696}}