{"config_name": "recursive_grid_0days",
 "logging_level": 0,
 "long": {"auto_unstuck_ema_dist": 0.003,
          "auto_unstuck_wallet_exposure_threshold": 0.05272409829327393,
          "backwards_tp": true,
          "ddown_factor": 1.409342307814037,
          "ema_span_0": 714.268804428916,
          "ema_span_1": 460.58162587053585,
          "enabled": true,
          "initial_eprice_ema_dist": -0.004977673084873983,
          "initial_qty_pct": 0.01620473173485183,
          "markup_range": 0.0045096068207140785,
          "min_markup": 0.007835402164930146,
          "n_close_orders": 3,
          "rentry_pprice_dist": 0.02878886719789191,
          "rentry_pprice_dist_wallet_exposure_weighting": 0.8822020901209187,
          "wallet_exposure_limit": 0.4},
 "short": {"auto_unstuck_ema_dist": 0.003,
           "auto_unstuck_wallet_exposure_threshold": 0.03,
           "backwards_tp": true,
           "ddown_factor": 1.0682157860916899,
           "ema_span_0": 61.73076060668842,
           "ema_span_1": 1162.5089218661521,
           "enabled": true,
           "initial_eprice_ema_dist": 0.004,
           "initial_qty_pct": 0.01269458406187423,
           "markup_range": 0.00047254539660006594,
           "min_markup": 0.0024454471611129224,
           "n_close_orders": 2,
           "rentry_pprice_dist": 0.03526012528839051,
           "rentry_pprice_dist_wallet_exposure_weighting": 0.7730984378467998,
           "wallet_exposure_limit": 0.12}}