{"config_name": "recursive_grid_0days",
 "logging_level": 0,
 "long": {"auto_unstuck_ema_dist": 0.0,
          "auto_unstuck_wallet_exposure_threshold": 0.0,
          "backwards_tp": false,
          "ddown_factor": 2.4875298204156184,
          "ema_span_0": 438.1651600271728,
          "ema_span_1": 860.0113522943088,
          "enabled": true,
          "initial_eprice_ema_dist": -0.1,
          "initial_qty_pct": 0.0011932192503462521,
          "markup_range": 0.02174469533293725,
          "min_markup": 0.008508498314539977,
          "n_close_orders": 4,
          "rentry_pprice_dist": 0.030518527290549113,
          "rentry_pprice_dist_wallet_exposure_weighting": 0.0,
          "wallet_exposure_limit": 0.2},
 "short": {"auto_unstuck_ema_dist": 0.002120870528560558,
           "auto_unstuck_wallet_exposure_threshold": 0.01473667370284967,
           "backwards_tp": true,
           "ddown_factor": 2.0410903499848523,
           "ema_span_0": 427.79445918905503,
           "ema_span_1": 7784.938641845313,
           "enabled": false,
           "initial_eprice_ema_dist": -0.016889766882079035,
           "initial_qty_pct": 0.015,
           "markup_range": 0.027901179868845917,
           "min_markup": 0.00150995120789585,
           "n_close_orders": 5,
           "rentry_pprice_dist": 0.010211985054356785,
           "rentry_pprice_dist_wallet_exposure_weighting": 27.697104423605946,
           "wallet_exposure_limit": 0.1}}