{"config_name": "emas_0days",
 "long": {"delay_between_fills_minutes_close": 405.7761509087306,
          "delay_between_fills_minutes_entry": 484.5210462481127,
          "delay_weight_close": 70.74897130393339,
          "delay_weight_entry": 37.760927351292494,
          "ema_dist_lower": -0.6803960670685433,
          "ema_dist_upper": -0.35318979677588064,
          "ema_span_0": 320.64487887984023,
          "ema_span_1": 612.3553833946539,
          "enabled": true,
          "markup_range": 0.028168411609988633,
          "min_markup": 0.019039574075487533,
          "n_close_orders": 4,
          "qty_pct_close": 0.016613552115958035,
          "qty_pct_entry": 0.004607055310746713,
          "wallet_exposure_limit": 0.25,
          "we_multiplier_close": 3.4786652497730675,
          "we_multiplier_entry": 119.98582397647392},
 "short": {"delay_between_fills_minutes_close": 1.0,
           "delay_between_fills_minutes_entry": 316.3673914468343,
           "delay_weight_close": 117.017423814605,
           "delay_weight_entry": 89.69438463340678,
           "ema_dist_lower": -0.0305601778948974,
           "ema_dist_upper": -0.623508159541313,
           "ema_span_0": 313.2208323311196,
           "ema_span_1": 3797.273631851232,
           "enabled": false,
           "markup_range": 0.014169827676253403,
           "min_markup": 0.012083262555999258,
           "n_close_orders": 3,
           "qty_pct_close": 0.07272905580055018,
           "qty_pct_entry": 0.014495008458974633,
           "wallet_exposure_limit": 0.1,
           "we_multiplier_close": 61.7774859504603,
           "we_multiplier_entry": 124.73872733188932}}