{"config_name": "recursive_grid_0days",
 "logging_level": 0,
 "long": {"auto_unstuck_ema_dist": 0.003,
          "auto_unstuck_wallet_exposure_threshold": 0.08090586973666314,
          "backwards_tp": false,
          "ddown_factor": 1.4928643390187266,
          "ema_span_0": 180.9227477168692,
          "ema_span_1": 676.083709611794,
          "enabled": true,
          "initial_eprice_ema_dist": -0.1,
          "initial_qty_pct": 0.002682265089815125,
          "markup_range": 0.02327036811847856,
          "min_markup": 0.008853355222619794,
          "n_close_orders": 8,
          "rentry_pprice_dist": 0.025148541682365938,
          "rentry_pprice_dist_wallet_exposure_weighting": 5.491700057133643,
          "wallet_exposure_limit": 0.3},
 "short": {"auto_unstuck_ema_dist": -0.0612507514647777,
           "auto_unstuck_wallet_exposure_threshold": 0.08486873894038253,
           "backwards_tp": true,
           "ddown_factor": 0.6265362843611164,
           "ema_span_0": 241.1489255014269,
           "ema_span_1": 1344.753055357137,
           "enabled": false,
           "initial_eprice_ema_dist": -0.013891216212245303,
           "initial_qty_pct": 0.03907450672607422,
           "markup_range": 0.0520484692437689,
           "min_markup": 0.004530527419777349,
           "n_close_orders": 6,
           "rentry_pprice_dist": 0.035310965243953905,
           "rentry_pprice_dist_wallet_exposure_weighting": 15.80770430691398,
           "wallet_exposure_limit": 1.0}}