{"config_name": "emas_0days",
 "long": {"delay_between_fills_minutes_close": 485.28828391623057,
          "delay_between_fills_minutes_entry": 480.94998043506774,
          "delay_weight_close": -100,
          "delay_weight_entry": 32.54828860483314,
          "ema_dist_lower": 0.01135865152793393,
          "ema_dist_upper": 0.009017755925802295,
          "ema_span_0": 1403.3278414296526,
          "ema_span_1": 783.2276447844877,
          "enabled": true,
          "markup_range": 0.03,
          "min_markup": 0.02,
          "n_close_orders": 4,
          "qty_pct_close": 0.06754692419453615,
          "qty_pct_entry": 0.004013194673429497,
          "wallet_exposure_limit": 1,
          "we_multiplier_close": 13.578667441953746,
          "we_multiplier_entry": 48.29666280736312},
 "short": {"delay_between_fills_minutes_close": 11.820142186970903,
           "delay_between_fills_minutes_entry": 2202.7158002906194,
           "delay_weight_close": -29.800498029469495,
           "delay_weight_entry": 34.849576419172216,
           "ema_dist_lower": 0.004483446841303385,
           "ema_dist_upper": 0.01999823703700675,
           "ema_span_0": 269.1252735272736,
           "ema_span_1": 2641.6850575158505,
           "enabled": false,
           "markup_range": 0.025280515177653538,
           "min_markup": 0.03629284684469183,
           "n_close_orders": 5,
           "qty_pct_close": 0.02659949853043082,
           "qty_pct_entry": 0.06724228446071488,
           "wallet_exposure_limit": 1.0,
           "we_multiplier_close": 6.405989266343317,
           "we_multiplier_entry": 57.951802846125744}}