{"config_name": "clock_0days",
 "long": {"delay_between_fills_minutes_close": 211.7637546128203,
          "delay_between_fills_minutes_entry": 346.6336532602896,
          "delay_weight_close": 109.47710570195026,
          "delay_weight_entry": 21.5536996025347,
          "ema_dist_lower": -0.8332420920776947,
          "ema_dist_upper": -0.768055106923137,
          "ema_span_0": 435.10090427206967,
          "ema_span_1": 621.4759573821103,
          "enabled": true,
          "markup_range": 0.019802437182398394,
          "min_markup": 0.003758928445724546,
          "n_close_orders": 7,
          "qty_pct_close": 0.010225574832568021,
          "qty_pct_entry": 0.011221429094258007,
          "wallet_exposure_limit": 0.3,
          "we_multiplier_close": 6.162853886264587,
          "we_multiplier_entry": 49.936454246345846},
 "short": {"delay_between_fills_minutes_close": 711.6373825131857,
           "delay_between_fills_minutes_entry": 1006.1994816743921,
           "delay_weight_close": 9.883292179220328,
           "delay_weight_entry": 10.918286145650155,
           "ema_dist_lower": 0.0059236098492425615,
           "ema_dist_upper": 0.01045000818848086,
           "ema_span_0": 1063.8770347399302,
           "ema_span_1": 1553.4991418922748,
           "enabled": false,
           "markup_range": 0.056683840183263424,
           "min_markup": 0.04453857864902223,
           "n_close_orders": 3,
           "qty_pct_close": 0.09317011674756222,
           "qty_pct_entry": 0.03056166530623811,
           "wallet_exposure_limit": 1.0,
           "we_multiplier_close": 4.771853842161677,
           "we_multiplier_entry": 27.89778526798785}}