{"config_name": "emas_0days",
 "long": {"delay_between_fills_minutes_close": 1347.5314981874249,
          "delay_between_fills_minutes_entry": 893.9042687887716,
          "delay_weight_close": -37.41307167964476,
          "delay_weight_entry": 8.122964875808757,
          "ema_dist_lower": 0.0026396896227958433,
          "ema_dist_upper": 0.004977401645805096,
          "ema_span_0": 574.1955687472406,
          "ema_span_1": 1722.9635965279974,
          "enabled": true,
          "markup_range": 0.06520263670437657,
          "min_markup": 0.0699301854050833,
          "n_close_orders": 6,
          "qty_pct_close": 0.03282402908797818,
          "qty_pct_entry": 0.03558952355254713,
          "wallet_exposure_limit": 1,
          "we_multiplier_close": 27.585023729199378,
          "we_multiplier_entry": 32.580654290877185},
 "short": {"delay_between_fills_minutes_close": 2059.956678031338,
           "delay_between_fills_minutes_entry": 2620.2851788375256,
           "delay_weight_close": 1.4268141124870226,
           "delay_weight_entry": 60.98469456463397,
           "ema_dist_lower": 0.002496245781620419,
           "ema_dist_upper": 0.014439812983156605,
           "ema_span_0": 224.95466877295286,
           "ema_span_1": 4001.121873877562,
           "enabled": false,
           "markup_range": 0.013213614652198091,
           "min_markup": 0.004910638091250471,
           "n_close_orders": 4,
           "qty_pct_close": 0.041636871814113234,
           "qty_pct_entry": 0.021739852667230372,
           "wallet_exposure_limit": 1.0,
           "we_multiplier_close": 58.59948780779234,
           "we_multiplier_entry": 43.45233457504448}}