{"config_name": "recursive_grid_0days",
 "logging_level": 0,
 "long": {"auto_unstuck_ema_dist": 0.0007763515494536138,
          "auto_unstuck_wallet_exposure_threshold": 0.03954593482725251,
          "backwards_tp": false,
          "ddown_factor": 2.5393031968989175,
          "ema_span_0": 589.9601357305479,
          "ema_span_1": 569.9046516135448,
          "enabled": true,
          "initial_eprice_ema_dist": -0.1,
          "initial_qty_pct": 0.003408859294565435,
          "markup_range": 0.028002767783979688,
          "min_markup": 0.006073074135169032,
          "n_close_orders": 5,
          "rentry_pprice_dist": 0.02443890767378088,
          "rentry_pprice_dist_wallet_exposure_weighting": 1.5910143458657753,
          "wallet_exposure_limit": 0.4},
 "short": {"auto_unstuck_ema_dist": -0.039241621824293575,
           "auto_unstuck_wallet_exposure_threshold": 0.09516619409257193,
           "backwards_tp": false,
           "ddown_factor": 2.460022817987873,
           "ema_span_0": 473.38068639000085,
           "ema_span_1": 420.67798360774947,
           "enabled": false,
           "initial_eprice_ema_dist": -0.1,
           "initial_qty_pct": 0.003222104310678739,
           "markup_range": 0.025899188577212746,
           "min_markup": 0.005753295717271609,
           "n_close_orders": 5,
           "rentry_pprice_dist": 0.010296427838079675,
           "rentry_pprice_dist_wallet_exposure_weighting": 1.7539133830976765,
           "wallet_exposure_limit": 0.12}}