{"config_name": "clock_0days",
 "long": {"delay_between_fills_minutes_close": 1109.0097203592138,
          "delay_between_fills_minutes_entry": 1333.9865529496226,
          "delay_weight_close": 9.604801242988758,
          "delay_weight_entry": 12.938710915816944,
          "ema_dist_lower": 0.00842930005268935,
          "ema_dist_upper": 0.009527091306314893,
          "ema_span_0": 1053.6422601381907,
          "ema_span_1": 384.89480410182955,
          "enabled": true,
          "markup_range": 0.0464225906263826,
          "min_markup": 0.06410678248374789,
          "n_close_orders": 5,
          "qty_pct_close": 0.08828693786932833,
          "qty_pct_entry": 0.02517435869924602,
          "wallet_exposure_limit": 0.25,
          "we_multiplier_close": 2.667904309845451,
          "we_multiplier_entry": 19.610134771549276},
 "short": {"delay_between_fills_minutes_close": 246.29100515158578,
           "delay_between_fills_minutes_entry": 1067.1037150966988,
           "delay_weight_close": 6.494474113752606,
           "delay_weight_entry": 19.756655629053967,
           "ema_dist_lower": 0.01494028311613731,
           "ema_dist_upper": 0.005544766235563046,
           "ema_span_0": 142.25832771021624,
           "ema_span_1": 2301.090446019427,
           "enabled": false,
           "markup_range": 0.01902853360570189,
           "min_markup": 0.018154986141145107,
           "n_close_orders": 4,
           "qty_pct_close": 0.09255974769656482,
           "qty_pct_entry": 0.03303471099761115,
           "wallet_exposure_limit": 1.0,
           "we_multiplier_close": 0.1780958688220069,
           "we_multiplier_entry": 0.43958946151501754}}