{"config_name": "recursive_grid_0days",
 "logging_level": 0,
 "long": {"auto_unstuck_ema_dist": 3.783124080552858e-05,
          "auto_unstuck_wallet_exposure_threshold": 0.04108345316363034,
          "backwards_tp": true,
          "ddown_factor": 2.314478189850509,
          "ema_span_0": 675.7327961651279,
          "ema_span_1": 605.8278807324939,
          "enabled": true,
          "initial_eprice_ema_dist": -0.0061927278340106065,
          "initial_qty_pct": 0.025284163598237513,
          "markup_range": 0.002350307945428426,
          "min_markup": 0.0021192433949745386,
          "n_close_orders": 7,
          "rentry_pprice_dist": 0.017268670191353884,
          "rentry_pprice_dist_wallet_exposure_weighting": 2.9899288506281114,
          "wallet_exposure_limit": 0.2},
 "short": {"auto_unstuck_ema_dist": 0.06607906324169796,
           "auto_unstuck_wallet_exposure_threshold": 0.051490885963159344,
           "backwards_tp": true,
           "ddown_factor": 2.1643768483440593,
           "ema_span_0": 1482.864366222741,
           "ema_span_1": 7673.738769413432,
           "enabled": true,
           "initial_eprice_ema_dist": -0.019278263189214693,
           "initial_qty_pct": 0.03199867266783337,
           "markup_range": 0.0048295353727328995,
           "min_markup": 0.00485212882614082,
           "n_close_orders": 7,
           "rentry_pprice_dist": 0.03783869531461413,
           "rentry_pprice_dist_wallet_exposure_weighting": 0,
           "wallet_exposure_limit": 0.1}}