{"config_name": "recursive_grid_0days",
 "logging_level": 0,
 "long": {"auto_unstuck_ema_dist": 0.04321371050125829,
          "auto_unstuck_wallet_exposure_threshold": 0.023643118081558112,
          "backwards_tp": false,
          "ddown_factor": 0.7675168441971945,
          "ema_span_0": 2033.54171970413,
          "ema_span_1": 4169.545670859056,
          "enabled": false,
          "initial_eprice_ema_dist": -0.0520916426528449,
          "initial_qty_pct": 0.015,
          "markup_range": 0.01956550267566763,
          "min_markup": 0.0013083512354092725,
          "n_close_orders": 18,
          "rentry_pprice_dist": 0.005764624981075346,
          "rentry_pprice_dist_wallet_exposure_weighting": 81.76549893370992,
          "wallet_exposure_limit": 0.1},
 "short": {"auto_unstuck_ema_dist": 0.03410829511909321,
           "auto_unstuck_wallet_exposure_threshold": 0.02434631772526024,
           "backwards_tp": false,
           "ddown_factor": 0.8458078255023019,
           "ema_span_0": 1442.822529467063,
           "ema_span_1": 354.6066782204611,
           "enabled": true,
           "initial_eprice_ema_dist": -0.012439199782747266,
           "initial_qty_pct": 0.0048257516743278606,
           "markup_range": 0.01692878221055486,
           "min_markup": 0.003631687723576332,
           "n_close_orders": 14,
           "rentry_pprice_dist": 0.024354024325229068,
           "rentry_pprice_dist_wallet_exposure_weighting": 0,
           "wallet_exposure_limit": 0.2}}