{"config_name": "neat_grid_0days",
 "logging_level": 0,
 "long": {"auto_unstuck_ema_dist": 0.0066975758045602915,
          "auto_unstuck_wallet_exposure_threshold": 0.0779064688912522,
          "backwards_tp": true,
          "ema_span_0": 1913.0474078124507,
          "ema_span_1": 6576.533483172196,
          "enabled": true,
          "eprice_exp_base": 0.8907412828304316,
          "eqty_exp_base": 1.7133812964164294,
          "grid_span": 0.2898021563599006,
          "initial_eprice_ema_dist": -0.034243142641708545,
          "initial_qty_pct": 0.015,
          "markup_range": 0.037982282628005765,
          "max_n_entry_orders": 5,
          "min_markup": 0.0050492898844845206,
          "n_close_orders": 15,
          "wallet_exposure_limit": 0.2},
 "short": {"auto_unstuck_ema_dist": 0.02916450295507841,
           "auto_unstuck_wallet_exposure_threshold": 0.0230114145813193,
           "backwards_tp": true,
           "ema_span_0": 3277.04582169903,
           "ema_span_1": 3743.3078698358795,
           "enabled": true,
           "eprice_exp_base": 0.7044215621909844,
           "eqty_exp_base": 1.294069812529318,
           "grid_span": 0.22691010775625037,
           "initial_eprice_ema_dist": -0.029066740934727952,
           "initial_qty_pct": 0.015,
           "markup_range": 0.03576059604549432,
           "max_n_entry_orders": 21,
           "min_markup": 0.00949783171492081,
           "n_close_orders": 5,
           "wallet_exposure_limit": 0.1}}