{"config_name": "clock_0days",
 "long": {"backwards_tp": true,
          "delay_between_fills_minutes_close": 896.1237009510198,
          "delay_between_fills_minutes_entry": 1021.7653686451591,
          "delay_weight_close": 0,
          "delay_weight_entry": 23.182929069573884,
          "ema_dist_close": -0.007672562844228249,
          "ema_dist_entry": -0.008744115552989795,
          "ema_span_0": 1225.1871011073015,
          "ema_span_1": 900.0658310711124,
          "enabled": true,
          "markup_range": 0.005559624339139311,
          "min_markup": 0.0075572289600663155,
          "n_close_orders": 12,
          "qty_pct_close": 0.045567964209940984,
          "qty_pct_entry": 0.020209877819232756,
          "wallet_exposure_limit": 0.4,
          "we_multiplier_close": 0.0,
          "we_multiplier_entry": 26.05011901203498},
 "short": {"backwards_tp": true,
           "delay_between_fills_minutes_close": 1315.0642542404812,
           "delay_between_fills_minutes_entry": 1360.5188359939655,
           "delay_weight_close": 0.0,
           "delay_weight_entry": 86.84676367259753,
           "ema_dist_close": -0.0009119526107173783,
           "ema_dist_entry": -0.0020249150595492635,
           "ema_span_0": 1322.1583459200624,
           "ema_span_1": 1225.6717203510389,
           "enabled": false,
           "markup_range": 0.009913503319794672,
           "min_markup": 0.008643956729409017,
           "n_close_orders": 4,
           "qty_pct_close": 0.035909977389520786,
           "qty_pct_entry": 0.02991526475629351,
           "wallet_exposure_limit": 1.0,
           "we_multiplier_close": 0.0,
           "we_multiplier_entry": 12.047629815014126}}