{"config_name": "recursive_grid_0days",
 "logging_level": 0,
 "long": {"auto_unstuck_ema_dist": 0.06123208628822815,
          "auto_unstuck_wallet_exposure_threshold": 0.07948969596827628,
          "backwards_tp": false,
          "ddown_factor": 1.0921565990291133,
          "ema_span_0": 310.45998394310806,
          "ema_span_1": 500.2408594817637,
          "enabled": true,
          "initial_eprice_ema_dist": 0.003487279408070314,
          "initial_qty_pct": 0.015,
          "markup_range": 0.027087515164995687,
          "min_markup": 0.002663886665688207,
          "n_close_orders": 15,
          "rentry_pprice_dist": 0.028775730622314092,
          "rentry_pprice_dist_wallet_exposure_weighting": 1.2762416257365694,
          "wallet_exposure_limit": 0.1},
 "short": {"auto_unstuck_ema_dist": 0.027802290682933644,
           "auto_unstuck_wallet_exposure_threshold": 0.06345177496718435,
           "backwards_tp": false,
           "ddown_factor": 0.6369494331902663,
           "ema_span_0": 1436.7134984743084,
           "ema_span_1": 3708.5504839821942,
           "enabled": true,
           "initial_eprice_ema_dist": 0.007888032893681993,
           "initial_qty_pct": 0.015,
           "markup_range": 0.020596007163019705,
           "min_markup": 0.002619796138876954,
           "n_close_orders": 16,
           "rentry_pprice_dist": 0.021111625533581417,
           "rentry_pprice_dist_wallet_exposure_weighting": 3.9105630604759503,
           "wallet_exposure_limit": 0.1}}