{"config_name": "recursive_grid_0days",
 "logging_level": 0,
 "long": {"auto_unstuck_ema_dist": 0,
          "auto_unstuck_wallet_exposure_threshold": 0,
          "backwards_tp": false,
          "ddown_factor": 1.98693507064449,
          "ema_span_0": 189.44386144298375,
          "ema_span_1": 289.4383509146058,
          "enabled": true,
          "initial_eprice_ema_dist": -0.1,
          "initial_qty_pct": 0.003255911427756395,
          "markup_range": 0.036420941584599124,
          "min_markup": 0.005702396277131847,
          "n_close_orders": 4,
          "rentry_pprice_dist": 0.03273444891586826,
          "rentry_pprice_dist_wallet_exposure_weighting": 0,
          "wallet_exposure_limit": 0.2},
 "short": {"auto_unstuck_ema_dist": 0.03379831683950776,
           "auto_unstuck_wallet_exposure_threshold": 0.07383899648813015,
           "backwards_tp": true,
           "ddown_factor": 1.9937800636266445,
           "ema_span_0": 2715.539020604595,
           "ema_span_1": 1571.6139131413688,
           "enabled": false,
           "initial_eprice_ema_dist": -0.05684910018506566,
           "initial_qty_pct": 0.015,
           "markup_range": 0.0023386254657224103,
           "min_markup": 0.0022967478646186337,
           "n_close_orders": 13,
           "rentry_pprice_dist": 0.009589567779315026,
           "rentry_pprice_dist_wallet_exposure_weighting": 26.346842272971603,
           "wallet_exposure_limit": 0.1}}