{"config_name": "clock_0days",
 "long": {"delay_between_fills_minutes_close": 481.98348839379946,
          "delay_between_fills_minutes_entry": 381.9465350031714,
          "delay_weight_close": 139.62796425566285,
          "delay_weight_entry": 23.79930203831185,
          "ema_dist_lower": 0.02,
          "ema_dist_upper": -0.024167320473801046,
          "ema_span_0": 943.6466304007344,
          "ema_span_1": 577.861166373968,
          "enabled": true,
          "markup_range": 0.01895155161147083,
          "min_markup": 0.020188791023911416,
          "n_close_orders": 7,
          "qty_pct_close": 0.011882631003455274,
          "qty_pct_entry": 0.01110058648145714,
          "wallet_exposure_limit": 0.3,
          "we_multiplier_close": 12.073705167038407,
          "we_multiplier_entry": 77.35535641419837},
 "short": {"delay_between_fills_minutes_close": 1199.7997353267792,
           "delay_between_fills_minutes_entry": 281.0655720318947,
           "delay_weight_close": 13.439669278548237,
           "delay_weight_entry": 1.4314327138990612,
           "ema_dist_lower": 0.008449507977034117,
           "ema_dist_upper": 0.010066633463397721,
           "ema_span_0": 375.81093370631146,
           "ema_span_1": 2502.3505022651893,
           "enabled": false,
           "markup_range": 0.013634333348634531,
           "min_markup": 0.027086681581326447,
           "n_close_orders": 15,
           "qty_pct_close": 0.03571119728895293,
           "qty_pct_entry": 0.08749851927169644,
           "wallet_exposure_limit": 1.0,
           "we_multiplier_close": 1.6286478626923617,
           "we_multiplier_entry": 19.019557366784106}}