{"config_name": "recursive_grid_0days",
 "logging_level": 0,
 "long": {"auto_unstuck_ema_dist": 0.0021693357969849885,
          "auto_unstuck_wallet_exposure_threshold": 0.032948096470256545,
          "backwards_tp": true,
          "ddown_factor": 1.8437083773932665,
          "ema_span_0": 1240.6333221672794,
          "ema_span_1": 1150.1682544887008,
          "enabled": true,
          "initial_eprice_ema_dist": -0.06789065074969665,
          "initial_qty_pct": 0.015593331641276862,
          "markup_range": 0.0036818709434838616,
          "min_markup": 0.003280237912634494,
          "n_close_orders": 6,
          "rentry_pprice_dist": 0.03264466467709156,
          "rentry_pprice_dist_wallet_exposure_weighting": 2.181415650053001,
          "wallet_exposure_limit": 0.2},
 "short": {"auto_unstuck_ema_dist": -0.006006971134625172,
           "auto_unstuck_wallet_exposure_threshold": 0.07126195136035232,
           "backwards_tp": true,
           "ddown_factor": 1.9069079386461625,
           "ema_span_0": 1300.3766884755316,
           "ema_span_1": 402.25177447720307,
           "enabled": false,
           "initial_eprice_ema_dist": -0.021661666165272514,
           "initial_qty_pct": 0.056226091110466586,
           "markup_range": 0.03578073049802316,
           "min_markup": 0.004280590427089207,
           "n_close_orders": 10,
           "rentry_pprice_dist": 0.03862239194951369,
           "rentry_pprice_dist_wallet_exposure_weighting": 6.46009714891915,
           "wallet_exposure_limit": 1.0}}