{"config_name": "recursive_grid_0days",
 "logging_level": 0,
 "long": {"auto_unstuck_ema_dist": 0.09547558507232755,
          "auto_unstuck_wallet_exposure_threshold": 0.07543546846197706,
          "backwards_tp": false,
          "ddown_factor": 1.1622310174165231,
          "ema_span_0": 1996.7186693337947,
          "ema_span_1": 2177.9223491406233,
          "enabled": true,
          "initial_eprice_ema_dist": 0.01,
          "initial_qty_pct": 0.015,
          "markup_range": 0.02547564945531028,
          "min_markup": 0.003621550781445082,
          "n_close_orders": 11,
          "rentry_pprice_dist": 0.040119453750941655,
          "rentry_pprice_dist_wallet_exposure_weighting": 0.9662816912389216,
          "wallet_exposure_limit": 0.1},
 "short": {"auto_unstuck_ema_dist": 0.02909922542408531,
           "auto_unstuck_wallet_exposure_threshold": 0.0758224536632213,
           "backwards_tp": false,
           "ddown_factor": 1.4242857477374657,
           "ema_span_0": 751.941798357306,
           "ema_span_1": 9842.110072951302,
           "enabled": true,
           "initial_eprice_ema_dist": -0.0006832897358437064,
           "initial_qty_pct": 0.015,
           "markup_range": 0.014511407894769979,
           "min_markup": 0.0013211532316352065,
           "n_close_orders": 4,
           "rentry_pprice_dist": 0.015904355889104157,
           "rentry_pprice_dist_wallet_exposure_weighting": 7.355137940432787,
           "wallet_exposure_limit": 0.1}}