{"config_name": "recursive_grid_0days",
 "logging_level": 0,
 "long": {"auto_unstuck_ema_dist": 0.020697646444500003,
          "auto_unstuck_wallet_exposure_threshold": 0.05890213855211888,
          "backwards_tp": false,
          "ddown_factor": 2.3717738771813432,
          "ema_span_0": 2153.281146680847,
          "ema_span_1": 7466.325540778935,
          "enabled": false,
          "initial_eprice_ema_dist": -0.03902659936472674,
          "initial_qty_pct": 0.015,
          "markup_range": 0.0026628084276030437,
          "min_markup": 0.002227887586972498,
          "n_close_orders": 8,
          "rentry_pprice_dist": 0.01769646399479541,
          "rentry_pprice_dist_wallet_exposure_weighting": 83.4903839024886,
          "wallet_exposure_limit": 0.1},
 "short": {"auto_unstuck_ema_dist": 0,
           "auto_unstuck_wallet_exposure_threshold": 0,
           "backwards_tp": false,
           "ddown_factor": 0.4416622153826629,
           "ema_span_0": 4216.728764211075,
           "ema_span_1": 4164.736872820238,
           "enabled": true,
           "initial_eprice_ema_dist": -0.027314417986274497,
           "initial_qty_pct": 0.004489687598816409,
           "markup_range": 0.0015073329909421288,
           "min_markup": 0.010506077747599174,
           "n_close_orders": 1,
           "rentry_pprice_dist": 0.038046912631800336,
           "rentry_pprice_dist_wallet_exposure_weighting": 0.0,
           "wallet_exposure_limit": 0.2}}