{"config_name": "neat_grid_0days",
 "logging_level": 0,
 "long": {"auto_unstuck_ema_dist": 0.013511084542279776,
          "auto_unstuck_wallet_exposure_threshold": 0.40596644510229113,
          "backwards_tp": true,
          "ema_span_0": 1349.2800858761568,
          "ema_span_1": 2900.7031915655853,
          "enabled": true,
          "eprice_exp_base": 1.0575241976358005,
          "eqty_exp_base": 1.0030634593931131,
          "grid_span": 0.15075955550349623,
          "initial_eprice_ema_dist": -0.06517168305014567,
          "initial_qty_pct": 0.01,
          "markup_range": 0.0027225433355165143,
          "max_n_entry_orders": 5,
          "min_markup": 0.002,
          "n_close_orders": 14,
          "wallet_exposure_limit": 0.2},
 "short": {"auto_unstuck_ema_dist": 0.026456040139089552,
           "auto_unstuck_wallet_exposure_threshold": 0.5875399066983233,
           "backwards_tp": true,
           "ema_span_0": 3034.22892271621,
           "ema_span_1": 2960.6941674758505,
           "enabled": true,
           "eprice_exp_base": 1.2831584127156748,
           "eqty_exp_base": 1,
           "grid_span": 0.2637694477650463,
           "initial_eprice_ema_dist": -0.07301410945535726,
           "initial_qty_pct": 0.01,
           "markup_range": 0.003,
           "max_n_entry_orders": 6,
           "min_markup": 0.002,
           "n_close_orders": 10,
           "wallet_exposure_limit": 0.1}}