{"config_name": "recursive_grid_0days",
 "logging_level": 0,
 "long": {"auto_unstuck_ema_dist": 0.003,
          "auto_unstuck_wallet_exposure_threshold": 0.0625785335682772,
          "backwards_tp": true,
          "ddown_factor": 0.8394139910606755,
          "ema_span_0": 733.7909969292729,
          "ema_span_1": 689.6469931473913,
          "enabled": true,
          "initial_eprice_ema_dist": 0.004,
          "initial_qty_pct": 0.01620234254089989,
          "markup_range": 0.005454741951496565,
          "min_markup": 0.007094621344624235,
          "n_close_orders": 3,
          "rentry_pprice_dist": 0.0165400243493177,
          "rentry_pprice_dist_wallet_exposure_weighting": 1.9906318839252,
          "wallet_exposure_limit": 0.4},
 "short": {"auto_unstuck_ema_dist": -0.004329092093841671,
           "auto_unstuck_wallet_exposure_threshold": 0.03250330466518187,
           "backwards_tp": true,
           "ddown_factor": 2.046495055275391,
           "ema_span_0": 499.51060333211205,
           "ema_span_1": 1185.9302215417856,
           "enabled": true,
           "initial_eprice_ema_dist": 0.004,
           "initial_qty_pct": 0.019422265186060775,
           "markup_range": 0.0015270799926970446,
           "min_markup": 0.0022398594773851734,
           "n_close_orders": 4,
           "rentry_pprice_dist": 0.03207572830780937,
           "rentry_pprice_dist_wallet_exposure_weighting": 6.703622227237663,
           "wallet_exposure_limit": 0.12}}