{"config_name": "recursive_grid_0days",
 "logging_level": 0,
 "long": {"auto_unstuck_ema_dist": 0,
          "auto_unstuck_wallet_exposure_threshold": 0,
          "backwards_tp": false,
          "ddown_factor": 2.1773132803074646,
          "ema_span_0": 616.4586711643883,
          "ema_span_1": 261.7675832446126,
          "enabled": true,
          "initial_eprice_ema_dist": -0.1,
          "initial_qty_pct": 0.002203989454016533,
          "markup_range": 0.03873441506125597,
          "min_markup": 0.008658666433532204,
          "n_close_orders": 3,
          "rentry_pprice_dist": 0.03676988887119092,
          "rentry_pprice_dist_wallet_exposure_weighting": 0,
          "wallet_exposure_limit": 0.2},
 "short": {"auto_unstuck_ema_dist": 0.007297446633276987,
           "auto_unstuck_wallet_exposure_threshold": 0.01911361088429015,
           "backwards_tp": true,
           "ddown_factor": 1.3603212876117814,
           "ema_span_0": 1574.4000205221257,
           "ema_span_1": 3287.6583323228538,
           "enabled": false,
           "initial_eprice_ema_dist": -0.09262744502580711,
           "initial_qty_pct": 0.015,
           "markup_range": 0.026015799640265118,
           "min_markup": 0.0018919353668875047,
           "n_close_orders": 17,
           "rentry_pprice_dist": 0.0379078797116142,
           "rentry_pprice_dist_wallet_exposure_weighting": 55.42580178396423,
           "wallet_exposure_limit": 0.1}}