{"config_name": "clock_0days",
 "long": {"delay_between_fills_minutes_close": 43.8689295450853,
          "delay_between_fills_minutes_entry": 1352.7857801664788,
          "delay_weight_close": 15.22967663003774,
          "delay_weight_entry": 12.256922805423642,
          "ema_dist_lower": 0.008899778119995205,
          "ema_dist_upper": 0.013272377101893483,
          "ema_span_0": 337.11378676521684,
          "ema_span_1": 120.58008226648768,
          "enabled": true,
          "markup_range": 0.043890397418087375,
          "min_markup": 0.09805020958008752,
          "n_close_orders": 11,
          "qty_pct_close": 0.08968998691862962,
          "qty_pct_entry": 0.03632704581049468,
          "wallet_exposure_limit": 0.25,
          "we_multiplier_close": 3.6215360674497687,
          "we_multiplier_entry": 48.89973403175629},
 "short": {"delay_between_fills_minutes_close": 975.3963644060162,
           "delay_between_fills_minutes_entry": 1201.8093909084696,
           "delay_weight_close": 10.383841056482018,
           "delay_weight_entry": 6.656823300845797,
           "ema_dist_lower": 0.016857193185739847,
           "ema_dist_upper": 0.009951685964294894,
           "ema_span_0": 863.2938225536777,
           "ema_span_1": 909.4976759905809,
           "enabled": false,
           "markup_range": 0.04998374742757192,
           "min_markup": 0.0578222819506253,
           "n_close_orders": 15,
           "qty_pct_close": 0.020734487654782818,
           "qty_pct_entry": 0.08517174898673072,
           "wallet_exposure_limit": 1.0,
           "we_multiplier_close": 6.213842318759683,
           "we_multiplier_entry": 22.515945699919715}}