{"config_name": "recursive_grid_0days",
 "logging_level": 0,
 "long": {"auto_unstuck_ema_dist": -0.0010612525384275234,
          "auto_unstuck_wallet_exposure_threshold": 0.07764563690229755,
          "backwards_tp": true,
          "ddown_factor": 0.5738182644635398,
          "ema_span_0": 1207.8732669592619,
          "ema_span_1": 918.7636788090658,
          "enabled": true,
          "initial_eprice_ema_dist": -0.0006643650866099133,
          "initial_qty_pct": 0.014824174195618083,
          "markup_range": 0.0018414912478923035,
          "min_markup": 0.003668948469633098,
          "n_close_orders": 14,
          "rentry_pprice_dist": 0.045879667425624104,
          "rentry_pprice_dist_wallet_exposure_weighting": 0.0,
          "wallet_exposure_limit": 0.2},
 "short": {"auto_unstuck_ema_dist": -0.09611217535370599,
           "auto_unstuck_wallet_exposure_threshold": 0.07360667014141412,
           "backwards_tp": true,
           "ddown_factor": 2.707248805314657,
           "ema_span_0": 457.3484289476757,
           "ema_span_1": 914.214969298611,
           "enabled": false,
           "initial_eprice_ema_dist": -0.086405464571404,
           "initial_qty_pct": 0.06485914953195113,
           "markup_range": 0.004388114124884106,
           "min_markup": 0.004945467064926095,
           "n_close_orders": 14,
           "rentry_pprice_dist": 0.011944274533718258,
           "rentry_pprice_dist_wallet_exposure_weighting": 18.897637167750865,
           "wallet_exposure_limit": 1.0}}