{"config_name": "recursive_grid_0days",
 "logging_level": 0,
 "long": {"auto_unstuck_ema_dist": 0,
          "auto_unstuck_wallet_exposure_threshold": 0,
          "backwards_tp": false,
          "ddown_factor": 2.5050090124577133,
          "ema_span_0": 53.850635767968626,
          "ema_span_1": 951.3723940977334,
          "enabled": true,
          "initial_eprice_ema_dist": -0.1,
          "initial_qty_pct": 0.001217668889177304,
          "markup_range": 0.02297529423673684,
          "min_markup": 0.00851562216083057,
          "n_close_orders": 4,
          "rentry_pprice_dist": 0.03119189421201579,
          "rentry_pprice_dist_wallet_exposure_weighting": 0,
          "wallet_exposure_limit": 0.2},
 "short": {"auto_unstuck_ema_dist": 0.021560288164731278,
           "auto_unstuck_wallet_exposure_threshold": 0.09818112444388298,
           "backwards_tp": true,
           "ddown_factor": 1.5748463509893846,
           "ema_span_0": 2239.4288055592538,
           "ema_span_1": 4168.6995703937555,
           "enabled": false,
           "initial_eprice_ema_dist": -0.07783717537543453,
           "initial_qty_pct": 0.015,
           "markup_range": 0.026346306577247045,
           "min_markup": 0.0030991358906711556,
           "n_close_orders": 7,
           "rentry_pprice_dist": 0.009932605519937363,
           "rentry_pprice_dist_wallet_exposure_weighting": 4.257754318060875,
           "wallet_exposure_limit": 0.1}}