{"config_name": "recursive_grid_0days",
 "logging_level": 0,
 "long": {"auto_unstuck_ema_dist": -0.0026084499820777417,
          "auto_unstuck_wallet_exposure_threshold": 0.08775667492668233,
          "backwards_tp": true,
          "ddown_factor": 0.2051003480441177,
          "ema_span_0": 1402.7724825928026,
          "ema_span_1": 609.1820755196037,
          "enabled": true,
          "initial_eprice_ema_dist": -0.008379171948013006,
          "initial_qty_pct": 0.02126664954366563,
          "markup_range": 0.003293964445132134,
          "min_markup": 0.009695108929425017,
          "n_close_orders": 3,
          "rentry_pprice_dist": 0.036430216164970705,
          "rentry_pprice_dist_wallet_exposure_weighting": 1.550809858240294,
          "wallet_exposure_limit": 0.2},
 "short": {"auto_unstuck_ema_dist": -0.043611088715561755,
           "auto_unstuck_wallet_exposure_threshold": 0.03626511893612501,
           "backwards_tp": true,
           "ddown_factor": 0.578834848489584,
           "ema_span_0": 905.6043327611056,
           "ema_span_1": 1345.5648355146661,
           "enabled": false,
           "initial_eprice_ema_dist": -0.030080191917980156,
           "initial_qty_pct": 0.07567365426244915,
           "markup_range": 0.041028351334535584,
           "min_markup": 0.00748937809870418,
           "n_close_orders": 11,
           "rentry_pprice_dist": 0.03160167037541791,
           "rentry_pprice_dist_wallet_exposure_weighting": 11.331237210374914,
           "wallet_exposure_limit": 1.0}}