{"config_name": "clock_0days",
 "long": {"delay_between_fills_minutes_close": 156.18398726875319,
          "delay_between_fills_minutes_entry": 241.2023783983054,
          "delay_weight_close": 137.62915573139782,
          "delay_weight_entry": 26.353012359617928,
          "ema_dist_lower": -0.021520731805598207,
          "ema_dist_upper": -0.008853474752849366,
          "ema_span_0": 996.0042137934814,
          "ema_span_1": 881.7719973121197,
          "enabled": true,
          "markup_range": 0.03007326798955895,
          "min_markup": 0.0057770708880818785,
          "n_close_orders": 4,
          "qty_pct_close": 0.011324971496184555,
          "qty_pct_entry": 0.010043242934554743,
          "wallet_exposure_limit": 0.3,
          "we_multiplier_close": 44.98858951434357,
          "we_multiplier_entry": 56.436660810213574},
 "short": {"delay_between_fills_minutes_close": 1143.0462977670275,
           "delay_between_fills_minutes_entry": 429.7892250642204,
           "delay_weight_close": 17.252393511781186,
           "delay_weight_entry": 15.226556456459601,
           "ema_dist_lower": 0.006715796276810273,
           "ema_dist_upper": 0.0042923373963881795,
           "ema_span_0": 850.510799661624,
           "ema_span_1": 1721.0980148242227,
           "enabled": false,
           "markup_range": 0.0342393634782354,
           "min_markup": 0.07382972974609535,
           "n_close_orders": 9,
           "qty_pct_close": 0.06386877431130404,
           "qty_pct_entry": 0.09532529925733367,
           "wallet_exposure_limit": 1.0,
           "we_multiplier_close": 4.819230224345769,
           "we_multiplier_entry": 5.2124987066650466}}