{"config_name": "recursive_grid_0days",
 "logging_level": 0,
 "long": {"auto_unstuck_ema_dist": 0.003,
          "auto_unstuck_wallet_exposure_threshold": 0.055101983866910925,
          "backwards_tp": true,
          "ddown_factor": 0.8805978512328528,
          "ema_span_0": 632.8655647524076,
          "ema_span_1": 863.9730323612009,
          "enabled": true,
          "initial_eprice_ema_dist": -0.009772187149189097,
          "initial_qty_pct": 0.021754450945310144,
          "markup_range": 0.006586081842090452,
          "min_markup": 0.003013639021854283,
          "n_close_orders": 3,
          "rentry_pprice_dist": 0.03004034970569032,
          "rentry_pprice_dist_wallet_exposure_weighting": 1.0230399660321885,
          "wallet_exposure_limit": 0.3},
 "short": {"auto_unstuck_ema_dist": 0.003,
           "auto_unstuck_wallet_exposure_threshold": 0.06249219021899719,
           "backwards_tp": true,
           "ddown_factor": 1.738128952916776,
           "ema_span_0": 588.3680212385066,
           "ema_span_1": 1368.781079177419,
           "enabled": true,
           "initial_eprice_ema_dist": 0.0026379149424658574,
           "initial_qty_pct": 0.01720939233868533,
           "markup_range": 0.002626593292641906,
           "min_markup": 0.004633518072935281,
           "n_close_orders": 6,
           "rentry_pprice_dist": 0.047514392214372314,
           "rentry_pprice_dist_wallet_exposure_weighting": 4.132615893603269,
           "wallet_exposure_limit": 0.09}}