{"config_name": "recursive_grid_0days",
 "logging_level": 0,
 "long": {"auto_unstuck_ema_dist": 0,
          "auto_unstuck_wallet_exposure_threshold": 0,
          "backwards_tp": false,
          "ddown_factor": 2.7500035411853117,
          "ema_span_0": 72.09167862477851,
          "ema_span_1": 83.77206735439212,
          "enabled": true,
          "initial_eprice_ema_dist": -0.1,
          "initial_qty_pct": 0.0023150764715575913,
          "markup_range": 0.04,
          "min_markup": 0.008694894849952686,
          "n_close_orders": 5,
          "rentry_pprice_dist": 0.027533115491904892,
          "rentry_pprice_dist_wallet_exposure_weighting": 3.125807142443083,
          "wallet_exposure_limit": 0.2},
 "short": {"auto_unstuck_ema_dist": 0.038199288647049114,
           "auto_unstuck_wallet_exposure_threshold": 0.01087807726189198,
           "backwards_tp": false,
           "ddown_factor": 2.979003952874631,
           "ema_span_0": 2629.8730321792036,
           "ema_span_1": 2036.7318925463037,
           "enabled": false,
           "initial_eprice_ema_dist": -0.05487162028912733,
           "initial_qty_pct": 0.015,
           "markup_range": 0.009028354378401195,
           "min_markup": 0.0014667046226799257,
           "n_close_orders": 5,
           "rentry_pprice_dist": 0.04618489731523594,
           "rentry_pprice_dist_wallet_exposure_weighting": 6.470454973711196,
           "wallet_exposure_limit": 0.1}}