{"config_name": "recursive_grid_0days",
 "logging_level": 0,
 "long": {"auto_unstuck_ema_dist": 0.057456827138276205,
          "auto_unstuck_wallet_exposure_threshold": 0.004299404196397462,
          "backwards_tp": true,
          "ddown_factor": 0.4752490250919188,
          "ema_span_0": 218.67962519555456,
          "ema_span_1": 118.56441345057979,
          "enabled": true,
          "initial_eprice_ema_dist": -0.06415657817564287,
          "initial_qty_pct": 0.010763487296487122,
          "markup_range": 0.004921648492306896,
          "min_markup": 0.0039660787985456875,
          "n_close_orders": 13,
          "rentry_pprice_dist": 0.02880480660310733,
          "rentry_pprice_dist_wallet_exposure_weighting": 1.281192823439914,
          "wallet_exposure_limit": 0.2},
 "short": {"auto_unstuck_ema_dist": 0.03371741048992232,
           "auto_unstuck_wallet_exposure_threshold": 0.09470113381391708,
           "backwards_tp": true,
           "ddown_factor": 2.784001384897046,
           "ema_span_0": 2506.9313392472495,
           "ema_span_1": 3422.094329307058,
           "enabled": false,
           "initial_eprice_ema_dist": -0.05261354447114851,
           "initial_qty_pct": 0.015,
           "markup_range": 0.0005240436096370038,
           "min_markup": 0.0034014995983434873,
           "n_close_orders": 7,
           "rentry_pprice_dist": 0.007742256999433542,
           "rentry_pprice_dist_wallet_exposure_weighting": 80.22320542981095,
           "wallet_exposure_limit": 0.1}}