{"config_name": "neat_grid_0days",
 "logging_level": 0,
 "long": {"auto_unstuck_ema_dist": 0.014015172777120843,
          "auto_unstuck_wallet_exposure_threshold": 0.5813629845570967,
          "backwards_tp": true,
          "ema_span_0": 642.0714525226772,
          "ema_span_1": 526.8103398088912,
          "enabled": true,
          "eprice_exp_base": 1.3846082765172063,
          "eqty_exp_base": 1.6227672820670378,
          "grid_span": 0.33175168879258077,
          "initial_eprice_ema_dist": -0.039508687571543674,
          "initial_qty_pct": 0.01,
          "markup_range": 0.0028221869451718175,
          "max_n_entry_orders": 12,
          "min_markup": 0.002,
          "n_close_orders": 19,
          "wallet_exposure_limit": 0.2},
 "short": {"auto_unstuck_ema_dist": 0.07396691565989694,
           "auto_unstuck_wallet_exposure_threshold": 0.2522406161662812,
           "backwards_tp": true,
           "ema_span_0": 3061.883963754903,
           "ema_span_1": 3005.423321281056,
           "enabled": true,
           "eprice_exp_base": 1.12815456877954,
           "eqty_exp_base": 1.205440294140728,
           "grid_span": 0.2740578060349618,
           "initial_eprice_ema_dist": -0.09453849288856374,
           "initial_qty_pct": 0.01,
           "markup_range": 0.0026734667663212966,
           "max_n_entry_orders": 8,
           "min_markup": 0.002,
           "n_close_orders": 5,
           "wallet_exposure_limit": 0.1}}