{"config_name": "clock_0days",
 "long": {"backwards_tp": true,
          "delay_between_fills_minutes_close": 1383.782496240265,
          "delay_between_fills_minutes_entry": 1299.7388505089198,
          "delay_weight_close": 6.039040961152343,
          "delay_weight_entry": 19.936089399315698,
          "ema_dist_close": -0.0033311460678251453,
          "ema_dist_entry": 0.003,
          "ema_span_0": 635.757332668863,
          "ema_span_1": 1430.5692677780885,
          "enabled": true,
          "markup_range": 0.006881273844386779,
          "min_markup": 0.006881237022148969,
          "n_close_orders": 6,
          "qty_pct_close": 0.012654359226391677,
          "qty_pct_entry": 0.012483035396022517,
          "wallet_exposure_limit": 0.25,
          "we_multiplier_close": 0.0,
          "we_multiplier_entry": 24.198218842173024},
 "short": {"backwards_tp": true,
           "delay_between_fills_minutes_close": 1376.6586808275508,
           "delay_between_fills_minutes_entry": 1071.5986447201433,
           "delay_weight_close": 140.53553259632346,
           "delay_weight_entry": 4.689250397735352,
           "ema_dist_close": 0.003,
           "ema_dist_entry": -0.004643569067006675,
           "ema_span_0": 1361.6898381627195,
           "ema_span_1": 1440,
           "enabled": true,
           "markup_range": 0.0058914183798005285,
           "min_markup": 0.003327071056923176,
           "n_close_orders": 4,
           "qty_pct_close": 0.03608051226823769,
           "qty_pct_entry": 0.022907587912704214,
           "wallet_exposure_limit": 0.125,
           "we_multiplier_close": 0,
           "we_multiplier_entry": 105.53836461196632}}