{"config_name": "clock_0days",
 "long": {"backwards_tp": true,
          "delay_between_fills_minutes_close": 1377.2931236083539,
          "delay_between_fills_minutes_entry": 919.6355525920034,
          "delay_weight_close": 89.8752310911958,
          "delay_weight_entry": 8.402012669283234,
          "ema_dist_close": -0.0048078496840919804,
          "ema_dist_entry": 0.002289323752645719,
          "ema_span_0": 66.14861453277597,
          "ema_span_1": 1429.1303988859984,
          "enabled": true,
          "markup_range": 0.027503142667942525,
          "min_markup": 0.005010042638393661,
          "n_close_orders": 3,
          "qty_pct_close": 0.024726530098192236,
          "qty_pct_entry": 0.01597076502735707,
          "wallet_exposure_limit": 0.25,
          "we_multiplier_close": 0,
          "we_multiplier_entry": 30.851939388766137},
 "short": {"backwards_tp": true,
           "delay_between_fills_minutes_close": 936.949032211122,
           "delay_between_fills_minutes_entry": 832.4536583468392,
           "delay_weight_close": 82.42384591995571,
           "delay_weight_entry": 9.853553222051582,
           "ema_dist_close": 0.0008057594197119714,
           "ema_dist_entry": 0.003,
           "ema_span_0": 211.76005707923017,
           "ema_span_1": 1230.5831790235748,
           "enabled": true,
           "markup_range": 0.008352756563278226,
           "min_markup": 0.006103152678821875,
           "n_close_orders": 7,
           "qty_pct_close": 0.02588454639808355,
           "qty_pct_entry": 0.014730161073269752,
           "wallet_exposure_limit": 0.125,
           "we_multiplier_close": 0,
           "we_multiplier_entry": 36.21707786107536}}