{"config_name": "clock_0days",
 "long": {"backwards_tp": true,
          "delay_between_fills_minutes_close": 980.2042835570184,
          "delay_between_fills_minutes_entry": 1440,
          "delay_weight_close": 88.49965105297355,
          "delay_weight_entry": 13.607231648200965,
          "ema_dist_close": -0.0045100400446852085,
          "ema_dist_entry": 0.001245147504938315,
          "ema_span_0": 1166.2757553304323,
          "ema_span_1": 887.5102832931082,
          "enabled": true,
          "markup_range": 0.03558284769691642,
          "min_markup": 0.009984786265565546,
          "n_close_orders": 2,
          "qty_pct_close": 0.01,
          "qty_pct_entry": 0.0216457641153674,
          "wallet_exposure_limit": 0.25,
          "we_multiplier_close": 0,
          "we_multiplier_entry": 2.980566480060398},
 "short": {"backwards_tp": true,
           "delay_between_fills_minutes_close": 1227.1600982494165,
           "delay_between_fills_minutes_entry": 1099.7744204128376,
           "delay_weight_close": 160.72083646118617,
           "delay_weight_entry": 4.7755489310968455,
           "ema_dist_close": -0.0012053573161694918,
           "ema_dist_entry": -0.007400730068276497,
           "ema_span_0": 1144.0122152356423,
           "ema_span_1": 253.19233805237099,
           "enabled": true,
           "markup_range": 0.002194247840241588,
           "min_markup": 0.0022700317336931046,
           "n_close_orders": 4,
           "qty_pct_close": 0.02693507124970082,
           "qty_pct_entry": 0.0340347270386967,
           "wallet_exposure_limit": 0.125,
           "we_multiplier_close": 0,
           "we_multiplier_entry": 148.32538959722032}}