{"config_name": "clock_0days",
 "long": {"backwards_tp": true,
          "delay_between_fills_minutes_close": 1372.831775533918,
          "delay_between_fills_minutes_entry": 1389.7231150682235,
          "delay_weight_close": 88.50184744484739,
          "delay_weight_entry": 7.070288619548177,
          "ema_dist_close": -0.010181065107312228,
          "ema_dist_entry": -0.04304248847318709,
          "ema_span_0": 87.02002330799303,
          "ema_span_1": 1394.5307051429497,
          "enabled": true,
          "markup_range": 0.03963498503422652,
          "min_markup": 0.0037955068779149496,
          "n_close_orders": 2,
          "qty_pct_close": 0.011839916306677646,
          "qty_pct_entry": 0.012397157549360499,
          "wallet_exposure_limit": 0.25,
          "we_multiplier_close": 0,
          "we_multiplier_entry": 109.6210907809722},
 "short": {"backwards_tp": true,
           "delay_between_fills_minutes_close": 1154.161393154438,
           "delay_between_fills_minutes_entry": 915.1011076238367,
           "delay_weight_close": 102.07147335304839,
           "delay_weight_entry": 7.681172915602135,
           "ema_dist_close": 0.003,
           "ema_dist_entry": -0.00743200104215625,
           "ema_span_0": 836.0951345523624,
           "ema_span_1": 1180.814651932125,
           "enabled": true,
           "markup_range": 0.03623376438775764,
           "min_markup": 0.0031139367331262675,
           "n_close_orders": 2,
           "qty_pct_close": 0.013700037953980254,
           "qty_pct_entry": 0.03325375681334124,
           "wallet_exposure_limit": 0.125,
           "we_multiplier_close": 0,
           "we_multiplier_entry": 16.597056844607998}}