{"config_name": "clock_0days",
 "long": {"backwards_tp": true,
          "delay_between_fills_minutes_close": 1103.6052392883248,
          "delay_between_fills_minutes_entry": 1116.0505004759314,
          "delay_weight_close": 0,
          "delay_weight_entry": 15.82280451689668,
          "ema_dist_close": 0.003,
          "ema_dist_entry": 0.003,
          "ema_span_0": 1124.1908003295787,
          "ema_span_1": 778.6426508373269,
          "enabled": true,
          "markup_range": 0.004736112145887758,
          "min_markup": 0.00390682522496771,
          "n_close_orders": 4,
          "qty_pct_close": 0.01310303279910229,
          "qty_pct_entry": 0.02070495562126763,
          "wallet_exposure_limit": 0.5,
          "we_multiplier_close": 0,
          "we_multiplier_entry": 108.24877801191587},
 "short": {"backwards_tp": true,
           "delay_between_fills_minutes_close": 650.2919215732121,
           "delay_between_fills_minutes_entry": 1224.3638805467715,
           "delay_weight_close": 0,
           "delay_weight_entry": 9.788673405089389,
           "ema_dist_close": -0.0059309123687595324,
           "ema_dist_entry": -0.002732948875114225,
           "ema_span_0": 1335.422694673655,
           "ema_span_1": 1105.4860382730276,
           "enabled": true,
           "markup_range": 0.02014550935635399,
           "min_markup": 0.005416916324962086,
           "n_close_orders": 15,
           "qty_pct_close": 0.011571852332004097,
           "qty_pct_entry": 0.017974851458236372,
           "wallet_exposure_limit": 0.25,
           "we_multiplier_close": 0,
           "we_multiplier_entry": 65.59673202851654}}