{"config_name": "clock_0days",
 "long": {"backwards_tp": true,
          "delay_between_fills_minutes_close": 491.21254954241635,
          "delay_between_fills_minutes_entry": 1295.0288886043463,
          "delay_weight_close": 0,
          "delay_weight_entry": 15.950414903548587,
          "ema_dist_close": 0.0019819546956889606,
          "ema_dist_entry": -0.027592436261967866,
          "ema_span_0": 1352.666744766449,
          "ema_span_1": 1440,
          "enabled": true,
          "markup_range": 0.04,
          "min_markup": 0.00996424135744691,
          "n_close_orders": 2,
          "qty_pct_close": 0.019518401228868658,
          "qty_pct_entry": 0.012893857609003785,
          "wallet_exposure_limit": 0.5,
          "we_multiplier_close": 0,
          "we_multiplier_entry": 11.801486078837268},
 "short": {"backwards_tp": true,
           "delay_between_fills_minutes_close": 699.5480271261229,
           "delay_between_fills_minutes_entry": 864.8961088421638,
           "delay_weight_close": 0,
           "delay_weight_entry": 12.628990135589994,
           "ema_dist_close": -0.0007466643011983898,
           "ema_dist_entry": 0.0002978113705357781,
           "ema_span_0": 1070.402376366809,
           "ema_span_1": 471.2698653895787,
           "enabled": true,
           "markup_range": 0.010394532906779864,
           "min_markup": 0.0032675262804549,
           "n_close_orders": 3,
           "qty_pct_close": 0.011660412546821593,
           "qty_pct_entry": 0.016616933606940755,
           "wallet_exposure_limit": 0.25,
           "we_multiplier_close": 0.0,
           "we_multiplier_entry": 41.084221742353144}}