{"config_name": "clock_0days",
 "long": {"backwards_tp": true,
          "delay_between_fills_minutes_close": 678.6859308557015,
          "delay_between_fills_minutes_entry": 1241.4435788294172,
          "delay_weight_close": 0,
          "delay_weight_entry": 9.625858361465387,
          "ema_dist_close": -0.018228054197917738,
          "ema_dist_entry": 0.003,
          "ema_span_0": 1397.941834846057,
          "ema_span_1": 696.3200674182981,
          "enabled": true,
          "markup_range": 0.002616926581525869,
          "min_markup": 0.006607245592966611,
          "n_close_orders": 5,
          "qty_pct_close": 0.01,
          "qty_pct_entry": 0.02626535486146934,
          "wallet_exposure_limit": 0.5,
          "we_multiplier_close": 0,
          "we_multiplier_entry": 196.15561030366587},
 "short": {"backwards_tp": true,
           "delay_between_fills_minutes_close": 1440,
           "delay_between_fills_minutes_entry": 1068.8800007710902,
           "delay_weight_close": 0,
           "delay_weight_entry": 6.41108682332916,
           "ema_dist_close": 0.003,
           "ema_dist_entry": 0.003,
           "ema_span_0": 531.466894493647,
           "ema_span_1": 1440,
           "enabled": true,
           "markup_range": 0.012014117139544922,
           "min_markup": 0.0049154791580360395,
           "n_close_orders": 13,
           "qty_pct_close": 0.01453202484853326,
           "qty_pct_entry": 0.01928672601360947,
           "wallet_exposure_limit": 0.25,
           "we_multiplier_close": 0,
           "we_multiplier_entry": 35.72788052376113}}