{"config_name": "clock_0days",
 "long": {"backwards_tp": true,
          "delay_between_fills_minutes_close": 1389.4634630929172,
          "delay_between_fills_minutes_entry": 1122.390251943245,
          "delay_weight_close": 51.23606136753268,
          "delay_weight_entry": 15.093782015059931,
          "ema_dist_close": 0.0018609547668334628,
          "ema_dist_entry": 0.0012238285225176,
          "ema_span_0": 1356.9924195830606,
          "ema_span_1": 30.397573180711042,
          "enabled": true,
          "markup_range": 0.03868890538578466,
          "min_markup": 0.008641220213534355,
          "n_close_orders": 14,
          "qty_pct_close": 0.04091654607564088,
          "qty_pct_entry": 0.017238783795569555,
          "wallet_exposure_limit": 0.25,
          "we_multiplier_close": 0,
          "we_multiplier_entry": 22.14931241315505},
 "short": {"backwards_tp": true,
           "delay_between_fills_minutes_close": 1131.579395809312,
           "delay_between_fills_minutes_entry": 1401.2539699999434,
           "delay_weight_close": 7.156894139428633,
           "delay_weight_entry": 26.673420712907784,
           "ema_dist_close": -0.0008260946016628725,
           "ema_dist_entry": 0.0013873500371400745,
           "ema_span_0": 1440,
           "ema_span_1": 1215.479738949047,
           "enabled": true,
           "markup_range": 0.002042620917165533,
           "min_markup": 0.00975962433715148,
           "n_close_orders": 11,
           "qty_pct_close": 0.036499829493343496,
           "qty_pct_entry": 0.0243888228986362,
           "wallet_exposure_limit": 0.125,
           "we_multiplier_close": 0,
           "we_multiplier_entry": 10.04513084859352}}