{"config_name": "clock_0days",
 "long": {"backwards_tp": true,
          "delay_between_fills_minutes_close": 1051.681614325647,
          "delay_between_fills_minutes_entry": 1015.3866099399487,
          "delay_weight_close": 172.1894886379793,
          "delay_weight_entry": 8.82485892463125,
          "ema_dist_close": -0.013365463324268604,
          "ema_dist_entry": 0.003,
          "ema_span_0": 1440,
          "ema_span_1": 1426.96193478808,
          "enabled": true,
          "markup_range": 0.03515560685670175,
          "min_markup": 0.009421800764002992,
          "n_close_orders": 11,
          "qty_pct_close": 0.01993864299274018,
          "qty_pct_entry": 0.011650841490897571,
          "wallet_exposure_limit": 0.25,
          "we_multiplier_close": 0,
          "we_multiplier_entry": 129.6285794363013},
 "short": {"backwards_tp": true,
           "delay_between_fills_minutes_close": 1394.4102451710842,
           "delay_between_fills_minutes_entry": 1195.12166558833,
           "delay_weight_close": 187.85861876398954,
           "delay_weight_entry": 3.978657956298015,
           "ema_dist_close": 0.002810477627109332,
           "ema_dist_entry": -0.017441040506489904,
           "ema_span_0": 1222.7128550081695,
           "ema_span_1": 1095.18935251604,
           "enabled": true,
           "markup_range": 0.002084289177840759,
           "min_markup": 0.0028085267762999215,
           "n_close_orders": 10,
           "qty_pct_close": 0.016714603035308567,
           "qty_pct_entry": 0.02674832361259842,
           "wallet_exposure_limit": 0.125,
           "we_multiplier_close": 0.0,
           "we_multiplier_entry": 165.49743515431388}}