{"config_name": "clock_0days",
 "long": {"backwards_tp": true,
          "delay_between_fills_minutes_close": 1063.5173021194337,
          "delay_between_fills_minutes_entry": 1305.8032489140055,
          "delay_weight_close": 40.960065577772255,
          "delay_weight_entry": 14.74018778965116,
          "ema_dist_close": 0.003,
          "ema_dist_entry": -0.00010502590072233792,
          "ema_span_0": 1349.1740316323687,
          "ema_span_1": 327.1275649285407,
          "enabled": true,
          "markup_range": 0.0029836612722723677,
          "min_markup": 0.00683126262378593,
          "n_close_orders": 11,
          "qty_pct_close": 0.0249140680191091,
          "qty_pct_entry": 0.02704875224848476,
          "wallet_exposure_limit": 0.25,
          "we_multiplier_close": 0,
          "we_multiplier_entry": 76.92645343785578},
 "short": {"backwards_tp": true,
           "delay_between_fills_minutes_close": 1424.461861622382,
           "delay_between_fills_minutes_entry": 798.7071582886084,
           "delay_weight_close": 16.131965306011775,
           "delay_weight_entry": 10.944820271320083,
           "ema_dist_close": 0.0020835376106237186,
           "ema_dist_entry": 1.4744766441994852e-06,
           "ema_span_0": 265.28898744820305,
           "ema_span_1": 1190.442881370263,
           "enabled": true,
           "markup_range": 0.00647990039863371,
           "min_markup": 0.008866704035435071,
           "n_close_orders": 9,
           "qty_pct_close": 0.02877438001131298,
           "qty_pct_entry": 0.01,
           "wallet_exposure_limit": 0.125,
           "we_multiplier_close": 0,
           "we_multiplier_entry": 30.155221683031783}}