{"config_name": "clock_0days",
 "long": {"backwards_tp": true,
          "delay_between_fills_minutes_close": 1370.2278898210884,
          "delay_between_fills_minutes_entry": 1400.2653874596579,
          "delay_weight_close": 123.7874864293046,
          "delay_weight_entry": 11.07906806101808,
          "ema_dist_close": 0.003,
          "ema_dist_entry": -0.007701072492410713,
          "ema_span_0": 1162.028520997085,
          "ema_span_1": 1387.3308615057456,
          "enabled": true,
          "markup_range": 0.029116389455326824,
          "min_markup": 0.00585867047509726,
          "n_close_orders": 2,
          "qty_pct_close": 0.013899462390609303,
          "qty_pct_entry": 0.017750823306936985,
          "wallet_exposure_limit": 0.25,
          "we_multiplier_close": 0,
          "we_multiplier_entry": 33.20640999328725},
 "short": {"backwards_tp": true,
           "delay_between_fills_minutes_close": 939.6751088427275,
           "delay_between_fills_minutes_entry": 406.9761352062755,
           "delay_weight_close": 6.014081985049322,
           "delay_weight_entry": 8.470156649235518,
           "ema_dist_close": -0.005269083907357662,
           "ema_dist_entry": 0.00014536462101769808,
           "ema_span_0": 913.5343509005498,
           "ema_span_1": 1387.5424168953969,
           "enabled": true,
           "markup_range": 0.005225800094737039,
           "min_markup": 0.004872917394261747,
           "n_close_orders": 9,
           "qty_pct_close": 0.023348626246186853,
           "qty_pct_entry": 0.018805899946728512,
           "wallet_exposure_limit": 0.125,
           "we_multiplier_close": 0,
           "we_multiplier_entry": 38.65346727132323}}