{"config_name": "clock_0days",
 "long": {"backwards_tp": true,
          "delay_between_fills_minutes_close": 1384.9392476229725,
          "delay_between_fills_minutes_entry": 1288.706340278649,
          "delay_weight_close": 0,
          "delay_weight_entry": 7.634759084519996,
          "ema_dist_close": -0.0036652177870099773,
          "ema_dist_entry": 0.0021393823241163293,
          "ema_span_0": 1192.2236743257406,
          "ema_span_1": 1309.0853802254119,
          "enabled": true,
          "markup_range": 0.0004078230991087517,
          "min_markup": 0.002607258041973209,
          "n_close_orders": 8,
          "qty_pct_close": 0.01,
          "qty_pct_entry": 0.029295232293891908,
          "wallet_exposure_limit": 0.5,
          "we_multiplier_close": 0,
          "we_multiplier_entry": 159.25524211379908},
 "short": {"backwards_tp": true,
           "delay_between_fills_minutes_close": 364.14054215839565,
           "delay_between_fills_minutes_entry": 1401.6231445643746,
           "delay_weight_close": 0,
           "delay_weight_entry": 6.603284228990211,
           "ema_dist_close": -0.00370624194179386,
           "ema_dist_entry": -0.0036167348887926076,
           "ema_span_0": 292.43450922211446,
           "ema_span_1": 997.8629353011908,
           "enabled": true,
           "markup_range": 0.01708104359468774,
           "min_markup": 0.00944537491269935,
           "n_close_orders": 15,
           "qty_pct_close": 0.01833659871106972,
           "qty_pct_entry": 0.03099643609160816,
           "wallet_exposure_limit": 0.25,
           "we_multiplier_close": 0,
           "we_multiplier_entry": 181.69275714719134}}