{"config_name": "clock_0days",
 "long": {"backwards_tp": true,
          "delay_between_fills_minutes_close": 1166.0717819196946,
          "delay_between_fills_minutes_entry": 1265.8603790989948,
          "delay_weight_close": 0,
          "delay_weight_entry": 18.44018155095619,
          "ema_dist_close": 0.003,
          "ema_dist_entry": 0.003,
          "ema_span_0": 1151.4575394152564,
          "ema_span_1": 1174.2111922950537,
          "enabled": true,
          "markup_range": 0.00593537452598213,
          "min_markup": 0.00478827867287147,
          "n_close_orders": 7,
          "qty_pct_close": 0.015730648918107777,
          "qty_pct_entry": 0.013050669037142216,
          "wallet_exposure_limit": 0.5,
          "we_multiplier_close": 0,
          "we_multiplier_entry": 195.0720543191422},
 "short": {"backwards_tp": true,
           "delay_between_fills_minutes_close": 1059.1572748289386,
           "delay_between_fills_minutes_entry": 958.1506312656448,
           "delay_weight_close": 0,
           "delay_weight_entry": 9.78702654985286,
           "ema_dist_close": -0.010900042163085806,
           "ema_dist_entry": 0.0020057163531705963,
           "ema_span_0": 1416.2513835545033,
           "ema_span_1": 1401.6253587925476,
           "enabled": true,
           "markup_range": 0.013824547183899224,
           "min_markup": 0.00842757461544192,
           "n_close_orders": 14,
           "qty_pct_close": 0.010476342741343103,
           "qty_pct_entry": 0.018558584325024274,
           "wallet_exposure_limit": 0.25,
           "we_multiplier_close": 0.0,
           "we_multiplier_entry": 56.95362736338724}}