{"config_name": "clock_0days",
 "long": {"backwards_tp": true,
          "delay_between_fills_minutes_close": 1198.725540406983,
          "delay_between_fills_minutes_entry": 699.6953730959974,
          "delay_weight_close": 122.84695872037446,
          "delay_weight_entry": 11.333584543230813,
          "ema_dist_close": -0.005843806182879476,
          "ema_dist_entry": -0.0012727097344329202,
          "ema_span_0": 1361.5614639145158,
          "ema_span_1": 1312.341121861666,
          "enabled": true,
          "markup_range": 0.034057398827296546,
          "min_markup": 0.0048663279839471565,
          "n_close_orders": 2,
          "qty_pct_close": 0.013380506191263878,
          "qty_pct_entry": 0.021026834877730737,
          "wallet_exposure_limit": 0.25,
          "we_multiplier_close": 0,
          "we_multiplier_entry": 7.496002724013189},
 "short": {"backwards_tp": true,
           "delay_between_fills_minutes_close": 1060.7151933190132,
           "delay_between_fills_minutes_entry": 972.1951830236964,
           "delay_weight_close": 185.70026627741365,
           "delay_weight_entry": 14.917390270876563,
           "ema_dist_close": -0.012287080386022256,
           "ema_dist_entry": 0.003,
           "ema_span_0": 1411.467804145782,
           "ema_span_1": 1349.3355000821882,
           "enabled": true,
           "markup_range": 0.04,
           "min_markup": 0.00991095865005018,
           "n_close_orders": 5,
           "qty_pct_close": 0.018156546843893694,
           "qty_pct_entry": 0.02417015627384421,
           "wallet_exposure_limit": 0.125,
           "we_multiplier_close": 0,
           "we_multiplier_entry": 26.79319357346532}}