{"config_name": "clock_0days",
 "long": {"backwards_tp": true,
          "delay_between_fills_minutes_close": 1381.3203413550552,
          "delay_between_fills_minutes_entry": 582.8823540045847,
          "delay_weight_close": 43.27669982176626,
          "delay_weight_entry": 27.46868520315394,
          "ema_dist_close": 0.0028599716119565278,
          "ema_dist_entry": 0.00031861166181425087,
          "ema_span_0": 373.20744279788175,
          "ema_span_1": 1292.6140999946724,
          "enabled": true,
          "markup_range": 0.0022263341952629447,
          "min_markup": 0.00435854497158214,
          "n_close_orders": 4,
          "qty_pct_close": 0.03667168247394138,
          "qty_pct_entry": 0.012415811835834392,
          "wallet_exposure_limit": 0.25,
          "we_multiplier_close": 0,
          "we_multiplier_entry": 145.55266091470835},
 "short": {"backwards_tp": true,
           "delay_between_fills_minutes_close": 1400.2582681545853,
           "delay_between_fills_minutes_entry": 1150.1678575723563,
           "delay_weight_close": 95.13578771725592,
           "delay_weight_entry": 13.301764275380302,
           "ema_dist_close": 0.003,
           "ema_dist_entry": 0.003,
           "ema_span_0": 1415.6386195974192,
           "ema_span_1": 14.307352887040025,
           "enabled": true,
           "markup_range": 0.039085287417338466,
           "min_markup": 0.009688970103263566,
           "n_close_orders": 14,
           "qty_pct_close": 0.018808512346395148,
           "qty_pct_entry": 0.01,
           "wallet_exposure_limit": 0.125,
           "we_multiplier_close": 0,
           "we_multiplier_entry": 2.6809754206641747}}