{"config_name": "clock_0days",
 "long": {"backwards_tp": true,
          "delay_between_fills_minutes_close": 1199.3018080507436,
          "delay_between_fills_minutes_entry": 1025.9643231638083,
          "delay_weight_close": 0,
          "delay_weight_entry": 14.717298665611,
          "ema_dist_close": 0.0015908802968404663,
          "ema_dist_entry": 0.0012133750538600952,
          "ema_span_0": 1427.9567080602396,
          "ema_span_1": 1358.3338971700005,
          "enabled": true,
          "markup_range": 0.013851163598685469,
          "min_markup": 0.005586933195836836,
          "n_close_orders": 4,
          "qty_pct_close": 0.011203286523303699,
          "qty_pct_entry": 0.014396057746247654,
          "wallet_exposure_limit": 0.5,
          "we_multiplier_close": 0,
          "we_multiplier_entry": 6.536712272581967},
 "short": {"backwards_tp": true,
           "delay_between_fills_minutes_close": 1396.0384852226882,
           "delay_between_fills_minutes_entry": 620.8746053957892,
           "delay_weight_close": 0,
           "delay_weight_entry": 8.45603385498023,
           "ema_dist_close": -0.0013461414613881065,
           "ema_dist_entry": -0.004373694573940789,
           "ema_span_0": 272.8702542623132,
           "ema_span_1": 989.7426490577566,
           "enabled": true,
           "markup_range": 0.006059326917509795,
           "min_markup": 0.008078353598279148,
           "n_close_orders": 2,
           "qty_pct_close": 0.01081088059108153,
           "qty_pct_entry": 0.011642512036520924,
           "wallet_exposure_limit": 0.25,
           "we_multiplier_close": 0,
           "we_multiplier_entry": 138.39786461984693}}