{"config_name": "recursive_grid_0days",
 "logging_level": 0,
 "long": {"auto_unstuck_ema_dist": 0.009844445546660198,
          "auto_unstuck_wallet_exposure_threshold": 0.023637338967992555,
          "backwards_tp": false,
          "ddown_factor": 1.7427595526110948,
          "ema_span_0": 3998.945144425725,
          "ema_span_1": 3720.590083059739,
          "enabled": true,
          "initial_eprice_ema_dist": -0.08073422687663578,
          "initial_qty_pct": 0.015,
          "markup_range": 0.037471788557025765,
          "min_markup": 0.0016345652885091375,
          "n_close_orders": 13,
          "rentry_pprice_dist": 0.02627858070342471,
          "rentry_pprice_dist_wallet_exposure_weighting": 13.958982771794737,
          "wallet_exposure_limit": 0.1},
 "short": {"auto_unstuck_ema_dist": 0.018383380015859603,
           "auto_unstuck_wallet_exposure_threshold": 0.04346873672610509,
           "backwards_tp": false,
           "ddown_factor": 1.6051714204954803,
           "ema_span_0": 2791.9734724651667,
           "ema_span_1": 3583.379062678998,
           "enabled": true,
           "initial_eprice_ema_dist": -0.03420636239347702,
           "initial_qty_pct": 0.015,
           "markup_range": 0.02286687216622734,
           "min_markup": 0.002736184263347698,
           "n_close_orders": 15,
           "rentry_pprice_dist": 0.046119438336970554,
           "rentry_pprice_dist_wallet_exposure_weighting": 25.933562678234996,
           "wallet_exposure_limit": 0.1}}